frame,X_fixed,Y_fixed,VelY_fixed,input,alive,X_px,Y_px,onGround,CamY_px,TgtCamY_px,mode,gravFlipped,shipCeilSlopeHit,shipCeilTileHit,shipCeilSpike,shipFloorSlopeHit,shipFloorTileHit,shipFloorSpike,CamY_fixed,Y_lowB,CamY_lowB
0,0x2C4,0x35100,0x0,0,1,10,857,1,671,672,0,0,0,0,0,0,0,0,0x29F00,0x00,0x00
1,0x588,0x35100,0x0,0,1,13,857,1,671,672,0,0,0,0,0,0,0,0,0x29F00,0x00,0x00
2,0x84C,0x35100,0x0,0,1,16,857,1,671,672,0,0,0,0,0,0,0,0,0x29F00,0x00,0x00
3,0xB10,0x35100,0x0,0,1,19,857,1,671,672,0,0,0,0,0,0,0,0,0x29F00,0x00,0x00
4,0xDD4,0x35100,0x0,0,1,21,857,1,671,672,0,0,0,0,0,0,0,0,0x29F00,0x00,0x00
5,0x1098,0x35100,0x0,0,1,24,857,1,671,672,0,0,0,0,0,0,0,0,0x29F00,0x00,0x00
6,0x135C,0x35100,0x0,0,1,27,857,1,671,672,0,0,0,0,0,0,0,0,0x29F00,0x00,0x00
7,0x1620,0x35100,0x0,0,1,30,857,1,671,672,0,0,0,0,0,0,0,0,0x29F00,0x00,0x00
8,0x18E4,0x35100,0x0,0,1,32,857,1,671,672,0,0,0,0,0,0,0,0,0x29F00,0x00,0x00
9,0x1BA8,0x35100,0x0,0,1,35,857,1,671,672,0,0,0,0,0,0,0,0,0x29F00,0x00,0x00
10,0x1E6C,0x35100,0x0,0,1,38,857,1,671,672,0,0,0,0,0,0,0,0,0x29F00,0x00,0x00
11,0x2130,0x35100,0x0,0,1,41,857,1,671,672,0,0,0,0,0,0,0,0,0x29F00,0x00,0x00
12,0x23F4,0x35100,0x0,0,1,43,857,1,671,672,0,0,0,0,0,0,0,0,0x29F00,0x00,0x00
13,0x26B8,0x35100,0x0,0,1,46,857,1,671,672,0,0,0,0,0,0,0,0,0x29F00,0x00,0x00
14,0x297C,0x35100,0x0,0,1,49,857,1,671,672,0,0,0,0,0,0,0,0,0x29F00,0x00,0x00
15,0x2C40,0x35100,0x0,0,1,52,857,1,671,672,0,0,0,0,0,0,0,0,0x29F00,0x00,0x00
16,0x2F04,0x35100,0x0,0,1,55,857,1,671,672,0,0,0,0,0,0,0,0,0x29F00,0x00,0x00
17,0x31C8,0x35100,0x0,0,1,57,857,1,671,672,0,0,0,0,0,0,0,0,0x29F00,0x00,0x00
18,0x348C,0x35100,0x0,0,1,60,857,1,671,672,0,0,0,0,0,0,0,0,0x29F00,0x00,0x00
19,0x3750,0x35100,0x0,0,1,63,857,1,671,672,0,0,0,0,0,0,0,0,0x29F00,0x00,0x00
20,0x3A14,0x35100,0x0,0,1,66,857,1,671,672,0,0,0,0,0,0,0,0,0x29F00,0x00,0x00
21,0x3CD8,0x35100,0x0,0,1,68,857,1,671,672,0,0,0,0,0,0,0,0,0x29F00,0x00,0x00
22,0x3F9C,0x35100,0x0,0,1,71,857,1,671,672,0,0,0,0,0,0,0,0,0x29F00,0x00,0x00
23,0x4260,0x35100,0x0,0,1,74,857,1,671,672,0,0,0,0,0,0,0,0,0x29F00,0x00,0x00
24,0x4524,0x35100,0x0,0,1,77,857,1,671,672,0,0,0,0,0,0,0,0,0x29F00,0x00,0x00
25,0x47E8,0x35100,0x0,0,1,79,857,1,671,672,0,0,0,0,0,0,0,0,0x29F00,0x00,0x00
26,0x4AAC,0x35100,0x0,0,1,82,857,1,671,672,0,0,0,0,0,0,0,0,0x29F00,0x00,0x00
27,0x4D70,0x35100,0x0,0,1,85,857,1,671,672,0,0,0,0,0,0,0,0,0x29F00,0x00,0x00
28,0x5034,0x35100,0x0,0,1,88,857,1,671,672,0,0,0,0,0,0,0,0,0x29F00,0x00,0x00
29,0x52F8,0x35100,0x0,0,1,90,857,1,671,672,0,0,0,0,0,0,0,0,0x29F00,0x00,0x00
30,0x55BC,0x35100,0x0,0,1,93,857,1,671,672,0,0,0,0,0,0,0,0,0x29F00,0x00,0x00
31,0x5880,0x35100,0x0,0,1,96,857,1,671,672,0,0,0,0,0,0,0,0,0x29F00,0x00,0x00
32,0x5B44,0x35100,0x0,0,1,99,857,1,671,672,0,0,0,0,0,0,0,0,0x29F00,0x00,0x00
33,0x5E08,0x35100,0x0,0,1,102,857,1,671,672,0,0,0,0,0,0,0,0,0x29F00,0x00,0x00
34,0x60CC,0x35100,0x0,0,1,104,857,1,671,672,0,0,0,0,0,0,0,0,0x29F00,0x00,0x00
35,0x6390,0x35100,0x0,0,1,107,857,1,671,672,0,0,0,0,0,0,0,0,0x29F00,0x00,0x00
36,0x6654,0x35100,0x0,0,1,110,857,1,671,672,0,0,0,0,0,0,0,0,0x29F00,0x00,0x00
37,0x6918,0x35100,0x0,0,1,113,857,1,671,672,0,0,0,0,0,0,0,0,0x29F00,0x00,0x00
38,0x6BDC,0x35100,0x0,0,1,115,857,1,671,672,0,0,0,0,0,0,0,0,0x29F00,0x00,0x00
39,0x6EA0,0x35100,0x0,0,1,118,857,1,671,672,0,0,0,0,0,0,0,0,0x29F00,0x00,0x00
40,0x7164,0x35100,0x0,0,1,121,857,1,671,672,0,0,0,0,0,0,0,0,0x29F00,0x00,0x00
41,0x7428,0x35100,0x0,0,1,124,857,1,671,672,0,0,0,0,0,0,0,0,0x29F00,0x00,0x00
42,0x76EC,0x35100,0x0,0,1,126,857,1,671,672,0,0,0,0,0,0,0,0,0x29F00,0x00,0x00
43,0x79B0,0x35100,0x0,0,1,129,857,1,671,672,0,0,0,0,0,0,0,0,0x29F00,0x00,0x00
44,0x7C74,0x35100,0x0,0,1,132,857,1,671,672,0,0,0,0,0,0,0,0,0x29F00,0x00,0x00
45,0x7F38,0x35100,0x0,0,1,135,857,1,671,672,0,0,0,0,0,0,0,0,0x29F00,0x00,0x00
46,0x81FC,0x35100,0x0,0,1,137,857,1,671,672,0,0,0,0,0,0,0,0,0x29F00,0x00,0x00
47,0x84C0,0x35100,0x0,0,1,140,857,1,671,672,0,0,0,0,0,0,0,0,0x29F00,0x00,0x00
48,0x8784,0x35100,0x0,0,1,143,857,1,671,672,0,0,0,0,0,0,0,0,0x29F00,0x00,0x00
49,0x8A48,0x35100,0x0,0,1,146,857,1,671,672,0,0,0,0,0,0,0,0,0x29F00,0x00,0x00
50,0x8D0C,0x35100,0x0,0,1,149,857,1,671,672,0,0,0,0,0,0,0,0,0x29F00,0x00,0x00
51,0x8FD0,0x35100,0x0,0,1,151,857,1,671,672,0,0,0,0,0,0,0,0,0x29F00,0x00,0x00
52,0x9294,0x35100,0x0,0,1,154,857,1,671,672,0,0,0,0,0,0,0,0,0x29F00,0x00,0x00
53,0x9558,0x35100,0x0,0,1,157,857,1,671,672,0,0,0,0,0,0,0,0,0x29F00,0x00,0x00
54,0x981C,0x35100,0x0,0,1,160,857,1,671,672,0,0,0,0,0,0,0,0,0x29F00,0x00,0x00
55,0x9AE0,0x35100,0x0,0,1,162,857,1,671,672,0,0,0,0,0,0,0,0,0x29F00,0x00,0x00
56,0x9DA4,0x35100,0x0,0,1,165,857,1,671,672,0,0,0,0,0,0,0,0,0x29F00,0x00,0x00
57,0xA068,0x35100,0x0,0,1,168,857,1,671,672,0,0,0,0,0,0,0,0,0x29F00,0x00,0x00
58,0xA32C,0x35100,0x0,0,1,171,857,1,671,672,0,0,0,0,0,0,0,0,0x29F00,0x00,0x00
59,0xA5F0,0x35100,0x0,0,1,173,857,1,671,672,0,0,0,0,0,0,0,0,0x29F00,0x00,0x00
60,0xA8B4,0x35100,0x0,0,1,176,857,1,671,672,0,0,0,0,0,0,0,0,0x29F00,0x00,0x00
61,0xAB78,0x35100,0x0,0,1,179,857,1,671,672,0,0,0,0,0,0,0,0,0x29F00,0x00,0x00
62,0xAE3C,0x35100,0x0,0,1,182,857,1,671,672,0,0,0,0,0,0,0,0,0x29F00,0x00,0x00
63,0xB100,0x35100,0x0,0,1,185,857,1,671,672,0,0,0,0,0,0,0,0,0x29F00,0x00,0x00
64,0xB3C4,0x35100,0x0,0,1,187,857,1,671,672,0,0,0,0,0,0,0,0,0x29F00,0x00,0x00
65,0xB688,0x35100,0x0,0,1,190,857,1,671,672,0,0,0,0,0,0,0,0,0x29F00,0x00,0x00
66,0xB94C,0x35100,0x0,0,1,193,857,1,671,672,0,0,0,0,0,0,0,0,0x29F00,0x00,0x00
67,0xBC10,0x35100,0x0,0,1,196,857,1,671,672,0,0,0,0,0,0,0,0,0x29F00,0x00,0x00
68,0xBED4,0x35100,0x0,0,1,198,857,1,671,672,0,0,0,0,0,0,0,0,0x29F00,0x00,0x00
69,0xC198,0x35100,0x0,0,1,201,857,1,671,672,0,0,0,0,0,0,0,0,0x29F00,0x00,0x00
70,0xC45C,0x35100,0x0,0,1,204,857,1,671,672,0,0,0,0,0,0,0,0,0x29F00,0x00,0x00
71,0xC720,0x35100,0x0,0,1,207,857,1,671,672,0,0,0,0,0,0,0,0,0x29F00,0x00,0x00
72,0xC9E4,0x35100,0x0,0,1,209,857,1,671,672,0,0,0,0,0,0,0,0,0x29F00,0x00,0x00
73,0xCCA8,0x35100,0x0,0,1,212,857,1,671,672,0,0,0,0,0,0,0,0,0x29F00,0x00,0x00
74,0xCF6C,0x35100,0x0,0,1,215,857,1,671,672,0,0,0,0,0,0,0,0,0x29F00,0x00,0x00
75,0xD230,0x35100,0x0,0,1,218,857,1,671,672,0,0,0,0,0,0,0,0,0x29F00,0x00,0x00
76,0xD4F4,0x35100,0x0,0,1,220,857,1,671,672,0,0,0,0,0,0,0,0,0x29F00,0x00,0x00
77,0xD7B8,0x35100,0x0,0,1,223,857,1,671,672,0,0,0,0,0,0,0,0,0x29F00,0x00,0x00
78,0xDA7C,0x35100,0x0,0,1,226,857,1,671,672,0,0,0,0,0,0,0,0,0x29F00,0x00,0x00
79,0xDD40,0x35100,0x0,0,1,229,857,1,671,672,0,0,0,0,0,0,0,0,0x29F00,0x00,0x00
80,0xE004,0x35100,0x0,0,1,232,857,1,671,672,0,0,0,0,0,0,0,0,0x29F00,0x00,0x00
81,0xE2C8,0x35100,0x0,0,1,234,857,1,671,672,0,0,0,0,0,0,0,0,0x29F00,0x00,0x00
82,0xE58C,0x35100,0x0,0,1,237,857,1,671,672,0,0,0,0,0,0,0,0,0x29F00,0x00,0x00
83,0xE850,0x35100,0x0,0,1,240,857,1,671,672,0,0,0,0,0,0,0,0,0x29F00,0x00,0x00
84,0xEB14,0x35100,0x0,0,1,243,857,1,671,672,0,0,0,0,0,0,0,0,0x29F00,0x00,0x00
85,0xEDD8,0x35100,0x0,0,1,245,857,1,671,672,0,0,0,0,0,0,0,0,0x29F00,0x00,0x00
86,0xF09C,0x35100,0x0,0,1,248,857,1,671,672,0,0,0,0,0,0,0,0,0x29F00,0x00,0x00
87,0xF360,0x35100,0x0,0,1,251,857,1,671,672,0,0,0,0,0,0,0,0,0x29F00,0x00,0x00
88,0xF624,0x35100,0x0,0,1,254,857,1,671,672,0,0,0,0,0,0,0,0,0x29F00,0x00,0x00
89,0xF8E8,0x35100,0x0,0,1,256,857,1,671,672,0,0,0,0,0,0,0,0,0x29F00,0x00,0x00
90,0xFBAC,0x35100,0x0,0,1,259,857,1,671,672,0,0,0,0,0,0,0,0,0x29F00,0x00,0x00
91,0xFE70,0x35100,0x0,0,1,262,857,1,671,672,0,0,0,0,0,0,0,0,0x29F00,0x00,0x00
92,0x10134,0x35100,0x0,0,1,265,857,1,671,672,0,0,0,0,0,0,0,0,0x29F00,0x00,0x00
93,0x103F8,0x35100,0x0,0,1,267,857,1,671,672,0,0,0,0,0,0,0,0,0x29F00,0x00,0x00
94,0x106BC,0x35100,0x0,0,1,270,857,1,671,672,0,0,0,0,0,0,0,0,0x29F00,0x00,0x00
95,0x10980,0x35100,0x0,0,1,273,857,1,671,672,0,0,0,0,0,0,0,0,0x29F00,0x00,0x00
96,0x10C44,0x35100,0x0,0,1,276,857,1,671,672,0,0,0,0,0,0,0,0,0x29F00,0x00,0x00
97,0x10F08,0x35100,0x0,0,1,279,857,1,671,672,0,0,0,0,0,0,0,0,0x29F00,0x00,0x00
98,0x111CC,0x35100,0x0,0,1,281,857,1,671,672,0,0,0,0,0,0,0,0,0x29F00,0x00,0x00
99,0x11490,0x35100,0x0,0,1,284,857,1,671,672,0,0,0,0,0,0,0,0,0x29F00,0x00,0x00
100,0x11754,0x35100,0x0,0,1,287,857,1,671,672,0,0,0,0,0,0,0,0,0x29F00,0x00,0x00
101,0x11A18,0x35100,0x0,0,1,290,857,1,671,672,0,0,0,0,0,0,0,0,0x29F00,0x00,0x00
102,0x11CDC,0x35100,0xFFFFFA70,1,1,292,857,0,671,672,0,0,0,0,0,0,0,0,0x29F00,0x00,0x00
103,0x11FA0,0x34BDB,0xFFFFFADB,0,1,295,851,0,671,672,0,0,0,0,0,0,0,0,0x29F00,0xDB,0x00
104,0x12264,0x34721,0xFFFFFB46,0,1,298,847,0,671,672,0,0,0,0,0,0,0,0,0x29F00,0x21,0x00
105,0x12528,0x342D2,0xFFFFFBB1,0,1,301,842,0,671,672,0,0,0,0,0,0,0,0,0x29F00,0xD2,0x00
106,0x127EC,0x33EEE,0xFFFFFC1C,0,1,303,838,0,671,672,0,0,0,0,0,0,0,0,0x29F00,0xEE,0x00
107,0x12AB0,0x33B75,0xFFFFFC87,0,1,306,835,0,671,672,0,0,0,0,0,0,0,0,0x29F00,0x75,0x00
108,0x12D74,0x33867,0xFFFFFCF2,0,1,309,832,0,671,672,0,0,0,0,0,0,0,0,0x29F00,0x67,0x00
109,0x13038,0x335C4,0xFFFFFD5D,0,1,312,829,0,671,672,0,0,0,0,0,0,0,0,0x29F00,0xC4,0x00
110,0x132FC,0x3338C,0xFFFFFDC8,0,1,314,827,0,671,672,0,0,0,0,0,0,0,0,0x29F00,0x8C,0x00
111,0x135C0,0x331BF,0xFFFFFE33,0,1,317,825,0,671,672,0,0,0,0,0,0,0,0,0x29F00,0xBF,0x00
112,0x13884,0x3305D,0xFFFFFE9E,0,1,320,824,0,671,672,0,0,0,0,0,0,0,0,0x29F00,0x5D,0x00
113,0x13B48,0x32F66,0xFFFFFF09,0,1,323,823,0,671,672,0,0,0,0,0,0,0,0,0x29F00,0x66,0x00
114,0x13E0C,0x32EDA,0xFFFFFF74,0,1,326,822,0,671,672,0,0,0,0,0,0,0,0,0x29F00,0xDA,0x00
115,0x140D0,0x32EB9,0xFFFFFFDF,0,1,328,822,0,671,672,0,0,0,0,0,0,0,0,0x29F00,0xB9,0x00
116,0x14394,0x32F03,0x4A,0,1,331,823,0,671,672,0,0,0,0,0,0,0,0,0x29F00,0x03,0x00
117,0x14658,0x32FB8,0xB5,0,1,334,823,0,671,672,0,0,0,0,0,0,0,0,0x29F00,0xB8,0x00
118,0x1491C,0x330D8,0x120,0,1,337,824,0,671,672,0,0,0,0,0,0,0,0,0x29F00,0xD8,0x00
119,0x14BE0,0x33263,0x18B,0,1,339,826,0,671,672,0,0,0,0,0,0,0,0,0x29F00,0x63,0x00
120,0x14EA4,0x33459,0x1F6,0,1,342,828,0,671,672,0,0,0,0,0,0,0,0,0x29F00,0x59,0x00
121,0x15168,0x336BA,0x261,0,1,345,830,0,671,672,0,0,0,0,0,0,0,0,0x29F00,0xBA,0x00
122,0x1542C,0x33986,0x2CC,0,1,348,833,0,671,672,0,0,0,0,0,0,0,0,0x29F00,0x86,0x00
123,0x156F0,0x33CBD,0x337,0,1,350,836,0,671,672,0,0,0,0,0,0,0,0,0x29F00,0xBD,0x00
124,0x159B4,0x3405F,0x3A2,0,1,353,840,0,671,672,0,0,0,0,0,0,0,0,0x29F00,0x5F,0x00
125,0x15C78,0x3446C,0x40D,0,1,356,844,0,671,672,0,0,0,0,0,0,0,0,0x29F00,0x6C,0x00
126,0x15F3C,0x348E4,0x478,0,1,359,848,0,671,672,0,0,0,0,0,0,0,0,0x29F00,0xE4,0x00
127,0x16200,0x34DC7,0x4E3,0,1,362,853,0,671,672,0,0,0,0,0,0,0,0,0x29F00,0xC7,0x00
128,0x164C4,0x35100,0x0,0,1,364,857,1,671,672,0,0,0,0,0,0,0,0,0x29F00,0x00,0x00
129,0x16788,0x35100,0x0,0,1,367,857,1,671,672,0,0,0,0,0,0,0,0,0x29F00,0x00,0x00
130,0x16A4C,0x35100,0x0,0,1,370,857,1,671,672,0,0,0,0,0,0,0,0,0x29F00,0x00,0x00
131,0x16D10,0x35100,0x0,0,1,373,857,1,671,672,0,0,0,0,0,0,0,0,0x29F00,0x00,0x00
132,0x16FD4,0x35100,0x0,0,1,375,857,1,671,672,0,0,0,0,0,0,0,0,0x29F00,0x00,0x00
133,0x17298,0x35100,0x0,0,1,378,857,1,671,672,0,0,0,0,0,0,0,0,0x29F00,0x00,0x00
134,0x1755C,0x35100,0x0,0,1,381,857,1,671,672,0,0,0,0,0,0,0,0,0x29F00,0x00,0x00
135,0x17820,0x35100,0x0,0,1,384,857,1,671,672,0,0,0,0,0,0,0,0,0x29F00,0x00,0x00
136,0x17AE4,0x35100,0x0,0,1,386,857,1,671,672,0,0,0,0,0,0,0,0,0x29F00,0x00,0x00
137,0x17DA8,0x35100,0x0,0,1,389,857,1,671,672,0,0,0,0,0,0,0,0,0x29F00,0x00,0x00
138,0x1806C,0x35100,0x0,0,1,392,857,1,671,672,0,0,0,0,0,0,0,0,0x29F00,0x00,0x00
139,0x18330,0x35100,0x0,0,1,395,857,1,671,672,0,0,0,0,0,0,0,0,0x29F00,0x00,0x00
140,0x185F4,0x35100,0x0,0,1,397,857,1,671,672,0,0,0,0,0,0,0,0,0x29F00,0x00,0x00
141,0x188B8,0x35100,0x0,0,1,400,857,1,671,672,0,0,0,0,0,0,0,0,0x29F00,0x00,0x00
142,0x18B7C,0x35100,0x0,0,1,403,857,1,671,672,0,0,0,0,0,0,0,0,0x29F00,0x00,0x00
143,0x18E40,0x35100,0x0,0,1,406,857,1,671,672,0,0,0,0,0,0,0,0,0x29F00,0x00,0x00
144,0x19104,0x35100,0x0,0,1,409,857,1,671,672,0,0,0,0,0,0,0,0,0x29F00,0x00,0x00
145,0x193C8,0x35100,0x0,0,1,411,857,1,671,672,0,0,0,0,0,0,0,0,0x29F00,0x00,0x00
146,0x1968C,0x35100,0x0,0,1,414,857,1,671,672,0,0,0,0,0,0,0,0,0x29F00,0x00,0x00
147,0x19950,0x35100,0x0,0,1,417,857,1,671,672,0,0,0,0,0,0,0,0,0x29F00,0x00,0x00
148,0x19C14,0x35100,0x0,0,1,420,857,1,671,672,0,0,0,0,0,0,0,0,0x29F00,0x00,0x00
149,0x19ED8,0x35100,0x0,0,1,422,857,1,671,672,0,0,0,0,0,0,0,0,0x29F00,0x00,0x00
150,0x1A19C,0x35100,0x0,0,1,425,857,1,671,672,0,0,0,0,0,0,0,0,0x29F00,0x00,0x00
151,0x1A460,0x35100,0x0,0,1,428,857,1,671,672,0,0,0,0,0,0,0,0,0x29F00,0x00,0x00
152,0x1A724,0x35100,0x0,0,1,431,857,1,671,672,0,0,0,0,0,0,0,0,0x29F00,0x00,0x00
153,0x1A9E8,0x35100,0x0,0,1,433,857,1,671,672,0,0,0,0,0,0,0,0,0x29F00,0x00,0x00
154,0x1ACAC,0x35100,0x0,0,1,436,857,1,671,672,0,0,0,0,0,0,0,0,0x29F00,0x00,0x00
155,0x1AF70,0x35100,0x0,0,1,439,857,1,671,672,0,0,0,0,0,0,0,0,0x29F00,0x00,0x00
156,0x1B234,0x35100,0x0,0,1,442,857,1,671,672,0,0,0,0,0,0,0,0,0x29F00,0x00,0x00
157,0x1B4F8,0x35100,0x0,0,1,444,857,1,671,672,0,0,0,0,0,0,0,0,0x29F00,0x00,0x00
158,0x1B7BC,0x35100,0x0,0,1,447,857,1,671,672,0,0,0,0,0,0,0,0,0x29F00,0x00,0x00
159,0x1BA80,0x35100,0x0,0,1,450,857,1,671,672,0,0,0,0,0,0,0,0,0x29F00,0x00,0x00
160,0x1BD44,0x35100,0x0,0,1,453,857,1,671,672,0,0,0,0,0,0,0,0,0x29F00,0x00,0x00
161,0x1C008,0x35100,0x0,0,1,456,857,1,671,672,0,0,0,0,0,0,0,0,0x29F00,0x00,0x00
162,0x1C2CC,0x35100,0x0,0,1,458,857,1,671,672,0,0,0,0,0,0,0,0,0x29F00,0x00,0x00
163,0x1C590,0x35100,0x0,0,1,461,857,1,671,672,0,0,0,0,0,0,0,0,0x29F00,0x00,0x00
164,0x1C854,0x35100,0x0,0,1,464,857,1,671,672,0,0,0,0,0,0,0,0,0x29F00,0x00,0x00
165,0x1CB18,0x35100,0x0,0,1,467,857,1,671,672,0,0,0,0,0,0,0,0,0x29F00,0x00,0x00
166,0x1CDDC,0x35100,0x0,0,1,469,857,1,671,672,0,0,0,0,0,0,0,0,0x29F00,0x00,0x00
167,0x1D0A0,0x35100,0x0,0,1,472,857,1,671,672,0,0,0,0,0,0,0,0,0x29F00,0x00,0x00
168,0x1D364,0x35100,0x0,0,1,475,857,1,671,672,0,0,0,0,0,0,0,0,0x29F00,0x00,0x00
169,0x1D628,0x35100,0x0,0,1,478,857,1,671,672,0,0,0,0,0,0,0,0,0x29F00,0x00,0x00
170,0x1D8EC,0x35100,0x0,0,1,480,857,1,671,672,0,0,0,0,0,0,0,0,0x29F00,0x00,0x00
171,0x1DBB0,0x35100,0x0,0,1,483,857,1,671,672,0,0,0,0,0,0,0,0,0x29F00,0x00,0x00
172,0x1DE74,0x35100,0x0,0,1,486,857,1,671,672,0,0,0,0,0,0,0,0,0x29F00,0x00,0x00
173,0x1E138,0x35100,0x0,0,1,489,857,1,671,672,0,0,0,0,0,0,0,0,0x29F00,0x00,0x00
174,0x1E3FC,0x35100,0x0,0,1,491,857,1,671,672,0,0,0,0,0,0,0,0,0x29F00,0x00,0x00
175,0x1E6C0,0x35100,0x0,0,1,494,857,1,671,672,0,0,0,0,0,0,0,0,0x29F00,0x00,0x00
176,0x1E984,0x35100,0x0,0,1,497,857,1,671,672,0,0,0,0,0,0,0,0,0x29F00,0x00,0x00
177,0x1EC48,0x35100,0x0,0,1,500,857,1,671,672,0,0,0,0,0,0,0,0,0x29F00,0x00,0x00
178,0x1EF0C,0x35100,0x0,0,1,503,857,1,671,672,0,0,0,0,0,0,0,0,0x29F00,0x00,0x00
179,0x1F1D0,0x35100,0x0,0,1,505,857,1,671,672,0,0,0,0,0,0,0,0,0x29F00,0x00,0x00
180,0x1F494,0x35100,0x0,0,1,508,857,1,671,672,0,0,0,0,0,0,0,0,0x29F00,0x00,0x00
181,0x1F758,0x35100,0x0,0,1,511,857,1,671,672,0,0,0,0,0,0,0,0,0x29F00,0x00,0x00
182,0x1FA1C,0x35100,0x0,0,1,514,857,1,671,672,0,0,0,0,0,0,0,0,0x29F00,0x00,0x00
183,0x1FCE0,0x35100,0x0,0,1,516,857,1,671,672,0,0,0,0,0,0,0,0,0x29F00,0x00,0x00
184,0x1FFA4,0x35100,0x0,0,1,519,857,1,671,672,0,0,0,0,0,0,0,0,0x29F00,0x00,0x00
185,0x20268,0x35100,0x0,0,1,522,857,1,671,672,0,0,0,0,0,0,0,0,0x29F00,0x00,0x00
186,0x2052C,0x35100,0x0,0,1,525,857,1,671,672,0,0,0,0,0,0,0,0,0x29F00,0x00,0x00
187,0x207F0,0x35100,0x0,0,1,527,857,1,671,672,0,0,0,0,0,0,0,0,0x29F00,0x00,0x00
188,0x20AB4,0x35100,0x0,0,1,530,857,1,671,672,0,0,0,0,0,0,0,0,0x29F00,0x00,0x00
189,0x20D78,0x35100,0x0,0,1,533,857,1,671,672,0,0,0,0,0,0,0,0,0x29F00,0x00,0x00
190,0x2103C,0x35100,0x0,0,1,536,857,1,671,672,0,0,0,0,0,0,0,0,0x29F00,0x00,0x00
191,0x21300,0x35100,0x0,0,1,539,857,1,671,672,0,0,0,0,0,0,0,0,0x29F00,0x00,0x00
192,0x215C4,0x35100,0x0,0,1,541,857,1,671,672,0,0,0,0,0,0,0,0,0x29F00,0x00,0x00
193,0x21888,0x35100,0x0,0,1,544,857,1,671,672,0,0,0,0,0,0,0,0,0x29F00,0x00,0x00
194,0x21B4C,0x35100,0x0,0,1,547,857,1,671,672,0,0,0,0,0,0,0,0,0x29F00,0x00,0x00
195,0x21E10,0x35100,0xFFFFFA70,1,1,550,857,0,671,672,0,0,0,0,0,0,0,0,0x29F00,0x00,0x00
196,0x220D4,0x34BDB,0xFFFFFADB,0,1,552,851,0,671,672,0,0,0,0,0,0,0,0,0x29F00,0xDB,0x00
197,0x22398,0x34721,0xFFFFFB46,0,1,555,847,0,671,672,0,0,0,0,0,0,0,0,0x29F00,0x21,0x00
198,0x2265C,0x342D2,0xFFFFFBB1,0,1,558,842,0,671,672,0,0,0,0,0,0,0,0,0x29F00,0xD2,0x00
199,0x22920,0x33EEE,0xFFFFFC1C,0,1,561,838,0,671,672,0,0,0,0,0,0,0,0,0x29F00,0xEE,0x00
200,0x22BE4,0x33B75,0xFFFFFC87,0,1,563,835,0,671,672,0,0,0,0,0,0,0,0,0x29F00,0x75,0x00
201,0x22EA8,0x33867,0xFFFFFCF2,0,1,566,832,0,671,672,0,0,0,0,0,0,0,0,0x29F00,0x67,0x00
202,0x2316C,0x335C4,0xFFFFFD5D,0,1,569,829,0,671,672,0,0,0,0,0,0,0,0,0x29F00,0xC4,0x00
203,0x23430,0x3338C,0xFFFFFDC8,0,1,572,827,0,671,672,0,0,0,0,0,0,0,0,0x29F00,0x8C,0x00
204,0x236F4,0x331BF,0xFFFFFE33,0,1,574,825,0,671,672,0,0,0,0,0,0,0,0,0x29F00,0xBF,0x00
205,0x239B8,0x3305D,0xFFFFFE9E,0,1,577,824,0,671,672,0,0,0,0,0,0,0,0,0x29F00,0x5D,0x00
206,0x23C7C,0x32F66,0xFFFFFF09,0,1,580,823,0,671,672,0,0,0,0,0,0,0,0,0x29F00,0x66,0x00
207,0x23F40,0x32EDA,0xFFFFFF74,0,1,583,822,0,671,672,0,0,0,0,0,0,0,0,0x29F00,0xDA,0x00
208,0x24204,0x32EB9,0xFFFFFFDF,0,1,586,822,0,671,672,0,0,0,0,0,0,0,0,0x29F00,0xB9,0x00
209,0x244C8,0x32F03,0x4A,0,1,588,823,0,671,672,0,0,0,0,0,0,0,0,0x29F00,0x03,0x00
210,0x2478C,0x32FB8,0xB5,0,1,591,823,0,671,672,0,0,0,0,0,0,0,0,0x29F00,0xB8,0x00
211,0x24A50,0x330D8,0x120,0,1,594,824,0,671,672,0,0,0,0,0,0,0,0,0x29F00,0xD8,0x00
212,0x24D14,0x33263,0x18B,0,1,597,826,0,671,672,0,0,0,0,0,0,0,0,0x29F00,0x63,0x00
213,0x24FD8,0x33459,0x1F6,0,1,599,828,0,671,672,0,0,0,0,0,0,0,0,0x29F00,0x59,0x00
214,0x2529C,0x336BA,0x261,0,1,602,830,0,671,672,0,0,0,0,0,0,0,0,0x29F00,0xBA,0x00
215,0x25560,0x33986,0x2CC,0,1,605,833,0,671,672,0,0,0,0,0,0,0,0,0x29F00,0x86,0x00
216,0x25824,0x33CBD,0x337,0,1,608,836,0,671,672,0,0,0,0,0,0,0,0,0x29F00,0xBD,0x00
217,0x25AE8,0x3405F,0x3A2,0,1,610,840,0,671,672,0,0,0,0,0,0,0,0,0x29F00,0x5F,0x00
218,0x25DAC,0x3446C,0x40D,0,1,613,844,0,671,672,0,0,0,0,0,0,0,0,0x29F00,0x6C,0x00
219,0x26070,0x348E4,0x478,0,1,616,848,0,671,672,0,0,0,0,0,0,0,0,0x29F00,0xE4,0x00
220,0x26334,0x34DC7,0x4E3,0,1,619,853,0,671,672,0,0,0,0,0,0,0,0,0x29F00,0xC7,0x00
221,0x265F8,0x35100,0x0,0,1,621,857,1,671,672,0,0,0,0,0,0,0,0,0x29F00,0x00,0x00
222,0x268BC,0x35100,0x0,0,1,624,857,1,671,672,0,0,0,0,0,0,0,0,0x29F00,0x00,0x00
223,0x26B80,0x35100,0x0,0,1,627,857,1,671,672,0,0,0,0,0,0,0,0,0x29F00,0x00,0x00
224,0x26E44,0x35100,0x0,0,1,630,857,1,671,672,0,0,0,0,0,0,0,0,0x29F00,0x00,0x00
225,0x27108,0x35100,0x0,0,1,633,857,1,671,672,0,0,0,0,0,0,0,0,0x29F00,0x00,0x00
226,0x273CC,0x35100,0x0,0,1,635,857,1,671,672,0,0,0,0,0,0,0,0,0x29F00,0x00,0x00
227,0x27690,0x35100,0x0,0,1,638,857,1,671,672,0,0,0,0,0,0,0,0,0x29F00,0x00,0x00
228,0x27954,0x35100,0x0,0,1,641,857,1,671,672,0,0,0,0,0,0,0,0,0x29F00,0x00,0x00
229,0x27C18,0x35100,0x0,0,1,644,857,1,671,672,0,0,0,0,0,0,0,0,0x29F00,0x00,0x00
230,0x27EDC,0x35100,0x0,0,1,646,857,1,671,672,0,0,0,0,0,0,0,0,0x29F00,0x00,0x00
231,0x281A0,0x35100,0x0,0,1,649,857,1,671,672,0,0,0,0,0,0,0,0,0x29F00,0x00,0x00
232,0x28464,0x35100,0x0,0,1,652,857,1,671,672,0,0,0,0,0,0,0,0,0x29F00,0x00,0x00
233,0x28728,0x35100,0x0,0,1,655,857,1,671,672,0,0,0,0,0,0,0,0,0x29F00,0x00,0x00
234,0x289EC,0x35100,0x0,0,1,657,857,1,671,672,0,0,0,0,0,0,0,0,0x29F00,0x00,0x00
235,0x28CB0,0x35100,0x0,0,1,660,857,1,671,672,0,0,0,0,0,0,0,0,0x29F00,0x00,0x00
236,0x28F74,0x35100,0x0,0,1,663,857,1,671,672,0,0,0,0,0,0,0,0,0x29F00,0x00,0x00
237,0x29238,0x35100,0x0,0,1,666,857,1,671,672,0,0,0,0,0,0,0,0,0x29F00,0x00,0x00
238,0x294FC,0x35100,0x0,0,1,668,857,1,671,672,0,0,0,0,0,0,0,0,0x29F00,0x00,0x00
239,0x297C0,0x35100,0x0,0,1,671,857,1,671,672,0,0,0,0,0,0,0,0,0x29F00,0x00,0x00
240,0x29A84,0x35100,0x0,0,1,674,857,1,671,672,0,0,0,0,0,0,0,0,0x29F00,0x00,0x00
241,0x29D48,0x35100,0x0,0,1,677,857,1,671,672,0,0,0,0,0,0,0,0,0x29F00,0x00,0x00
242,0x2A00C,0x35100,0x0,0,1,680,857,1,671,672,0,0,0,0,0,0,0,0,0x29F00,0x00,0x00
243,0x2A2D0,0x35100,0x0,0,1,682,857,1,671,672,0,0,0,0,0,0,0,0,0x29F00,0x00,0x00
244,0x2A594,0x35100,0x0,0,1,685,857,1,671,672,0,0,0,0,0,0,0,0,0x29F00,0x00,0x00
245,0x2A858,0x35100,0x0,0,1,688,857,1,671,672,0,0,0,0,0,0,0,0,0x29F00,0x00,0x00
246,0x2AB1C,0x35100,0x0,0,1,691,857,1,671,672,0,0,0,0,0,0,0,0,0x29F00,0x00,0x00
247,0x2ADE0,0x35100,0x0,0,1,693,857,1,671,672,0,0,0,0,0,0,0,0,0x29F00,0x00,0x00
248,0x2B0A4,0x35100,0x0,0,1,696,857,1,671,672,0,0,0,0,0,0,0,0,0x29F00,0x00,0x00
249,0x2B368,0x35100,0x0,0,1,699,857,1,671,672,0,0,0,0,0,0,0,0,0x29F00,0x00,0x00
250,0x2B62C,0x35100,0x0,0,1,702,857,1,671,672,0,0,0,0,0,0,0,0,0x29F00,0x00,0x00
251,0x2B8F0,0x35100,0x0,0,1,704,857,1,671,672,0,0,0,0,0,0,0,0,0x29F00,0x00,0x00
252,0x2BBB4,0x35100,0x0,0,1,707,857,1,671,672,0,0,0,0,0,0,0,0,0x29F00,0x00,0x00
253,0x2BE78,0x35100,0x0,0,1,710,857,1,671,672,0,0,0,0,0,0,0,0,0x29F00,0x00,0x00
254,0x2C13C,0x35100,0x0,0,1,713,857,1,671,672,0,0,0,0,0,0,0,0,0x29F00,0x00,0x00
255,0x2C400,0x35100,0x0,0,1,716,857,1,671,672,0,0,0,0,0,0,0,0,0x29F00,0x00,0x00
256,0x2C6C4,0x35100,0x0,0,1,718,857,1,671,672,0,0,0,0,0,0,0,0,0x29F00,0x00,0x00
257,0x2C988,0x35100,0x0,0,1,721,857,1,671,672,0,0,0,0,0,0,0,0,0x29F00,0x00,0x00
258,0x2CC4C,0x35100,0x0,0,1,724,857,1,671,672,0,0,0,0,0,0,0,0,0x29F00,0x00,0x00
259,0x2CF10,0x35100,0x0,0,1,727,857,1,671,672,0,0,0,0,0,0,0,0,0x29F00,0x00,0x00
260,0x2D1D4,0x35100,0x0,0,1,729,857,1,671,672,0,0,0,0,0,0,0,0,0x29F00,0x00,0x00
261,0x2D498,0x35100,0x0,0,1,732,857,1,671,672,0,0,0,0,0,0,0,0,0x29F00,0x00,0x00
262,0x2D75C,0x35100,0x0,0,1,735,857,1,671,672,0,0,0,0,0,0,0,0,0x29F00,0x00,0x00
263,0x2DA20,0x35100,0x0,0,1,738,857,1,671,672,0,0,0,0,0,0,0,0,0x29F00,0x00,0x00
264,0x2DCE4,0x35100,0x0,0,1,740,857,1,671,672,0,0,0,0,0,0,0,0,0x29F00,0x00,0x00
265,0x2DFA8,0x35100,0x0,0,1,743,857,1,671,672,0,0,0,0,0,0,0,0,0x29F00,0x00,0x00
266,0x2E26C,0x35100,0x0,0,1,746,857,1,671,672,0,0,0,0,0,0,0,0,0x29F00,0x00,0x00
267,0x2E530,0x35100,0x0,0,1,749,857,1,671,672,0,0,0,0,0,0,0,0,0x29F00,0x00,0x00
268,0x2E7F4,0x35100,0x0,0,1,751,857,1,671,672,0,0,0,0,0,0,0,0,0x29F00,0x00,0x00
269,0x2EAB8,0x35100,0x0,0,1,754,857,1,671,672,0,0,0,0,0,0,0,0,0x29F00,0x00,0x00
270,0x2ED7C,0x35100,0x0,0,1,757,857,1,671,672,0,0,0,0,0,0,0,0,0x29F00,0x00,0x00
271,0x2F040,0x35100,0x0,0,1,760,857,1,671,672,0,0,0,0,0,0,0,0,0x29F00,0x00,0x00
272,0x2F304,0x35100,0x0,0,1,763,857,1,671,672,0,0,0,0,0,0,0,0,0x29F00,0x00,0x00
273,0x2F5C8,0x35100,0x0,0,1,765,857,1,671,672,0,0,0,0,0,0,0,0,0x29F00,0x00,0x00
274,0x2F88C,0x35100,0x0,0,1,768,857,1,671,672,0,0,0,0,0,0,0,0,0x29F00,0x00,0x00
275,0x2FB50,0x35100,0x0,0,1,771,857,1,671,672,0,0,0,0,0,0,0,0,0x29F00,0x00,0x00
276,0x2FE14,0x35100,0x0,0,1,774,857,1,671,672,0,0,0,0,0,0,0,0,0x29F00,0x00,0x00
277,0x300D8,0x35100,0x0,0,1,776,857,1,671,672,0,0,0,0,0,0,0,0,0x29F00,0x00,0x00
278,0x3039C,0x35100,0x0,0,1,779,857,1,671,672,0,0,0,0,0,0,0,0,0x29F00,0x00,0x00
279,0x30660,0x35100,0x0,0,1,782,857,1,671,672,0,0,0,0,0,0,0,0,0x29F00,0x00,0x00
280,0x30924,0x35100,0x0,0,1,785,857,1,671,672,0,0,0,0,0,0,0,0,0x29F00,0x00,0x00
281,0x30BE8,0x35100,0x0,0,1,787,857,1,671,672,0,0,0,0,0,0,0,0,0x29F00,0x00,0x00
282,0x30EAC,0x35100,0x0,0,1,790,857,1,671,672,0,0,0,0,0,0,0,0,0x29F00,0x00,0x00
283,0x31170,0x35100,0x0,0,1,793,857,1,671,672,0,0,0,0,0,0,0,0,0x29F00,0x00,0x00
284,0x31434,0x35100,0x0,0,1,796,857,1,671,672,0,0,0,0,0,0,0,0,0x29F00,0x00,0x00
285,0x316F8,0x35100,0x0,0,1,798,857,1,671,672,0,0,0,0,0,0,0,0,0x29F00,0x00,0x00
286,0x319BC,0x35100,0x0,0,1,801,857,1,671,672,0,0,0,0,0,0,0,0,0x29F00,0x00,0x00
287,0x31C80,0x35100,0x0,0,1,804,857,1,671,672,0,0,0,0,0,0,0,0,0x29F00,0x00,0x00
288,0x31F44,0x35100,0x0,0,1,807,857,1,671,672,0,0,0,0,0,0,0,0,0x29F00,0x00,0x00
289,0x32208,0x35100,0x0,0,1,810,857,1,671,672,0,0,0,0,0,0,0,0,0x29F00,0x00,0x00
290,0x324CC,0x35100,0xFFFFFA70,1,1,812,857,0,671,672,0,0,0,0,0,0,0,0,0x29F00,0x00,0x00
291,0x32790,0x34BDB,0xFFFFFADB,0,1,815,851,0,671,672,0,0,0,0,0,0,0,0,0x29F00,0xDB,0x00
292,0x32A54,0x34721,0xFFFFFB46,0,1,818,847,0,671,672,0,0,0,0,0,0,0,0,0x29F00,0x21,0x00
293,0x32D18,0x342D2,0xFFFFFBB1,0,1,821,842,0,671,672,0,0,0,0,0,0,0,0,0x29F00,0xD2,0x00
294,0x32FDC,0x33EEE,0xFFFFFC1C,0,1,823,838,0,671,672,0,0,0,0,0,0,0,0,0x29F00,0xEE,0x00
295,0x332A0,0x33B75,0xFFFFFC87,0,1,826,835,0,671,672,0,0,0,0,0,0,0,0,0x29F00,0x75,0x00
296,0x33564,0x33867,0xFFFFFCF2,0,1,829,832,0,671,672,0,0,0,0,0,0,0,0,0x29F00,0x67,0x00
297,0x33828,0x335C4,0xFFFFFD5D,0,1,832,829,0,671,672,0,0,0,0,0,0,0,0,0x29F00,0xC4,0x00
298,0x33AEC,0x3338C,0xFFFFFDC8,0,1,834,827,0,671,672,0,0,0,0,0,0,0,0,0x29F00,0x8C,0x00
299,0x33DB0,0x331BF,0xFFFFFE33,0,1,837,825,0,671,672,0,0,0,0,0,0,0,0,0x29F00,0xBF,0x00
300,0x34074,0x3305D,0xFFFFFE9E,0,1,840,824,0,671,672,0,0,0,0,0,0,0,0,0x29F00,0x5D,0x00
301,0x34338,0x32F66,0xFFFFFF09,0,1,843,823,0,671,672,0,0,0,0,0,0,0,0,0x29F00,0x66,0x00
302,0x345FC,0x32EDA,0xFFFFFF74,0,1,845,822,0,671,672,0,0,0,0,0,0,0,0,0x29F00,0xDA,0x00
303,0x348C0,0x32EB9,0xFFFFFFDF,0,1,848,822,0,671,672,0,0,0,0,0,0,0,0,0x29F00,0xB9,0x00
304,0x34B84,0x32F03,0x4A,0,1,851,823,0,671,672,0,0,0,0,0,0,0,0,0x29F00,0x03,0x00
305,0x34E48,0x32FB8,0xB5,0,1,854,823,0,671,672,0,0,0,0,0,0,0,0,0x29F00,0xB8,0x00
306,0x3510C,0x330D8,0x120,0,1,857,824,0,671,672,0,0,0,0,0,0,0,0,0x29F00,0xD8,0x00
307,0x353D0,0x33263,0x18B,0,1,859,826,0,671,672,0,0,0,0,0,0,0,0,0x29F00,0x63,0x00
308,0x35694,0x33459,0x1F6,0,1,862,828,0,671,672,0,0,0,0,0,0,0,0,0x29F00,0x59,0x00
309,0x35958,0x336BA,0x261,0,1,865,830,0,671,672,0,0,0,0,0,0,0,0,0x29F00,0xBA,0x00
310,0x35C1C,0x33986,0x2CC,0,1,868,833,0,671,672,0,0,0,0,0,0,0,0,0x29F00,0x86,0x00
311,0x35EE0,0x33CBD,0x337,0,1,870,836,0,671,672,0,0,0,0,0,0,0,0,0x29F00,0xBD,0x00
312,0x361A4,0x3405F,0x3A2,0,1,873,840,0,671,672,0,0,0,0,0,0,0,0,0x29F00,0x5F,0x00
313,0x36468,0x3446C,0x40D,0,1,876,844,0,671,672,0,0,0,0,0,0,0,0,0x29F00,0x6C,0x00
314,0x3672C,0x348E4,0x478,0,1,879,848,0,671,672,0,0,0,0,0,0,0,0,0x29F00,0xE4,0x00
315,0x369F0,0x34DC7,0x4E3,0,1,881,853,0,671,672,0,0,0,0,0,0,0,0,0x29F00,0xC7,0x00
316,0x36CB4,0x35100,0x0,0,1,884,857,1,671,672,0,0,0,0,0,0,0,0,0x29F00,0x00,0x00
317,0x36F78,0x35100,0x0,0,1,887,857,1,671,672,0,0,0,0,0,0,0,0,0x29F00,0x00,0x00
318,0x3723C,0x35100,0x0,0,1,890,857,1,671,672,0,0,0,0,0,0,0,0,0x29F00,0x00,0x00
319,0x37500,0x35100,0x0,0,1,893,857,1,671,672,0,0,0,0,0,0,0,0,0x29F00,0x00,0x00
320,0x377C4,0x35100,0x0,0,1,895,857,1,671,672,0,0,0,0,0,0,0,0,0x29F00,0x00,0x00
321,0x37A88,0x35100,0x0,0,1,898,857,1,671,672,0,0,0,0,0,0,0,0,0x29F00,0x00,0x00
322,0x37D4C,0x35100,0x0,0,1,901,857,1,671,672,0,0,0,0,0,0,0,0,0x29F00,0x00,0x00
323,0x38010,0x35100,0x0,0,1,904,857,1,671,672,0,0,0,0,0,0,0,0,0x29F00,0x00,0x00
324,0x382D4,0x35100,0x0,0,1,906,857,1,671,672,0,0,0,0,0,0,0,0,0x29F00,0x00,0x00
325,0x38598,0x35100,0x0,0,1,909,857,1,671,672,0,0,0,0,0,0,0,0,0x29F00,0x00,0x00
326,0x3885C,0x35100,0x0,0,1,912,857,1,671,672,0,0,0,0,0,0,0,0,0x29F00,0x00,0x00
327,0x38B20,0x35100,0x0,0,1,915,857,1,671,672,0,0,0,0,0,0,0,0,0x29F00,0x00,0x00
328,0x38DE4,0x35100,0x0,0,1,917,857,1,671,672,0,0,0,0,0,0,0,0,0x29F00,0x00,0x00
329,0x390A8,0x35100,0x0,0,1,920,857,1,671,672,0,0,0,0,0,0,0,0,0x29F00,0x00,0x00
330,0x3936C,0x35100,0x0,0,1,923,857,1,671,672,0,0,0,0,0,0,0,0,0x29F00,0x00,0x00
331,0x39630,0x35100,0x0,0,1,926,857,1,671,672,0,0,0,0,0,0,0,0,0x29F00,0x00,0x00
332,0x398F4,0x35100,0x0,0,1,928,857,1,671,672,0,0,0,0,0,0,0,0,0x29F00,0x00,0x00
333,0x39BB8,0x35100,0xFFFFFA70,1,1,931,857,0,671,672,0,0,0,0,0,0,0,0,0x29F00,0x00,0x00
334,0x39E7C,0x34BDB,0xFFFFFADB,0,1,934,851,0,671,672,0,0,0,0,0,0,0,0,0x29F00,0xDB,0x00
335,0x3A140,0x34721,0xFFFFFB46,0,1,937,847,0,671,672,0,0,0,0,0,0,0,0,0x29F00,0x21,0x00
336,0x3A404,0x342D2,0xFFFFFBB1,0,1,940,842,0,671,672,0,0,0,0,0,0,0,0,0x29F00,0xD2,0x00
337,0x3A6C8,0x33EEE,0xFFFFFC1C,0,1,942,838,0,671,672,0,0,0,0,0,0,0,0,0x29F00,0xEE,0x00
338,0x3A98C,0x33B75,0xFFFFFC87,0,1,945,835,0,671,672,0,0,0,0,0,0,0,0,0x29F00,0x75,0x00
339,0x3AC50,0x33867,0xFFFFFCF2,0,1,948,832,0,671,672,0,0,0,0,0,0,0,0,0x29F00,0x67,0x00
340,0x3AF14,0x335C4,0xFFFFFD5D,0,1,951,829,0,671,672,0,0,0,0,0,0,0,0,0x29F00,0xC4,0x00
341,0x3B1D8,0x3338C,0xFFFFFDC8,0,1,953,827,0,671,672,0,0,0,0,0,0,0,0,0x29F00,0x8C,0x00
342,0x3B49C,0x331BF,0xFFFFFE33,0,1,956,825,0,671,672,0,0,0,0,0,0,0,0,0x29F00,0xBF,0x00
343,0x3B760,0x3305D,0xFFFFFE9E,0,1,959,824,0,671,672,0,0,0,0,0,0,0,0,0x29F00,0x5D,0x00
344,0x3BA24,0x32F66,0xFFFFFF09,0,1,962,823,0,671,672,0,0,0,0,0,0,0,0,0x29F00,0x66,0x00
345,0x3BCE8,0x32EDA,0xFFFFFF74,0,1,964,822,0,671,672,0,0,0,0,0,0,0,0,0x29F00,0xDA,0x00
346,0x3BFAC,0x32EB9,0xFFFFFFDF,0,1,967,822,0,671,672,0,0,0,0,0,0,0,0,0x29F00,0xB9,0x00
347,0x3C270,0x32F03,0x4A,0,1,970,823,0,671,672,0,0,0,0,0,0,0,0,0x29F00,0x03,0x00
348,0x3C534,0x32FB8,0xB5,0,1,973,823,0,671,672,0,0,0,0,0,0,0,0,0x29F00,0xB8,0x00
349,0x3C7F8,0x330D8,0x120,0,1,975,824,0,671,672,0,0,0,0,0,0,0,0,0x29F00,0xD8,0x00
350,0x3CABC,0x33263,0x18B,0,1,978,826,0,671,672,0,0,0,0,0,0,0,0,0x29F00,0x63,0x00
351,0x3CD80,0x33459,0x1F6,0,1,981,828,0,671,672,0,0,0,0,0,0,0,0,0x29F00,0x59,0x00
352,0x3D044,0x336BA,0x261,0,1,984,830,0,671,672,0,0,0,0,0,0,0,0,0x29F00,0xBA,0x00
353,0x3D308,0x33986,0x2CC,0,1,987,833,0,671,672,0,0,0,0,0,0,0,0,0x29F00,0x86,0x00
354,0x3D5CC,0x33CBD,0x337,0,1,989,836,0,671,672,0,0,0,0,0,0,0,0,0x29F00,0xBD,0x00
355,0x3D890,0x3405F,0x3A2,0,1,992,840,0,671,672,0,0,0,0,0,0,0,0,0x29F00,0x5F,0x00
356,0x3DB54,0x3446C,0x40D,0,1,995,844,0,671,672,0,0,0,0,0,0,0,0,0x29F00,0x6C,0x00
357,0x3DE18,0x348E4,0x478,0,1,998,848,0,671,672,0,0,0,0,0,0,0,0,0x29F00,0xE4,0x00
358,0x3E0DC,0x34DC7,0x4E3,0,1,1000,853,0,671,672,0,0,0,0,0,0,0,0,0x29F00,0xC7,0x00
359,0x3E3A0,0x35100,0xFFFFFA70,1,1,1003,857,0,671,672,0,0,0,0,0,0,0,0,0x29F00,0x00,0x00
360,0x3E664,0x34BDB,0xFFFFFADB,0,1,1006,851,0,671,672,0,0,0,0,0,0,0,0,0x29F00,0xDB,0x00
361,0x3E928,0x34721,0xFFFFFB46,0,1,1009,847,0,671,672,0,0,0,0,0,0,0,0,0x29F00,0x21,0x00
362,0x3EBEC,0x342D2,0xFFFFFBB1,0,1,1011,842,0,671,672,0,0,0,0,0,0,0,0,0x29F00,0xD2,0x00
363,0x3EEB0,0x33EEE,0xFFFFFC1C,0,1,1014,838,0,671,672,0,0,0,0,0,0,0,0,0x29F00,0xEE,0x00
364,0x3F174,0x33B75,0xFFFFFC87,0,1,1017,835,0,671,672,0,0,0,0,0,0,0,0,0x29F00,0x75,0x00
365,0x3F438,0x33867,0xFFFFFCF2,0,1,1020,832,0,671,672,0,0,0,0,0,0,0,0,0x29F00,0x67,0x00
366,0x3F6FC,0x335C4,0xFFFFFD5D,0,1,1022,829,0,671,672,0,0,0,0,0,0,0,0,0x29F00,0xC4,0x00
367,0x3F9C0,0x3338C,0xFFFFFDC8,0,1,1025,827,0,671,672,0,0,0,0,0,0,0,0,0x29F00,0x8C,0x00
368,0x3FC84,0x331BF,0xFFFFFE33,0,1,1028,825,0,671,672,0,0,0,0,0,0,0,0,0x29F00,0xBF,0x00
369,0x3FF48,0x3305D,0xFFFFFE9E,0,1,1031,824,0,671,672,0,0,0,0,0,0,0,0,0x29F00,0x5D,0x00
370,0x4020C,0x32F66,0xFFFFFF09,0,1,1034,823,0,671,672,0,0,0,0,0,0,0,0,0x29F00,0x66,0x00
371,0x404D0,0x32EDA,0xFFFFFF74,0,1,1036,822,0,671,672,0,0,0,0,0,0,0,0,0x29F00,0xDA,0x00
372,0x40794,0x32EB9,0xFFFFFFDF,0,1,1039,822,0,671,672,0,0,0,0,0,0,0,0,0x29F00,0xB9,0x00
373,0x40A58,0x32F03,0x4A,0,1,1042,823,0,671,672,0,0,0,0,0,0,0,0,0x29F00,0x03,0x00
374,0x40D1C,0x32FB8,0xB5,0,1,1045,823,0,671,672,0,0,0,0,0,0,0,0,0x29F00,0xB8,0x00
375,0x40FE0,0x330D8,0x120,0,1,1047,824,0,671,672,0,0,0,0,0,0,0,0,0x29F00,0xD8,0x00
376,0x412A4,0x33263,0x18B,0,1,1050,826,0,671,672,0,0,0,0,0,0,0,0,0x29F00,0x63,0x00
377,0x41568,0x33459,0x1F6,0,1,1053,828,0,671,672,0,0,0,0,0,0,0,0,0x29F00,0x59,0x00
378,0x4182C,0x336BA,0x261,0,1,1056,830,0,671,672,0,0,0,0,0,0,0,0,0x29F00,0xBA,0x00
379,0x41AF0,0x33986,0x2CC,0,1,1058,833,0,671,672,0,0,0,0,0,0,0,0,0x29F00,0x86,0x00
380,0x41DB4,0x33CBD,0x337,0,1,1061,836,0,671,672,0,0,0,0,0,0,0,0,0x29F00,0xBD,0x00
381,0x42078,0x3405F,0x3A2,0,1,1064,840,0,671,672,0,0,0,0,0,0,0,0,0x29F00,0x5F,0x00
382,0x4233C,0x3446C,0x40D,0,1,1067,844,0,671,672,0,0,0,0,0,0,0,0,0x29F00,0x6C,0x00
383,0x42600,0x348E4,0x478,0,1,1070,848,0,671,672,0,0,0,0,0,0,0,0,0x29F00,0xE4,0x00
384,0x428C4,0x34DC7,0x4E3,0,1,1072,853,0,671,672,0,0,0,0,0,0,0,0,0x29F00,0xC7,0x00
385,0x42B88,0x35100,0x0,0,1,1075,857,1,671,672,0,0,0,0,0,0,0,0,0x29F00,0x00,0x00
386,0x42E4C,0x35100,0x0,0,1,1078,857,1,671,672,0,0,0,0,0,0,0,0,0x29F00,0x00,0x00
387,0x43110,0x35100,0xFFFFFA70,1,1,1081,857,0,671,672,0,0,0,0,0,0,0,0,0x29F00,0x00,0x00
388,0x433D4,0x34BDB,0xFFFFFADB,0,1,1083,851,0,671,672,0,0,0,0,0,0,0,0,0x29F00,0xDB,0x00
389,0x43698,0x34721,0xFFFFFB46,0,1,1086,847,0,671,672,0,0,0,0,0,0,0,0,0x29F00,0x21,0x00
390,0x4395C,0x342D2,0xFFFFFBB1,0,1,1089,842,0,671,672,0,0,0,0,0,0,0,0,0x29F00,0xD2,0x00
391,0x43C20,0x33EEE,0xFFFFFC1C,0,1,1092,838,0,671,672,0,0,0,0,0,0,0,0,0x29F00,0xEE,0x00
392,0x43EE4,0x33B75,0xFFFFFC87,0,1,1094,835,0,671,672,0,0,0,0,0,0,0,0,0x29F00,0x75,0x00
393,0x441A8,0x33867,0xFFFFFCF2,0,1,1097,832,0,671,672,0,0,0,0,0,0,0,0,0x29F00,0x67,0x00
394,0x4446C,0x335C4,0xFFFFFD5D,0,1,1100,829,0,671,672,0,0,0,0,0,0,0,0,0x29F00,0xC4,0x00
395,0x44730,0x3338C,0xFFFFFDC8,0,1,1103,827,0,671,672,0,0,0,0,0,0,0,0,0x29F00,0x8C,0x00
396,0x449F4,0x331BF,0xFFFFFE33,0,1,1105,825,0,671,672,0,0,0,0,0,0,0,0,0x29F00,0xBF,0x00
397,0x44CB8,0x3305D,0xFFFFFE9E,0,1,1108,824,0,671,672,0,0,0,0,0,0,0,0,0x29F00,0x5D,0x00
398,0x44F7C,0x32F66,0xFFFFFF09,0,1,1111,823,0,671,672,0,0,0,0,0,0,0,0,0x29F00,0x66,0x00
399,0x45240,0x32EDA,0xFFFFFF74,0,1,1114,822,0,671,672,0,0,0,0,0,0,0,0,0x29F00,0xDA,0x00
400,0x45504,0x32EB9,0xFFFFFFDF,0,1,1117,822,0,671,672,0,0,0,0,0,0,0,0,0x29F00,0xB9,0x00
401,0x457C8,0x32F03,0x4A,0,1,1119,823,0,671,672,0,0,0,0,0,0,0,0,0x29F00,0x03,0x00
402,0x45A8C,0x32FB8,0xB5,0,1,1122,823,0,671,672,0,0,0,0,0,0,0,0,0x29F00,0xB8,0x00
403,0x45D50,0x330D8,0x120,0,1,1125,824,0,671,672,0,0,0,0,0,0,0,0,0x29F00,0xD8,0x00
404,0x46014,0x33100,0xFFFFFA70,1,1,1128,825,0,671,672,0,0,0,0,0,0,0,0,0x29F00,0x00,0x00
405,0x462D8,0x32BDB,0xFFFFFADB,0,1,1130,819,0,671,672,0,0,0,0,0,0,0,0,0x29F00,0xDB,0x00
406,0x4659C,0x32721,0xFFFFFB46,0,1,1133,815,0,671,672,0,0,0,0,0,0,0,0,0x29F00,0x21,0x00
407,0x46860,0x322D2,0xFFFFFBB1,0,1,1136,810,0,671,672,0,0,0,0,0,0,0,0,0x29F00,0xD2,0x00
408,0x46B24,0x31EEE,0xFFFFFC1C,0,1,1139,806,0,671,672,0,0,0,0,0,0,0,0,0x29F00,0xEE,0x00
409,0x46DE8,0x31B75,0xFFFFFC87,0,1,1141,803,0,671,672,0,0,0,0,0,0,0,0,0x29F00,0x75,0x00
410,0x470AC,0x31867,0xFFFFFCF2,0,1,1144,800,0,671,672,0,0,0,0,0,0,0,0,0x29F00,0x67,0x00
411,0x47370,0x315C4,0xFFFFFD5D,0,1,1147,797,0,671,672,0,0,0,0,0,0,0,0,0x29F00,0xC4,0x00
412,0x47634,0x3138C,0xFFFFFDC8,0,1,1150,795,0,671,672,0,0,0,0,0,0,0,0,0x29F00,0x8C,0x00
413,0x478F8,0x311BF,0xFFFFFE33,0,1,1152,793,0,671,672,0,0,0,0,0,0,0,0,0x29F00,0xBF,0x00
414,0x47BBC,0x3105D,0xFFFFFE9E,0,1,1155,792,0,671,672,0,0,0,0,0,0,0,0,0x29F00,0x5D,0x00
415,0x47E80,0x30F66,0xFFFFFF09,0,1,1158,791,0,671,672,0,0,0,0,0,0,0,0,0x29F00,0x66,0x00
416,0x48144,0x30EDA,0xFFFFFF74,0,1,1161,790,0,671,672,0,0,0,0,0,0,0,0,0x29F00,0xDA,0x00
417,0x48408,0x30EB9,0xFFFFFFDF,0,1,1164,790,0,671,672,0,0,0,0,0,0,0,0,0x29F00,0xB9,0x00
418,0x486CC,0x30F03,0x4A,0,1,1166,791,0,671,672,0,0,0,0,0,0,0,0,0x29F00,0x03,0x00
419,0x48990,0x30FB8,0xB5,0,1,1169,791,0,671,672,0,0,0,0,0,0,0,0,0x29F00,0xB8,0x00
420,0x48C54,0x310D8,0x120,0,1,1172,792,0,671,672,0,0,0,0,0,0,0,0,0x29F00,0xD8,0x00
421,0x48F18,0x31263,0x18B,0,1,1175,794,0,671,672,0,0,0,0,0,0,0,0,0x29F00,0x63,0x00
422,0x491DC,0x31459,0x1F6,0,1,1177,796,0,671,672,0,0,0,0,0,0,0,0,0x29F00,0x59,0x00
423,0x494A0,0x31100,0x0,0,1,1180,793,1,671,672,0,0,0,0,0,0,0,0,0x29F00,0x00,0x00
424,0x49764,0x31100,0x0,0,1,1183,793,1,671,672,0,0,0,0,0,0,0,0,0x29F00,0x00,0x00
425,0x49A28,0x31100,0x0,0,1,1186,793,1,671,672,0,0,0,0,0,0,0,0,0x29F00,0x00,0x00
426,0x49CEC,0x31100,0x0,0,1,1188,793,1,671,672,0,0,0,0,0,0,0,0,0x29F00,0x00,0x00
427,0x49FB0,0x31100,0x0,0,1,1191,793,1,671,672,0,0,0,0,0,0,0,0,0x29F00,0x00,0x00
428,0x4A274,0x31100,0x0,0,1,1194,793,1,671,672,0,0,0,0,0,0,0,0,0x29F00,0x00,0x00
429,0x4A538,0x31100,0x0,0,1,1197,793,1,671,672,0,0,0,0,0,0,0,0,0x29F00,0x00,0x00
430,0x4A7FC,0x31100,0x0,0,1,1199,793,1,671,672,0,0,0,0,0,0,0,0,0x29F00,0x00,0x00
431,0x4AAC0,0x31100,0x0,0,1,1202,793,1,671,672,0,0,0,0,0,0,0,0,0x29F00,0x00,0x00
432,0x4AD84,0x31100,0x0,0,1,1205,793,1,671,672,0,0,0,0,0,0,0,0,0x29F00,0x00,0x00
433,0x4B048,0x31100,0xFFFFFA70,1,1,1208,793,0,671,672,0,0,0,0,0,0,0,0,0x29F00,0x00,0x00
434,0x4B30C,0x30BDB,0xFFFFFADB,0,1,1211,787,0,671,672,0,0,0,0,0,0,0,0,0x29F00,0xDB,0x00
435,0x4B5D0,0x30721,0xFFFFFB46,0,1,1213,783,0,671,672,0,0,0,0,0,0,0,0,0x29F00,0x21,0x00
436,0x4B894,0x302D2,0xFFFFFBB1,0,1,1216,778,0,671,672,0,0,0,0,0,0,0,0,0x29F00,0xD2,0x00
437,0x4BB58,0x2FEEE,0xFFFFFC1C,0,1,1219,774,0,671,672,0,0,0,0,0,0,0,0,0x29F00,0xEE,0x00
438,0x4BE1C,0x2FB75,0xFFFFFC87,0,1,1222,771,0,671,672,0,0,0,0,0,0,0,0,0x29F00,0x75,0x00
439,0x4C0E0,0x2F867,0xFFFFFCF2,0,1,1224,768,0,671,672,0,0,0,0,0,0,0,0,0x29F00,0x67,0x00
440,0x4C3A4,0x2F5C4,0xFFFFFD5D,0,1,1227,765,0,671,672,0,0,0,0,0,0,0,0,0x29F00,0xC4,0x00
441,0x4C668,0x2F38C,0xFFFFFDC8,0,1,1230,763,0,671,672,0,0,0,0,0,0,0,0,0x29F00,0x8C,0x00
442,0x4C92C,0x2F1BF,0xFFFFFE33,0,1,1233,761,0,671,672,0,0,0,0,0,0,0,0,0x29F00,0xBF,0x00
443,0x4CBF0,0x2F05D,0xFFFFFE9E,0,1,1235,760,0,671,672,0,0,0,0,0,0,0,0,0x29F00,0x5D,0x00
444,0x4CEB4,0x2EF66,0xFFFFFF09,0,1,1238,759,0,671,672,0,0,0,0,0,0,0,0,0x29F00,0x66,0x00
445,0x4D178,0x2EEDA,0xFFFFFF74,0,1,1241,758,0,671,672,0,0,0,0,0,0,0,0,0x29F00,0xDA,0x00
446,0x4D43C,0x2EEB9,0xFFFFFFDF,0,1,1244,758,0,671,672,0,0,0,0,0,0,0,0,0x29F00,0xB9,0x00
447,0x4D700,0x2EF03,0x4A,0,1,1247,759,0,671,672,0,0,0,0,0,0,0,0,0x29F00,0x03,0x00
448,0x4D9C4,0x2EFB8,0xB5,0,1,1249,759,0,671,672,0,0,0,0,0,0,0,0,0x29F00,0xB8,0x00
449,0x4DC88,0x2F0D8,0x120,0,1,1252,760,0,671,672,0,0,0,0,0,0,0,0,0x29F00,0xD8,0x00
450,0x4DF4C,0x2F263,0x18B,0,1,1255,762,0,671,672,0,0,0,0,0,0,0,0,0x29F00,0x63,0x00
451,0x4E210,0x2F459,0x1F6,0,1,1258,764,0,671,672,0,0,0,0,0,0,0,0,0x29F00,0x59,0x00
452,0x4E4D4,0x2F100,0x0,0,1,1260,761,1,671,672,0,0,0,0,0,0,0,0,0x29F00,0x00,0x00
453,0x4E798,0x2F100,0x0,0,1,1263,761,1,671,672,0,0,0,0,0,0,0,0,0x29F00,0x00,0x00
454,0x4EA5C,0x2F100,0x0,0,1,1266,761,1,671,672,0,0,0,0,0,0,0,0,0x29F00,0x00,0x00
455,0x4ED20,0x2F100,0x0,0,1,1269,761,1,671,672,0,0,0,0,0,0,0,0,0x29F00,0x00,0x00
456,0x4EFE4,0x2F100,0xFFFFFA70,1,1,1271,761,0,671,672,0,0,0,0,0,0,0,0,0x29F00,0x00,0x00
457,0x4F2A8,0x2EBDB,0xFFFFFADB,0,1,1274,755,0,671,672,0,0,0,0,0,0,0,0,0x29F00,0xDB,0x00
458,0x4F56C,0x2E721,0xFFFFFB46,0,1,1277,751,0,671,672,0,0,0,0,0,0,0,0,0x29F00,0x21,0x00
459,0x4F830,0x2E2D2,0xFFFFFBB1,0,1,1280,746,0,671,672,0,0,0,0,0,0,0,0,0x29F00,0xD2,0x00
460,0x4FAF4,0x2DEEE,0xFFFFFC1C,0,1,1282,742,0,670,672,0,0,0,0,0,0,0,0,0x29EEE,0xEE,0xEE
461,0x4FDB8,0x2DB75,0xFFFFFC87,0,1,1285,739,0,667,672,0,0,0,0,0,0,0,0,0x29B75,0x75,0x75
462,0x5007C,0x2D867,0xFFFFFCF2,0,1,1288,736,0,664,672,0,0,0,0,0,0,0,0,0x29867,0x67,0x67
463,0x50340,0x2D5C4,0xFFFFFD5D,0,1,1291,733,0,661,672,0,0,0,0,0,0,0,0,0x295C4,0xC4,0xC4
464,0x50604,0x2D38C,0xFFFFFDC8,0,1,1294,731,0,659,672,0,0,0,0,0,0,0,0,0x2938C,0x8C,0x8C
465,0x508C8,0x2D1BF,0xFFFFFE33,0,1,1296,729,0,657,672,0,0,0,0,0,0,0,0,0x291BF,0xBF,0xBF
466,0x50B8C,0x2D05D,0xFFFFFE9E,0,1,1299,728,0,656,672,0,0,0,0,0,0,0,0,0x2905D,0x5D,0x5D
467,0x50E50,0x2CF66,0xFFFFFF09,0,1,1302,727,0,655,672,0,0,0,0,0,0,0,0,0x28F66,0x66,0x66
468,0x51114,0x2CEDA,0xFFFFFF74,0,1,1305,726,0,654,672,0,0,0,0,0,0,0,0,0x28EDA,0xDA,0xDA
469,0x513D8,0x2CEB9,0xFFFFFFDF,0,1,1307,726,0,654,672,0,0,0,0,0,0,0,0,0x28EB9,0xB9,0xB9
470,0x5169C,0x2CF03,0x4A,0,1,1310,726,0,654,672,0,0,0,0,0,0,0,0,0x28EB9,0x03,0xB9
471,0x51960,0x2CFB8,0xB5,0,1,1313,726,0,654,672,0,0,0,0,0,0,0,0,0x28EB9,0xB8,0xB9
472,0x51C24,0x2D0D8,0x120,0,1,1316,728,0,654,672,0,0,0,0,0,0,0,0,0x28EB9,0xD8,0xB9
473,0x51EE8,0x2D263,0x18B,0,1,1318,729,0,654,672,0,0,0,0,0,0,0,0,0x28EB9,0x63,0xB9
474,0x521AC,0x2D459,0x1F6,0,1,1321,731,0,654,672,0,0,0,0,0,0,0,0,0x28EB9,0x59,0xB9
475,0x52470,0x2D6BA,0x261,0,1,1324,734,0,654,672,0,0,0,0,0,0,0,0,0x28EB9,0xBA,0xB9
476,0x52734,0x2D986,0x2CC,0,1,1327,736,0,654,672,0,0,0,0,0,0,0,0,0x28EB9,0x86,0xB9
477,0x529F8,0x2DCBD,0x337,0,1,1329,740,0,654,672,0,0,0,0,0,0,0,0,0x28EB9,0xBD,0xB9
478,0x52CBC,0x2E05F,0x3A2,0,1,1332,743,0,654,672,0,0,0,0,0,0,0,0,0x28EB9,0x5F,0xB9
479,0x52F80,0x2E46C,0x40D,0,1,1335,747,0,654,672,0,0,0,0,0,0,0,0,0x28EB9,0x6C,0xB9
480,0x53244,0x2E8E4,0x478,0,1,1338,752,0,654,672,0,0,0,0,0,0,0,0,0x28EB9,0xE4,0xB9
481,0x53508,0x2EDC7,0x4E3,0,1,1341,757,0,654,672,0,0,0,0,0,0,0,0,0x28EB9,0xC7,0xB9
482,0x537CC,0x2F315,0x54E,0,1,1343,762,0,654,672,0,0,0,0,0,0,0,0,0x28EB9,0x15,0xB9
483,0x53A90,0x2F8CE,0x5B9,0,1,1346,768,0,654,672,0,0,0,0,0,0,0,0,0x28EB9,0xCE,0xB9
484,0x53D54,0x2FEF2,0x624,0,1,1349,774,0,654,672,0,0,0,0,0,0,0,0,0x28EB9,0xF2,0xB9
485,0x54018,0x30581,0x68F,0,1,1352,780,0,654,672,0,0,0,0,0,0,0,0,0x28EB9,0x81,0xB9
486,0x542DC,0x30C7B,0x6FA,0,1,1354,787,0,654,672,0,0,0,0,0,0,0,0,0x28EB9,0x7B,0xB9
487,0x545A0,0x313E0,0x765,0,1,1357,795,0,654,672,0,0,0,0,0,0,0,0,0x28EB9,0xE0,0xB9
488,0x54864,0x31ADA,0x6FA,0,1,1360,802,0,654,672,0,0,0,0,0,0,0,0,0x28EB9,0xDA,0xB9
489,0x54B28,0x321B9,0x0,0,1,1363,809,1,654,672,0,0,0,0,0,0,0,0,0x28EB9,0xB9,0xB9
490,0x54DEC,0x321B9,0x0,0,1,1365,809,1,654,672,0,0,0,0,0,0,0,0,0x28EB9,0xB9,0xB9
491,0x550B0,0x321B9,0x0,0,1,1368,809,0,654,672,0,0,0,0,0,0,0,0,0x28EB9,0xB9,0xB9
492,0x55374,0x32224,0x6B,0,1,1371,809,0,654,672,0,0,0,0,0,0,0,0,0x28EB9,0x24,0xB9
493,0x55638,0x322FA,0xD6,0,1,1374,810,0,654,672,0,0,0,0,0,0,0,0,0x28EB9,0xFA,0xB9
494,0x558FC,0x3243B,0x141,0,1,1376,811,0,654,672,0,0,0,0,0,0,0,0,0x28EB9,0x3B,0xB9
495,0x55BC0,0x325E7,0x1AC,0,1,1379,813,0,654,672,0,0,0,0,0,0,0,0,0x28EB9,0xE7,0xB9
496,0x55E84,0x327FE,0x217,0,1,1382,815,0,654,672,0,0,0,0,0,0,0,0,0x28EB9,0xFE,0xB9
497,0x56148,0x32A80,0x282,0,1,1385,817,0,654,672,0,0,0,0,0,0,0,0,0x28EB9,0x80,0xB9
498,0x5640C,0x32D6D,0x2ED,0,1,1388,820,0,654,672,0,0,0,0,0,0,0,0,0x28EB9,0x6D,0xB9
499,0x566D0,0x330C5,0x358,0,1,1390,824,0,656,672,0,0,0,0,0,0,0,0,0x290C5,0xC5,0xC5
500,0x56994,0x33488,0x3C3,0,1,1393,828,0,660,672,0,0,0,0,0,0,0,0,0x29488,0x88,0x88
501,0x56C58,0x338B6,0x42E,0,1,1396,832,0,664,672,0,0,0,0,0,0,0,0,0x298B6,0xB6,0xB6
502,0x56F1C,0x33D4F,0x499,0,1,1399,837,0,669,672,0,0,0,0,0,0,0,0,0x29D4F,0x4F,0x4F
503,0x571E0,0x34253,0x504,0,1,1401,842,0,671,672,0,0,0,0,0,0,0,0,0x29F00,0x53,0x00
504,0x574A4,0x347C2,0x56F,0,1,1404,847,0,671,672,0,0,0,0,0,0,0,0,0x29F00,0xC2,0x00
505,0x57768,0x34D9C,0x5DA,0,1,1407,853,0,671,672,0,0,0,0,0,0,0,0,0x29F00,0x9C,0x00
506,0x57A2C,0x35100,0x0,0,1,1410,857,1,671,672,0,0,0,0,0,0,0,0,0x29F00,0x00,0x00
507,0x57CF0,0x35100,0x0,0,1,1412,857,1,671,672,0,0,0,0,0,0,0,0,0x29F00,0x00,0x00
508,0x57FB4,0x35100,0x0,0,1,1415,857,1,671,672,0,0,0,0,0,0,0,0,0x29F00,0x00,0x00
509,0x58278,0x35100,0x0,0,1,1418,857,1,671,672,0,0,0,0,0,0,0,0,0x29F00,0x00,0x00
510,0x5853C,0x35100,0x0,0,1,1421,857,1,671,672,0,0,0,0,0,0,0,0,0x29F00,0x00,0x00
511,0x58800,0x35100,0x0,0,1,1424,857,1,671,672,0,0,0,0,0,0,0,0,0x29F00,0x00,0x00
512,0x58AC4,0x35100,0x0,0,1,1426,857,1,671,672,0,0,0,0,0,0,0,0,0x29F00,0x00,0x00
513,0x58D88,0x35100,0x0,0,1,1429,857,1,671,672,0,0,0,0,0,0,0,0,0x29F00,0x00,0x00
514,0x5904C,0x35100,0x0,0,1,1432,857,1,671,672,0,0,0,0,0,0,0,0,0x29F00,0x00,0x00
515,0x59310,0x35100,0xFFFFFA70,1,1,1435,857,0,671,672,0,0,0,0,0,0,0,0,0x29F00,0x00,0x00
516,0x595D4,0x34BDB,0xFFFFFADB,0,1,1437,851,0,671,672,0,0,0,0,0,0,0,0,0x29F00,0xDB,0x00
517,0x59898,0x34721,0xFFFFFB46,0,1,1440,847,0,671,672,0,0,0,0,0,0,0,0,0x29F00,0x21,0x00
518,0x59B5C,0x342D2,0xFFFFFBB1,0,1,1443,842,0,671,672,0,0,0,0,0,0,0,0,0x29F00,0xD2,0x00
519,0x59E20,0x33EEE,0xFFFFFC1C,0,1,1446,838,0,671,672,0,0,0,0,0,0,0,0,0x29F00,0xEE,0x00
520,0x5A0E4,0x33B75,0xFFFFFC87,0,1,1448,835,0,671,672,0,0,0,0,0,0,0,0,0x29F00,0x75,0x00
521,0x5A3A8,0x33867,0xFFFFFCF2,0,1,1451,832,0,671,672,0,0,0,0,0,0,0,0,0x29F00,0x67,0x00
522,0x5A66C,0x335C4,0xFFFFFD5D,0,1,1454,829,0,671,672,0,0,0,0,0,0,0,0,0x29F00,0xC4,0x00
523,0x5A930,0x3338C,0xFFFFFDC8,0,1,1457,827,0,671,672,0,0,0,0,0,0,0,0,0x29F00,0x8C,0x00
524,0x5ABF4,0x331BF,0xFFFFFE33,0,1,1459,825,0,671,672,0,0,0,0,0,0,0,0,0x29F00,0xBF,0x00
525,0x5AEB8,0x3305D,0xFFFFFE9E,0,1,1462,824,0,671,672,0,0,0,0,0,0,0,0,0x29F00,0x5D,0x00
526,0x5B17C,0x32F66,0xFFFFFF09,0,1,1465,823,0,671,672,0,0,0,0,0,0,0,0,0x29F00,0x66,0x00
527,0x5B440,0x32EDA,0xFFFFFF74,0,1,1468,822,0,671,672,0,0,0,0,0,0,0,0,0x29F00,0xDA,0x00
528,0x5B704,0x32EB9,0xFFFFFFDF,0,1,1471,822,0,671,672,0,0,0,0,0,0,0,0,0x29F00,0xB9,0x00
529,0x5B9C8,0x32F03,0x4A,0,1,1473,823,0,671,672,0,0,0,0,0,0,0,0,0x29F00,0x03,0x00
530,0x5BC8C,0x32FB8,0xB5,0,1,1476,823,0,671,672,0,0,0,0,0,0,0,0,0x29F00,0xB8,0x00
531,0x5BF50,0x330D8,0x120,0,1,1479,824,0,671,672,0,0,0,0,0,0,0,0,0x29F00,0xD8,0x00
532,0x5C214,0x33100,0xFFFFFA70,1,1,1482,825,0,671,672,0,0,0,0,0,0,0,0,0x29F00,0x00,0x00
533,0x5C4D8,0x32BDB,0xFFFFFADB,0,1,1484,819,0,671,672,0,0,0,0,0,0,0,0,0x29F00,0xDB,0x00
534,0x5C79C,0x32721,0xFFFFFB46,0,1,1487,815,0,671,672,0,0,0,0,0,0,0,0,0x29F00,0x21,0x00
535,0x5CA60,0x322D2,0xFFFFFBB1,0,1,1490,810,0,671,672,0,0,0,0,0,0,0,0,0x29F00,0xD2,0x00
536,0x5CD24,0x31EEE,0xFFFFFC1C,0,1,1493,806,0,671,672,0,0,0,0,0,0,0,0,0x29F00,0xEE,0x00
537,0x5CFE8,0x31B75,0xFFFFFC87,0,1,1495,803,0,671,672,0,0,0,0,0,0,0,0,0x29F00,0x75,0x00
538,0x5D2AC,0x31867,0xFFFFFCF2,0,1,1498,800,0,671,672,0,0,0,0,0,0,0,0,0x29F00,0x67,0x00
539,0x5D570,0x315C4,0xFFFFFD5D,0,1,1501,797,0,671,672,0,0,0,0,0,0,0,0,0x29F00,0xC4,0x00
540,0x5D834,0x3138C,0xFFFFFDC8,0,1,1504,795,0,671,672,0,0,0,0,0,0,0,0,0x29F00,0x8C,0x00
541,0x5DAF8,0x311BF,0xFFFFFE33,0,1,1506,793,0,671,672,0,0,0,0,0,0,0,0,0x29F00,0xBF,0x00
542,0x5DDBC,0x3105D,0xFFFFFE9E,0,1,1509,792,0,671,672,0,0,0,0,0,0,0,0,0x29F00,0x5D,0x00
543,0x5E080,0x30F66,0xFFFFFF09,0,1,1512,791,0,671,672,0,0,0,0,0,0,0,0,0x29F00,0x66,0x00
544,0x5E344,0x30EDA,0xFFFFFF74,0,1,1515,790,0,671,672,0,0,0,0,0,0,0,0,0x29F00,0xDA,0x00
545,0x5E608,0x30EB9,0xFFFFFFDF,0,1,1518,790,0,671,672,0,0,0,0,0,0,0,0,0x29F00,0xB9,0x00
546,0x5E8CC,0x30F03,0x4A,0,1,1520,791,0,671,672,0,0,0,0,0,0,0,0,0x29F00,0x03,0x00
547,0x5EB90,0x30FB8,0xB5,0,1,1523,791,0,671,672,0,0,0,0,0,0,0,0,0x29F00,0xB8,0x00
548,0x5EE54,0x310D8,0x120,0,1,1526,792,0,671,672,0,0,0,0,0,0,0,0,0x29F00,0xD8,0x00
549,0x5F118,0x31263,0x18B,0,1,1529,794,0,671,672,0,0,0,0,0,0,0,0,0x29F00,0x63,0x00
550,0x5F3DC,0x31459,0x1F6,0,1,1531,796,0,671,672,0,0,0,0,0,0,0,0,0x29F00,0x59,0x00
551,0x5F6A0,0x316BA,0x261,0,1,1534,798,0,671,672,0,0,0,0,0,0,0,0,0x29F00,0xBA,0x00
552,0x5F964,0x31986,0x2CC,0,1,1537,801,0,671,672,0,0,0,0,0,0,0,0,0x29F00,0x86,0x00
553,0x5FC28,0x31CBD,0x337,0,1,1540,804,0,671,672,0,0,0,0,0,0,0,0,0x29F00,0xBD,0x00
554,0x5FEEC,0x3205F,0x3A2,0,1,1542,808,0,671,672,0,0,0,0,0,0,0,0,0x29F00,0x5F,0x00
555,0x601B0,0x3246C,0x40D,0,1,1545,812,0,671,672,0,0,0,0,0,0,0,0,0x29F00,0x6C,0x00
556,0x60474,0x328E4,0x478,0,1,1548,816,0,671,672,0,0,0,0,0,0,0,0,0x29F00,0xE4,0x00
557,0x60738,0x32DC7,0x4E3,0,1,1551,821,0,671,672,0,0,0,0,0,0,0,0,0x29F00,0xC7,0x00
558,0x609FC,0x33315,0x54E,0,1,1553,827,0,671,672,0,0,0,0,0,0,0,0,0x29F00,0x15,0x00
559,0x60CC0,0x338CE,0x5B9,0,1,1556,832,0,671,672,0,0,0,0,0,0,0,0,0x29F00,0xCE,0x00
560,0x60F84,0x33EF2,0x624,0,1,1559,838,0,671,672,0,0,0,0,0,0,0,0,0x29F00,0xF2,0x00
561,0x61248,0x34581,0x68F,0,1,1562,845,0,671,672,0,0,0,0,0,0,0,0,0x29F00,0x81,0x00
562,0x6150C,0x34C7B,0x6FA,0,1,1565,852,0,671,672,0,0,0,0,0,0,0,0,0x29F00,0x7B,0x00
563,0x617D0,0x35100,0x0,0,1,1567,857,1,671,672,0,0,0,0,0,0,0,0,0x29F00,0x00,0x00
564,0x61A94,0x35100,0x0,0,1,1570,857,1,671,672,0,0,0,0,0,0,0,0,0x29F00,0x00,0x00
565,0x61D58,0x35100,0x0,0,1,1573,857,1,671,672,0,0,0,0,0,0,0,0,0x29F00,0x00,0x00
566,0x6201C,0x35100,0x0,0,1,1576,857,1,671,672,0,0,0,0,0,0,0,0,0x29F00,0x00,0x00
567,0x622E0,0x35100,0x0,0,1,1578,857,1,671,672,0,0,0,0,0,0,0,0,0x29F00,0x00,0x00
568,0x625A4,0x35100,0x0,0,1,1581,857,1,671,672,0,0,0,0,0,0,0,0,0x29F00,0x00,0x00
569,0x62868,0x35100,0x0,0,1,1584,857,1,671,672,0,0,0,0,0,0,0,0,0x29F00,0x00,0x00
570,0x62B2C,0x35100,0x0,0,1,1587,857,1,671,672,0,0,0,0,0,0,0,0,0x29F00,0x00,0x00
571,0x62DF0,0x35100,0x0,0,1,1589,857,1,671,672,0,0,0,0,0,0,0,0,0x29F00,0x00,0x00
572,0x630B4,0x35100,0xFFFFFA70,1,1,1592,857,0,671,672,0,0,0,0,0,0,0,0,0x29F00,0x00,0x00
573,0x63378,0x34BDB,0xFFFFFADB,0,1,1595,851,0,671,672,0,0,0,0,0,0,0,0,0x29F00,0xDB,0x00
574,0x6363C,0x34721,0xFFFFFB46,0,1,1598,847,0,671,672,0,0,0,0,0,0,0,0,0x29F00,0x21,0x00
575,0x63900,0x342D2,0xFFFFFBB1,0,1,1601,842,0,671,672,0,0,0,0,0,0,0,0,0x29F00,0xD2,0x00
576,0x63BC4,0x33EEE,0xFFFFFC1C,0,1,1603,838,0,671,672,0,0,0,0,0,0,0,0,0x29F00,0xEE,0x00
577,0x63E88,0x33B75,0xFFFFFC87,0,1,1606,835,0,671,672,0,0,0,0,0,0,0,0,0x29F00,0x75,0x00
578,0x6414C,0x33867,0xFFFFFCF2,0,1,1609,832,0,671,672,0,0,0,0,0,0,0,0,0x29F00,0x67,0x00
579,0x64410,0x335C4,0xFFFFFD5D,0,1,1612,829,0,671,672,0,0,0,0,0,0,0,0,0x29F00,0xC4,0x00
580,0x646D4,0x3338C,0xFFFFFDC8,0,1,1614,827,0,671,672,0,0,0,0,0,0,0,0,0x29F00,0x8C,0x00
581,0x64998,0x331BF,0xFFFFFE33,0,1,1617,825,0,671,672,0,0,0,0,0,0,0,0,0x29F00,0xBF,0x00
582,0x64C5C,0x3305D,0xFFFFFE9E,0,1,1620,824,0,671,672,0,0,0,0,0,0,0,0,0x29F00,0x5D,0x00
583,0x64F20,0x32F66,0xFFFFFF09,0,1,1623,823,0,671,672,0,0,0,0,0,0,0,0,0x29F00,0x66,0x00
584,0x651E4,0x32EDA,0xFFFFFF74,0,1,1625,822,0,671,672,0,0,0,0,0,0,0,0,0x29F00,0xDA,0x00
585,0x654A8,0x32EB9,0xFFFFFFDF,0,1,1628,822,0,671,672,0,0,0,0,0,0,0,0,0x29F00,0xB9,0x00
586,0x6576C,0x32F03,0x4A,0,1,1631,823,0,671,672,0,0,0,0,0,0,0,0,0x29F00,0x03,0x00
587,0x65A30,0x32FB8,0xB5,0,1,1634,823,0,671,672,0,0,0,0,0,0,0,0,0x29F00,0xB8,0x00
588,0x65CF4,0x330D8,0x120,0,1,1636,824,0,671,672,0,0,0,0,0,0,0,0,0x29F00,0xD8,0x00
589,0x65FB8,0x33263,0x18B,0,1,1639,826,0,671,672,0,0,0,0,0,0,0,0,0x29F00,0x63,0x00
590,0x6627C,0x33459,0x1F6,0,1,1642,828,0,671,672,0,0,0,0,0,0,0,0,0x29F00,0x59,0x00
591,0x66540,0x336BA,0x261,0,1,1645,830,0,671,672,0,0,0,0,0,0,0,0,0x29F00,0xBA,0x00
592,0x66804,0x33986,0x2CC,0,1,1648,833,0,671,672,0,0,0,0,0,0,0,0,0x29F00,0x86,0x00
593,0x66AC8,0x33CBD,0x337,0,1,1650,836,0,671,672,0,0,0,0,0,0,0,0,0x29F00,0xBD,0x00
594,0x66D8C,0x3405F,0x3A2,0,1,1653,840,0,671,672,0,0,0,0,0,0,0,0,0x29F00,0x5F,0x00
595,0x67050,0x3446C,0x40D,0,1,1656,844,0,671,672,0,0,0,0,0,0,0,0,0x29F00,0x6C,0x00
596,0x67314,0x348E4,0x478,0,1,1659,848,0,671,672,0,0,0,0,0,0,0,0,0x29F00,0xE4,0x00
597,0x675D8,0x34DC7,0x4E3,0,1,1661,853,0,671,672,0,0,0,0,0,0,0,0,0x29F00,0xC7,0x00
598,0x6789C,0x35100,0x0,0,1,1664,857,1,671,672,0,0,0,0,0,0,0,0,0x29F00,0x00,0x00
599,0x67B60,0x35100,0x0,0,1,1667,857,1,671,672,0,0,0,0,0,0,0,0,0x29F00,0x00,0x00
600,0x67E24,0x35100,0x0,0,1,1670,857,1,671,672,0,0,0,0,0,0,0,0,0x29F00,0x00,0x00
601,0x680E8,0x35100,0x0,0,1,1672,857,1,671,672,0,0,0,0,0,0,0,0,0x29F00,0x00,0x00
602,0x683AC,0x35100,0x0,0,1,1675,857,1,671,672,0,0,0,0,0,0,0,0,0x29F00,0x00,0x00
603,0x68670,0x35100,0x0,0,1,1678,857,1,671,672,0,0,0,0,0,0,0,0,0x29F00,0x00,0x00
604,0x68934,0x35100,0xFFFFFA70,1,1,1681,857,0,671,672,0,0,0,0,0,0,0,0,0x29F00,0x00,0x00
605,0x68BF8,0x34BDB,0xFFFFFADB,0,1,1683,851,0,671,672,0,0,0,0,0,0,0,0,0x29F00,0xDB,0x00
606,0x68EBC,0x34721,0xFFFFFB46,0,1,1686,847,0,671,672,0,0,0,0,0,0,0,0,0x29F00,0x21,0x00
607,0x69180,0x342D2,0xFFFFFBB1,0,1,1689,842,0,671,672,0,0,0,0,0,0,0,0,0x29F00,0xD2,0x00
608,0x69444,0x33EEE,0xFFFFFC1C,0,1,1692,838,0,671,672,0,0,0,0,0,0,0,0,0x29F00,0xEE,0x00
609,0x69708,0x33B75,0xFFFFFC87,0,1,1695,835,0,671,672,0,0,0,0,0,0,0,0,0x29F00,0x75,0x00
610,0x699CC,0x33867,0xFFFFFCF2,0,1,1697,832,0,671,672,0,0,0,0,0,0,0,0,0x29F00,0x67,0x00
611,0x69C90,0x335C4,0xFFFFFD5D,0,1,1700,829,0,671,672,0,0,0,0,0,0,0,0,0x29F00,0xC4,0x00
612,0x69F54,0x3338C,0xFFFFFDC8,0,1,1703,827,0,671,672,0,0,0,0,0,0,0,0,0x29F00,0x8C,0x00
613,0x6A218,0x331BF,0xFFFFFE33,0,1,1706,825,0,671,672,0,0,0,0,0,0,0,0,0x29F00,0xBF,0x00
614,0x6A4DC,0x3305D,0xFFFFFE9E,0,1,1708,824,0,671,672,0,0,0,0,0,0,0,0,0x29F00,0x5D,0x00
615,0x6A7A0,0x32F66,0xFFFFFF09,0,1,1711,823,0,671,672,0,0,0,0,0,0,0,0,0x29F00,0x66,0x00
616,0x6AA64,0x32EDA,0xFFFFFF74,0,1,1714,822,0,671,672,0,0,0,0,0,0,0,0,0x29F00,0xDA,0x00
617,0x6AD28,0x32EB9,0xFFFFFFDF,0,1,1717,822,0,671,672,0,0,0,0,0,0,0,0,0x29F00,0xB9,0x00
618,0x6AFEC,0x32F03,0x4A,0,1,1719,823,0,671,672,0,0,0,0,0,0,0,0,0x29F00,0x03,0x00
619,0x6B2B0,0x32FB8,0xB5,0,1,1722,823,0,671,672,0,0,0,0,0,0,0,0,0x29F00,0xB8,0x00
620,0x6B574,0x330D8,0x120,0,1,1725,824,0,671,672,0,0,0,0,0,0,0,0,0x29F00,0xD8,0x00
621,0x6B838,0x33100,0x0,0,1,1728,825,1,671,672,0,0,0,0,0,0,0,0,0x29F00,0x00,0x00
622,0x6BAFC,0x33100,0x0,0,1,1730,825,1,671,672,0,0,0,0,0,0,0,0,0x29F00,0x00,0x00
623,0x6BDC0,0x33100,0x0,0,1,1733,825,1,671,672,0,0,0,0,0,0,0,0,0x29F00,0x00,0x00
624,0x6C084,0x33100,0x0,0,1,1736,825,1,671,672,0,0,0,0,0,0,0,0,0x29F00,0x00,0x00
625,0x6C348,0x33100,0x0,0,1,1739,825,1,671,672,0,0,0,0,0,0,0,0,0x29F00,0x00,0x00
626,0x6C60C,0x33100,0x0,0,1,1742,825,1,671,672,0,0,0,0,0,0,0,0,0x29F00,0x00,0x00
627,0x6C8D0,0x33100,0x0,0,1,1744,825,1,671,672,0,0,0,0,0,0,0,0,0x29F00,0x00,0x00
628,0x6CB94,0x33100,0x0,0,1,1747,825,1,671,672,0,0,0,0,0,0,0,0,0x29F00,0x00,0x00
629,0x6CE58,0x33100,0x0,0,1,1750,825,1,671,672,0,0,0,0,0,0,0,0,0x29F00,0x00,0x00
630,0x6D11C,0x33100,0x0,0,1,1753,825,0,671,672,0,0,0,0,0,0,0,0,0x29F00,0x00,0x00
631,0x6D3E0,0x3316B,0x6B,0,1,1755,825,0,671,672,0,0,0,0,0,0,0,0,0x29F00,0x6B,0x00
632,0x6D6A4,0x33241,0xD6,0,1,1758,826,0,671,672,0,0,0,0,0,0,0,0,0x29F00,0x41,0x00
633,0x6D968,0x33382,0x141,0,1,1761,827,0,671,672,0,0,0,0,0,0,0,0,0x29F00,0x82,0x00
634,0x6DC2C,0x3352E,0x1AC,0,1,1764,829,0,671,672,0,0,0,0,0,0,0,0,0x29F00,0x2E,0x00
635,0x6DEF0,0x33745,0x217,0,1,1766,831,0,671,672,0,0,0,0,0,0,0,0,0x29F00,0x45,0x00
636,0x6E1B4,0x339C7,0x282,0,1,1769,833,0,671,672,0,0,0,0,0,0,0,0,0x29F00,0xC7,0x00
637,0x6E478,0x33CB4,0x2ED,0,1,1772,836,0,671,672,0,0,0,0,0,0,0,0,0x29F00,0xB4,0x00
638,0x6E73C,0x3400C,0x358,0,1,1775,840,0,671,672,0,0,0,0,0,0,0,0,0x29F00,0x0C,0x00
639,0x6EA00,0x34100,0x0,0,1,1778,841,1,671,672,0,0,0,0,0,0,0,0,0x29F00,0x00,0x00
640,0x6ECC4,0x34100,0x0,0,1,1780,841,1,671,672,0,0,0,0,0,0,0,0,0x29F00,0x00,0x00
641,0x6EF88,0x34100,0x0,0,1,1783,841,1,671,672,0,0,0,0,0,0,0,0,0x29F00,0x00,0x00
642,0x6F24C,0x34100,0x0,0,1,1786,841,1,671,672,0,0,0,0,0,0,0,0,0x29F00,0x00,0x00
643,0x6F510,0x34100,0x0,0,1,1789,841,1,671,672,0,0,0,0,0,0,0,0,0x29F00,0x00,0x00
644,0x6F7D4,0x34100,0x0,0,1,1791,841,1,671,672,0,0,0,0,0,0,0,0,0x29F00,0x00,0x00
645,0x6FA98,0x34100,0x0,0,1,1794,841,1,671,672,0,0,0,0,0,0,0,0,0x29F00,0x00,0x00
646,0x6FD5C,0x34100,0x0,0,1,1797,841,1,671,672,0,0,0,0,0,0,0,0,0x29F00,0x00,0x00
647,0x70020,0x34100,0xFFFFFA70,1,1,1800,841,0,671,672,0,0,0,0,0,0,0,0,0x29F00,0x00,0x00
648,0x702E4,0x33BDB,0xFFFFFADB,0,1,1802,835,0,671,672,0,0,0,0,0,0,0,0,0x29F00,0xDB,0x00
649,0x705A8,0x33721,0xFFFFFB46,0,1,1805,831,0,671,672,0,0,0,0,0,0,0,0,0x29F00,0x21,0x00
650,0x7086C,0x332D2,0xFFFFFBB1,0,1,1808,826,0,671,672,0,0,0,0,0,0,0,0,0x29F00,0xD2,0x00
651,0x70B30,0x32EEE,0xFFFFFC1C,0,1,1811,822,0,671,672,0,0,0,0,0,0,0,0,0x29F00,0xEE,0x00
652,0x70DF4,0x32B75,0xFFFFFC87,0,1,1813,819,0,671,672,0,0,0,0,0,0,0,0,0x29F00,0x75,0x00
653,0x710B8,0x32867,0xFFFFFCF2,0,1,1816,816,0,671,672,0,0,0,0,0,0,0,0,0x29F00,0x67,0x00
654,0x7137C,0x325C4,0xFFFFFD5D,0,1,1819,813,0,671,672,0,0,0,0,0,0,0,0,0x29F00,0xC4,0x00
655,0x71640,0x3238C,0xFFFFFDC8,0,1,1822,811,0,671,672,0,0,0,0,0,0,0,0,0x29F00,0x8C,0x00
656,0x71904,0x321BF,0xFFFFFE33,0,1,1825,809,0,671,672,0,0,0,0,0,0,0,0,0x29F00,0xBF,0x00
657,0x71BC8,0x3205D,0xFFFFFE9E,0,1,1827,808,0,671,672,0,0,0,0,0,0,0,0,0x29F00,0x5D,0x00
658,0x71E8C,0x31F66,0xFFFFFF09,0,1,1830,807,0,671,672,0,0,0,0,0,0,0,0,0x29F00,0x66,0x00
659,0x72150,0x31EDA,0xFFFFFF74,0,1,1833,806,0,671,672,0,0,0,0,0,0,0,0,0x29F00,0xDA,0x00
660,0x72414,0x31EB9,0xFFFFFFDF,0,1,1836,806,0,671,672,0,0,0,0,0,0,0,0,0x29F00,0xB9,0x00
661,0x726D8,0x31F03,0x4A,0,1,1838,807,0,671,672,0,0,0,0,0,0,0,0,0x29F00,0x03,0x00
662,0x7299C,0x31FB8,0xB5,0,1,1841,807,0,671,672,0,0,0,0,0,0,0,0,0x29F00,0xB8,0x00
663,0x72C60,0x320D8,0x120,0,1,1844,808,0,671,672,0,0,0,0,0,0,0,0,0x29F00,0xD8,0x00
664,0x72F24,0x32263,0x18B,0,1,1847,810,0,671,672,0,0,0,0,0,0,0,0,0x29F00,0x63,0x00
665,0x731E8,0x32459,0x1F6,0,1,1849,812,0,671,672,0,0,0,0,0,0,0,0,0x29F00,0x59,0x00
666,0x734AC,0x326BA,0x261,0,1,1852,814,0,671,672,0,0,0,0,0,0,0,0,0x29F00,0xBA,0x00
667,0x73770,0x32986,0x2CC,0,1,1855,817,0,671,672,0,0,0,0,0,0,0,0,0x29F00,0x86,0x00
668,0x73A34,0x32CBD,0x337,0,1,1858,820,0,671,672,0,0,0,0,0,0,0,0,0x29F00,0xBD,0x00
669,0x73CF8,0x3305F,0x3A2,0,1,1860,824,0,671,672,0,0,0,0,0,0,0,0,0x29F00,0x5F,0x00
670,0x73FBC,0x3346C,0x40D,0,1,1863,828,0,671,672,0,0,0,0,0,0,0,0,0x29F00,0x6C,0x00
671,0x74280,0x338E4,0x478,0,1,1866,832,0,671,672,0,0,0,0,0,0,0,0,0x29F00,0xE4,0x00
672,0x74544,0x33DC7,0x4E3,0,1,1869,837,0,671,672,0,0,0,0,0,0,0,0,0x29F00,0xC7,0x00
673,0x74808,0x34100,0x0,0,1,1872,841,1,671,672,0,0,0,0,0,0,0,0,0x29F00,0x00,0x00
674,0x74ACC,0x34100,0x0,0,1,1874,841,1,671,672,0,0,0,0,0,0,0,0,0x29F00,0x00,0x00
675,0x74D90,0x34100,0x0,0,1,1877,841,1,671,672,0,0,0,0,0,0,0,0,0x29F00,0x00,0x00
676,0x75054,0x34100,0x0,0,1,1880,841,1,671,672,0,0,0,0,0,0,0,0,0x29F00,0x00,0x00
677,0x75318,0x34100,0x0,0,1,1883,841,1,671,672,0,0,0,0,0,0,0,0,0x29F00,0x00,0x00
678,0x755DC,0x34100,0x0,0,1,1885,841,1,671,672,0,0,0,0,0,0,0,0,0x29F00,0x00,0x00
679,0x758A0,0x34100,0x0,0,1,1888,841,1,671,672,0,0,0,0,0,0,0,0,0x29F00,0x00,0x00
680,0x75B64,0x34100,0x0,0,1,1891,841,1,671,672,0,0,0,0,0,0,0,0,0x29F00,0x00,0x00
681,0x75E28,0x34100,0x0,0,1,1894,841,1,671,672,0,0,0,0,0,0,0,0,0x29F00,0x00,0x00
682,0x760EC,0x34100,0x0,0,1,1896,841,1,671,672,0,0,0,0,0,0,0,0,0x29F00,0x00,0x00
683,0x763B0,0x34100,0xFFFFFA70,1,1,1899,841,0,671,672,0,0,0,0,0,0,0,0,0x29F00,0x00,0x00
684,0x76674,0x33BDB,0xFFFFFADB,0,1,1902,835,0,671,672,0,0,0,0,0,0,0,0,0x29F00,0xDB,0x00
685,0x76938,0x33721,0xFFFFFB46,0,1,1905,831,0,671,672,0,0,0,0,0,0,0,0,0x29F00,0x21,0x00
686,0x76BFC,0x332D2,0xFFFFFBB1,0,1,1907,826,0,671,672,0,0,0,0,0,0,0,0,0x29F00,0xD2,0x00
687,0x76EC0,0x32EEE,0xFFFFFC1C,0,1,1910,822,0,671,672,0,0,0,0,0,0,0,0,0x29F00,0xEE,0x00
688,0x77184,0x32B75,0xFFFFFC87,0,1,1913,819,0,671,672,0,0,0,0,0,0,0,0,0x29F00,0x75,0x00
689,0x77448,0x32867,0xFFFFFCF2,0,1,1916,816,0,671,672,0,0,0,0,0,0,0,0,0x29F00,0x67,0x00
690,0x7770C,0x325C4,0xFFFFFD5D,0,1,1919,813,0,671,672,0,0,0,0,0,0,0,0,0x29F00,0xC4,0x00
691,0x779D0,0x3238C,0xFFFFFDC8,0,1,1921,811,0,671,672,0,0,0,0,0,0,0,0,0x29F00,0x8C,0x00
692,0x77C94,0x321BF,0xFFFFFE33,0,1,1924,809,0,671,672,0,0,0,0,0,0,0,0,0x29F00,0xBF,0x00
693,0x77F58,0x3205D,0xFFFFFE9E,0,1,1927,808,0,671,672,0,0,0,0,0,0,0,0,0x29F00,0x5D,0x00
694,0x7821C,0x31F66,0xFFFFFF09,0,1,1930,807,0,671,672,0,0,0,0,0,0,0,0,0x29F00,0x66,0x00
695,0x784E0,0x31EDA,0xFFFFFF74,0,1,1932,806,0,671,672,0,0,0,0,0,0,0,0,0x29F00,0xDA,0x00
696,0x787A4,0x31EB9,0xFFFFFFDF,0,1,1935,806,0,671,672,0,0,0,0,0,0,0,0,0x29F00,0xB9,0x00
697,0x78A68,0x31F03,0x4A,0,1,1938,807,0,671,672,0,0,0,0,0,0,0,0,0x29F00,0x03,0x00
698,0x78D2C,0x31FB8,0xB5,0,1,1941,807,0,671,672,0,0,0,0,0,0,0,0,0x29F00,0xB8,0x00
699,0x78FF0,0x320D8,0x120,0,1,1943,808,0,671,672,0,0,0,0,0,0,0,0,0x29F00,0xD8,0x00
700,0x792B4,0x32100,0x0,0,1,1946,809,1,671,672,0,0,0,0,0,0,0,0,0x29F00,0x00,0x00
701,0x79578,0x32100,0x0,0,1,1949,809,1,671,672,0,0,0,0,0,0,0,0,0x29F00,0x00,0x00
702,0x7983C,0x32100,0x0,0,1,1952,809,1,671,672,0,0,0,0,0,0,0,0,0x29F00,0x00,0x00
703,0x79B00,0x32100,0x0,0,1,1955,809,1,671,672,0,0,0,0,0,0,0,0,0x29F00,0x00,0x00
704,0x79DC4,0x32100,0x0,0,1,1957,809,1,671,672,0,0,0,0,0,0,0,0,0x29F00,0x00,0x00
705,0x7A088,0x32100,0x0,0,1,1960,809,1,671,672,0,0,0,0,0,0,0,0,0x29F00,0x00,0x00
706,0x7A34C,0x32100,0xFFFFFA70,1,1,1963,809,0,671,672,0,0,0,0,0,0,0,0,0x29F00,0x00,0x00
707,0x7A610,0x31BDB,0xFFFFFADB,0,1,1966,803,0,671,672,0,0,0,0,0,0,0,0,0x29F00,0xDB,0x00
708,0x7A8D4,0x31721,0xFFFFFB46,0,1,1968,799,0,671,672,0,0,0,0,0,0,0,0,0x29F00,0x21,0x00
709,0x7AB98,0x312D2,0xFFFFFBB1,0,1,1971,794,0,671,672,0,0,0,0,0,0,0,0,0x29F00,0xD2,0x00
710,0x7AE5C,0x30EEE,0xFFFFFC1C,0,1,1974,790,0,671,672,0,0,0,0,0,0,0,0,0x29F00,0xEE,0x00
711,0x7B120,0x30B75,0xFFFFFC87,0,1,1977,787,0,671,672,0,0,0,0,0,0,0,0,0x29F00,0x75,0x00
712,0x7B3E4,0x30867,0xFFFFFCF2,0,1,1979,784,0,671,672,0,0,0,0,0,0,0,0,0x29F00,0x67,0x00
713,0x7B6A8,0x305C4,0xFFFFFD5D,0,1,1982,781,0,671,672,0,0,0,0,0,0,0,0,0x29F00,0xC4,0x00
714,0x7B96C,0x3038C,0xFFFFFDC8,0,1,1985,779,0,671,672,0,0,0,0,0,0,0,0,0x29F00,0x8C,0x00
715,0x7BC30,0x301BF,0xFFFFFE33,0,1,1988,777,0,671,672,0,0,0,0,0,0,0,0,0x29F00,0xBF,0x00
716,0x7BEF4,0x3005D,0xFFFFFE9E,0,1,1990,776,0,671,672,0,0,0,0,0,0,0,0,0x29F00,0x5D,0x00
717,0x7C1B8,0x2FF66,0xFFFFFF09,0,1,1993,775,0,671,672,0,0,0,0,0,0,0,0,0x29F00,0x66,0x00
718,0x7C47C,0x2FEDA,0xFFFFFF74,0,1,1996,774,0,671,672,0,0,0,0,0,0,0,0,0x29F00,0xDA,0x00
719,0x7C740,0x2FEB9,0xFFFFFFDF,0,1,1999,774,0,671,672,0,0,0,0,0,0,0,0,0x29F00,0xB9,0x00
720,0x7CA04,0x2FF03,0x4A,0,1,2002,775,0,671,672,0,0,0,0,0,0,0,0,0x29F00,0x03,0x00
721,0x7CCC8,0x2FFB8,0xB5,0,1,2004,775,0,671,672,0,0,0,0,0,0,0,0,0x29F00,0xB8,0x00
722,0x7CF8C,0x300D8,0x120,0,1,2007,776,0,671,672,0,0,0,0,0,0,0,0,0x29F00,0xD8,0x00
723,0x7D250,0x30263,0x18B,0,1,2010,778,0,671,672,0,0,0,0,0,0,0,0,0x29F00,0x63,0x00
724,0x7D514,0x30459,0x1F6,0,1,2013,780,0,671,672,0,0,0,0,0,0,0,0,0x29F00,0x59,0x00
725,0x7D7D8,0x306BA,0x261,0,1,2015,782,0,671,672,0,0,0,0,0,0,0,0,0x29F00,0xBA,0x00
726,0x7DA9C,0x30986,0x2CC,0,1,2018,785,0,671,672,0,0,0,0,0,0,0,0,0x29F00,0x86,0x00
727,0x7DD60,0x30CBD,0x337,0,1,2021,788,0,671,672,0,0,0,0,0,0,0,0,0x29F00,0xBD,0x00
728,0x7E024,0x3105F,0x3A2,0,1,2024,792,0,671,672,0,0,0,0,0,0,0,0,0x29F00,0x5F,0x00
729,0x7E2E8,0x3146C,0x40D,0,1,2026,796,0,671,672,0,0,0,0,0,0,0,0,0x29F00,0x6C,0x00
730,0x7E5AC,0x318E4,0x478,0,1,2029,800,0,671,672,0,0,0,0,0,0,0,0,0x29F00,0xE4,0x00
731,0x7E870,0x31DC7,0x4E3,0,1,2032,805,0,671,672,0,0,0,0,0,0,0,0,0x29F00,0xC7,0x00
732,0x7EB34,0x32100,0x0,0,1,2035,809,1,671,672,0,0,0,0,0,0,0,0,0x29F00,0x00,0x00
733,0x7EDF8,0x32100,0x0,0,1,2037,809,1,671,672,0,0,0,0,0,0,0,0,0x29F00,0x00,0x00
734,0x7F0BC,0x32100,0xFFFFFA70,1,1,2040,809,0,671,672,0,0,0,0,0,0,0,0,0x29F00,0x00,0x00
735,0x7F380,0x31BDB,0xFFFFFADB,0,1,2043,803,0,671,672,0,0,0,0,0,0,0,0,0x29F00,0xDB,0x00
736,0x7F644,0x31721,0xFFFFFB46,0,1,2046,799,0,671,672,0,0,0,0,0,0,0,0,0x29F00,0x21,0x00
737,0x7F908,0x312D2,0xFFFFFBB1,0,1,2049,794,0,671,672,0,0,0,0,0,0,0,0,0x29F00,0xD2,0x00
738,0x7FBCC,0x30EEE,0xFFFFFC1C,0,1,2051,790,0,671,672,0,0,0,0,0,0,0,0,0x29F00,0xEE,0x00
739,0x7FE90,0x30B75,0xFFFFFC87,0,1,2054,787,0,671,672,0,0,0,0,0,0,0,0,0x29F00,0x75,0x00
740,0x80154,0x30867,0xFFFFFCF2,0,1,2057,784,0,671,672,0,0,0,0,0,0,0,0,0x29F00,0x67,0x00
741,0x80418,0x305C4,0xFFFFFD5D,0,1,2060,781,0,671,672,0,0,0,0,0,0,0,0,0x29F00,0xC4,0x00
742,0x806DC,0x3038C,0xFFFFFDC8,0,1,2062,779,0,671,672,0,0,0,0,0,0,0,0,0x29F00,0x8C,0x00
743,0x809A0,0x301BF,0xFFFFFE33,0,1,2065,777,0,671,672,0,0,0,0,0,0,0,0,0x29F00,0xBF,0x00
744,0x80C64,0x3005D,0xFFFFFE9E,0,1,2068,776,0,671,672,0,0,0,0,0,0,0,0,0x29F00,0x5D,0x00
745,0x80F28,0x2FF66,0xFFFFFF09,0,1,2071,775,0,671,672,0,0,0,0,0,0,0,0,0x29F00,0x66,0x00
746,0x811EC,0x2FEDA,0xFFFFFF74,0,1,2073,774,0,671,672,0,0,0,0,0,0,0,0,0x29F00,0xDA,0x00
747,0x814B0,0x2FEB9,0xFFFFFFDF,0,1,2076,774,0,671,672,0,0,0,0,0,0,0,0,0x29F00,0xB9,0x00
748,0x81774,0x2FF03,0x4A,0,1,2079,775,0,671,672,0,0,0,0,0,0,0,0,0x29F00,0x03,0x00
749,0x81A38,0x2FFB8,0xB5,0,1,2082,775,0,671,672,0,0,0,0,0,0,0,0,0x29F00,0xB8,0x00
750,0x81CFC,0x300D8,0x120,0,1,2084,776,0,671,672,0,0,0,0,0,0,0,0,0x29F00,0xD8,0x00
751,0x81FC0,0x30263,0x18B,0,1,2087,778,0,671,672,0,0,0,0,0,0,0,0,0x29F00,0x63,0x00
752,0x82284,0x30459,0x1F6,0,1,2090,780,0,671,672,0,0,0,0,0,0,0,0,0x29F00,0x59,0x00
753,0x82548,0x306BA,0x261,0,1,2093,782,0,671,672,0,0,0,0,0,0,0,0,0x29F00,0xBA,0x00
754,0x8280C,0x30986,0x2CC,0,1,2096,785,0,671,672,0,0,0,0,0,0,0,0,0x29F00,0x86,0x00
755,0x82AD0,0x30CBD,0x337,0,1,2098,788,0,671,672,0,0,0,0,0,0,0,0,0x29F00,0xBD,0x00
756,0x82D94,0x3105F,0x3A2,0,1,2101,792,0,671,672,0,0,0,0,0,0,0,0,0x29F00,0x5F,0x00
757,0x83058,0x3146C,0x40D,0,1,2104,796,0,671,672,0,0,0,0,0,0,0,0,0x29F00,0x6C,0x00
758,0x8331C,0x318E4,0x478,0,1,2107,800,0,671,672,0,0,0,0,0,0,0,0,0x29F00,0xE4,0x00
759,0x835E0,0x31DC7,0x4E3,0,1,2109,805,0,671,672,0,0,0,0,0,0,0,0,0x29F00,0xC7,0x00
760,0x838A4,0x32315,0x54E,0,1,2112,811,0,671,672,0,0,0,0,0,0,0,0,0x29F00,0x15,0x00
761,0x83B68,0x328CE,0x5B9,0,1,2115,816,0,671,672,0,0,0,0,0,0,0,0,0x29F00,0xCE,0x00
762,0x83E2C,0x32EF2,0x624,0,1,2118,822,0,671,672,0,0,0,0,0,0,0,0,0x29F00,0xF2,0x00
763,0x840F0,0x33100,0x0,0,1,2120,825,1,671,672,0,0,0,0,0,0,0,0,0x29F00,0x00,0x00
764,0x843B4,0x33100,0x0,0,1,2123,825,1,671,672,0,0,0,0,0,0,0,0,0x29F00,0x00,0x00
765,0x84678,0x33100,0x0,0,1,2126,825,1,671,672,0,0,0,0,0,0,0,0,0x29F00,0x00,0x00
766,0x8493C,0x33100,0x0,0,1,2129,825,1,671,672,0,0,0,0,0,0,0,0,0x29F00,0x00,0x00
767,0x84C00,0x33100,0x0,0,1,2132,825,1,671,672,0,0,0,0,0,0,0,0,0x29F00,0x00,0x00
768,0x84EC4,0x33100,0x0,0,1,2134,825,1,671,672,0,0,0,0,0,0,0,0,0x29F00,0x00,0x00
769,0x85188,0x33100,0x0,0,1,2137,825,1,671,672,0,0,0,0,0,0,0,0,0x29F00,0x00,0x00
770,0x8544C,0x33100,0xFFFFFA70,1,1,2140,825,0,671,672,0,0,0,0,0,0,0,0,0x29F00,0x00,0x00
771,0x85710,0x32BDB,0xFFFFFADB,0,1,2143,819,0,671,672,0,0,0,0,0,0,0,0,0x29F00,0xDB,0x00
772,0x859D4,0x32721,0xFFFFFB46,0,1,2145,815,0,671,672,0,0,0,0,0,0,0,0,0x29F00,0x21,0x00
773,0x85C98,0x322D2,0xFFFFFBB1,0,1,2148,810,0,671,672,0,0,0,0,0,0,0,0,0x29F00,0xD2,0x00
774,0x85F5C,0x31EEE,0xFFFFFC1C,0,1,2151,806,0,671,672,0,0,0,0,0,0,0,0,0x29F00,0xEE,0x00
775,0x86220,0x31B75,0xFFFFFC87,0,1,2154,803,0,671,672,0,0,0,0,0,0,0,0,0x29F00,0x75,0x00
776,0x864E4,0x31867,0xFFFFFCF2,0,1,2156,800,0,671,672,0,0,0,0,0,0,0,0,0x29F00,0x67,0x00
777,0x867A8,0x315C4,0xFFFFFD5D,0,1,2159,797,0,671,672,0,0,0,0,0,0,0,0,0x29F00,0xC4,0x00
778,0x86A6C,0x3138C,0xFFFFFDC8,0,1,2162,795,0,671,672,0,0,0,0,0,0,0,0,0x29F00,0x8C,0x00
779,0x86D30,0x311BF,0xFFFFFE33,0,1,2165,793,0,671,672,0,0,0,0,0,0,0,0,0x29F00,0xBF,0x00
780,0x86FF4,0x3105D,0xFFFFFE9E,0,1,2167,792,0,671,672,0,0,0,0,0,0,0,0,0x29F00,0x5D,0x00
781,0x872B8,0x30F66,0xFFFFFF09,0,1,2170,791,0,671,672,0,0,0,0,0,0,0,0,0x29F00,0x66,0x00
782,0x8757C,0x30EDA,0xFFFFFF74,0,1,2173,790,0,671,672,0,0,0,0,0,0,0,0,0x29F00,0xDA,0x00
783,0x87840,0x30EB9,0xFFFFFFDF,0,1,2176,790,0,671,672,0,0,0,0,0,0,0,0,0x29F00,0xB9,0x00
784,0x87B04,0x30F03,0x4A,0,1,2179,791,0,671,672,0,0,0,0,0,0,0,0,0x29F00,0x03,0x00
785,0x87DC8,0x30FB8,0xB5,0,1,2181,791,0,671,672,0,0,0,0,0,0,0,0,0x29F00,0xB8,0x00
786,0x8808C,0x310D8,0x120,0,1,2184,792,0,671,672,0,0,0,0,0,0,0,0,0x29F00,0xD8,0x00
787,0x88350,0x31100,0x0,0,1,2187,793,1,671,672,0,0,0,0,0,0,0,0,0x29F00,0x00,0x00
788,0x88614,0x31100,0x0,0,1,2190,793,1,671,672,0,0,0,0,0,0,0,0,0x29F00,0x00,0x00
789,0x888D8,0x31100,0x0,0,1,2192,793,1,671,672,0,0,0,0,0,0,0,0,0x29F00,0x00,0x00
790,0x88B9C,0x31100,0x0,0,1,2195,793,1,671,672,0,0,0,0,0,0,0,0,0x29F00,0x00,0x00
791,0x88E60,0x31100,0x0,0,1,2198,793,1,671,672,0,0,0,0,0,0,0,0,0x29F00,0x00,0x00
792,0x89124,0x31100,0x0,0,1,2201,793,0,671,672,0,0,0,0,0,0,0,0,0x29F00,0x00,0x00
793,0x893E8,0x3116B,0x6B,0,1,2203,793,0,671,672,0,0,0,0,0,0,0,0,0x29F00,0x6B,0x00
794,0x896AC,0x31241,0xD6,0,1,2206,794,0,671,672,0,0,0,0,0,0,0,0,0x29F00,0x41,0x00
795,0x89970,0x31382,0x141,0,1,2209,795,0,671,672,0,0,0,0,0,0,0,0,0x29F00,0x82,0x00
796,0x89C34,0x3152E,0x1AC,0,1,2212,797,0,671,672,0,0,0,0,0,0,0,0,0x29F00,0x2E,0x00
797,0x89EF8,0x31745,0x217,0,1,2214,799,0,671,672,0,0,0,0,0,0,0,0,0x29F00,0x45,0x00
798,0x8A1BC,0x319C7,0x282,0,1,2217,801,0,671,672,0,0,0,0,0,0,0,0,0x29F00,0xC7,0x00
799,0x8A480,0x31CB4,0x2ED,0,1,2220,804,0,671,672,0,0,0,0,0,0,0,0,0x29F00,0xB4,0x00
800,0x8A744,0x3200C,0x358,0,1,2223,808,0,671,672,0,0,0,0,0,0,0,0,0x29F00,0x0C,0x00
801,0x8AA08,0x32100,0x0,0,1,2226,809,1,671,672,0,0,0,0,0,0,0,0,0x29F00,0x00,0x00
802,0x8ACCC,0x32100,0x0,0,1,2228,809,1,671,672,0,0,0,0,0,0,0,0,0x29F00,0x00,0x00
803,0x8AF90,0x32100,0x0,0,1,2231,809,0,671,672,0,0,0,0,0,0,0,0,0x29F00,0x00,0x00
804,0x8B254,0x32100,0x0,0,1,2234,809,0,671,672,0,0,0,0,0,0,0,0,0x29F00,0x00,0x00
805,0x8B518,0x3216B,0x6B,0,1,2237,809,0,671,672,0,0,0,0,0,0,0,0,0x29F00,0x6B,0x00
806,0x8B7DC,0x32241,0xD6,0,1,2239,810,0,671,672,0,0,0,0,0,0,0,0,0x29F00,0x41,0x00
807,0x8BAA0,0x32382,0x141,0,1,2242,811,0,671,672,0,0,0,0,0,0,0,0,0x29F00,0x82,0x00
808,0x8BD64,0x3252E,0x1AC,0,1,2245,813,0,671,672,0,0,0,0,0,0,0,0,0x29F00,0x2E,0x00
809,0x8C028,0x32745,0x217,0,1,2248,815,0,671,672,0,0,0,0,0,0,0,0,0x29F00,0x45,0x00
810,0x8C2EC,0x329C7,0x282,0,1,2250,817,0,671,672,0,0,0,0,0,0,0,0,0x29F00,0xC7,0x00
811,0x8C5B0,0x32CB4,0x2ED,0,1,2253,820,0,671,672,0,0,0,0,0,0,0,0,0x29F00,0xB4,0x00
812,0x8C874,0x3300C,0x358,0,1,2256,824,0,671,672,0,0,0,0,0,0,0,0,0x29F00,0x0C,0x00
813,0x8CB38,0x33100,0x0,0,1,2259,825,1,671,672,0,0,0,0,0,0,0,0,0x29F00,0x00,0x00
814,0x8CDFC,0x33100,0x0,0,1,2261,825,1,671,672,0,0,0,0,0,0,0,0,0x29F00,0x00,0x00
815,0x8D0C0,0x33100,0x0,0,1,2264,825,1,671,672,0,0,0,0,0,0,0,0,0x29F00,0x00,0x00
816,0x8D384,0x33100,0xFFFFFA70,1,1,2267,825,0,671,672,0,0,0,0,0,0,0,0,0x29F00,0x00,0x00
817,0x8D648,0x32BDB,0xFFFFFADB,0,1,2270,819,0,671,672,0,0,0,0,0,0,0,0,0x29F00,0xDB,0x00
818,0x8D90C,0x32721,0xFFFFFB46,0,1,2273,815,0,671,672,0,0,0,0,0,0,0,0,0x29F00,0x21,0x00
819,0x8DBD0,0x322D2,0xFFFFFBB1,0,1,2275,810,0,671,672,0,0,0,0,0,0,0,0,0x29F00,0xD2,0x00
820,0x8DE94,0x31EEE,0xFFFFFC1C,0,1,2278,806,0,671,672,0,0,0,0,0,0,0,0,0x29F00,0xEE,0x00
821,0x8E158,0x31B75,0xFFFFFC87,0,1,2281,803,0,671,672,0,0,0,0,0,0,0,0,0x29F00,0x75,0x00
822,0x8E41C,0x31867,0xFFFFFCF2,0,1,2284,800,0,671,672,0,0,0,0,0,0,0,0,0x29F00,0x67,0x00
823,0x8E6E0,0x315C4,0xFFFFFD5D,0,1,2286,797,0,671,672,0,0,0,0,0,0,0,0,0x29F00,0xC4,0x00
824,0x8E9A4,0x3138C,0xFFFFFDC8,0,1,2289,795,0,671,672,0,0,0,0,0,0,0,0,0x29F00,0x8C,0x00
825,0x8EC68,0x311BF,0xFFFFFE33,0,1,2292,793,0,671,672,0,0,0,0,0,0,0,0,0x29F00,0xBF,0x00
826,0x8EF2C,0x3105D,0xFFFFFE9E,0,1,2295,792,0,671,672,0,0,0,0,0,0,0,0,0x29F00,0x5D,0x00
827,0x8F1F0,0x30F66,0xFFFFFF09,0,1,2297,791,0,671,672,0,0,0,0,0,0,0,0,0x29F00,0x66,0x00
828,0x8F4B4,0x30EDA,0xFFFFFF74,0,1,2300,790,0,671,672,0,0,0,0,0,0,0,0,0x29F00,0xDA,0x00
829,0x8F778,0x30EB9,0xFFFFFFDF,0,1,2303,790,0,671,672,0,0,0,0,0,0,0,0,0x29F00,0xB9,0x00
830,0x8FA3C,0x30F03,0x4A,0,1,2306,791,0,671,672,0,0,0,0,0,0,0,0,0x29F00,0x03,0x00
831,0x8FD00,0x30FB8,0xB5,0,1,2309,791,0,671,672,0,0,0,0,0,0,0,0,0x29F00,0xB8,0x00
832,0x8FFC4,0x310D8,0x120,0,1,2311,792,0,671,672,0,0,0,0,0,0,0,0,0x29F00,0xD8,0x00
833,0x90288,0x31100,0x0,0,1,2314,793,0,671,672,0,0,0,0,0,0,0,0,0x29F00,0x00,0x00
834,0x9054C,0x3116B,0x6B,0,1,2317,793,0,671,672,0,0,0,0,0,0,0,0,0x29F00,0x6B,0x00
835,0x90810,0x31241,0xD6,0,1,2320,794,0,671,672,0,0,0,0,0,0,0,0,0x29F00,0x41,0x00
836,0x90AD4,0x31382,0x141,0,1,2322,795,0,671,672,0,0,0,0,0,0,0,0,0x29F00,0x82,0x00
837,0x90D98,0x3152E,0x1AC,0,1,2325,797,0,671,672,0,0,0,0,0,0,0,0,0x29F00,0x2E,0x00
838,0x9105C,0x31745,0x217,0,1,2328,799,0,671,672,0,0,0,0,0,0,0,0,0x29F00,0x45,0x00
839,0x91320,0x319C7,0x282,0,1,2331,801,0,671,672,0,0,0,0,0,0,0,0,0x29F00,0xC7,0x00
840,0x915E4,0x31CB4,0x2ED,0,1,2333,804,0,671,672,0,0,0,0,0,0,0,0,0x29F00,0xB4,0x00
841,0x918A8,0x3200C,0x358,0,1,2336,808,0,671,672,0,0,0,0,0,0,0,0,0x29F00,0x0C,0x00
842,0x91B6C,0x32100,0x0,0,1,2339,809,1,671,672,0,0,0,0,0,0,0,0,0x29F00,0x00,0x00
843,0x91E30,0x32100,0x0,0,1,2342,809,1,671,672,0,0,0,0,0,0,0,0,0x29F00,0x00,0x00
844,0x920F4,0x32100,0x0,0,1,2344,809,0,671,672,0,0,0,0,0,0,0,0,0x29F00,0x00,0x00
845,0x923B8,0x3216B,0x6B,0,1,2347,809,0,671,672,0,0,0,0,0,0,0,0,0x29F00,0x6B,0x00
846,0x9267C,0x32241,0xD6,0,1,2350,810,0,671,672,0,0,0,0,0,0,0,0,0x29F00,0x41,0x00
847,0x92940,0x32382,0x141,0,1,2353,811,0,671,672,0,0,0,0,0,0,0,0,0x29F00,0x82,0x00
848,0x92C04,0x3252E,0x1AC,0,1,2356,813,0,671,672,0,0,0,0,0,0,0,0,0x29F00,0x2E,0x00
849,0x92EC8,0x32745,0x217,0,1,2358,815,0,671,672,0,0,0,0,0,0,0,0,0x29F00,0x45,0x00
850,0x9318C,0x329C7,0x282,0,1,2361,817,0,671,672,0,0,0,0,0,0,0,0,0x29F00,0xC7,0x00
851,0x93450,0x32CB4,0x2ED,0,1,2364,820,0,671,672,0,0,0,0,0,0,0,0,0x29F00,0xB4,0x00
852,0x93714,0x3300C,0x358,0,1,2367,824,0,671,672,0,0,0,0,0,0,0,0,0x29F00,0x0C,0x00
853,0x939D8,0x33100,0x0,0,1,2369,825,1,671,672,0,0,0,0,0,0,0,0,0x29F00,0x00,0x00
854,0x93C9C,0x33100,0x0,0,1,2372,825,1,671,672,0,0,0,0,0,0,0,0,0x29F00,0x00,0x00
855,0x93F60,0x33100,0x0,0,1,2375,825,1,671,672,0,0,0,0,0,0,0,0,0x29F00,0x00,0x00
856,0x94224,0x33100,0x0,0,1,2378,825,1,671,672,0,0,0,0,0,0,0,0,0x29F00,0x00,0x00
857,0x944E8,0x33100,0x0,0,1,2380,825,1,671,672,0,0,0,0,0,0,0,0,0x29F00,0x00,0x00
858,0x947AC,0x33100,0x0,0,1,2383,825,1,671,672,0,0,0,0,0,0,0,0,0x29F00,0x00,0x00
859,0x94A70,0x33100,0x0,0,1,2386,825,1,671,672,0,0,0,0,0,0,0,0,0x29F00,0x00,0x00
860,0x94D34,0x33100,0x0,0,1,2389,825,1,671,672,0,0,0,0,0,0,0,0,0x29F00,0x00,0x00
861,0x94FF8,0x33100,0x0,0,1,2391,825,1,671,672,0,0,0,0,0,0,0,0,0x29F00,0x00,0x00
862,0x952BC,0x33100,0x0,0,1,2394,825,1,671,672,0,0,0,0,0,0,0,0,0x29F00,0x00,0x00
863,0x95580,0x33100,0x0,0,1,2397,825,1,671,672,0,0,0,0,0,0,0,0,0x29F00,0x00,0x00
864,0x95844,0x33100,0x0,0,1,2400,825,1,671,672,0,0,0,0,0,0,0,0,0x29F00,0x00,0x00
865,0x95B08,0x33100,0x0,0,1,2403,825,1,671,672,0,0,0,0,0,0,0,0,0x29F00,0x00,0x00
866,0x95DCC,0x33100,0x0,0,1,2405,825,1,671,672,0,0,0,0,0,0,0,0,0x29F00,0x00,0x00
867,0x96090,0x33100,0xFFFFFA70,1,1,2408,825,0,671,672,0,0,0,0,0,0,0,0,0x29F00,0x00,0x00
868,0x96354,0x32BDB,0xFFFFFADB,0,1,2411,819,0,671,672,0,0,0,0,0,0,0,0,0x29F00,0xDB,0x00
869,0x96618,0x32721,0xFFFFFB46,0,1,2414,815,0,671,672,0,0,0,0,0,0,0,0,0x29F00,0x21,0x00
870,0x968DC,0x322D2,0xFFFFFBB1,0,1,2416,810,0,671,672,0,0,0,0,0,0,0,0,0x29F00,0xD2,0x00
871,0x96BA0,0x31EEE,0xFFFFFC1C,0,1,2419,806,0,671,672,0,0,0,0,0,0,0,0,0x29F00,0xEE,0x00
872,0x96E64,0x31B75,0xFFFFFC87,0,1,2422,803,0,671,672,0,0,0,0,0,0,0,0,0x29F00,0x75,0x00
873,0x97128,0x31867,0xFFFFFCF2,0,1,2425,800,0,671,672,0,0,0,0,0,0,0,0,0x29F00,0x67,0x00
874,0x973EC,0x315C4,0xFFFFFD5D,0,1,2427,797,0,671,672,0,0,0,0,0,0,0,0,0x29F00,0xC4,0x00
875,0x976B0,0x3138C,0xFFFFFDC8,0,1,2430,795,0,671,672,0,0,0,0,0,0,0,0,0x29F00,0x8C,0x00
876,0x97974,0x311BF,0xFFFFFE33,0,1,2433,793,0,671,672,0,0,0,0,0,0,0,0,0x29F00,0xBF,0x00
877,0x97C38,0x3105D,0xFFFFFE9E,0,1,2436,792,0,671,672,0,0,0,0,0,0,0,0,0x29F00,0x5D,0x00
878,0x97EFC,0x30F66,0xFFFFFF09,0,1,2438,791,0,671,672,0,0,0,0,0,0,0,0,0x29F00,0x66,0x00
879,0x981C0,0x30EDA,0xFFFFFF74,0,1,2441,790,0,671,672,0,0,0,0,0,0,0,0,0x29F00,0xDA,0x00
880,0x98484,0x30EB9,0xFFFFFFDF,0,1,2444,790,0,671,672,0,0,0,0,0,0,0,0,0x29F00,0xB9,0x00
881,0x98748,0x30F03,0x4A,0,1,2447,791,0,671,672,0,0,0,0,0,0,0,0,0x29F00,0x03,0x00
882,0x98A0C,0x30FB8,0xB5,0,1,2450,791,0,671,672,0,0,0,0,0,0,0,0,0x29F00,0xB8,0x00
883,0x98CD0,0x310D8,0x120,0,1,2452,792,0,671,672,0,0,0,0,0,0,0,0,0x29F00,0xD8,0x00
884,0x98F94,0x31100,0x0,0,1,2455,793,1,671,672,0,0,0,0,0,0,0,0,0x29F00,0x00,0x00
885,0x99258,0x31100,0x0,0,1,2458,793,1,671,672,0,0,0,0,0,0,0,0,0x29F00,0x00,0x00
886,0x9951C,0x31100,0x0,0,1,2461,793,1,671,672,0,0,0,0,0,0,0,0,0x29F00,0x00,0x00
887,0x997E0,0x31100,0x0,0,1,2463,793,1,671,672,0,0,0,0,0,0,0,0,0x29F00,0x00,0x00
888,0x99AA4,0x31100,0x0,0,1,2466,793,1,671,672,0,0,0,0,0,0,0,0,0x29F00,0x00,0x00
889,0x99D68,0x31100,0xFFFFFA70,1,1,2469,793,0,671,672,0,0,0,0,0,0,0,0,0x29F00,0x00,0x00
890,0x9A02C,0x30BDB,0xFFFFFADB,0,1,2472,787,0,671,672,0,0,0,0,0,0,0,0,0x29F00,0xDB,0x00
891,0x9A2F0,0x30721,0xFFFFFB46,0,1,2474,783,0,671,672,0,0,0,0,0,0,0,0,0x29F00,0x21,0x00
892,0x9A5B4,0x302D2,0xFFFFFBB1,0,1,2477,778,0,671,672,0,0,0,0,0,0,0,0,0x29F00,0xD2,0x00
893,0x9A878,0x2FEEE,0xFFFFFC1C,0,1,2480,774,0,671,672,0,0,0,0,0,0,0,0,0x29F00,0xEE,0x00
894,0x9AB3C,0x2FB75,0xFFFFFC87,0,1,2483,771,0,671,672,0,0,0,0,0,0,0,0,0x29F00,0x75,0x00
895,0x9AE00,0x2F867,0xFFFFFCF2,0,1,2486,768,0,671,672,0,0,0,0,0,0,0,0,0x29F00,0x67,0x00
896,0x9B0C4,0x2F5C4,0xFFFFFD5D,0,1,2488,765,0,671,672,0,0,0,0,0,0,0,0,0x29F00,0xC4,0x00
897,0x9B388,0x2F38C,0xFFFFFDC8,0,1,2491,763,0,671,672,0,0,0,0,0,0,0,0,0x29F00,0x8C,0x00
898,0x9B64C,0x2F1BF,0xFFFFFE33,0,1,2494,761,0,671,672,0,0,0,0,0,0,0,0,0x29F00,0xBF,0x00
899,0x9B910,0x2F05D,0xFFFFFE9E,0,1,2497,760,0,671,672,0,0,0,0,0,0,0,0,0x29F00,0x5D,0x00
900,0x9BBD4,0x2EF66,0xFFFFFF09,0,1,2499,759,0,671,672,0,0,0,0,0,0,0,0,0x29F00,0x66,0x00
901,0x9BE98,0x2EEDA,0xFFFFFF74,0,1,2502,758,0,671,672,0,0,0,0,0,0,0,0,0x29F00,0xDA,0x00
902,0x9C15C,0x2EEB9,0xFFFFFFDF,0,1,2505,758,0,671,672,0,0,0,0,0,0,0,0,0x29F00,0xB9,0x00
903,0x9C420,0x2EF03,0x4A,0,1,2508,759,0,671,672,0,0,0,0,0,0,0,0,0x29F00,0x03,0x00
904,0x9C6E4,0x2EFB8,0xB5,0,1,2510,759,0,671,672,0,0,0,0,0,0,0,0,0x29F00,0xB8,0x00
905,0x9C9A8,0x2F0D8,0x120,0,1,2513,760,0,671,672,0,0,0,0,0,0,0,0,0x29F00,0xD8,0x00
906,0x9CC6C,0x2F100,0xFFFFFA70,1,1,2516,761,0,671,672,0,0,0,0,0,0,0,0,0x29F00,0x00,0x00
907,0x9CF30,0x2EBDB,0xFFFFFADB,0,1,2519,755,0,671,672,0,0,0,0,0,0,0,0,0x29F00,0xDB,0x00
908,0x9D1F4,0x2E721,0xFFFFFB46,0,1,2521,751,0,671,672,0,0,0,0,0,0,0,0,0x29F00,0x21,0x00
909,0x9D4B8,0x2E2D2,0xFFFFFBB1,0,1,2524,746,0,671,672,0,0,0,0,0,0,0,0,0x29F00,0xD2,0x00
910,0x9D77C,0x2DEEE,0xFFFFFC1C,0,1,2527,742,0,670,672,0,0,0,0,0,0,0,0,0x29EEE,0xEE,0xEE
911,0x9DA40,0x2DB75,0xFFFFFC87,0,1,2530,739,0,667,672,0,0,0,0,0,0,0,0,0x29B75,0x75,0x75
912,0x9DD04,0x2D867,0xFFFFFCF2,0,1,2533,736,0,664,672,0,0,0,0,0,0,0,0,0x29867,0x67,0x67
913,0x9DFC8,0x2D5C4,0xFFFFFD5D,0,1,2535,733,0,661,672,0,0,0,0,0,0,0,0,0x295C4,0xC4,0xC4
914,0x9E28C,0x2D38C,0xFFFFFDC8,0,1,2538,731,0,659,672,0,0,0,0,0,0,0,0,0x2938C,0x8C,0x8C
915,0x9E550,0x2D1BF,0xFFFFFE33,0,1,2541,729,0,657,672,0,0,0,0,0,0,0,0,0x291BF,0xBF,0xBF
916,0x9E814,0x2D05D,0xFFFFFE9E,0,1,2544,728,0,656,672,0,0,0,0,0,0,0,0,0x2905D,0x5D,0x5D
917,0x9EAD8,0x2CF66,0xFFFFFF09,0,1,2546,727,0,655,672,0,0,0,0,0,0,0,0,0x28F66,0x66,0x66
918,0x9ED9C,0x2CEDA,0xFFFFFF74,0,1,2549,726,0,654,672,0,0,0,0,0,0,0,0,0x28EDA,0xDA,0xDA
919,0x9F060,0x2CEB9,0xFFFFFFDF,0,1,2552,726,0,654,672,0,0,0,0,0,0,0,0,0x28EB9,0xB9,0xB9
920,0x9F324,0x2CF03,0x4A,0,1,2555,726,0,654,672,0,0,0,0,0,0,0,0,0x28EB9,0x03,0xB9
921,0x9F5E8,0x2CFB8,0xB5,0,1,2557,726,0,654,672,0,0,0,0,0,0,0,0,0x28EB9,0xB8,0xB9
922,0x9F8AC,0x2D0D8,0x120,0,1,2560,728,0,654,672,0,0,0,0,0,0,0,0,0x28EB9,0xD8,0xB9
923,0x9FB70,0x2D263,0x18B,0,1,2563,729,0,654,672,0,0,0,0,0,0,0,0,0x28EB9,0x63,0xB9
924,0x9FE34,0x2D459,0x1F6,0,1,2566,731,0,654,672,0,0,0,0,0,0,0,0,0x28EB9,0x59,0xB9
925,0xA00F8,0x2D6BA,0x261,0,1,2568,734,0,654,672,0,0,0,0,0,0,0,0,0x28EB9,0xBA,0xB9
926,0xA03BC,0x2D986,0x2CC,0,1,2571,736,0,654,672,0,0,0,0,0,0,0,0,0x28EB9,0x86,0xB9
927,0xA0680,0x2DCBD,0x337,0,1,2574,740,0,654,672,0,0,0,0,0,0,0,0,0x28EB9,0xBD,0xB9
928,0xA0944,0x2E05F,0x3A2,0,1,2577,743,0,654,672,0,0,0,0,0,0,0,0,0x28EB9,0x5F,0xB9
929,0xA0C08,0x2E46C,0x40D,0,1,2580,747,0,654,672,0,0,0,0,0,0,0,0,0x28EB9,0x6C,0xB9
930,0xA0ECC,0x2E8E4,0x478,0,1,2582,752,0,654,672,0,0,0,0,0,0,0,0,0x28EB9,0xE4,0xB9
931,0xA1190,0x2EDC7,0x4E3,0,1,2585,757,0,654,672,0,0,0,0,0,0,0,0,0x28EB9,0xC7,0xB9
932,0xA1454,0x2F1B9,0x0,0,1,2588,761,1,654,672,0,0,0,0,0,0,0,0,0x28EB9,0xB9,0xB9
933,0xA1718,0x2F1B9,0x0,0,1,2591,761,1,654,672,0,0,0,0,0,0,0,0,0x28EB9,0xB9,0xB9
934,0xA19DC,0x2F1B9,0x0,0,1,2593,761,1,654,672,0,0,0,0,0,0,0,0,0x28EB9,0xB9,0xB9
935,0xA1CA0,0x2F1B9,0x0,0,1,2596,761,1,654,672,0,0,0,0,0,0,0,0,0x28EB9,0xB9,0xB9
936,0xA1F64,0x2F1B9,0xFFFFFA70,1,1,2599,761,0,654,672,0,0,0,0,0,0,0,0,0x28EB9,0xB9,0xB9
937,0xA2228,0x2EC94,0xFFFFFADB,0,1,2602,755,0,654,672,0,0,0,0,0,0,0,0,0x28EB9,0x94,0xB9
938,0xA24EC,0x2E7DA,0xFFFFFB46,0,1,2604,751,0,654,672,0,0,0,0,0,0,0,0,0x28EB9,0xDA,0xB9
939,0xA27B0,0x2E38B,0xFFFFFBB1,0,1,2607,746,0,654,672,0,0,0,0,0,0,0,0,0x28EB9,0x8B,0xB9
940,0xA2A74,0x2DFA7,0xFFFFFC1C,0,1,2610,742,0,654,672,0,0,0,0,0,0,0,0,0x28EB9,0xA7,0xB9
941,0xA2D38,0x2DC2E,0xFFFFFC87,0,1,2613,739,0,654,672,0,0,0,0,0,0,0,0,0x28EB9,0x2E,0xB9
942,0xA2FFC,0x2D920,0xFFFFFCF2,0,1,2615,736,0,654,672,0,0,0,0,0,0,0,0,0x28EB9,0x20,0xB9
943,0xA32C0,0x2D67D,0xFFFFFD5D,0,1,2618,733,0,654,672,0,0,0,0,0,0,0,0,0x28EB9,0x7D,0xB9
944,0xA3584,0x2D445,0xFFFFFDC8,0,1,2621,731,0,654,672,0,0,0,0,0,0,0,0,0x28EB9,0x45,0xB9
945,0xA3848,0x2D278,0xFFFFFE33,0,1,2624,729,0,654,672,0,0,0,0,0,0,0,0,0x28EB9,0x78,0xB9
946,0xA3B0C,0x2D116,0xFFFFFE9E,0,1,2627,728,0,654,672,0,0,0,0,0,0,0,0,0x28EB9,0x16,0xB9
947,0xA3DD0,0x2D01F,0xFFFFFF09,0,1,2629,727,0,654,672,0,0,0,0,0,0,0,0,0x28EB9,0x1F,0xB9
948,0xA4094,0x2CF93,0xFFFFFF74,0,1,2632,726,0,654,672,0,0,0,0,0,0,0,0,0x28EB9,0x93,0xB9
949,0xA4358,0x2CF72,0xFFFFFFDF,0,1,2635,726,0,654,672,0,0,0,0,0,0,0,0,0x28EB9,0x72,0xB9
950,0xA461C,0x2CFBC,0x4A,0,1,2638,727,0,654,672,0,0,0,0,0,0,0,0,0x28EB9,0xBC,0xB9
951,0xA48E0,0x2D071,0xB5,0,1,2640,727,0,654,672,0,0,0,0,0,0,0,0,0x28EB9,0x71,0xB9
952,0xA4BA4,0x2D191,0x120,0,1,2643,728,0,654,672,0,0,0,0,0,0,0,0,0x28EB9,0x91,0xB9
953,0xA4E68,0x2D31C,0x18B,0,1,2646,730,0,654,672,0,0,0,0,0,0,0,0,0x28EB9,0x1C,0xB9
954,0xA512C,0x2D512,0x1F6,0,1,2649,732,0,654,672,0,0,0,0,0,0,0,0,0x28EB9,0x12,0xB9
955,0xA53F0,0x2D773,0x261,0,1,2651,734,0,654,672,0,0,0,0,0,0,0,0,0x28EB9,0x73,0xB9
956,0xA56B4,0x2DA3F,0x2CC,0,1,2654,737,0,654,672,0,0,0,0,0,0,0,0,0x28EB9,0x3F,0xB9
957,0xA5978,0x2DD76,0x337,0,1,2657,740,0,654,672,0,0,0,0,0,0,0,0,0x28EB9,0x76,0xB9
958,0xA5C3C,0x2E118,0x3A2,0,1,2660,744,0,654,672,0,0,0,0,0,0,0,0,0x28EB9,0x18,0xB9
959,0xA5F00,0x2E1B9,0x0,0,1,2663,745,1,654,672,0,0,0,0,0,0,0,0,0x28EB9,0xB9,0xB9
960,0xA61C4,0x2E1B9,0x0,0,1,2665,745,1,654,672,0,0,0,0,0,0,0,0,0x28EB9,0xB9,0xB9
961,0xA6488,0x2E1B9,0x0,0,1,2668,745,1,654,672,0,0,0,0,0,0,0,0,0x28EB9,0xB9,0xB9
962,0xA674C,0x2E1B9,0x0,0,1,2671,745,1,654,672,0,0,0,0,0,0,0,0,0x28EB9,0xB9,0xB9
963,0xA6A10,0x2E1B9,0x0,0,1,2674,745,1,654,672,0,0,0,0,0,0,0,0,0x28EB9,0xB9,0xB9
964,0xA6CD4,0x2E1B9,0x0,0,1,2676,745,1,654,672,0,0,0,0,0,0,0,0,0x28EB9,0xB9,0xB9
965,0xA6F98,0x2E1B9,0x0,0,1,2679,745,0,654,672,0,0,0,0,0,0,0,0,0x28EB9,0xB9,0xB9
966,0xA725C,0x2E1B9,0x0,0,1,2682,745,0,654,672,0,0,0,0,0,0,0,0,0x28EB9,0xB9,0xB9
967,0xA7520,0x2E224,0x6B,0,1,2685,745,0,654,672,0,0,0,0,0,0,0,0,0x28EB9,0x24,0xB9
968,0xA77E4,0x2E2FA,0xD6,0,1,2687,746,0,654,672,0,0,0,0,0,0,0,0,0x28EB9,0xFA,0xB9
969,0xA7AA8,0x2E43B,0x141,0,1,2690,747,0,654,672,0,0,0,0,0,0,0,0,0x28EB9,0x3B,0xB9
970,0xA7D6C,0x2E5E7,0x1AC,0,1,2693,749,0,654,672,0,0,0,0,0,0,0,0,0x28EB9,0xE7,0xB9
971,0xA8030,0x2E7FE,0x217,0,1,2696,751,0,654,672,0,0,0,0,0,0,0,0,0x28EB9,0xFE,0xB9
972,0xA82F4,0x2EA80,0x282,0,1,2698,753,0,654,672,0,0,0,0,0,0,0,0,0x28EB9,0x80,0xB9
973,0xA85B8,0x2ED6D,0x2ED,0,1,2701,756,0,654,672,0,0,0,0,0,0,0,0,0x28EB9,0x6D,0xB9
974,0xA887C,0x2F0C5,0x358,0,1,2704,760,0,654,672,0,0,0,0,0,0,0,0,0x28EB9,0xC5,0xB9
975,0xA8B40,0x2F488,0x3C3,0,1,2707,763,0,654,672,0,0,0,0,0,0,0,0,0x28EB9,0x88,0xB9
976,0xA8E04,0x2F8B6,0x42E,0,1,2710,767,0,654,672,0,0,0,0,0,0,0,0,0x28EB9,0xB6,0xB9
977,0xA90C8,0x2FD4F,0x499,0,1,2712,772,0,654,672,0,0,0,0,0,0,0,0,0x28EB9,0x4F,0xB9
978,0xA938C,0x30253,0x504,0,1,2715,777,0,654,672,0,0,0,0,0,0,0,0,0x28EB9,0x53,0xB9
979,0xA9650,0x301B9,0x0,0,1,2718,777,1,654,672,0,0,0,0,0,0,0,0,0x28EB9,0xB9,0xB9
980,0xA9914,0x301B9,0x0,0,1,2721,777,1,654,672,0,0,0,0,0,0,0,0,0x28EB9,0xB9,0xB9
981,0xA9BD8,0x301B9,0x0,0,1,2723,777,1,654,672,0,0,0,0,0,0,0,0,0x28EB9,0xB9,0xB9
982,0xA9E9C,0x301B9,0x0,0,1,2726,777,1,654,672,0,0,0,0,0,0,0,0,0x28EB9,0xB9,0xB9
983,0xAA160,0x301B9,0x0,0,1,2729,777,1,654,672,0,0,0,0,0,0,0,0,0x28EB9,0xB9,0xB9
984,0xAA424,0x301B9,0x0,0,1,2732,777,1,654,672,0,0,0,0,0,0,0,0,0x28EB9,0xB9,0xB9
985,0xAA6E8,0x301B9,0x0,0,1,2734,777,1,654,672,0,0,0,0,0,0,0,0,0x28EB9,0xB9,0xB9
986,0xAA9AC,0x301B9,0x0,0,1,2737,777,1,654,672,0,0,0,0,0,0,0,0,0x28EB9,0xB9,0xB9
987,0xAAC70,0x301B9,0x0,0,1,2740,777,1,654,672,0,0,0,0,0,0,0,0,0x28EB9,0xB9,0xB9
988,0xAAF34,0x301B9,0x0,0,1,2743,777,0,654,672,0,0,0,0,0,0,0,0,0x28EB9,0xB9,0xB9
989,0xAB1F8,0x301B9,0xFFFFFA70,1,1,2745,777,0,654,672,0,0,0,0,0,0,0,0,0x28EB9,0xB9,0xB9
990,0xAB4BC,0x2FC94,0xFFFFFADB,0,1,2748,771,0,654,672,0,0,0,0,0,0,0,0,0x28EB9,0x94,0xB9
991,0xAB780,0x2F7DA,0xFFFFFB46,0,1,2751,767,0,654,672,0,0,0,0,0,0,0,0,0x28EB9,0xDA,0xB9
992,0xABA44,0x2F38B,0xFFFFFBB1,0,1,2754,762,0,654,672,0,0,0,0,0,0,0,0,0x28EB9,0x8B,0xB9
993,0xABD08,0x2EFA7,0xFFFFFC1C,0,1,2757,758,0,654,672,0,0,0,0,0,0,0,0,0x28EB9,0xA7,0xB9
994,0xABFCC,0x2EC2E,0xFFFFFC87,0,1,2759,755,0,654,672,0,0,0,0,0,0,0,0,0x28EB9,0x2E,0xB9
995,0xAC290,0x2E920,0xFFFFFCF2,0,1,2762,752,0,654,672,0,0,0,0,0,0,0,0,0x28EB9,0x20,0xB9
996,0xAC554,0x2E67D,0xFFFFFD5D,0,1,2765,749,0,654,672,0,0,0,0,0,0,0,0,0x28EB9,0x7D,0xB9
997,0xAC818,0x2E445,0xFFFFFDC8,0,1,2768,747,0,654,672,0,0,0,0,0,0,0,0,0x28EB9,0x45,0xB9
998,0xACADC,0x2E278,0xFFFFFE33,0,1,2770,745,0,654,672,0,0,0,0,0,0,0,0,0x28EB9,0x78,0xB9
999,0xACDA0,0x2E116,0xFFFFFE9E,0,1,2773,744,0,654,672,0,0,0,0,0,0,0,0,0x28EB9,0x16,0xB9
1000,0xAD064,0x2E01F,0xFFFFFF09,0,1,2776,743,0,654,672,0,0,0,0,0,0,0,0,0x28EB9,0x1F,0xB9
1001,0xAD328,0x2DF93,0xFFFFFF74,0,1,2779,742,0,654,672,0,0,0,0,0,0,0,0,0x28EB9,0x93,0xB9
1002,0xAD5EC,0x2DF72,0xFFFFFFDF,0,1,2781,742,0,654,672,0,0,0,0,0,0,0,0,0x28EB9,0x72,0xB9
1003,0xAD8B0,0x2DFBC,0x4A,0,1,2784,743,0,654,672,0,0,0,0,0,0,0,0,0x28EB9,0xBC,0xB9
1004,0xADB74,0x2E071,0xB5,0,1,2787,743,0,654,672,0,0,0,0,0,0,0,0,0x28EB9,0x71,0xB9
1005,0xADE38,0x2E191,0x120,0,1,2790,744,0,654,672,0,0,0,0,0,0,0,0,0x28EB9,0x91,0xB9
1006,0xAE0FC,0x2E31C,0x18B,0,1,2792,746,0,654,672,0,0,0,0,0,0,0,0,0x28EB9,0x1C,0xB9
1007,0xAE3C0,0x2E512,0x1F6,0,1,2795,748,0,654,672,0,0,0,0,0,0,0,0,0x28EB9,0x12,0xB9
1008,0xAE684,0x2E773,0x261,0,1,2798,750,0,654,672,0,0,0,0,0,0,0,0,0x28EB9,0x73,0xB9
1009,0xAE948,0x2EA3F,0x2CC,0,1,2801,753,0,654,672,0,0,0,0,0,0,0,0,0x28EB9,0x3F,0xB9
1010,0xAEC0C,0x2ED76,0x337,0,1,2804,756,0,654,672,0,0,0,0,0,0,0,0,0x28EB9,0x76,0xB9
1011,0xAEED0,0x2F118,0x3A2,0,1,2806,760,0,654,672,0,0,0,0,0,0,0,0,0x28EB9,0x18,0xB9
1012,0xAF194,0x2F525,0x40D,0,1,2809,764,0,654,672,0,0,0,0,0,0,0,0,0x28EB9,0x25,0xB9
1013,0xAF458,0x2F99D,0x478,0,1,2812,768,0,654,672,0,0,0,0,0,0,0,0,0x28EB9,0x9D,0xB9
1014,0xAF71C,0x2FE80,0x4E3,0,1,2815,773,0,654,672,0,0,0,0,0,0,0,0,0x28EB9,0x80,0xB9
1015,0xAF9E0,0x303CE,0x54E,0,1,2817,779,0,654,672,0,0,0,0,0,0,0,0,0x28EB9,0xCE,0xB9
1016,0xAFCA4,0x30987,0x5B9,0,1,2820,784,0,654,672,0,0,0,0,0,0,0,0,0x28EB9,0x87,0xB9
1017,0xAFF68,0x30FAB,0x624,0,1,2823,790,0,654,672,0,0,0,0,0,0,0,0,0x28EB9,0xAB,0xB9
1018,0xB022C,0x3163A,0x68F,0,1,2826,797,0,654,672,0,0,0,0,0,0,0,0,0x28EB9,0x3A,0xB9
1019,0xB04F0,0x31D34,0x6FA,0,1,2828,804,0,654,672,0,0,0,0,0,0,0,0,0x28EB9,0x34,0xB9
1020,0xB07B4,0x321B9,0x0,0,1,2831,809,1,654,672,0,0,0,0,0,0,0,0,0x28EB9,0xB9,0xB9
1021,0xB0A78,0x321B9,0x0,0,1,2834,809,1,654,672,0,0,0,0,0,0,0,0,0x28EB9,0xB9,0xB9
1022,0xB0D3C,0x321B9,0x0,0,1,2837,809,1,654,672,0,0,0,0,0,0,0,0,0x28EB9,0xB9,0xB9
1023,0xB1000,0x321B9,0x0,0,1,2840,809,1,654,672,0,0,0,0,0,0,0,0,0x28EB9,0xB9,0xB9
1024,0xB12C4,0x321B9,0x0,0,1,2842,809,1,654,672,0,0,0,0,0,0,0,0,0x28EB9,0xB9,0xB9
1025,0xB1588,0x321B9,0x0,0,1,2845,809,1,654,672,0,0,0,0,0,0,0,0,0x28EB9,0xB9,0xB9
1026,0xB184C,0x321B9,0x0,0,1,2848,809,1,654,672,0,0,0,0,0,0,0,0,0x28EB9,0xB9,0xB9
1027,0xB1B10,0x321B9,0x0,0,1,2851,809,1,654,672,0,0,0,0,0,0,0,0,0x28EB9,0xB9,0xB9
1028,0xB1DD4,0x321B9,0x0,0,1,2853,809,1,654,672,0,0,0,0,0,0,0,0,0x28EB9,0xB9,0xB9
1029,0xB2098,0x321B9,0x0,0,1,2856,809,1,654,672,0,0,0,0,0,0,0,0,0x28EB9,0xB9,0xB9
1030,0xB235C,0x321B9,0x0,0,1,2859,809,1,654,672,0,0,0,0,0,0,0,0,0x28EB9,0xB9,0xB9
1031,0xB2620,0x321B9,0x0,0,1,2862,809,1,654,672,0,0,0,0,0,0,0,0,0x28EB9,0xB9,0xB9
1032,0xB28E4,0x321B9,0x0,0,1,2864,809,1,654,672,0,0,0,0,0,0,0,0,0x28EB9,0xB9,0xB9
1033,0xB2BA8,0x321B9,0x0,0,1,2867,809,1,654,672,0,0,0,0,0,0,0,0,0x28EB9,0xB9,0xB9
1034,0xB2E6C,0x321B9,0xFFFFFA70,1,1,2870,809,0,654,672,0,0,0,0,0,0,0,0,0x28EB9,0xB9,0xB9
1035,0xB3130,0x31C94,0xFFFFFADB,0,1,2873,803,0,654,672,0,0,0,0,0,0,0,0,0x28EB9,0x94,0xB9
1036,0xB33F4,0x317DA,0xFFFFFB46,0,1,2875,799,0,654,672,0,0,0,0,0,0,0,0,0x28EB9,0xDA,0xB9
1037,0xB36B8,0x3138B,0xFFFFFBB1,0,1,2878,794,0,654,672,0,0,0,0,0,0,0,0,0x28EB9,0x8B,0xB9
1038,0xB397C,0x30FA7,0xFFFFFC1C,0,1,2881,790,0,654,672,0,0,0,0,0,0,0,0,0x28EB9,0xA7,0xB9
1039,0xB3C40,0x30C2E,0xFFFFFC87,0,1,2884,787,0,654,672,0,0,0,0,0,0,0,0,0x28EB9,0x2E,0xB9
1040,0xB3F04,0x30920,0xFFFFFCF2,0,1,2887,784,0,654,672,0,0,0,0,0,0,0,0,0x28EB9,0x20,0xB9
1041,0xB41C8,0x3067D,0xFFFFFD5D,0,1,2889,781,0,654,672,0,0,0,0,0,0,0,0,0x28EB9,0x7D,0xB9
1042,0xB448C,0x30445,0xFFFFFDC8,0,1,2892,779,0,654,672,0,0,0,0,0,0,0,0,0x28EB9,0x45,0xB9
1043,0xB4750,0x30278,0xFFFFFE33,0,1,2895,777,0,654,672,0,0,0,0,0,0,0,0,0x28EB9,0x78,0xB9
1044,0xB4A14,0x30116,0xFFFFFE9E,0,1,2898,776,0,654,672,0,0,0,0,0,0,0,0,0x28EB9,0x16,0xB9
1045,0xB4CD8,0x3001F,0xFFFFFF09,0,1,2900,775,0,654,672,0,0,0,0,0,0,0,0,0x28EB9,0x1F,0xB9
1046,0xB4F9C,0x2FF93,0xFFFFFF74,0,1,2903,774,0,654,672,0,0,0,0,0,0,0,0,0x28EB9,0x93,0xB9
1047,0xB5260,0x2FF72,0xFFFFFFDF,0,1,2906,774,0,654,672,0,0,0,0,0,0,0,0,0x28EB9,0x72,0xB9
1048,0xB5524,0x2FFBC,0x4A,0,1,2909,775,0,654,672,0,0,0,0,0,0,0,0,0x28EB9,0xBC,0xB9
1049,0xB57E8,0x30071,0xB5,0,1,2911,775,0,654,672,0,0,0,0,0,0,0,0,0x28EB9,0x71,0xB9
1050,0xB5AAC,0x30191,0x120,0,1,2914,776,0,654,672,0,0,0,0,0,0,0,0,0x28EB9,0x91,0xB9
1051,0xB5D70,0x3031C,0x18B,0,1,2917,778,0,654,672,0,0,0,0,0,0,0,0,0x28EB9,0x1C,0xB9
1052,0xB6034,0x30512,0x1F6,0,1,2920,780,0,654,672,0,0,0,0,0,0,0,0,0x28EB9,0x12,0xB9
1053,0xB62F8,0x30773,0x261,0,1,2922,782,0,654,672,0,0,0,0,0,0,0,0,0x28EB9,0x73,0xB9
1054,0xB65BC,0x30A3F,0x2CC,0,1,2925,785,0,654,672,0,0,0,0,0,0,0,0,0x28EB9,0x3F,0xB9
1055,0xB6880,0x30D76,0x337,0,1,2928,788,0,654,672,0,0,0,0,0,0,0,0,0x28EB9,0x76,0xB9
1056,0xB6B44,0x31118,0x3A2,0,1,2931,792,0,654,672,0,0,0,0,0,0,0,0,0x28EB9,0x18,0xB9
1057,0xB6E08,0x311B9,0x0,0,1,2934,793,1,654,672,0,0,0,0,0,0,0,0,0x28EB9,0xB9,0xB9
1058,0xB70CC,0x311B9,0x0,0,1,2936,793,1,654,672,0,0,0,0,0,0,0,0,0x28EB9,0xB9,0xB9
1059,0xB7390,0x311B9,0x0,0,1,2939,793,1,654,672,0,0,0,0,0,0,0,0,0x28EB9,0xB9,0xB9
1060,0xB7654,0x311B9,0x0,0,1,2942,793,1,654,672,0,0,0,0,0,0,0,0,0x28EB9,0xB9,0xB9
1061,0xB7918,0x311B9,0x0,0,1,2945,793,1,654,672,0,0,0,0,0,0,0,0,0x28EB9,0xB9,0xB9
1062,0xB7BDC,0x311B9,0x0,0,1,2947,793,1,654,672,0,0,0,0,0,0,0,0,0x28EB9,0xB9,0xB9
1063,0xB7EA0,0x311B9,0x0,0,1,2950,793,1,654,672,0,0,0,0,0,0,0,0,0x28EB9,0xB9,0xB9
1064,0xB8164,0x311B9,0x0,0,1,2953,793,1,654,672,0,0,0,0,0,0,0,0,0x28EB9,0xB9,0xB9
1065,0xB8428,0x311B9,0x0,0,1,2956,793,1,654,672,0,0,0,0,0,0,0,0,0x28EB9,0xB9,0xB9
1066,0xB86EC,0x311B9,0x0,0,1,2958,793,1,654,672,0,0,0,0,0,0,0,0,0x28EB9,0xB9,0xB9
1067,0xB89B0,0x311B9,0x0,0,1,2961,793,1,654,672,0,0,0,0,0,0,0,0,0x28EB9,0xB9,0xB9
1068,0xB8C74,0x311B9,0x0,0,1,2964,793,1,654,672,0,0,0,0,0,0,0,0,0x28EB9,0xB9,0xB9
1069,0xB8F38,0x311B9,0x0,0,1,2967,793,1,654,672,0,0,0,0,0,0,0,0,0x28EB9,0xB9,0xB9
1070,0xB91FC,0x311B9,0x0,0,1,2969,793,1,654,672,0,0,0,0,0,0,0,0,0x28EB9,0xB9,0xB9
1071,0xB94C0,0x311B9,0xFFFFFA70,1,1,2972,793,0,654,672,0,0,0,0,0,0,0,0,0x28EB9,0xB9,0xB9
1072,0xB9784,0x30C94,0xFFFFFADB,0,1,2975,787,0,654,672,0,0,0,0,0,0,0,0,0x28EB9,0x94,0xB9
1073,0xB9A48,0x307DA,0xFFFFFB46,0,1,2978,783,0,654,672,0,0,0,0,0,0,0,0,0x28EB9,0xDA,0xB9
1074,0xB9D0C,0x3038B,0xFFFFFBB1,0,1,2981,778,0,654,672,0,0,0,0,0,0,0,0,0x28EB9,0x8B,0xB9
1075,0xB9FD0,0x2FFA7,0xFFFFFC1C,0,1,2983,774,0,654,672,0,0,0,0,0,0,0,0,0x28EB9,0xA7,0xB9
1076,0xBA294,0x2FC2E,0xFFFFFC87,0,1,2986,771,0,654,672,0,0,0,0,0,0,0,0,0x28EB9,0x2E,0xB9
1077,0xBA558,0x2F920,0xFFFFFCF2,0,1,2989,768,0,654,672,0,0,0,0,0,0,0,0,0x28EB9,0x20,0xB9
1078,0xBA81C,0x2F67D,0xFFFFFD5D,0,1,2992,765,0,654,672,0,0,0,0,0,0,0,0,0x28EB9,0x7D,0xB9
1079,0xBAAE0,0x2F445,0xFFFFFDC8,0,1,2994,763,0,654,672,0,0,0,0,0,0,0,0,0x28EB9,0x45,0xB9
1080,0xBADA4,0x2F278,0xFFFFFE33,0,1,2997,761,0,654,672,0,0,0,0,0,0,0,0,0x28EB9,0x78,0xB9
1081,0xBB068,0x2F116,0xFFFFFE9E,0,1,3000,760,0,654,672,0,0,0,0,0,0,0,0,0x28EB9,0x16,0xB9
1082,0xBB32C,0x2F01F,0xFFFFFF09,0,1,3003,759,0,654,672,0,0,0,0,0,0,0,0,0x28EB9,0x1F,0xB9
1083,0xBB5F0,0x2EF93,0xFFFFFF74,0,1,3005,758,0,654,672,0,0,0,0,0,0,0,0,0x28EB9,0x93,0xB9
1084,0xBB8B4,0x2EF72,0xFFFFFFDF,0,1,3008,758,0,654,672,0,0,0,0,0,0,0,0,0x28EB9,0x72,0xB9
1085,0xBBB78,0x2EFBC,0x4A,0,1,3011,759,0,654,672,0,0,0,0,0,0,0,0,0x28EB9,0xBC,0xB9
1086,0xBBE3C,0x2F071,0xB5,0,1,3014,759,0,654,672,0,0,0,0,0,0,0,0,0x28EB9,0x71,0xB9
1087,0xBC100,0x2F191,0x120,0,1,3017,760,0,654,672,0,0,0,0,0,0,0,0,0x28EB9,0x91,0xB9
1088,0xBC3C4,0x2F31C,0x18B,0,1,3019,762,0,654,672,0,0,0,0,0,0,0,0,0x28EB9,0x1C,0xB9
1089,0xBC688,0x2F512,0x1F6,0,1,3022,764,0,654,672,0,0,0,0,0,0,0,0,0x28EB9,0x12,0xB9
1090,0xBC94C,0x2F773,0x261,0,1,3025,766,0,654,672,0,0,0,0,0,0,0,0,0x28EB9,0x73,0xB9
1091,0xBCC10,0x2FA3F,0x2CC,0,1,3028,769,0,654,672,0,0,0,0,0,0,0,0,0x28EB9,0x3F,0xB9
1092,0xBCED4,0x2FD76,0x337,0,1,3030,772,0,654,672,0,0,0,0,0,0,0,0,0x28EB9,0x76,0xB9
1093,0xBD198,0x30118,0x3A2,0,1,3033,776,0,654,672,0,0,0,0,0,0,0,0,0x28EB9,0x18,0xB9
1094,0xBD45C,0x301B9,0x0,0,1,3036,777,1,654,672,0,0,0,0,0,0,0,0,0x28EB9,0xB9,0xB9
1095,0xBD720,0x301B9,0x0,0,1,3039,777,1,654,672,0,0,0,0,0,0,0,0,0x28EB9,0xB9,0xB9
1096,0xBD9E4,0x301B9,0x0,0,1,3041,777,1,654,672,0,0,0,0,0,0,0,0,0x28EB9,0xB9,0xB9
1097,0xBDCA8,0x301B9,0x0,0,1,3044,777,1,654,672,0,0,0,0,0,0,0,0,0x28EB9,0xB9,0xB9
1098,0xBDF6C,0x301B9,0x0,0,1,3047,777,0,654,672,0,0,0,0,0,0,0,0,0x28EB9,0xB9,0xB9
1099,0xBE230,0x301B9,0xFFFFFA70,1,1,3050,777,0,654,672,0,0,0,0,0,0,0,0,0x28EB9,0xB9,0xB9
1100,0xBE4F4,0x2FC94,0xFFFFFADB,0,1,3052,771,0,654,672,0,0,0,0,0,0,0,0,0x28EB9,0x94,0xB9
1101,0xBE7B8,0x2F7DA,0xFFFFFB46,0,1,3055,767,0,654,672,0,0,0,0,0,0,0,0,0x28EB9,0xDA,0xB9
1102,0xBEA7C,0x2F38B,0xFFFFFBB1,0,1,3058,762,0,654,672,0,0,0,0,0,0,0,0,0x28EB9,0x8B,0xB9
1103,0xBED40,0x2EFA7,0xFFFFFC1C,0,1,3061,758,0,654,672,0,0,0,0,0,0,0,0,0x28EB9,0xA7,0xB9
1104,0xBF004,0x2EC2E,0xFFFFFC87,0,1,3064,755,0,654,672,0,0,0,0,0,0,0,0,0x28EB9,0x2E,0xB9
1105,0xBF2C8,0x2E920,0xFFFFFCF2,0,1,3066,752,0,654,672,0,0,0,0,0,0,0,0,0x28EB9,0x20,0xB9
1106,0xBF58C,0x2E67D,0xFFFFFD5D,0,1,3069,749,0,654,672,0,0,0,0,0,0,0,0,0x28EB9,0x7D,0xB9
1107,0xBF850,0x2E445,0xFFFFFDC8,0,1,3072,747,0,654,672,0,0,0,0,0,0,0,0,0x28EB9,0x45,0xB9
1108,0xBFB14,0x2E278,0xFFFFFE33,0,1,3075,745,0,654,672,0,0,0,0,0,0,0,0,0x28EB9,0x78,0xB9
1109,0xBFDD8,0x2E116,0xFFFFFE9E,0,1,3077,744,0,654,672,0,0,0,0,0,0,0,0,0x28EB9,0x16,0xB9
1110,0xC009C,0x2E01F,0xFFFFFF09,0,1,3080,743,0,654,672,0,0,0,0,0,0,0,0,0x28EB9,0x1F,0xB9
1111,0xC0360,0x2DF93,0xFFFFFF74,0,1,3083,742,0,654,672,0,0,0,0,0,0,0,0,0x28EB9,0x93,0xB9
1112,0xC0624,0x2DF72,0xFFFFFFDF,0,1,3086,742,0,654,672,0,0,0,0,0,0,0,0,0x28EB9,0x72,0xB9
1113,0xC08E8,0x2DFBC,0x4A,0,1,3088,743,0,654,672,0,0,0,0,0,0,0,0,0x28EB9,0xBC,0xB9
1114,0xC0BAC,0x2E071,0xB5,0,1,3091,743,0,654,672,0,0,0,0,0,0,0,0,0x28EB9,0x71,0xB9
1115,0xC0E70,0x2E191,0x120,0,1,3094,744,0,654,672,0,0,0,0,0,0,0,0,0x28EB9,0x91,0xB9
1116,0xC1134,0x2E1B9,0x0,0,1,3097,745,1,654,672,0,0,0,0,0,0,0,0,0x28EB9,0xB9,0xB9
1117,0xC13F8,0x2E1B9,0xFFFFFA70,1,1,3099,745,0,654,672,0,0,0,0,0,0,0,0,0x28EB9,0xB9,0xB9
1118,0xC16BC,0x2DC94,0xFFFFFADB,0,1,3102,739,0,654,672,0,0,0,0,0,0,0,0,0x28EB9,0x94,0xB9
1119,0xC1980,0x2D7DA,0xFFFFFB46,0,1,3105,735,0,654,672,0,0,0,0,0,0,0,0,0x28EB9,0xDA,0xB9
1120,0xC1C44,0x2D38B,0xFFFFFBB1,0,1,3108,730,0,654,672,0,0,0,0,0,0,0,0,0x28EB9,0x8B,0xB9
1121,0xC1F08,0x2CFA7,0xFFFFFC1C,0,1,3111,726,0,654,672,0,0,0,0,0,0,0,0,0x28EB9,0xA7,0xB9
1122,0xC21CC,0x2CC2E,0xFFFFFC87,0,1,3113,724,0,652,672,0,0,0,0,0,0,0,0,0x28C2E,0x2E,0x2E
1123,0xC2490,0x2C920,0xFFFFFCF2,0,1,3116,721,0,649,672,0,0,0,0,0,0,0,0,0x28920,0x20,0x20
1124,0xC2754,0x2C67D,0xFFFFFD5D,0,1,3119,718,0,646,672,0,0,0,0,0,0,0,0,0x2867D,0x7D,0x7D
1125,0xC2A18,0x2C445,0xFFFFFDC8,0,1,3122,716,0,644,672,0,0,0,0,0,0,0,0,0x28445,0x45,0x45
1126,0xC2CDC,0x2C278,0xFFFFFE33,0,1,3124,714,0,642,672,0,0,0,0,0,0,0,0,0x28278,0x78,0x78
1127,0xC2FA0,0x2C116,0xFFFFFE9E,0,1,3127,713,0,641,672,0,0,0,0,0,0,0,0,0x28116,0x16,0x16
1128,0xC3264,0x2C01F,0xFFFFFF09,0,1,3130,712,0,640,672,0,0,0,0,0,0,0,0,0x2801F,0x1F,0x1F
1129,0xC3528,0x2BF93,0xFFFFFF74,0,1,3133,711,0,639,672,0,0,0,0,0,0,0,0,0x27F93,0x93,0x93
1130,0xC37EC,0x2BF72,0xFFFFFFDF,0,1,3135,711,0,639,672,0,0,0,0,0,0,0,0,0x27F72,0x72,0x72
1131,0xC3AB0,0x2BFBC,0x4A,0,1,3138,711,0,639,672,0,0,0,0,0,0,0,0,0x27F72,0xBC,0x72
1132,0xC3D74,0x2C071,0xB5,0,1,3141,711,0,639,672,0,0,0,0,0,0,0,0,0x27F72,0x71,0x72
1133,0xC4038,0x2C191,0x120,0,1,3144,713,0,639,672,0,0,0,0,0,0,0,0,0x27F72,0x91,0x72
1134,0xC42FC,0x2C31C,0x18B,0,1,3146,714,0,639,672,0,0,0,0,0,0,0,0,0x27F72,0x1C,0x72
1135,0xC45C0,0x2C512,0x1F6,0,1,3149,716,0,639,672,0,0,0,0,0,0,0,0,0x27F72,0x12,0x72
1136,0xC4884,0x2C773,0x261,0,1,3152,719,0,639,672,0,0,0,0,0,0,0,0,0x27F72,0x73,0x72
1137,0xC4B48,0x2CA3F,0x2CC,0,1,3155,721,0,639,672,0,0,0,0,0,0,0,0,0x27F72,0x3F,0x72
1138,0xC4E0C,0x2CD76,0x337,0,1,3158,725,0,639,672,0,0,0,0,0,0,0,0,0x27F72,0x76,0x72
1139,0xC50D0,0x2D118,0x3A2,0,1,3160,728,0,639,672,0,0,0,0,0,0,0,0,0x27F72,0x18,0x72
1140,0xC5394,0x2D525,0x40D,0,1,3163,732,0,639,672,0,0,0,0,0,0,0,0,0x27F72,0x25,0x72
1141,0xC5658,0x2D99D,0x478,0,1,3166,737,0,639,672,0,0,0,0,0,0,0,0,0x27F72,0x9D,0x72
1142,0xC591C,0x2DE80,0x4E3,0,1,3169,742,0,639,672,0,0,0,0,0,0,0,0,0x27F72,0x80,0x72
1143,0xC5BE0,0x2E172,0x0,0,1,3171,745,1,639,672,0,0,0,0,0,0,0,0,0x27F72,0x72,0x72
1144,0xC5EA4,0x2E172,0x0,0,1,3174,745,1,639,672,0,0,0,0,0,0,0,0,0x27F72,0x72,0x72
1145,0xC6168,0x2E172,0x0,0,1,3177,745,0,639,672,0,0,0,0,0,0,0,0,0x27F72,0x72,0x72
1146,0xC642C,0x2E1DD,0x6B,0,1,3180,745,0,639,672,0,0,0,0,0,0,0,0,0x27F72,0xDD,0x72
1147,0xC66F0,0x2E2B3,0xD6,0,1,3182,746,0,639,672,0,0,0,0,0,0,0,0,0x27F72,0xB3,0x72
1148,0xC69B4,0x2E3F4,0x141,0,1,3185,747,0,639,672,0,0,0,0,0,0,0,0,0x27F72,0xF4,0x72
1149,0xC6C78,0x2E5A0,0x1AC,0,1,3188,749,0,639,672,0,0,0,0,0,0,0,0,0x27F72,0xA0,0x72
1150,0xC6F3C,0x2E7B7,0x217,0,1,3191,751,0,639,672,0,0,0,0,0,0,0,0,0x27F72,0xB7,0x72
1151,0xC7200,0x2EA39,0x282,0,1,3194,753,0,639,672,0,0,0,0,0,0,0,0,0x27F72,0x39,0x72
1152,0xC74C4,0x2ED26,0x2ED,0,1,3196,756,0,639,672,0,0,0,0,0,0,0,0,0x27F72,0x26,0x72
1153,0xC7788,0x2F07E,0x358,0,1,3199,760,0,639,672,0,0,0,0,0,0,0,0,0x27F72,0x7E,0x72
1154,0xC7A4C,0x2F172,0x0,0,1,3202,761,1,639,672,0,0,0,0,0,0,0,0,0x27F72,0x72,0x72
1155,0xC7D10,0x2F172,0x0,0,1,3205,761,1,639,672,0,0,0,0,0,0,0,0,0x27F72,0x72,0x72
1156,0xC7FD4,0x2F172,0x0,0,1,3207,761,1,639,672,0,0,0,0,0,0,0,0,0x27F72,0x72,0x72
1157,0xC8298,0x2F172,0xFFFFFA70,1,1,3210,761,0,639,672,0,0,0,0,0,0,0,0,0x27F72,0x72,0x72
1158,0xC855C,0x2EC4D,0xFFFFFADB,0,1,3213,755,0,639,672,0,0,0,0,0,0,0,0,0x27F72,0x4D,0x72
1159,0xC8820,0x2E793,0xFFFFFB46,0,1,3216,751,0,639,672,0,0,0,0,0,0,0,0,0x27F72,0x93,0x72
1160,0xC8AE4,0x2E344,0xFFFFFBB1,0,1,3218,746,0,639,672,0,0,0,0,0,0,0,0,0x27F72,0x44,0x72
1161,0xC8DA8,0x2DF60,0xFFFFFC1C,0,1,3221,742,0,639,672,0,0,0,0,0,0,0,0,0x27F72,0x60,0x72
1162,0xC906C,0x2DBE7,0xFFFFFC87,0,1,3224,739,0,639,672,0,0,0,0,0,0,0,0,0x27F72,0xE7,0x72
1163,0xC9330,0x2D8D9,0xFFFFFCF2,0,1,3227,736,0,639,672,0,0,0,0,0,0,0,0,0x27F72,0xD9,0x72
1164,0xC95F4,0x2D636,0xFFFFFD5D,0,1,3229,733,0,639,672,0,0,0,0,0,0,0,0,0x27F72,0x36,0x72
1165,0xC98B8,0x2D3FE,0xFFFFFDC8,0,1,3232,731,0,639,672,0,0,0,0,0,0,0,0,0x27F72,0xFE,0x72
1166,0xC9B7C,0x2D231,0xFFFFFE33,0,1,3235,729,0,639,672,0,0,0,0,0,0,0,0,0x27F72,0x31,0x72
1167,0xC9E40,0x2D0CF,0xFFFFFE9E,0,1,3238,728,0,639,672,0,0,0,0,0,0,0,0,0x27F72,0xCF,0x72
1168,0xCA104,0x2CFD8,0xFFFFFF09,0,1,3241,727,0,639,672,0,0,0,0,0,0,0,0,0x27F72,0xD8,0x72
1169,0xCA3C8,0x2CF4C,0xFFFFFF74,0,1,3243,726,0,639,672,0,0,0,0,0,0,0,0,0x27F72,0x4C,0x72
1170,0xCA68C,0x2CF2B,0xFFFFFFDF,0,1,3246,726,0,639,672,0,0,0,0,0,0,0,0,0x27F72,0x2B,0x72
1171,0xCA950,0x2CF75,0x4A,0,1,3249,727,0,639,672,0,0,0,0,0,0,0,0,0x27F72,0x75,0x72
1172,0xCAC14,0x2D02A,0xB5,0,1,3252,727,0,639,672,0,0,0,0,0,0,0,0,0x27F72,0x2A,0x72
1173,0xCAED8,0x2D14A,0x120,0,1,3254,728,0,639,672,0,0,0,0,0,0,0,0,0x27F72,0x4A,0x72
1174,0xCB19C,0x2D2D5,0x18B,0,1,3257,730,0,639,672,0,0,0,0,0,0,0,0,0x27F72,0xD5,0x72
1175,0xCB460,0x2D4CB,0x1F6,0,1,3260,732,0,639,672,0,0,0,0,0,0,0,0,0x27F72,0xCB,0x72
1176,0xCB724,0x2D72C,0x261,0,1,3263,734,0,639,672,0,0,0,0,0,0,0,0,0x27F72,0x2C,0x72
1177,0xCB9E8,0x2D9F8,0x2CC,0,1,3265,737,0,639,672,0,0,0,0,0,0,0,0,0x27F72,0xF8,0x72
1178,0xCBCAC,0x2DD2F,0x337,0,1,3268,740,0,639,672,0,0,0,0,0,0,0,0,0x27F72,0x2F,0x72
1179,0xCBF70,0x2E0D1,0x3A2,0,1,3271,744,0,639,672,0,0,0,0,0,0,0,0,0x27F72,0xD1,0x72
1180,0xCC234,0x2E4DE,0x40D,0,1,3274,748,0,639,672,0,0,0,0,0,0,0,0,0x27F72,0xDE,0x72
1181,0xCC4F8,0x2E956,0x478,0,1,3276,752,0,639,672,0,0,0,0,0,0,0,0,0x27F72,0x56,0x72
1182,0xCC7BC,0x2EE39,0x4E3,0,1,3279,757,0,639,672,0,0,0,0,0,0,0,0,0x27F72,0x39,0x72
1183,0xCCA80,0x2F172,0x0,0,1,3282,761,1,639,672,0,0,0,0,0,0,0,0,0x27F72,0x72,0x72
1184,0xCCD44,0x2F172,0x0,0,1,3285,761,1,639,672,0,0,0,0,0,0,0,0,0x27F72,0x72,0x72
1185,0xCD008,0x2F172,0x0,0,1,3288,761,1,639,672,0,0,0,0,0,0,0,0,0x27F72,0x72,0x72
1186,0xCD2CC,0x2F172,0xFFFFFA70,1,1,3290,761,0,639,672,0,0,0,0,0,0,0,0,0x27F72,0x72,0x72
1187,0xCD590,0x2EC4D,0xFFFFFADB,0,1,3293,755,0,639,672,0,0,0,0,0,0,0,0,0x27F72,0x4D,0x72
1188,0xCD854,0x2E793,0xFFFFFB46,0,1,3296,751,0,639,672,0,0,0,0,0,0,0,0,0x27F72,0x93,0x72
1189,0xCDB18,0x2E344,0xFFFFFBB1,0,1,3299,746,0,639,672,0,0,0,0,0,0,0,0,0x27F72,0x44,0x72
1190,0xCDDDC,0x2DF60,0xFFFFFC1C,0,1,3301,742,0,639,672,0,0,0,0,0,0,0,0,0x27F72,0x60,0x72
1191,0xCE0A0,0x2DBE7,0xFFFFFC87,0,1,3304,739,0,639,672,0,0,0,0,0,0,0,0,0x27F72,0xE7,0x72
1192,0xCE364,0x2D8D9,0xFFFFFCF2,0,1,3307,736,0,639,672,0,0,0,0,0,0,0,0,0x27F72,0xD9,0x72
1193,0xCE628,0x2D636,0xFFFFFD5D,0,1,3310,733,0,639,672,0,0,0,0,0,0,0,0,0x27F72,0x36,0x72
1194,0xCE8EC,0x2D3FE,0xFFFFFDC8,0,1,3312,731,0,639,672,0,0,0,0,0,0,0,0,0x27F72,0xFE,0x72
1195,0xCEBB0,0x2D231,0xFFFFFE33,0,1,3315,729,0,639,672,0,0,0,0,0,0,0,0,0x27F72,0x31,0x72
1196,0xCEE74,0x2D0CF,0xFFFFFE9E,0,1,3318,728,0,639,672,0,0,0,0,0,0,0,0,0x27F72,0xCF,0x72
1197,0xCF138,0x2CFD8,0xFFFFFF09,0,1,3321,727,0,639,672,0,0,0,0,0,0,0,0,0x27F72,0xD8,0x72
1198,0xCF3FC,0x2CF4C,0xFFFFFF74,0,1,3323,726,0,639,672,0,0,0,0,0,0,0,0,0x27F72,0x4C,0x72
1199,0xCF6C0,0x2CF2B,0xFFFFFFDF,0,1,3326,726,0,639,672,0,0,0,0,0,0,0,0,0x27F72,0x2B,0x72
1200,0xCF984,0x2CF75,0x4A,0,1,3329,727,0,639,672,0,0,0,0,0,0,0,0,0x27F72,0x75,0x72
1201,0xCFC48,0x2D02A,0xB5,0,1,3332,727,0,639,672,0,0,0,0,0,0,0,0,0x27F72,0x2A,0x72
1202,0xCFF0C,0x2D14A,0x120,0,1,3335,728,0,639,672,0,0,0,0,0,0,0,0,0x27F72,0x4A,0x72
1203,0xD01D0,0x2D2D5,0x18B,0,1,3337,730,0,639,672,0,0,0,0,0,0,0,0,0x27F72,0xD5,0x72
1204,0xD0494,0x2D4CB,0x1F6,0,1,3340,732,0,639,672,0,0,0,0,0,0,0,0,0x27F72,0xCB,0x72
1205,0xD0758,0x2D72C,0x261,0,1,3343,734,0,639,672,0,0,0,0,0,0,0,0,0x27F72,0x2C,0x72
1206,0xD0A1C,0x2D9F8,0x2CC,0,1,3346,737,0,639,672,0,0,0,0,0,0,0,0,0x27F72,0xF8,0x72
1207,0xD0CE0,0x2DD2F,0x337,0,1,3348,740,0,639,672,0,0,0,0,0,0,0,0,0x27F72,0x2F,0x72
1208,0xD0FA4,0x2E0D1,0x3A2,0,1,3351,744,0,639,672,0,0,0,0,0,0,0,0,0x27F72,0xD1,0x72
1209,0xD1268,0x2E4DE,0x40D,0,1,3354,748,0,639,672,0,0,0,0,0,0,0,0,0x27F72,0xDE,0x72
1210,0xD152C,0x2E956,0x478,0,1,3357,752,0,639,672,0,0,0,0,0,0,0,0,0x27F72,0x56,0x72
1211,0xD17F0,0x2EE39,0x4E3,0,1,3359,757,0,639,672,0,0,0,0,0,0,0,0,0x27F72,0x39,0x72
1212,0xD1AB4,0x2F387,0x54E,0,1,3362,763,0,639,672,0,0,0,0,0,0,0,0,0x27F72,0x87,0x72
1213,0xD1D78,0x2F940,0x5B9,0,1,3365,768,0,639,672,0,0,0,0,0,0,0,0,0x27F72,0x40,0x72
1214,0xD203C,0x2FF64,0x624,0,1,3368,774,0,639,672,0,0,0,0,0,0,0,0,0x27F72,0x64,0x72
1215,0xD2300,0x305F3,0x68F,0,1,3371,781,0,639,672,0,0,0,0,0,0,0,0,0x27F72,0xF3,0x72
1216,0xD25C4,0x30CED,0x6FA,0,1,3373,788,0,639,672,0,0,0,0,0,0,0,0,0x27F72,0xED,0x72
1217,0xD2888,0x31172,0x0,0,1,3376,793,1,639,672,0,0,0,0,0,0,0,0,0x27F72,0x72,0x72
1218,0xD2B4C,0x31172,0x0,0,1,3379,793,1,639,672,0,0,0,0,0,0,0,0,0x27F72,0x72,0x72
1219,0xD2E10,0x31172,0x0,0,1,3382,793,1,639,672,0,0,0,0,0,0,0,0,0x27F72,0x72,0x72
1220,0xD30D4,0x31172,0x0,0,1,3384,793,1,639,672,0,0,0,0,0,0,0,0,0x27F72,0x72,0x72
1221,0xD3398,0x31172,0x0,0,1,3387,793,1,639,672,0,0,0,0,0,0,0,0,0x27F72,0x72,0x72
1222,0xD365C,0x31172,0x0,0,1,3390,793,1,639,672,0,0,0,0,0,0,0,0,0x27F72,0x72,0x72
1223,0xD3920,0x31172,0x0,0,1,3393,793,1,639,672,0,0,0,0,0,0,0,0,0x27F72,0x72,0x72
1224,0xD3BE4,0x31172,0x0,0,1,3395,793,1,639,672,0,0,0,0,0,0,0,0,0x27F72,0x72,0x72
1225,0xD3EA8,0x31172,0x0,0,1,3398,793,1,639,672,0,0,0,0,0,0,0,0,0x27F72,0x72,0x72
1226,0xD416C,0x31172,0x0,0,1,3401,793,1,639,672,0,0,0,0,0,0,0,0,0x27F72,0x72,0x72
1227,0xD4430,0x31172,0xFFFFFA70,1,1,3404,793,0,639,672,0,0,0,0,0,0,0,0,0x27F72,0x72,0x72
1228,0xD46F4,0x30C4D,0xFFFFFADB,0,1,3406,787,0,639,672,0,0,0,0,0,0,0,0,0x27F72,0x4D,0x72
1229,0xD49B8,0x30793,0xFFFFFB46,0,1,3409,783,0,639,672,0,0,0,0,0,0,0,0,0x27F72,0x93,0x72
1230,0xD4C7C,0x30344,0xFFFFFBB1,0,1,3412,778,0,639,672,0,0,0,0,0,0,0,0,0x27F72,0x44,0x72
1231,0xD4F40,0x2FF60,0xFFFFFC1C,0,1,3415,774,0,639,672,0,0,0,0,0,0,0,0,0x27F72,0x60,0x72
1232,0xD5204,0x2FBE7,0xFFFFFC87,0,1,3418,771,0,639,672,0,0,0,0,0,0,0,0,0x27F72,0xE7,0x72
1233,0xD54C8,0x2F8D9,0xFFFFFCF2,0,1,3420,768,0,639,672,0,0,0,0,0,0,0,0,0x27F72,0xD9,0x72
1234,0xD578C,0x2F636,0xFFFFFD5D,0,1,3423,765,0,639,672,0,0,0,0,0,0,0,0,0x27F72,0x36,0x72
1235,0xD5A50,0x2F3FE,0xFFFFFDC8,0,1,3426,763,0,639,672,0,0,0,0,0,0,0,0,0x27F72,0xFE,0x72
1236,0xD5D14,0x2F231,0xFFFFFE33,0,1,3429,761,0,639,672,0,0,0,0,0,0,0,0,0x27F72,0x31,0x72
1237,0xD5FD8,0x2F0CF,0xFFFFFE9E,0,1,3431,760,0,639,672,0,0,0,0,0,0,0,0,0x27F72,0xCF,0x72
1238,0xD629C,0x2EFD8,0xFFFFFF09,0,1,3434,759,0,639,672,0,0,0,0,0,0,0,0,0x27F72,0xD8,0x72
1239,0xD6560,0x2EF4C,0xFFFFFF74,0,1,3437,758,0,639,672,0,0,0,0,0,0,0,0,0x27F72,0x4C,0x72
1240,0xD6824,0x2EF2B,0xFFFFFFDF,0,1,3440,758,0,639,672,0,0,0,0,0,0,0,0,0x27F72,0x2B,0x72
1241,0xD6AE8,0x2EF75,0x4A,0,1,3442,759,0,639,672,0,0,0,0,0,0,0,0,0x27F72,0x75,0x72
1242,0xD6DAC,0x2F02A,0xB5,0,1,3445,759,0,639,672,0,0,0,0,0,0,0,0,0x27F72,0x2A,0x72
1243,0xD7070,0x2F14A,0x120,0,1,3448,760,0,639,672,0,0,0,0,0,0,0,0,0x27F72,0x4A,0x72
1244,0xD7334,0x2F2D5,0x18B,0,1,3451,762,0,639,672,0,0,0,0,0,0,0,0,0x27F72,0xD5,0x72
1245,0xD75F8,0x2F4CB,0x1F6,0,1,3453,764,0,639,672,0,0,0,0,0,0,0,0,0x27F72,0xCB,0x72
1246,0xD78BC,0x2F72C,0x261,0,1,3456,766,0,639,672,0,0,0,0,0,0,0,0,0x27F72,0x2C,0x72
1247,0xD7B80,0x2F9F8,0x2CC,0,1,3459,769,0,639,672,0,0,0,0,0,0,0,0,0x27F72,0xF8,0x72
1248,0xD7E44,0x2FD2F,0x337,0,1,3462,772,0,639,672,0,0,0,0,0,0,0,0,0x27F72,0x2F,0x72
1249,0xD8108,0x300D1,0x3A2,0,1,3465,776,0,639,672,0,0,0,0,0,0,0,0,0x27F72,0xD1,0x72
1250,0xD83CC,0x30172,0x0,0,1,3467,777,1,639,672,0,0,0,0,0,0,0,0,0x27F72,0x72,0x72
1251,0xD8690,0x30172,0x0,0,1,3470,777,1,639,672,0,0,0,0,0,0,0,0,0x27F72,0x72,0x72
1252,0xD8954,0x30172,0x0,0,1,3473,777,1,639,672,0,0,0,0,0,0,0,0,0x27F72,0x72,0x72
1253,0xD8C18,0x30172,0x0,0,1,3476,777,1,639,672,0,0,0,0,0,0,0,0,0x27F72,0x72,0x72
1254,0xD8EDC,0x30172,0x0,0,1,3478,777,1,639,672,0,0,0,0,0,0,0,0,0x27F72,0x72,0x72
1255,0xD91A0,0x30172,0x0,0,1,3481,777,1,639,672,0,0,0,0,0,0,0,0,0x27F72,0x72,0x72
1256,0xD9464,0x30172,0xFFFFFA70,1,1,3484,777,0,639,672,0,0,0,0,0,0,0,0,0x27F72,0x72,0x72
1257,0xD9728,0x2FC4D,0xFFFFFADB,0,1,3487,771,0,639,672,0,0,0,0,0,0,0,0,0x27F72,0x4D,0x72
1258,0xD99EC,0x2F793,0xFFFFFB46,0,1,3489,767,0,639,672,0,0,0,0,0,0,0,0,0x27F72,0x93,0x72
1259,0xD9CB0,0x2F344,0xFFFFFBB1,0,1,3492,762,0,639,672,0,0,0,0,0,0,0,0,0x27F72,0x44,0x72
1260,0xD9F74,0x2EF60,0xFFFFFC1C,0,1,3495,758,0,639,672,0,0,0,0,0,0,0,0,0x27F72,0x60,0x72
1261,0xDA238,0x2EBE7,0xFFFFFC87,0,1,3498,755,0,639,672,0,0,0,0,0,0,0,0,0x27F72,0xE7,0x72
1262,0xDA4FC,0x2E8D9,0xFFFFFCF2,0,1,3500,752,0,639,672,0,0,0,0,0,0,0,0,0x27F72,0xD9,0x72
1263,0xDA7C0,0x2E636,0xFFFFFD5D,0,1,3503,749,0,639,672,0,0,0,0,0,0,0,0,0x27F72,0x36,0x72
1264,0xDAA84,0x2E3FE,0xFFFFFDC8,0,1,3506,747,0,639,672,0,0,0,0,0,0,0,0,0x27F72,0xFE,0x72
1265,0xDAD48,0x2E231,0xFFFFFE33,0,1,3509,745,0,639,672,0,0,0,0,0,0,0,0,0x27F72,0x31,0x72
1266,0xDB00C,0x2E0CF,0xFFFFFE9E,0,1,3512,744,0,639,672,0,0,0,0,0,0,0,0,0x27F72,0xCF,0x72
1267,0xDB2D0,0x2DFD8,0xFFFFFF09,0,1,3514,743,0,639,672,0,0,0,0,0,0,0,0,0x27F72,0xD8,0x72
1268,0xDB594,0x2DF4C,0xFFFFFF74,0,1,3517,742,0,639,672,0,0,0,0,0,0,0,0,0x27F72,0x4C,0x72
1269,0xDB858,0x2DF2B,0xFFFFFFDF,0,1,3520,742,0,639,672,0,0,0,0,0,0,0,0,0x27F72,0x2B,0x72
1270,0xDBB1C,0x2DF75,0x4A,0,1,3523,743,0,639,672,0,0,0,0,0,0,0,0,0x27F72,0x75,0x72
1271,0xDBDE0,0x2E02A,0xB5,0,1,3525,743,0,639,672,0,0,0,0,0,0,0,0,0x27F72,0x2A,0x72
1272,0xDC0A4,0x2E14A,0x120,0,1,3528,744,0,639,672,0,0,0,0,0,0,0,0,0x27F72,0x4A,0x72
1273,0xDC368,0x2E172,0xFFFFFA70,1,1,3531,745,0,639,672,0,0,0,0,0,0,0,0,0x27F72,0x72,0x72
1274,0xDC62C,0x2DC4D,0xFFFFFADB,0,1,3534,739,0,639,672,0,0,0,0,0,0,0,0,0x27F72,0x4D,0x72
1275,0xDC8F0,0x2D793,0xFFFFFB46,0,1,3536,735,0,639,672,0,0,0,0,0,0,0,0,0x27F72,0x93,0x72
1276,0xDCBB4,0x2D344,0xFFFFFBB1,0,1,3539,730,0,639,672,0,0,0,0,0,0,0,0,0x27F72,0x44,0x72
1277,0xDCE78,0x2CF60,0xFFFFFC1C,0,1,3542,726,0,639,672,0,0,0,0,0,0,0,0,0x27F72,0x60,0x72
1278,0xDD13C,0x2CBE7,0xFFFFFC87,0,1,3545,723,0,639,672,0,0,0,0,0,0,0,0,0x27F72,0xE7,0x72
1279,0xDD400,0x2C8D9,0xFFFFFCF2,0,1,3548,720,0,639,672,0,0,0,0,0,0,0,0,0x27F72,0xD9,0x72
1280,0xDD6C4,0x2C636,0xFFFFFD5D,0,1,3550,717,0,639,672,0,0,0,0,0,0,0,0,0x27F72,0x36,0x72
1281,0xDD988,0x2C3FE,0xFFFFFDC8,0,1,3553,715,0,639,672,0,0,0,0,0,0,0,0,0x27F72,0xFE,0x72
1282,0xDDC4C,0x2C231,0xFFFFFE33,0,1,3556,713,0,639,672,0,0,0,0,0,0,0,0,0x27F72,0x31,0x72
1283,0xDDF10,0x2C0CF,0xFFFFFE9E,0,1,3559,712,0,639,672,0,0,0,0,0,0,0,0,0x27F72,0xCF,0x72
1284,0xDE1D4,0x2BFD8,0xFFFFFF09,0,1,3561,711,0,639,672,0,0,0,0,0,0,0,0,0x27F72,0xD8,0x72
1285,0xDE498,0x2BF4C,0xFFFFFF74,0,1,3564,711,0,639,672,0,0,0,0,0,0,0,0,0x27F4C,0x4C,0x4C
1286,0xDE75C,0x2BF2B,0xFFFFFFDF,0,1,3567,711,0,639,672,0,0,0,0,0,0,0,0,0x27F2B,0x2B,0x2B
1287,0xDEA20,0x2BF75,0x4A,0,1,3570,711,0,639,672,0,0,0,0,0,0,0,0,0x27F2B,0x75,0x2B
1288,0xDECE4,0x2C02A,0xB5,0,1,3572,711,0,639,672,0,0,0,0,0,0,0,0,0x27F2B,0x2A,0x2B
1289,0xDEFA8,0x2C14A,0x120,0,1,3575,713,0,639,672,0,0,0,0,0,0,0,0,0x27F2B,0x4A,0x2B
1290,0xDF26C,0x2C2D5,0x18B,0,1,3578,714,0,639,672,0,0,0,0,0,0,0,0,0x27F2B,0xD5,0x2B
1291,0xDF530,0x2C4CB,0x1F6,0,1,3581,716,0,639,672,0,0,0,0,0,0,0,0,0x27F2B,0xCB,0x2B
1292,0xDF7F4,0x2C72C,0x261,0,1,3583,719,0,639,672,0,0,0,0,0,0,0,0,0x27F2B,0x2C,0x2B
1293,0xDFAB8,0x2C9F8,0x2CC,0,1,3586,721,0,639,672,0,0,0,0,0,0,0,0,0x27F2B,0xF8,0x2B
1294,0xDFD7C,0x2CD2F,0x337,0,1,3589,725,0,639,672,0,0,0,0,0,0,0,0,0x27F2B,0x2F,0x2B
1295,0xE0040,0x2D0D1,0x3A2,0,1,3592,728,0,639,672,0,0,0,0,0,0,0,0,0x27F2B,0xD1,0x2B
1296,0xE0304,0x2D4DE,0x40D,0,1,3595,732,0,639,672,0,0,0,0,0,0,0,0,0x27F2B,0xDE,0x2B
1297,0xE05C8,0x2D956,0x478,0,1,3597,737,0,639,672,0,0,0,0,0,0,0,0,0x27F2B,0x56,0x2B
1298,0xE088C,0x2DE39,0x4E3,0,1,3600,742,0,639,672,0,0,0,0,0,0,0,0,0x27F2B,0x39,0x2B
1299,0xE0B50,0x2E12B,0x0,0,1,3603,745,1,639,672,0,0,0,0,0,0,0,0,0x27F2B,0x2B,0x2B
1300,0xE0E14,0x2E12B,0x0,0,1,3606,745,1,639,672,0,0,0,0,0,0,0,0,0x27F2B,0x2B,0x2B
1301,0xE10D8,0x2E12B,0x0,0,1,3608,745,0,639,672,0,0,0,0,0,0,0,0,0x27F2B,0x2B,0x2B
1302,0xE139C,0x2E196,0x6B,0,1,3611,745,0,639,672,0,0,0,0,0,0,0,0,0x27F2B,0x96,0x2B
1303,0xE1660,0x2E26C,0xD6,0,1,3614,746,0,639,672,0,0,0,0,0,0,0,0,0x27F2B,0x6C,0x2B
1304,0xE1924,0x2E3AD,0x141,0,1,3617,747,0,639,672,0,0,0,0,0,0,0,0,0x27F2B,0xAD,0x2B
1305,0xE1BE8,0x2E559,0x1AC,0,1,3619,749,0,639,672,0,0,0,0,0,0,0,0,0x27F2B,0x59,0x2B
1306,0xE1EAC,0x2E770,0x217,0,1,3622,751,0,639,672,0,0,0,0,0,0,0,0,0x27F2B,0x70,0x2B
1307,0xE2170,0x2E9F2,0x282,0,1,3625,753,0,639,672,0,0,0,0,0,0,0,0,0x27F2B,0xF2,0x2B
1308,0xE2434,0x2ECDF,0x2ED,0,1,3628,756,0,639,672,0,0,0,0,0,0,0,0,0x27F2B,0xDF,0x2B
1309,0xE26F8,0x2F037,0x358,0,1,3630,760,0,639,672,0,0,0,0,0,0,0,0,0x27F2B,0x37,0x2B
1310,0xE29BC,0x2F3FA,0x3C3,0,1,3633,763,0,639,672,0,0,0,0,0,0,0,0,0x27F2B,0xFA,0x2B
1311,0xE2C80,0x2F828,0x42E,0,1,3636,767,0,639,672,0,0,0,0,0,0,0,0,0x27F2B,0x28,0x2B
1312,0xE2F44,0x2FCC1,0x499,0,1,3639,772,0,639,672,0,0,0,0,0,0,0,0,0x27F2B,0xC1,0x2B
1313,0xE3208,0x301C5,0x504,0,1,3642,777,0,639,672,0,0,0,0,0,0,0,0,0x27F2B,0xC5,0x2B
1314,0xE34CC,0x3012B,0x0,0,1,3644,777,1,639,672,0,0,0,0,0,0,0,0,0x27F2B,0x2B,0x2B
1315,0xE3790,0x3012B,0x0,0,1,3647,777,1,639,672,0,0,0,0,0,0,0,0,0x27F2B,0x2B,0x2B
1316,0xE3A54,0x3012B,0x0,0,1,3650,777,1,639,672,0,0,0,0,0,0,0,0,0x27F2B,0x2B,0x2B
1317,0xE3D18,0x3012B,0x0,0,1,3653,777,1,639,672,0,0,0,0,0,0,0,0,0x27F2B,0x2B,0x2B
1318,0xE3FDC,0x3012B,0x0,0,1,3655,777,1,639,672,0,0,0,0,0,0,0,0,0x27F2B,0x2B,0x2B
1319,0xE42A0,0x3012B,0xFFFFFA70,1,1,3658,777,0,639,672,0,0,0,0,0,0,0,0,0x27F2B,0x2B,0x2B
1320,0xE4564,0x2FC06,0xFFFFFADB,0,1,3661,771,0,639,672,0,0,0,0,0,0,0,0,0x27F2B,0x06,0x2B
1321,0xE4828,0x2F74C,0xFFFFFB46,0,1,3664,767,0,639,672,0,0,0,0,0,0,0,0,0x27F2B,0x4C,0x2B
1322,0xE4AEC,0x2F2FD,0xFFFFFBB1,0,1,3666,762,0,639,672,0,0,0,0,0,0,0,0,0x27F2B,0xFD,0x2B
1323,0xE4DB0,0x2EF19,0xFFFFFC1C,0,1,3669,758,0,639,672,0,0,0,0,0,0,0,0,0x27F2B,0x19,0x2B
1324,0xE5074,0x2EBA0,0xFFFFFC87,0,1,3672,755,0,639,672,0,0,0,0,0,0,0,0,0x27F2B,0xA0,0x2B
1325,0xE5338,0x2E892,0xFFFFFCF2,0,1,3675,752,0,639,672,0,0,0,0,0,0,0,0,0x27F2B,0x92,0x2B
1326,0xE55FC,0x2E5EF,0xFFFFFD5D,0,1,3677,749,0,639,672,0,0,0,0,0,0,0,0,0x27F2B,0xEF,0x2B
1327,0xE58C0,0x2E3B7,0xFFFFFDC8,0,1,3680,747,0,639,672,0,0,0,0,0,0,0,0,0x27F2B,0xB7,0x2B
1328,0xE5B84,0x2E1EA,0xFFFFFE33,0,1,3683,745,0,639,672,0,0,0,0,0,0,0,0,0x27F2B,0xEA,0x2B
1329,0xE5E48,0x2E088,0xFFFFFE9E,0,1,3686,744,0,639,672,0,0,0,0,0,0,0,0,0x27F2B,0x88,0x2B
1330,0xE610C,0x2DF91,0xFFFFFF09,0,1,3689,743,0,639,672,0,0,0,0,0,0,0,0,0x27F2B,0x91,0x2B
1331,0xE63D0,0x2DF05,0xFFFFFF74,0,1,3691,742,0,639,672,0,0,0,0,0,0,0,0,0x27F2B,0x05,0x2B
1332,0xE6694,0x2DEE4,0xFFFFFFDF,0,1,3694,742,0,639,672,0,0,0,0,0,0,0,0,0x27F2B,0xE4,0x2B
1333,0xE6958,0x2DF2E,0x4A,0,1,3697,743,0,639,672,0,0,0,0,0,0,0,0,0x27F2B,0x2E,0x2B
1334,0xE6C1C,0x2DFE3,0xB5,0,1,3700,743,0,639,672,0,0,0,0,0,0,0,0,0x27F2B,0xE3,0x2B
1335,0xE6EE0,0x2E103,0x120,0,1,3702,744,0,639,672,0,0,0,0,0,0,0,0,0x27F2B,0x03,0x2B
1336,0xE71A4,0x2E28E,0x18B,0,1,3705,746,0,639,672,0,0,0,0,0,0,0,0,0x27F2B,0x8E,0x2B
1337,0xE7468,0x2E484,0x1F6,0,1,3708,748,0,639,672,0,0,0,0,0,0,0,0,0x27F2B,0x84,0x2B
1338,0xE772C,0x2E6E5,0x261,0,1,3711,750,0,639,672,0,0,0,0,0,0,0,0,0x27F2B,0xE5,0x2B
1339,0xE79F0,0x2E9B1,0x2CC,0,1,3713,753,0,639,672,0,0,0,0,0,0,0,0,0x27F2B,0xB1,0x2B
1340,0xE7CB4,0x2ECE8,0x337,0,1,3716,756,0,639,672,0,0,0,0,0,0,0,0,0x27F2B,0xE8,0x2B
1341,0xE7F78,0x2F08A,0x3A2,0,1,3719,760,0,639,672,0,0,0,0,0,0,0,0,0x27F2B,0x8A,0x2B
1342,0xE823C,0x2F497,0x40D,0,1,3722,764,0,639,672,0,0,0,0,0,0,0,0,0x27F2B,0x97,0x2B
1343,0xE8500,0x2F90F,0x478,0,1,3725,768,0,639,672,0,0,0,0,0,0,0,0,0x27F2B,0x0F,0x2B
1344,0xE87C4,0x2FDF2,0x4E3,0,1,3727,773,0,639,672,0,0,0,0,0,0,0,0,0x27F2B,0xF2,0x2B
1345,0xE8A88,0x3012B,0x0,0,1,3730,777,1,639,672,0,0,0,0,0,0,0,0,0x27F2B,0x2B,0x2B
1346,0xE8D4C,0x3012B,0x0,0,1,3733,777,1,639,672,0,0,0,0,0,0,0,0,0x27F2B,0x2B,0x2B
1347,0xE9010,0x3012B,0xFFFFFA70,1,1,3736,777,0,639,672,0,0,0,0,0,0,0,0,0x27F2B,0x2B,0x2B
1348,0xE92D4,0x2FC06,0xFFFFFADB,0,1,3738,771,0,639,672,0,0,0,0,0,0,0,0,0x27F2B,0x06,0x2B
1349,0xE9598,0x2F74C,0xFFFFFB46,0,1,3741,767,0,639,672,0,0,0,0,0,0,0,0,0x27F2B,0x4C,0x2B
1350,0xE985C,0x2F2FD,0xFFFFFBB1,0,1,3744,762,0,639,672,0,0,0,0,0,0,0,0,0x27F2B,0xFD,0x2B
1351,0xE9B20,0x2EF19,0xFFFFFC1C,0,1,3747,758,0,639,672,0,0,0,0,0,0,0,0,0x27F2B,0x19,0x2B
1352,0xE9DE4,0x2EBA0,0xFFFFFC87,0,1,3749,755,0,639,672,0,0,0,0,0,0,0,0,0x27F2B,0xA0,0x2B
1353,0xEA0A8,0x2E892,0xFFFFFCF2,0,1,3752,752,0,639,672,0,0,0,0,0,0,0,0,0x27F2B,0x92,0x2B
1354,0xEA36C,0x2E5EF,0xFFFFFD5D,0,1,3755,749,0,639,672,0,0,0,0,0,0,0,0,0x27F2B,0xEF,0x2B
1355,0xEA630,0x2E3B7,0xFFFFFDC8,0,1,3758,747,0,639,672,0,0,0,0,0,0,0,0,0x27F2B,0xB7,0x2B
1356,0xEA8F4,0x2E1EA,0xFFFFFE33,0,1,3760,745,0,639,672,0,0,0,0,0,0,0,0,0x27F2B,0xEA,0x2B
1357,0xEABB8,0x2E088,0xFFFFFE9E,0,1,3763,744,0,639,672,0,0,0,0,0,0,0,0,0x27F2B,0x88,0x2B
1358,0xEAE7C,0x2DF91,0xFFFFFF09,0,1,3766,743,0,639,672,0,0,0,0,0,0,0,0,0x27F2B,0x91,0x2B
1359,0xEB140,0x2DF05,0xFFFFFF74,0,1,3769,742,0,639,672,0,0,0,0,0,0,0,0,0x27F2B,0x05,0x2B
1360,0xEB404,0x2DEE4,0xFFFFFFDF,0,1,3772,742,0,639,672,0,0,0,0,0,0,0,0,0x27F2B,0xE4,0x2B
1361,0xEB6C8,0x2DF2E,0x4A,0,1,3774,743,0,639,672,0,0,0,0,0,0,0,0,0x27F2B,0x2E,0x2B
1362,0xEB98C,0x2DFE3,0xB5,0,1,3777,743,0,639,672,0,0,0,0,0,0,0,0,0x27F2B,0xE3,0x2B
1363,0xEBC50,0x2E103,0x120,0,1,3780,744,0,639,672,0,0,0,0,0,0,0,0,0x27F2B,0x03,0x2B
1364,0xEBF14,0x2E28E,0x18B,0,1,3783,746,0,639,672,0,0,0,0,0,0,0,0,0x27F2B,0x8E,0x2B
1365,0xEC1D8,0x2E484,0x1F6,0,1,3785,748,0,639,672,0,0,0,0,0,0,0,0,0x27F2B,0x84,0x2B
1366,0xEC49C,0x2E6E5,0x261,0,1,3788,750,0,639,672,0,0,0,0,0,0,0,0,0x27F2B,0xE5,0x2B
1367,0xEC760,0x2E9B1,0x2CC,0,1,3791,753,0,639,672,0,0,0,0,0,0,0,0,0x27F2B,0xB1,0x2B
1368,0xECA24,0x2ECE8,0x337,0,1,3794,756,0,639,672,0,0,0,0,0,0,0,0,0x27F2B,0xE8,0x2B
1369,0xECCE8,0x2F08A,0x3A2,0,1,3796,760,0,639,672,0,0,0,0,0,0,0,0,0x27F2B,0x8A,0x2B
1370,0xECFAC,0x2F12B,0x0,0,1,3799,761,1,639,672,0,0,0,0,0,0,0,0,0x27F2B,0x2B,0x2B
1371,0xED270,0x2F12B,0x0,0,1,3802,761,1,639,672,0,0,0,0,0,0,0,0,0x27F2B,0x2B,0x2B
1372,0xED534,0x2F12B,0xFFFFFA70,1,1,3805,761,0,639,672,0,0,0,0,0,0,0,0,0x27F2B,0x2B,0x2B
1373,0xED7F8,0x2EC06,0xFFFFFADB,0,1,3807,755,0,639,672,0,0,0,0,0,0,0,0,0x27F2B,0x06,0x2B
1374,0xEDABC,0x2E74C,0xFFFFFB46,0,1,3810,751,0,639,672,0,0,0,0,0,0,0,0,0x27F2B,0x4C,0x2B
1375,0xEDD80,0x2E2FD,0xFFFFFBB1,0,1,3813,746,0,639,672,0,0,0,0,0,0,0,0,0x27F2B,0xFD,0x2B
1376,0xEE044,0x2DF19,0xFFFFFC1C,0,1,3816,742,0,639,672,0,0,0,0,0,0,0,0,0x27F2B,0x19,0x2B
1377,0xEE308,0x2DBA0,0xFFFFFC87,0,1,3819,739,0,639,672,0,0,0,0,0,0,0,0,0x27F2B,0xA0,0x2B
1378,0xEE5CC,0x2D892,0xFFFFFCF2,0,1,3821,736,0,639,672,0,0,0,0,0,0,0,0,0x27F2B,0x92,0x2B
1379,0xEE890,0x2D5EF,0xFFFFFD5D,0,1,3824,733,0,639,672,0,0,0,0,0,0,0,0,0x27F2B,0xEF,0x2B
1380,0xEEB54,0x2D3B7,0xFFFFFDC8,0,1,3827,731,0,639,672,0,0,0,0,0,0,0,0,0x27F2B,0xB7,0x2B
1381,0xEEE18,0x2D1EA,0xFFFFFE33,0,1,3830,729,0,639,672,0,0,0,0,0,0,0,0,0x27F2B,0xEA,0x2B
1382,0xEF0DC,0x2D088,0xFFFFFE9E,0,1,3832,728,0,639,672,0,0,0,0,0,0,0,0,0x27F2B,0x88,0x2B
1383,0xEF3A0,0x2CF91,0xFFFFFF09,0,1,3835,727,0,639,672,0,0,0,0,0,0,0,0,0x27F2B,0x91,0x2B
1384,0xEF664,0x2CF05,0xFFFFFF74,0,1,3838,726,0,639,672,0,0,0,0,0,0,0,0,0x27F2B,0x05,0x2B
1385,0xEF928,0x2CEE4,0xFFFFFFDF,0,1,3841,726,0,639,672,0,0,0,0,0,0,0,0,0x27F2B,0xE4,0x2B
1386,0xEFBEC,0x2CF2E,0x4A,0,1,3843,727,0,639,672,0,0,0,0,0,0,0,0,0x27F2B,0x2E,0x2B
1387,0xEFEB0,0x2CFE3,0xB5,0,1,3846,727,0,639,672,0,0,0,0,0,0,0,0,0x27F2B,0xE3,0x2B
1388,0xF0174,0x2D103,0x120,0,1,3849,728,0,639,672,0,0,0,0,0,0,0,0,0x27F2B,0x03,0x2B
1389,0xF0438,0x2D28E,0x18B,0,1,3852,730,0,639,672,0,0,0,0,0,0,0,0,0x27F2B,0x8E,0x2B
1390,0xF06FC,0x2D484,0x1F6,0,1,3854,732,0,639,672,0,0,0,0,0,0,0,0,0x27F2B,0x84,0x2B
1391,0xF09C0,0x2D6E5,0x261,0,1,3857,734,0,639,672,0,0,0,0,0,0,0,0,0x27F2B,0xE5,0x2B
1392,0xF0C84,0x2D9B1,0x2CC,0,1,3860,737,0,639,672,0,0,0,0,0,0,0,0,0x27F2B,0xB1,0x2B
1393,0xF0F48,0x2DCE8,0x337,0,1,3863,740,0,639,672,0,0,0,0,0,0,0,0,0x27F2B,0xE8,0x2B
1394,0xF120C,0x2E08A,0x3A2,0,1,3866,744,0,639,672,0,0,0,0,0,0,0,0,0x27F2B,0x8A,0x2B
1395,0xF14D0,0x2E497,0x40D,0,1,3868,748,0,639,672,0,0,0,0,0,0,0,0,0x27F2B,0x97,0x2B
1396,0xF1794,0x2E90F,0x478,0,1,3871,752,0,639,672,0,0,0,0,0,0,0,0,0x27F2B,0x0F,0x2B
1397,0xF1A58,0x2EDF2,0x4E3,0,1,3874,757,0,639,672,0,0,0,0,0,0,0,0,0x27F2B,0xF2,0x2B
1398,0xF1D1C,0x2F12B,0x0,0,1,3877,761,1,639,672,0,0,0,0,0,0,0,0,0x27F2B,0x2B,0x2B
1399,0xF1FE0,0x2F12B,0x0,0,1,3879,761,1,639,672,0,0,0,0,0,0,0,0,0x27F2B,0x2B,0x2B
1400,0xF22A4,0x2F12B,0x0,0,1,3882,761,1,639,672,0,0,0,0,0,0,0,0,0x27F2B,0x2B,0x2B
1401,0xF2568,0x2F12B,0x0,0,1,3885,761,1,639,672,0,0,0,0,0,0,0,0,0x27F2B,0x2B,0x2B
1402,0xF282C,0x2F12B,0x0,0,1,3888,761,1,639,672,0,0,0,0,0,0,0,0,0x27F2B,0x2B,0x2B
1403,0xF2AF0,0x2F12B,0x0,0,1,3890,761,1,639,672,0,0,0,0,0,0,0,0,0x27F2B,0x2B,0x2B
1404,0xF2DB4,0x2F12B,0x0,0,1,3893,761,1,639,672,0,0,0,0,0,0,0,0,0x27F2B,0x2B,0x2B
1405,0xF3078,0x2F12B,0x0,0,1,3896,761,1,639,672,0,0,0,0,0,0,0,0,0x27F2B,0x2B,0x2B
1406,0xF333C,0x2F12B,0xFFFFFA70,1,1,3899,761,0,639,672,0,0,0,0,0,0,0,0,0x27F2B,0x2B,0x2B
1407,0xF3600,0x2EC06,0xFFFFFADB,0,1,3902,755,0,639,672,0,0,0,0,0,0,0,0,0x27F2B,0x06,0x2B
1408,0xF38C4,0x2E74C,0xFFFFFB46,0,1,3904,751,0,639,672,0,0,0,0,0,0,0,0,0x27F2B,0x4C,0x2B
1409,0xF3B88,0x2E2FD,0xFFFFFBB1,0,1,3907,746,0,639,672,0,0,0,0,0,0,0,0,0x27F2B,0xFD,0x2B
1410,0xF3E4C,0x2DF19,0xFFFFFC1C,0,1,3910,742,0,639,672,0,0,0,0,0,0,0,0,0x27F2B,0x19,0x2B
1411,0xF4110,0x2DBA0,0xFFFFFC87,0,1,3913,739,0,639,672,0,0,0,0,0,0,0,0,0x27F2B,0xA0,0x2B
1412,0xF43D4,0x2D892,0xFFFFFCF2,0,1,3915,736,0,639,672,0,0,0,0,0,0,0,0,0x27F2B,0x92,0x2B
1413,0xF4698,0x2D5EF,0xFFFFFD5D,0,1,3918,733,0,639,672,0,0,0,0,0,0,0,0,0x27F2B,0xEF,0x2B
1414,0xF495C,0x2D3B7,0xFFFFFDC8,0,1,3921,731,0,639,672,0,0,0,0,0,0,0,0,0x27F2B,0xB7,0x2B
1415,0xF4C20,0x2D1EA,0xFFFFFE33,0,1,3924,729,0,639,672,0,0,0,0,0,0,0,0,0x27F2B,0xEA,0x2B
1416,0xF4EE4,0x2D088,0xFFFFFE9E,0,1,3926,728,0,639,672,0,0,0,0,0,0,0,0,0x27F2B,0x88,0x2B
1417,0xF51A8,0x2CF91,0xFFFFFF09,0,1,3929,727,0,639,672,0,0,0,0,0,0,0,0,0x27F2B,0x91,0x2B
1418,0xF546C,0x2CF05,0xFFFFFF74,0,1,3932,726,0,639,672,0,0,0,0,0,0,0,0,0x27F2B,0x05,0x2B
1419,0xF5730,0x2CEE4,0xFFFFFFDF,0,1,3935,726,0,639,672,0,0,0,0,0,0,0,0,0x27F2B,0xE4,0x2B
1420,0xF59F4,0x2CF2E,0x4A,0,1,3937,727,0,639,672,0,0,0,0,0,0,0,0,0x27F2B,0x2E,0x2B
1421,0xF5CB8,0x2CFE3,0xB5,0,1,3940,727,0,639,672,0,0,0,0,0,0,0,0,0x27F2B,0xE3,0x2B
1422,0xF5F7C,0x2D103,0x120,0,1,3943,728,0,639,672,0,0,0,0,0,0,0,0,0x27F2B,0x03,0x2B
1423,0xF6240,0x2D28E,0x18B,0,1,3946,730,0,639,672,0,0,0,0,0,0,0,0,0x27F2B,0x8E,0x2B
1424,0xF6504,0x2D484,0x1F6,0,1,3949,732,0,639,672,0,0,0,0,0,0,0,0,0x27F2B,0x84,0x2B
1425,0xF67C8,0x2D6E5,0x261,0,1,3951,734,0,639,672,0,0,0,0,0,0,0,0,0x27F2B,0xE5,0x2B
1426,0xF6A8C,0x2D9B1,0x2CC,0,1,3954,737,0,639,672,0,0,0,0,0,0,0,0,0x27F2B,0xB1,0x2B
1427,0xF6D50,0x2DCE8,0x337,0,1,3957,740,0,639,672,0,0,0,0,0,0,0,0,0x27F2B,0xE8,0x2B
1428,0xF7014,0x2E08A,0x3A2,0,1,3960,744,0,639,672,0,0,0,0,0,0,0,0,0x27F2B,0x8A,0x2B
1429,0xF72D8,0x2E497,0x40D,0,1,3962,748,0,639,672,0,0,0,0,0,0,0,0,0x27F2B,0x97,0x2B
1430,0xF759C,0x2E90F,0x478,0,1,3965,752,0,639,672,0,0,0,0,0,0,0,0,0x27F2B,0x0F,0x2B
1431,0xF7860,0x2EDF2,0x4E3,0,1,3968,757,0,639,672,0,0,0,0,0,0,0,0,0x27F2B,0xF2,0x2B
1432,0xF7B24,0x2F340,0x54E,0,1,3971,763,0,639,672,0,0,0,0,0,0,0,0,0x27F2B,0x40,0x2B
1433,0xF7DE8,0x2F8F9,0x5B9,0,1,3973,768,0,639,672,0,0,0,0,0,0,0,0,0x27F2B,0xF9,0x2B
1434,0xF80AC,0x2FF1D,0x624,0,1,3976,774,0,639,672,0,0,0,0,0,0,0,0,0x27F2B,0x1D,0x2B
1435,0xF8370,0x3012B,0x0,0,1,3979,777,1,639,672,0,0,0,0,0,0,0,0,0x27F2B,0x2B,0x2B
1436,0xF8634,0x3012B,0xFFFFFA70,1,1,3982,777,0,639,672,0,0,0,0,0,0,0,0,0x27F2B,0x2B,0x2B
1437,0xF88F8,0x2FC06,0xFFFFFADB,0,1,3984,771,0,639,672,0,0,0,0,0,0,0,0,0x27F2B,0x06,0x2B
1438,0xF8BBC,0x2F74C,0xFFFFFB46,0,1,3987,767,0,639,672,0,0,0,0,0,0,0,0,0x27F2B,0x4C,0x2B
1439,0xF8E80,0x2F2FD,0xFFFFFBB1,0,1,3990,762,0,639,672,0,0,0,0,0,0,0,0,0x27F2B,0xFD,0x2B
1440,0xF9144,0x2EF19,0xFFFFFC1C,0,1,3993,758,0,639,672,0,0,0,0,0,0,0,0,0x27F2B,0x19,0x2B
1441,0xF9408,0x2EBA0,0xFFFFFC87,0,1,3996,755,0,639,672,0,0,0,0,0,0,0,0,0x27F2B,0xA0,0x2B
1442,0xF96CC,0x2E892,0xFFFFFCF2,0,1,3998,752,0,639,672,0,0,0,0,0,0,0,0,0x27F2B,0x92,0x2B
1443,0xF9990,0x2E5EF,0xFFFFFD5D,0,1,4001,749,0,639,672,0,0,0,0,0,0,0,0,0x27F2B,0xEF,0x2B
1444,0xF9C54,0x2E3B7,0xFFFFFDC8,0,1,4004,747,0,639,672,0,0,0,0,0,0,0,0,0x27F2B,0xB7,0x2B
1445,0xF9F18,0x2E1EA,0xFFFFFE33,0,1,4007,745,0,639,672,0,0,0,0,0,0,0,0,0x27F2B,0xEA,0x2B
1446,0xFA1DC,0x2E088,0xFFFFFE9E,0,1,4009,744,0,639,672,0,0,0,0,0,0,0,0,0x27F2B,0x88,0x2B
1447,0xFA4A0,0x2DF91,0xFFFFFF09,0,1,4012,743,0,639,672,0,0,0,0,0,0,0,0,0x27F2B,0x91,0x2B
1448,0xFA764,0x2DF05,0xFFFFFF74,0,1,4015,742,0,639,672,0,0,0,0,0,0,0,0,0x27F2B,0x05,0x2B
1449,0xFAA28,0x2DEE4,0xFFFFFFDF,0,1,4018,742,0,639,672,0,0,0,0,0,0,0,0,0x27F2B,0xE4,0x2B
1450,0xFACEC,0x2DF2E,0x4A,0,1,4020,743,0,639,672,0,0,0,0,0,0,0,0,0x27F2B,0x2E,0x2B
1451,0xFAFB0,0x2DFE3,0xB5,0,1,4023,743,0,639,672,0,0,0,0,0,0,0,0,0x27F2B,0xE3,0x2B
1452,0xFB274,0x2E103,0x120,0,1,4026,744,0,639,672,0,0,0,0,0,0,0,0,0x27F2B,0x03,0x2B
1453,0xFB538,0x2E12B,0xFFFFFA70,1,1,4029,745,0,639,672,0,0,0,0,0,0,0,0,0x27F2B,0x2B,0x2B
1454,0xFB7FC,0x2DC06,0xFFFFFADB,0,1,4031,739,0,639,672,0,0,0,0,0,0,0,0,0x27F2B,0x06,0x2B
1455,0xFBAC0,0x2D74C,0xFFFFFB46,0,1,4034,735,0,639,672,0,0,0,0,0,0,0,0,0x27F2B,0x4C,0x2B
1456,0xFBD84,0x2D2FD,0xFFFFFBB1,0,1,4037,730,0,639,672,0,0,0,0,0,0,0,0,0x27F2B,0xFD,0x2B
1457,0xFC048,0x2CF19,0xFFFFFC1C,0,1,4040,726,0,639,672,0,0,0,0,0,0,0,0,0x27F2B,0x19,0x2B
1458,0xFC30C,0x2CBA0,0xFFFFFC87,0,1,4043,723,0,639,672,0,0,0,0,0,0,0,0,0x27F2B,0xA0,0x2B
1459,0xFC5D0,0x2C892,0xFFFFFCF2,0,1,4045,720,0,639,672,0,0,0,0,0,0,0,0,0x27F2B,0x92,0x2B
1460,0xFC894,0x2C5EF,0xFFFFFD5D,0,1,4048,717,0,639,672,0,0,0,0,0,0,0,0,0x27F2B,0xEF,0x2B
1461,0xFCB58,0x2C3B7,0xFFFFFDC8,0,1,4051,715,0,639,672,0,0,0,0,0,0,0,0,0x27F2B,0xB7,0x2B
1462,0xFCE1C,0x2C1EA,0xFFFFFE33,0,1,4054,713,0,639,672,0,0,0,0,0,0,0,0,0x27F2B,0xEA,0x2B
1463,0xFD0E0,0x2C088,0xFFFFFE9E,0,1,4056,712,0,639,672,0,0,0,0,0,0,0,0,0x27F2B,0x88,0x2B
1464,0xFD3A4,0x2BF91,0xFFFFFF09,0,1,4059,711,0,639,672,0,0,0,0,0,0,0,0,0x27F2B,0x91,0x2B
1465,0xFD668,0x2BF05,0xFFFFFF74,0,1,4062,711,0,639,672,0,0,0,0,0,0,0,0,0x27F05,0x05,0x05
1466,0xFD92C,0x2BEE4,0xFFFFFFDF,0,1,4065,710,0,638,672,0,0,0,0,0,0,0,0,0x27EE4,0xE4,0xE4
1467,0xFDBF0,0x2BF2E,0x4A,0,1,4067,710,0,638,672,0,0,0,0,0,0,0,0,0x27EE4,0x2E,0xE4
1468,0xFDEB4,0x2BFE3,0xB5,0,1,4070,710,0,638,672,0,0,0,0,0,0,0,0,0x27EE4,0xE3,0xE4
1469,0xFE178,0x2C103,0x120,0,1,4073,712,0,638,672,0,0,0,0,0,0,0,0,0x27EE4,0x03,0xE4
1470,0xFE43C,0x2C28E,0x18B,0,1,4076,713,0,638,672,0,0,0,0,0,0,0,0,0x27EE4,0x8E,0xE4
1471,0xFE700,0x2C484,0x1F6,0,1,4079,715,0,638,672,0,0,0,0,0,0,0,0,0x27EE4,0x84,0xE4
1472,0xFE9C4,0x2C6E5,0x261,0,1,4081,718,0,638,672,0,0,0,0,0,0,0,0,0x27EE4,0xE5,0xE4
1473,0xFEC88,0x2C9B1,0x2CC,0,1,4084,720,0,638,672,0,0,0,0,0,0,0,0,0x27EE4,0xB1,0xE4
1474,0xFEF4C,0x2CCE8,0x337,0,1,4087,724,0,638,672,0,0,0,0,0,0,0,0,0x27EE4,0xE8,0xE4
1475,0xFF210,0x2D08A,0x3A2,0,1,4090,727,0,638,672,0,0,0,0,0,0,0,0,0x27EE4,0x8A,0xE4
1476,0xFF4D4,0x2D497,0x40D,0,1,4092,731,0,638,672,0,0,0,0,0,0,0,0,0x27EE4,0x97,0xE4
1477,0xFF798,0x2D90F,0x478,0,1,4095,736,0,638,672,0,0,0,0,0,0,0,0,0x27EE4,0x0F,0xE4
1478,0xFFA5C,0x2DDF2,0x4E3,0,1,4098,741,0,638,672,0,0,0,0,0,0,0,0,0x27EE4,0xF2,0xE4
1479,0xFFD20,0x2E340,0x54E,0,1,4101,746,0,638,672,0,0,0,0,0,0,0,0,0x27EE4,0x40,0xE4
1480,0xFFFE4,0x2E8F9,0x5B9,0,1,4103,752,0,638,672,0,0,0,0,0,0,0,0,0x27EE4,0xF9,0xE4
1481,0x1002A8,0x2EF1D,0x624,0,1,4106,758,0,638,672,0,0,0,0,0,0,0,0,0x27EE4,0x1D,0xE4
1482,0x10056C,0x2F5AC,0x68F,0,1,4109,764,0,638,672,0,0,0,0,0,0,0,0,0x27EE4,0xAC,0xE4
1483,0x100830,0x2FCA6,0x6FA,0,1,4112,771,0,638,672,0,0,0,0,0,0,0,0,0x27EE4,0xA6,0xE4
1484,0x100AF4,0x3040B,0x765,0,1,4114,779,0,638,672,0,0,0,0,0,0,0,0,0x27EE4,0x0B,0xE4
1485,0x100DB8,0x30B05,0x6FA,0,1,4117,786,0,638,672,0,0,0,0,0,0,0,0,0x27EE4,0x05,0xE4
1486,0x10107C,0x3126A,0x765,0,1,4120,793,0,638,672,0,0,0,0,0,0,0,0,0x27EE4,0x6A,0xE4
1487,0x101340,0x31964,0x6FA,0,1,4123,800,0,638,672,0,0,0,0,0,0,0,0,0x27EE4,0x64,0xE4
1488,0x101604,0x320C9,0x765,0,1,4126,808,0,640,672,0,0,0,0,0,0,0,0,0x280C9,0xC9,0xC9
1489,0x1018C8,0x321C9,0x0,0,1,4128,809,1,641,672,0,0,0,0,0,0,0,0,0x281C9,0xC9,0xC9
1490,0x101B8C,0x321C9,0x0,0,1,4131,809,1,641,672,0,0,0,0,0,0,0,0,0x281C9,0xC9,0xC9
1491,0x101E50,0x321C9,0x0,0,1,4134,809,1,641,672,0,0,0,0,0,0,0,0,0x281C9,0xC9,0xC9
1492,0x102114,0x321C9,0xFFFFFA70,1,1,4137,809,0,641,672,0,0,0,0,0,0,0,0,0x281C9,0xC9,0xC9
1493,0x1023D8,0x31CA4,0xFFFFFADB,0,1,4139,803,0,641,672,0,0,0,0,0,0,0,0,0x281C9,0xA4,0xC9
1494,0x10269C,0x317EA,0xFFFFFB46,0,1,4142,799,0,641,672,0,0,0,0,0,0,0,0,0x281C9,0xEA,0xC9
1495,0x102960,0x3139B,0xFFFFFBB1,0,1,4145,794,0,641,672,0,0,0,0,0,0,0,0,0x281C9,0x9B,0xC9
1496,0x102C24,0x30FB7,0xFFFFFC1C,0,1,4148,790,0,641,672,0,0,0,0,0,0,0,0,0x281C9,0xB7,0xC9
1497,0x102EE8,0x30C3E,0xFFFFFC87,0,1,4150,787,0,641,672,0,0,0,0,0,0,0,0,0x281C9,0x3E,0xC9
1498,0x1031AC,0x30930,0xFFFFFCF2,0,1,4153,784,0,641,672,0,0,0,0,0,0,0,0,0x281C9,0x30,0xC9
1499,0x103470,0x3068D,0xFFFFFD5D,0,1,4156,781,0,641,672,0,0,0,0,0,0,0,0,0x281C9,0x8D,0xC9
1500,0x103734,0x30455,0xFFFFFDC8,0,1,4159,779,0,641,672,0,0,0,0,0,0,0,0,0x281C9,0x55,0xC9
1501,0x1039F8,0x30288,0xFFFFFE33,0,1,4161,777,0,641,672,0,0,0,0,0,0,0,0,0x281C9,0x88,0xC9
1502,0x103CBC,0x30126,0xFFFFFE9E,0,1,4164,776,0,641,672,0,0,0,0,0,0,0,0,0x281C9,0x26,0xC9
1503,0x103F80,0x3002F,0xFFFFFF09,0,1,4167,775,0,641,672,0,0,0,0,0,0,0,0,0x281C9,0x2F,0xC9
1504,0x104244,0x2FFA3,0xFFFFFF74,0,1,4170,774,0,641,672,0,0,0,0,0,0,0,0,0x281C9,0xA3,0xC9
1505,0x104508,0x2FF82,0xFFFFFFDF,0,1,4173,774,0,641,672,0,0,0,0,0,0,0,0,0x281C9,0x82,0xC9
1506,0x1047CC,0x2FFCC,0x4A,0,1,4175,775,0,641,672,0,0,0,0,0,0,0,0,0x281C9,0xCC,0xC9
1507,0x104A90,0x30081,0xB5,0,1,4178,775,0,641,672,0,0,0,0,0,0,0,0,0x281C9,0x81,0xC9
1508,0x104D54,0x301A1,0x120,0,1,4181,776,0,641,672,0,0,0,0,0,0,0,0,0x281C9,0xA1,0xC9
1509,0x105018,0x3032C,0x18B,0,1,4184,778,0,641,672,0,0,0,0,0,0,0,0,0x281C9,0x2C,0xC9
1510,0x1052DC,0x30522,0x1F6,0,1,4186,780,0,641,672,0,0,0,0,0,0,0,0,0x281C9,0x22,0xC9
1511,0x1055A0,0x30783,0x261,0,1,4189,782,0,641,672,0,0,0,0,0,0,0,0,0x281C9,0x83,0xC9
1512,0x105864,0x30A4F,0x2CC,0,1,4192,785,0,641,672,0,0,0,0,0,0,0,0,0x281C9,0x4F,0xC9
1513,0x105B28,0x30D86,0x337,0,1,4195,788,0,641,672,0,0,0,0,0,0,0,0,0x281C9,0x86,0xC9
1514,0x105DEC,0x31128,0x3A2,0,1,4197,792,0,641,672,0,0,0,0,0,0,0,0,0x281C9,0x28,0xC9
1515,0x1060B0,0x31535,0x40D,0,1,4200,796,0,641,672,0,0,0,0,0,0,0,0,0x281C9,0x35,0xC9
1516,0x106374,0x319AD,0x478,0,1,4203,800,0,641,672,0,0,0,0,0,0,0,0,0x281C9,0xAD,0xC9
1517,0x106638,0x31E90,0x4E3,0,1,4206,805,0,641,672,0,0,0,0,0,0,0,0,0x281C9,0x90,0xC9
1518,0x1068FC,0x323DE,0x54E,0,1,4208,811,0,643,672,0,0,0,0,0,0,0,0,0x283DE,0xDE,0xDE
1519,0x106BC0,0x32997,0x5B9,0,1,4211,817,0,649,672,0,0,0,0,0,0,0,0,0x28997,0x97,0x97
1520,0x106E84,0x32FBB,0x624,0,1,4214,823,0,655,672,0,0,0,0,0,0,0,0,0x28FBB,0xBB,0xBB
1521,0x107148,0x3364A,0x68F,0,1,4217,830,0,662,672,0,0,0,0,0,0,0,0,0x2964A,0x4A,0x4A
1522,0x10740C,0x33D44,0x6FA,0,1,4220,837,0,669,672,0,0,0,0,0,0,0,0,0x29D44,0x44,0x44
1523,0x1076D0,0x34144,0xFFFFFA70,1,1,4222,841,0,671,672,0,0,0,0,0,0,0,0,0x29F00,0x44,0x00
1524,0x107994,0x33C1F,0xFFFFFADB,0,1,4225,836,0,671,672,0,0,0,0,0,0,0,0,0x29F00,0x1F,0x00
1525,0x107C58,0x33765,0xFFFFFB46,0,1,4228,831,0,671,672,0,0,0,0,0,0,0,0,0x29F00,0x65,0x00
1526,0x107F1C,0x33316,0xFFFFFBB1,0,1,4231,827,0,671,672,0,0,0,0,0,0,0,0,0x29F00,0x16,0x00
1527,0x1081E0,0x32F32,0xFFFFFC1C,0,1,4233,823,0,671,672,0,0,0,0,0,0,0,0,0x29F00,0x32,0x00
1528,0x1084A4,0x32BB9,0xFFFFFC87,0,1,4236,819,0,671,672,0,0,0,0,0,0,0,0,0x29F00,0xB9,0x00
1529,0x108768,0x328AB,0xFFFFFCF2,0,1,4239,816,0,671,672,0,0,0,0,0,0,0,0,0x29F00,0xAB,0x00
1530,0x108A2C,0x32608,0xFFFFFD5D,0,1,4242,814,0,671,672,0,0,0,0,0,0,0,0,0x29F00,0x08,0x00
1531,0x108CF0,0x323D0,0xFFFFFDC8,0,1,4244,811,0,671,672,0,0,0,0,0,0,0,0,0x29F00,0xD0,0x00
1532,0x108FB4,0x32203,0xFFFFFE33,0,1,4247,810,0,671,672,0,0,0,0,0,0,0,0,0x29F00,0x03,0x00
1533,0x109278,0x320A1,0xFFFFFE9E,0,1,4250,808,0,671,672,0,0,0,0,0,0,0,0,0x29F00,0xA1,0x00
1534,0x10953C,0x31FAA,0xFFFFFF09,0,1,4253,807,0,671,672,0,0,0,0,0,0,0,0,0x29F00,0xAA,0x00
1535,0x109800,0x31F1E,0xFFFFFF74,0,1,4256,807,0,671,672,0,0,0,0,0,0,0,0,0x29F00,0x1E,0x00
1536,0x109AC4,0x31EFD,0xFFFFFFDF,0,1,4258,806,0,671,672,0,0,0,0,0,0,0,0,0x29F00,0xFD,0x00
1537,0x109D88,0x31F47,0x4A,0,1,4261,807,0,671,672,0,0,0,0,0,0,0,0,0x29F00,0x47,0x00
1538,0x10A04C,0x31FFC,0xB5,0,1,4264,807,0,671,672,0,0,0,0,0,0,0,0,0x29F00,0xFC,0x00
1539,0x10A310,0x3211C,0x120,0,1,4267,809,0,671,672,0,0,0,0,0,0,0,0,0x29F00,0x1C,0x00
1540,0x10A5D4,0x322A7,0x18B,0,1,4269,810,0,671,672,0,0,0,0,0,0,0,0,0x29F00,0xA7,0x00
1541,0x10A898,0x3249D,0x1F6,0,1,4272,812,0,671,672,0,0,0,0,0,0,0,0,0x29F00,0x9D,0x00
1542,0x10AB5C,0x326FE,0x261,0,1,4275,814,0,671,672,0,0,0,0,0,0,0,0,0x29F00,0xFE,0x00
1543,0x10AE20,0x329CA,0x2CC,0,1,4278,817,0,671,672,0,0,0,0,0,0,0,0,0x29F00,0xCA,0x00
1544,0x10B0E4,0x32D01,0x337,0,1,4280,821,0,671,672,0,0,0,0,0,0,0,0,0x29F00,0x01,0x00
1545,0x10B3A8,0x330A3,0x3A2,0,1,4283,824,0,671,672,0,0,0,0,0,0,0,0,0x29F00,0xA3,0x00
1546,0x10B66C,0x334B0,0x40D,0,1,4286,828,0,671,672,0,0,0,0,0,0,0,0,0x29F00,0xB0,0x00
1547,0x10B930,0x33928,0x478,0,1,4289,833,0,671,672,0,0,0,0,0,0,0,0,0x29F00,0x28,0x00
1548,0x10BBF4,0x33E0B,0x4E3,0,1,4291,838,0,671,672,0,0,0,0,0,0,0,0,0x29F00,0x0B,0x00
1549,0x10BEB8,0x34359,0x54E,0,1,4294,843,0,671,672,0,0,0,0,0,0,0,0,0x29F00,0x59,0x00
1550,0x10C17C,0x34912,0x5B9,0,1,4297,849,0,671,672,0,0,0,0,0,0,0,0,0x29F00,0x12,0x00
1551,0x10C440,0x34F36,0x624,0,1,4300,855,0,671,672,0,0,0,0,0,0,0,0,0x29F00,0x36,0x00
1552,0x10C704,0x35100,0x0,0,1,4303,857,1,671,672,0,0,0,0,0,0,0,0,0x29F00,0x00,0x00
1553,0x10C9C8,0x35100,0x0,0,1,4305,857,1,671,672,0,0,0,0,0,0,0,0,0x29F00,0x00,0x00
1554,0x10CC8C,0x35100,0x0,0,1,4308,857,1,671,672,0,0,0,0,0,0,0,0,0x29F00,0x00,0x00
1555,0x10CF50,0x35100,0x0,0,1,4311,857,1,671,672,0,0,0,0,0,0,0,0,0x29F00,0x00,0x00
1556,0x10D214,0x35100,0x0,0,1,4314,857,1,671,672,0,0,0,0,0,0,0,0,0x29F00,0x00,0x00
1557,0x10D4D8,0x35100,0x0,0,1,4316,857,1,671,672,0,0,0,0,0,0,0,0,0x29F00,0x00,0x00
1558,0x10D79C,0x35100,0xFFFFFA70,1,1,4319,857,0,671,672,0,0,0,0,0,0,0,0,0x29F00,0x00,0x00
1559,0x10DA60,0x34BDB,0xFFFFFADB,0,1,4322,851,0,671,672,0,0,0,0,0,0,0,0,0x29F00,0xDB,0x00
1560,0x10DD24,0x34721,0xFFFFFB46,0,1,4325,847,0,671,672,0,0,0,0,0,0,0,0,0x29F00,0x21,0x00
1561,0x10DFE8,0x342D2,0xFFFFFBB1,0,1,4327,842,0,671,672,0,0,0,0,0,0,0,0,0x29F00,0xD2,0x00
1562,0x10E2AC,0x33EEE,0xFFFFFC1C,0,1,4330,838,0,671,672,0,0,0,0,0,0,0,0,0x29F00,0xEE,0x00
1563,0x10E570,0x33B75,0xFFFFFC87,0,1,4333,835,0,671,672,0,0,0,0,0,0,0,0,0x29F00,0x75,0x00
1564,0x10E834,0x33867,0xFFFFFCF2,0,1,4336,832,0,671,672,0,0,0,0,0,0,0,0,0x29F00,0x67,0x00
1565,0x10EAF8,0x335C4,0xFFFFFD5D,0,1,4338,829,0,671,672,0,0,0,0,0,0,0,0,0x29F00,0xC4,0x00
1566,0x10EDBC,0x3338C,0xFFFFFDC8,0,1,4341,827,0,671,672,0,0,0,0,0,0,0,0,0x29F00,0x8C,0x00
1567,0x10F080,0x331BF,0xFFFFFE33,0,1,4344,825,0,671,672,0,0,0,0,0,0,0,0,0x29F00,0xBF,0x00
1568,0x10F344,0x3305D,0xFFFFFE9E,0,1,4347,824,0,671,672,0,0,0,0,0,0,0,0,0x29F00,0x5D,0x00
1569,0x10F608,0x32F66,0xFFFFFF09,0,1,4350,823,0,671,672,0,0,0,0,0,0,0,0,0x29F00,0x66,0x00
1570,0x10F8CC,0x32EDA,0xFFFFFF74,0,1,4352,822,0,671,672,0,0,0,0,0,0,0,0,0x29F00,0xDA,0x00
1571,0x10FB90,0x32EB9,0xFFFFFFDF,0,1,4355,822,0,671,672,0,0,0,0,0,0,0,0,0x29F00,0xB9,0x00
1572,0x10FE54,0x32F03,0x4A,0,1,4358,823,0,671,672,0,0,0,0,0,0,0,0,0x29F00,0x03,0x00
1573,0x110118,0x32FB8,0xB5,0,1,4361,823,0,671,672,0,0,0,0,0,0,0,0,0x29F00,0xB8,0x00
1574,0x1103DC,0x330D8,0x120,0,1,4363,824,0,671,672,0,0,0,0,0,0,0,0,0x29F00,0xD8,0x00
1575,0x1106A0,0x33263,0x18B,0,1,4366,826,0,671,672,0,0,0,0,0,0,0,0,0x29F00,0x63,0x00
1576,0x110964,0x33459,0x1F6,0,1,4369,828,0,671,672,0,0,0,0,0,0,0,0,0x29F00,0x59,0x00
1577,0x110C28,0x336BA,0x261,0,1,4372,830,0,671,672,0,0,0,0,0,0,0,0,0x29F00,0xBA,0x00
1578,0x110EEC,0x33986,0x2CC,0,1,4374,833,0,671,672,0,0,0,0,0,0,0,0,0x29F00,0x86,0x00
1579,0x1111B0,0x33CBD,0x337,0,1,4377,836,0,671,672,0,0,0,0,0,0,0,0,0x29F00,0xBD,0x00
1580,0x111474,0x3405F,0x3A2,0,1,4380,840,0,671,672,0,0,0,0,0,0,0,0,0x29F00,0x5F,0x00
1581,0x111738,0x3446C,0x40D,0,1,4383,844,0,671,672,0,0,0,0,0,0,0,0,0x29F00,0x6C,0x00
1582,0x1119FC,0x348E4,0x478,0,1,4385,848,0,671,672,0,0,0,0,0,0,0,0,0x29F00,0xE4,0x00
1583,0x111CC0,0x34DC7,0x4E3,0,1,4388,853,0,671,672,0,0,0,0,0,0,0,0,0x29F00,0xC7,0x00
1584,0x111F84,0x35100,0x0,0,1,4391,857,1,671,672,0,0,0,0,0,0,0,0,0x29F00,0x00,0x00
1585,0x112248,0x35100,0x0,0,1,4394,857,1,671,672,0,0,0,0,0,0,0,0,0x29F00,0x00,0x00
1586,0x11250C,0x35100,0x0,0,1,4397,857,1,671,672,0,0,0,0,0,0,0,0,0x29F00,0x00,0x00
1587,0x1127D0,0x35100,0x0,0,1,4399,857,1,671,672,0,0,0,0,0,0,0,0,0x29F00,0x00,0x00
1588,0x112A94,0x35100,0x0,0,1,4402,857,1,671,672,0,0,0,0,0,0,0,0,0x29F00,0x00,0x00
1589,0x112D58,0x35100,0x0,0,1,4405,857,1,671,672,0,0,0,0,0,0,0,0,0x29F00,0x00,0x00
1590,0x11301C,0x35100,0x0,0,1,4408,857,1,671,672,0,0,0,0,0,0,0,0,0x29F00,0x00,0x00
1591,0x1132E0,0x35100,0x0,0,1,4410,857,1,671,672,0,0,0,0,0,0,0,0,0x29F00,0x00,0x00
1592,0x1135A4,0x35100,0x0,0,1,4413,857,1,671,672,0,0,0,0,0,0,0,0,0x29F00,0x00,0x00
1593,0x113868,0x35100,0x0,0,1,4416,857,1,671,672,0,0,0,0,0,0,0,0,0x29F00,0x00,0x00
1594,0x113B2C,0x35100,0x0,0,1,4419,857,1,671,672,0,0,0,0,0,0,0,0,0x29F00,0x00,0x00
1595,0x113DF0,0x35100,0x0,0,1,4421,857,1,671,672,0,0,0,0,0,0,0,0,0x29F00,0x00,0x00
1596,0x1140B4,0x35100,0x0,0,1,4424,857,1,671,672,0,0,0,0,0,0,0,0,0x29F00,0x00,0x00
1597,0x114378,0x35100,0x0,0,1,4427,857,1,671,672,0,0,0,0,0,0,0,0,0x29F00,0x00,0x00
1598,0x11463C,0x35100,0x0,0,1,4430,857,1,671,672,0,0,0,0,0,0,0,0,0x29F00,0x00,0x00
1599,0x114900,0x35100,0x0,0,1,4433,857,1,671,672,0,0,0,0,0,0,0,0,0x29F00,0x00,0x00
1600,0x114BC4,0x35100,0x0,0,1,4435,857,1,671,672,0,0,0,0,0,0,0,0,0x29F00,0x00,0x00
1601,0x114E88,0x35100,0x0,0,1,4438,857,1,671,672,0,0,0,0,0,0,0,0,0x29F00,0x00,0x00
1602,0x11514C,0x35100,0x0,0,1,4441,857,1,671,672,0,0,0,0,0,0,0,0,0x29F00,0x00,0x00
1603,0x115410,0x35100,0x0,0,1,4444,857,1,671,672,0,0,0,0,0,0,0,0,0x29F00,0x00,0x00
1604,0x1156D4,0x35100,0x0,0,1,4446,857,1,671,672,0,0,0,0,0,0,0,0,0x29F00,0x00,0x00
1605,0x115998,0x35100,0x0,0,1,4449,857,1,671,672,0,0,0,0,0,0,0,0,0x29F00,0x00,0x00
1606,0x115C5C,0x35100,0x0,0,1,4452,857,1,671,672,0,0,0,0,0,0,0,0,0x29F00,0x00,0x00
1607,0x115F20,0x35100,0x0,0,1,4455,857,1,671,672,0,0,0,0,0,0,0,0,0x29F00,0x00,0x00
1608,0x1161E4,0x35100,0x0,0,1,4457,857,1,671,672,0,0,0,0,0,0,0,0,0x29F00,0x00,0x00
1609,0x1164A8,0x35100,0xFFFFFA70,1,1,4460,857,0,671,672,0,0,0,0,0,0,0,0,0x29F00,0x00,0x00
1610,0x11676C,0x34BDB,0xFFFFFADB,0,1,4463,851,0,671,672,0,0,0,0,0,0,0,0,0x29F00,0xDB,0x00
1611,0x116A30,0x34721,0xFFFFFB46,0,1,4466,847,0,671,672,0,0,0,0,0,0,0,0,0x29F00,0x21,0x00
1612,0x116CF4,0x342D2,0xFFFFFBB1,0,1,4468,842,0,671,672,0,0,0,0,0,0,0,0,0x29F00,0xD2,0x00
1613,0x116FB8,0x33EEE,0xFFFFFC1C,0,1,4471,838,0,671,672,0,0,0,0,0,0,0,0,0x29F00,0xEE,0x00
1614,0x11727C,0x33B75,0xFFFFFC87,0,1,4474,835,0,671,672,0,0,0,0,0,0,0,0,0x29F00,0x75,0x00
1615,0x117540,0x33867,0xFFFFFCF2,0,1,4477,832,0,671,672,0,0,0,0,0,0,0,0,0x29F00,0x67,0x00
1616,0x117804,0x335C4,0xFFFFFD5D,0,1,4480,829,0,671,672,0,0,0,0,0,0,0,0,0x29F00,0xC4,0x00
1617,0x117AC8,0x3338C,0xFFFFFDC8,0,1,4482,827,0,671,672,0,0,0,0,0,0,0,0,0x29F00,0x8C,0x00
1618,0x117D8C,0x331BF,0xFFFFFE33,0,1,4485,825,0,671,672,0,0,0,0,0,0,0,0,0x29F00,0xBF,0x00
1619,0x118050,0x3305D,0xFFFFFE9E,0,1,4488,824,0,671,672,0,0,0,0,0,0,0,0,0x29F00,0x5D,0x00
1620,0x118314,0x32F66,0xFFFFFF09,0,1,4491,823,0,671,672,0,0,0,0,0,0,0,0,0x29F00,0x66,0x00
1621,0x1185D8,0x32EDA,0xFFFFFF74,0,1,4493,822,0,671,672,0,0,0,0,0,0,0,0,0x29F00,0xDA,0x00
1622,0x11889C,0x32EB9,0xFFFFFFDF,0,1,4496,822,0,671,672,0,0,0,0,0,0,0,0,0x29F00,0xB9,0x00
1623,0x118B60,0x32F03,0x4A,0,1,4499,823,0,671,672,0,0,0,0,0,0,0,0,0x29F00,0x03,0x00
1624,0x118E24,0x32FB8,0xB5,0,1,4502,823,0,671,672,0,0,0,0,0,0,0,0,0x29F00,0xB8,0x00
1625,0x1190E8,0x330D8,0x120,0,1,4504,824,0,671,672,0,0,0,0,0,0,0,0,0x29F00,0xD8,0x00
1626,0x1193AC,0x33263,0x18B,0,1,4507,826,0,671,672,0,0,0,0,0,0,0,0,0x29F00,0x63,0x00
1627,0x119670,0x33459,0x1F6,0,1,4510,828,0,671,672,0,0,0,0,0,0,0,0,0x29F00,0x59,0x00
1628,0x119934,0x336BA,0x261,0,1,4513,830,0,671,672,0,0,0,0,0,0,0,0,0x29F00,0xBA,0x00
1629,0x119BF8,0x33986,0x2CC,0,1,4515,833,0,671,672,0,0,0,0,0,0,0,0,0x29F00,0x86,0x00
1630,0x119EBC,0x33CBD,0x337,0,1,4518,836,0,671,672,0,0,0,0,0,0,0,0,0x29F00,0xBD,0x00
1631,0x11A180,0x3405F,0x3A2,0,1,4521,840,0,671,672,0,0,0,0,0,0,0,0,0x29F00,0x5F,0x00
1632,0x11A444,0x3446C,0x40D,0,1,4524,844,0,671,672,0,0,0,0,0,0,0,0,0x29F00,0x6C,0x00
1633,0x11A708,0x348E4,0x478,0,1,4527,848,0,671,672,0,0,0,0,0,0,0,0,0x29F00,0xE4,0x00
1634,0x11A9CC,0x34DC7,0x4E3,0,1,4529,853,0,671,672,0,0,0,0,0,0,0,0,0x29F00,0xC7,0x00
1635,0x11AC90,0x35100,0x0,0,1,4532,857,1,671,672,0,0,0,0,0,0,0,0,0x29F00,0x00,0x00
1636,0x11AF54,0x35100,0x0,0,1,4535,857,1,671,672,0,0,0,0,0,0,0,0,0x29F00,0x00,0x00
1637,0x11B218,0x35100,0x0,0,1,4538,857,1,671,672,0,0,0,0,0,0,0,0,0x29F00,0x00,0x00
1638,0x11B4DC,0x35100,0x0,0,1,4540,857,1,671,672,0,0,0,0,0,0,0,0,0x29F00,0x00,0x00
1639,0x11B7A0,0x35100,0x0,0,1,4543,857,1,671,672,0,0,0,0,0,0,0,0,0x29F00,0x00,0x00
1640,0x11BA64,0x35100,0x0,0,1,4546,857,1,671,672,0,0,0,0,0,0,0,0,0x29F00,0x00,0x00
1641,0x11BD28,0x35100,0x0,0,1,4549,857,1,671,672,0,0,0,0,0,0,0,0,0x29F00,0x00,0x00
1642,0x11BFEC,0x35100,0x0,0,1,4551,857,1,671,672,0,0,0,0,0,0,0,0,0x29F00,0x00,0x00
1643,0x11C2B0,0x35100,0x0,0,1,4554,857,1,671,672,0,0,0,0,0,0,0,0,0x29F00,0x00,0x00
1644,0x11C574,0x35100,0x0,0,1,4557,857,1,671,672,0,0,0,0,0,0,0,0,0x29F00,0x00,0x00
1645,0x11C838,0x35100,0x0,0,1,4560,857,1,671,672,0,0,0,0,0,0,0,0,0x29F00,0x00,0x00
1646,0x11CAFC,0x35100,0x0,0,1,4562,857,1,671,672,0,0,0,0,0,0,0,0,0x29F00,0x00,0x00
1647,0x11CDC0,0x35100,0x0,0,1,4565,857,1,671,672,0,0,0,0,0,0,0,0,0x29F00,0x00,0x00
1648,0x11D084,0x35100,0x0,0,1,4568,857,1,671,672,0,0,0,0,0,0,0,0,0x29F00,0x00,0x00
1649,0x11D348,0x35100,0x0,0,1,4571,857,1,671,672,0,0,0,0,0,0,0,0,0x29F00,0x00,0x00
1650,0x11D60C,0x35100,0x0,0,1,4574,857,1,671,672,0,0,0,0,0,0,0,0,0x29F00,0x00,0x00
1651,0x11D8D0,0x35100,0x0,0,1,4576,857,1,671,672,0,0,0,0,0,0,0,0,0x29F00,0x00,0x00
1652,0x11DB94,0x35100,0x0,0,1,4579,857,1,671,672,0,0,0,0,0,0,0,0,0x29F00,0x00,0x00
1653,0x11DE58,0x35100,0x0,0,1,4582,857,1,671,672,0,0,0,0,0,0,0,0,0x29F00,0x00,0x00
1654,0x11E11C,0x35100,0x0,0,1,4585,857,1,671,672,0,0,0,0,0,0,0,0,0x29F00,0x00,0x00
1655,0x11E3E0,0x35100,0x0,0,1,4587,857,1,671,672,0,0,0,0,0,0,0,0,0x29F00,0x00,0x00
1656,0x11E6A4,0x35100,0x0,0,1,4590,857,1,671,672,0,0,0,0,0,0,0,0,0x29F00,0x00,0x00
1657,0x11E968,0x35100,0x0,0,1,4593,857,1,671,672,0,0,0,0,0,0,0,0,0x29F00,0x00,0x00
1658,0x11EC2C,0x35100,0x0,0,1,4596,857,1,671,672,0,0,0,0,0,0,0,0,0x29F00,0x00,0x00
1659,0x11EEF0,0x35100,0x0,0,1,4598,857,1,671,672,0,0,0,0,0,0,0,0,0x29F00,0x00,0x00
1660,0x11F1B4,0x35100,0x0,0,1,4601,857,1,671,672,0,0,0,0,0,0,0,0,0x29F00,0x00,0x00
1661,0x11F478,0x35100,0xFFFFFA70,1,1,4604,857,0,671,672,0,0,0,0,0,0,0,0,0x29F00,0x00,0x00
1662,0x11F73C,0x34BDB,0xFFFFFADB,0,1,4607,851,0,671,672,0,0,0,0,0,0,0,0,0x29F00,0xDB,0x00
1663,0x11FA00,0x34721,0xFFFFFB46,0,1,4610,847,0,671,672,0,0,0,0,0,0,0,0,0x29F00,0x21,0x00
1664,0x11FCC4,0x342D2,0xFFFFFBB1,0,1,4612,842,0,671,672,0,0,0,0,0,0,0,0,0x29F00,0xD2,0x00
1665,0x11FF88,0x33EEE,0xFFFFFC1C,0,1,4615,838,0,671,672,0,0,0,0,0,0,0,0,0x29F00,0xEE,0x00
1666,0x12024C,0x33B75,0xFFFFFC87,0,1,4618,835,0,671,672,0,0,0,0,0,0,0,0,0x29F00,0x75,0x00
1667,0x120510,0x33867,0xFFFFFCF2,0,1,4621,832,0,671,672,0,0,0,0,0,0,0,0,0x29F00,0x67,0x00
1668,0x1207D4,0x335C4,0xFFFFFD5D,0,1,4623,829,0,671,672,0,0,0,0,0,0,0,0,0x29F00,0xC4,0x00
1669,0x120A98,0x3338C,0xFFFFFDC8,0,1,4626,827,0,671,672,0,0,0,0,0,0,0,0,0x29F00,0x8C,0x00
1670,0x120D5C,0x331BF,0xFFFFFE33,0,1,4629,825,0,671,672,0,0,0,0,0,0,0,0,0x29F00,0xBF,0x00
1671,0x121020,0x3305D,0xFFFFFE9E,0,1,4632,824,0,671,672,0,0,0,0,0,0,0,0,0x29F00,0x5D,0x00
1672,0x1212E4,0x32F66,0xFFFFFF09,0,1,4634,823,0,671,672,0,0,0,0,0,0,0,0,0x29F00,0x66,0x00
1673,0x1215A8,0x32EDA,0xFFFFFF74,0,1,4637,822,0,671,672,0,0,0,0,0,0,0,0,0x29F00,0xDA,0x00
1674,0x12186C,0x32EB9,0xFFFFFFDF,0,1,4640,822,0,671,672,0,0,0,0,0,0,0,0,0x29F00,0xB9,0x00
1675,0x121B30,0x32F03,0x4A,0,1,4643,823,0,671,672,0,0,0,0,0,0,0,0,0x29F00,0x03,0x00
1676,0x121DF4,0x32FB8,0xB5,0,1,4645,823,0,671,672,0,0,0,0,0,0,0,0,0x29F00,0xB8,0x00
1677,0x1220B8,0x330D8,0x120,0,1,4648,824,0,671,672,0,0,0,0,0,0,0,0,0x29F00,0xD8,0x00
1678,0x12237C,0x33263,0x18B,0,1,4651,826,0,671,672,0,0,0,0,0,0,0,0,0x29F00,0x63,0x00
1679,0x122640,0x33459,0x1F6,0,1,4654,828,0,671,672,0,0,0,0,0,0,0,0,0x29F00,0x59,0x00
1680,0x122904,0x336BA,0x261,0,1,4657,830,0,671,672,0,0,0,0,0,0,0,0,0x29F00,0xBA,0x00
1681,0x122BC8,0x33986,0x2CC,0,1,4659,833,0,671,672,0,0,0,0,0,0,0,0,0x29F00,0x86,0x00
1682,0x122E8C,0x33CBD,0x337,0,1,4662,836,0,671,672,0,0,0,0,0,0,0,0,0x29F00,0xBD,0x00
1683,0x123150,0x3405F,0x3A2,0,1,4665,840,0,671,672,0,0,0,0,0,0,0,0,0x29F00,0x5F,0x00
1684,0x123414,0x3446C,0x40D,0,1,4668,844,0,671,672,0,0,0,0,0,0,0,0,0x29F00,0x6C,0x00
1685,0x1236D8,0x348E4,0x478,0,1,4670,848,0,671,672,0,0,0,0,0,0,0,0,0x29F00,0xE4,0x00
1686,0x12399C,0x34DC7,0x4E3,0,1,4673,853,0,671,672,0,0,0,0,0,0,0,0,0x29F00,0xC7,0x00
1687,0x123C60,0x35100,0x0,0,1,4676,857,1,671,672,0,0,0,0,0,0,0,0,0x29F00,0x00,0x00
1688,0x123F24,0x35100,0x0,0,1,4679,857,1,671,672,0,0,0,0,0,0,0,0,0x29F00,0x00,0x00
1689,0x1241E8,0x35100,0x0,0,1,4681,857,1,671,672,0,0,0,0,0,0,0,0,0x29F00,0x00,0x00
1690,0x1244AC,0x35100,0x0,0,1,4684,857,1,671,672,0,0,0,0,0,0,0,0,0x29F00,0x00,0x00
1691,0x124770,0x35100,0x0,0,1,4687,857,1,671,672,0,0,0,0,0,0,0,0,0x29F00,0x00,0x00
1692,0x124A34,0x35100,0x0,0,1,4690,857,1,671,672,0,0,0,0,0,0,0,0,0x29F00,0x00,0x00
1693,0x124CF8,0x35100,0x0,0,1,4692,857,1,671,672,0,0,0,0,0,0,0,0,0x29F00,0x00,0x00
1694,0x124FBC,0x35100,0x0,0,1,4695,857,1,671,672,0,0,0,0,0,0,0,0,0x29F00,0x00,0x00
1695,0x125280,0x35100,0x0,0,1,4698,857,1,671,672,0,0,0,0,0,0,0,0,0x29F00,0x00,0x00
1696,0x125544,0x35100,0x0,0,1,4701,857,1,671,672,0,0,0,0,0,0,0,0,0x29F00,0x00,0x00
1697,0x125808,0x35100,0x0,0,1,4704,857,1,671,672,0,0,0,0,0,0,0,0,0x29F00,0x00,0x00
1698,0x125ACC,0x35100,0x0,0,1,4706,857,1,671,672,0,0,0,0,0,0,0,0,0x29F00,0x00,0x00
1699,0x125D90,0x35100,0x0,0,1,4709,857,1,671,672,0,0,0,0,0,0,0,0,0x29F00,0x00,0x00
1700,0x126054,0x35100,0x0,0,1,4712,857,1,671,672,0,0,0,0,0,0,0,0,0x29F00,0x00,0x00
1701,0x126318,0x35100,0x0,0,1,4715,857,1,671,672,0,0,0,0,0,0,0,0,0x29F00,0x00,0x00
1702,0x1265DC,0x35100,0x0,0,1,4717,857,1,671,672,0,0,0,0,0,0,0,0,0x29F00,0x00,0x00
1703,0x1268A0,0x35100,0x0,0,1,4720,857,1,671,672,0,0,0,0,0,0,0,0,0x29F00,0x00,0x00
1704,0x126B64,0x35100,0x0,0,1,4723,857,1,671,672,0,0,0,0,0,0,0,0,0x29F00,0x00,0x00
1705,0x126E28,0x35100,0xFFFFFA70,1,1,4726,857,0,671,672,0,0,0,0,0,0,0,0,0x29F00,0x00,0x00
1706,0x1270EC,0x34BDB,0xFFFFFADB,0,1,4728,851,0,671,672,0,0,0,0,0,0,0,0,0x29F00,0xDB,0x00
1707,0x1273B0,0x34721,0xFFFFFB46,0,1,4731,847,0,671,672,0,0,0,0,0,0,0,0,0x29F00,0x21,0x00
1708,0x127674,0x342D2,0xFFFFFBB1,0,1,4734,842,0,671,672,0,0,0,0,0,0,0,0,0x29F00,0xD2,0x00
1709,0x127938,0x33EEE,0xFFFFFC1C,0,1,4737,838,0,671,672,0,0,0,0,0,0,0,0,0x29F00,0xEE,0x00
1710,0x127BFC,0x33B75,0xFFFFFC87,0,1,4739,835,0,671,672,0,0,0,0,0,0,0,0,0x29F00,0x75,0x00
1711,0x127EC0,0x33867,0xFFFFFCF2,0,1,4742,832,0,671,672,0,0,0,0,0,0,0,0,0x29F00,0x67,0x00
1712,0x128184,0x335C4,0xFFFFFD5D,0,1,4745,829,0,671,672,0,0,0,0,0,0,0,0,0x29F00,0xC4,0x00
1713,0x128448,0x3338C,0xFFFFFDC8,0,1,4748,827,0,671,672,0,0,0,0,0,0,0,0,0x29F00,0x8C,0x00
1714,0x12870C,0x331BF,0xFFFFFE33,0,1,4751,825,0,671,672,0,0,0,0,0,0,0,0,0x29F00,0xBF,0x00
1715,0x1289D0,0x3305D,0xFFFFFE9E,0,1,4753,824,0,671,672,0,0,0,0,0,0,0,0,0x29F00,0x5D,0x00
1716,0x128C94,0x32F66,0xFFFFFF09,0,1,4756,823,0,671,672,0,0,0,0,0,0,0,0,0x29F00,0x66,0x00
1717,0x128F58,0x32EDA,0xFFFFFF74,0,1,4759,822,0,671,672,0,0,0,0,0,0,0,0,0x29F00,0xDA,0x00
1718,0x12921C,0x32EB9,0xFFFFFFDF,0,1,4762,822,0,671,672,0,0,0,0,0,0,0,0,0x29F00,0xB9,0x00
1719,0x1294E0,0x32F03,0x4A,0,1,4764,823,0,671,672,0,0,0,0,0,0,0,0,0x29F00,0x03,0x00
1720,0x1297A4,0x32FB8,0xB5,0,1,4767,823,0,671,672,0,0,0,0,0,0,0,0,0x29F00,0xB8,0x00
1721,0x129A68,0x330D8,0x120,0,1,4770,824,0,671,672,0,0,0,0,0,0,0,0,0x29F00,0xD8,0x00
1722,0x129D2C,0x33263,0x18B,0,1,4773,826,0,671,672,0,0,0,0,0,0,0,0,0x29F00,0x63,0x00
1723,0x129FF0,0x33459,0x1F6,0,1,4775,828,0,671,672,0,0,0,0,0,0,0,0,0x29F00,0x59,0x00
1724,0x12A2B4,0x336BA,0x261,0,1,4778,830,0,671,672,0,0,0,0,0,0,0,0,0x29F00,0xBA,0x00
1725,0x12A578,0x33986,0x2CC,0,1,4781,833,0,671,672,0,0,0,0,0,0,0,0,0x29F00,0x86,0x00
1726,0x12A83C,0x33CBD,0x337,0,1,4784,836,0,671,672,0,0,0,0,0,0,0,0,0x29F00,0xBD,0x00
1727,0x12AB00,0x3405F,0x3A2,0,1,4787,840,0,671,672,0,0,0,0,0,0,0,0,0x29F00,0x5F,0x00
1728,0x12ADC4,0x34100,0x0,0,1,4789,841,1,671,672,0,0,0,0,0,0,0,0,0x29F00,0x00,0x00
1729,0x12B088,0x34100,0x0,0,1,4792,841,1,671,672,0,0,0,0,0,0,0,0,0x29F00,0x00,0x00
1730,0x12B34C,0x34100,0xFFFFFA70,1,1,4795,841,0,671,672,0,0,0,0,0,0,0,0,0x29F00,0x00,0x00
1731,0x12B610,0x33BDB,0xFFFFFADB,0,1,4798,835,0,671,672,0,0,0,0,0,0,0,0,0x29F00,0xDB,0x00
1732,0x12B8D4,0x33721,0xFFFFFB46,0,1,4800,831,0,671,672,0,0,0,0,0,0,0,0,0x29F00,0x21,0x00
1733,0x12BB98,0x332D2,0xFFFFFBB1,0,1,4803,826,0,671,672,0,0,0,0,0,0,0,0,0x29F00,0xD2,0x00
1734,0x12BE5C,0x32EEE,0xFFFFFC1C,0,1,4806,822,0,671,672,0,0,0,0,0,0,0,0,0x29F00,0xEE,0x00
1735,0x12C120,0x32B75,0xFFFFFC87,0,1,4809,819,0,671,672,0,0,0,0,0,0,0,0,0x29F00,0x75,0x00
1736,0x12C3E4,0x32867,0xFFFFFCF2,0,1,4811,816,0,671,672,0,0,0,0,0,0,0,0,0x29F00,0x67,0x00
1737,0x12C6A8,0x325C4,0xFFFFFD5D,0,1,4814,813,0,671,672,0,0,0,0,0,0,0,0,0x29F00,0xC4,0x00
1738,0x12C96C,0x3238C,0xFFFFFDC8,0,1,4817,811,0,671,672,0,0,0,0,0,0,0,0,0x29F00,0x8C,0x00
1739,0x12CC30,0x321BF,0xFFFFFE33,0,1,4820,809,0,671,672,0,0,0,0,0,0,0,0,0x29F00,0xBF,0x00
1740,0x12CEF4,0x3205D,0xFFFFFE9E,0,1,4822,808,0,671,672,0,0,0,0,0,0,0,0,0x29F00,0x5D,0x00
1741,0x12D1B8,0x31F66,0xFFFFFF09,0,1,4825,807,0,671,672,0,0,0,0,0,0,0,0,0x29F00,0x66,0x00
1742,0x12D47C,0x31EDA,0xFFFFFF74,0,1,4828,806,0,671,672,0,0,0,0,0,0,0,0,0x29F00,0xDA,0x00
1743,0x12D740,0x31EB9,0xFFFFFFDF,0,1,4831,806,0,671,672,0,0,0,0,0,0,0,0,0x29F00,0xB9,0x00
1744,0x12DA04,0x31F03,0x4A,0,1,4834,807,0,671,672,0,0,0,0,0,0,0,0,0x29F00,0x03,0x00
1745,0x12DCC8,0x31FB8,0xB5,0,1,4836,807,0,671,672,0,0,0,0,0,0,0,0,0x29F00,0xB8,0x00
1746,0x12DF8C,0x320D8,0x120,0,1,4839,808,0,671,672,0,0,0,0,0,0,0,0,0x29F00,0xD8,0x00
1747,0x12E250,0x32263,0x18B,0,1,4842,810,0,671,672,0,0,0,0,0,0,0,0,0x29F00,0x63,0x00
1748,0x12E514,0x32459,0x1F6,0,1,4845,812,0,671,672,0,0,0,0,0,0,0,0,0x29F00,0x59,0x00
1749,0x12E7D8,0x326BA,0x261,0,1,4847,814,0,671,672,0,0,0,0,0,0,0,0,0x29F00,0xBA,0x00
1750,0x12EA9C,0x32986,0x2CC,0,1,4850,817,0,671,672,0,0,0,0,0,0,0,0,0x29F00,0x86,0x00
1751,0x12ED60,0x32CBD,0x337,0,1,4853,820,0,671,672,0,0,0,0,0,0,0,0,0x29F00,0xBD,0x00
1752,0x12F024,0x3305F,0x3A2,0,1,4856,824,0,671,672,0,0,0,0,0,0,0,0,0x29F00,0x5F,0x00
1753,0x12F2E8,0x3346C,0x40D,0,1,4858,828,0,671,672,0,0,0,0,0,0,0,0,0x29F00,0x6C,0x00
1754,0x12F5AC,0x338E4,0x478,0,1,4861,832,0,671,672,0,0,0,0,0,0,0,0,0x29F00,0xE4,0x00
1755,0x12F870,0x33DC7,0x4E3,0,1,4864,837,0,671,672,0,0,0,0,0,0,0,0,0x29F00,0xC7,0x00
1756,0x12FB34,0x34100,0x0,0,1,4867,841,1,671,672,0,0,0,0,0,0,0,0,0x29F00,0x00,0x00
1757,0x12FDF8,0x34100,0x0,0,1,4869,841,1,671,672,0,0,0,0,0,0,0,0,0x29F00,0x00,0x00
1758,0x1300BC,0x34100,0x0,0,1,4872,841,1,671,672,0,0,0,0,0,0,0,0,0x29F00,0x00,0x00
1759,0x130380,0x34100,0x0,0,1,4875,841,1,671,672,0,0,0,0,0,0,0,0,0x29F00,0x00,0x00
1760,0x130644,0x34100,0x0,0,1,4878,841,1,671,672,0,0,0,0,0,0,0,0,0x29F00,0x00,0x00
1761,0x130908,0x34100,0x0,0,1,4881,841,1,671,672,0,0,0,0,0,0,0,0,0x29F00,0x00,0x00
1762,0x130BCC,0x34100,0x0,0,1,4883,841,1,671,672,0,0,0,0,0,0,0,0,0x29F00,0x00,0x00
1763,0x130E90,0x34100,0x0,0,1,4886,841,1,671,672,0,0,0,0,0,0,0,0,0x29F00,0x00,0x00
1764,0x131154,0x34100,0x0,0,1,4889,841,1,671,672,0,0,0,0,0,0,0,0,0x29F00,0x00,0x00
1765,0x131418,0x34100,0x0,0,1,4892,841,1,671,672,0,0,0,0,0,0,0,0,0x29F00,0x00,0x00
1766,0x1316DC,0x34100,0x0,0,1,4894,841,1,671,672,0,0,0,0,0,0,0,0,0x29F00,0x00,0x00
1767,0x1319A0,0x34100,0x0,0,1,4897,841,1,671,672,0,0,0,0,0,0,0,0,0x29F00,0x00,0x00
1768,0x131C64,0x34100,0x0,0,1,4900,841,1,671,672,0,0,0,0,0,0,0,0,0x29F00,0x00,0x00
1769,0x131F28,0x34100,0x0,0,1,4903,841,1,671,672,0,0,0,0,0,0,0,0,0x29F00,0x00,0x00
1770,0x1321EC,0x34100,0x0,0,1,4905,841,1,671,672,0,0,0,0,0,0,0,0,0x29F00,0x00,0x00
1771,0x1324B0,0x34100,0x0,0,1,4908,841,1,671,672,0,0,0,0,0,0,0,0,0x29F00,0x00,0x00
1772,0x132774,0x34100,0x0,0,1,4911,841,1,671,672,0,0,0,0,0,0,0,0,0x29F00,0x00,0x00
1773,0x132A38,0x34100,0x0,0,1,4914,841,1,671,672,0,0,0,0,0,0,0,0,0x29F00,0x00,0x00
1774,0x132CFC,0x34100,0x0,0,1,4916,841,1,671,672,0,0,0,0,0,0,0,0,0x29F00,0x00,0x00
1775,0x132FC0,0x34100,0xFFFFFA70,1,1,4919,841,0,671,672,0,0,0,0,0,0,0,0,0x29F00,0x00,0x00
1776,0x133284,0x33BDB,0xFFFFFADB,0,1,4922,835,0,671,672,0,0,0,0,0,0,0,0,0x29F00,0xDB,0x00
1777,0x133548,0x33721,0xFFFFFB46,0,1,4925,831,0,671,672,0,0,0,0,0,0,0,0,0x29F00,0x21,0x00
1778,0x13380C,0x332D2,0xFFFFFBB1,0,1,4928,826,0,671,672,0,0,0,0,0,0,0,0,0x29F00,0xD2,0x00
1779,0x133AD0,0x32EEE,0xFFFFFC1C,0,1,4930,822,0,671,672,0,0,0,0,0,0,0,0,0x29F00,0xEE,0x00
1780,0x133D94,0x32B75,0xFFFFFC87,0,1,4933,819,0,671,672,0,0,0,0,0,0,0,0,0x29F00,0x75,0x00
1781,0x134058,0x32867,0xFFFFFCF2,0,1,4936,816,0,671,672,0,0,0,0,0,0,0,0,0x29F00,0x67,0x00
1782,0x13431C,0x325C4,0xFFFFFD5D,0,1,4939,813,0,671,672,0,0,0,0,0,0,0,0,0x29F00,0xC4,0x00
1783,0x1345E0,0x3238C,0xFFFFFDC8,0,1,4941,811,0,671,672,0,0,0,0,0,0,0,0,0x29F00,0x8C,0x00
1784,0x1348A4,0x321BF,0xFFFFFE33,0,1,4944,809,0,671,672,0,0,0,0,0,0,0,0,0x29F00,0xBF,0x00
1785,0x134B68,0x3205D,0xFFFFFE9E,0,1,4947,808,0,671,672,0,0,0,0,0,0,0,0,0x29F00,0x5D,0x00
1786,0x134E2C,0x31F66,0xFFFFFF09,0,1,4950,807,0,671,672,0,0,0,0,0,0,0,0,0x29F00,0x66,0x00
1787,0x1350F0,0x31EDA,0xFFFFFF74,0,1,4952,806,0,671,672,0,0,0,0,0,0,0,0,0x29F00,0xDA,0x00
1788,0x1353B4,0x31EB9,0xFFFFFFDF,0,1,4955,806,0,671,672,0,0,0,0,0,0,0,0,0x29F00,0xB9,0x00
1789,0x135678,0x31F03,0x4A,0,1,4958,807,0,671,672,0,0,0,0,0,0,0,0,0x29F00,0x03,0x00
1790,0x13593C,0x31FB8,0xB5,0,1,4961,807,0,671,672,0,0,0,0,0,0,0,0,0x29F00,0xB8,0x00
1791,0x135C00,0x320D8,0x120,0,1,4964,808,0,671,672,0,0,0,0,0,0,0,0,0x29F00,0xD8,0x00
1792,0x135EC4,0x32263,0x18B,0,1,4966,810,0,671,672,0,0,0,0,0,0,0,0,0x29F00,0x63,0x00
1793,0x136188,0x32459,0x1F6,0,1,4969,812,0,671,672,0,0,0,0,0,0,0,0,0x29F00,0x59,0x00
1794,0x13644C,0x326BA,0x261,0,1,4972,814,0,671,672,0,0,0,0,0,0,0,0,0x29F00,0xBA,0x00
1795,0x136710,0x32986,0x2CC,0,1,4975,817,0,671,672,0,0,0,0,0,0,0,0,0x29F00,0x86,0x00
1796,0x1369D4,0x32CBD,0x337,0,1,4977,820,0,671,672,0,0,0,0,0,0,0,0,0x29F00,0xBD,0x00
1797,0x136C98,0x3305F,0x3A2,0,1,4980,824,0,671,672,0,0,0,0,0,0,0,0,0x29F00,0x5F,0x00
1798,0x136F5C,0x33100,0x0,0,1,4983,825,1,671,672,0,0,0,0,0,0,0,0,0x29F00,0x00,0x00
1799,0x137220,0x33100,0x0,0,1,4986,825,1,671,672,0,0,0,0,0,0,0,0,0x29F00,0x00,0x00
1800,0x1374E4,0x33100,0x0,0,1,4988,825,1,671,672,0,0,0,0,0,0,0,0,0x29F00,0x00,0x00
1801,0x1377A8,0x33100,0x0,0,1,4991,825,1,671,672,0,0,0,0,0,0,0,0,0x29F00,0x00,0x00
1802,0x137A6C,0x33100,0x0,0,1,4994,825,1,671,672,0,0,0,0,0,0,0,0,0x29F00,0x00,0x00
1803,0x137D30,0x33100,0xFFFFFA70,1,1,4997,825,0,671,672,0,0,0,0,0,0,0,0,0x29F00,0x00,0x00
1804,0x137FF4,0x32BDB,0xFFFFFADB,0,1,4999,819,0,671,672,0,0,0,0,0,0,0,0,0x29F00,0xDB,0x00
1805,0x1382B8,0x32721,0xFFFFFB46,0,1,5002,815,0,671,672,0,0,0,0,0,0,0,0,0x29F00,0x21,0x00
1806,0x13857C,0x322D2,0xFFFFFBB1,0,1,5005,810,0,671,672,0,0,0,0,0,0,0,0,0x29F00,0xD2,0x00
1807,0x138840,0x31EEE,0xFFFFFC1C,0,1,5008,806,0,671,672,0,0,0,0,0,0,0,0,0x29F00,0xEE,0x00
1808,0x138B04,0x31B75,0xFFFFFC87,0,1,5011,803,0,671,672,0,0,0,0,0,0,0,0,0x29F00,0x75,0x00
1809,0x138DC8,0x31867,0xFFFFFCF2,0,1,5013,800,0,671,672,0,0,0,0,0,0,0,0,0x29F00,0x67,0x00
1810,0x13908C,0x315C4,0xFFFFFD5D,0,1,5016,797,0,671,672,0,0,0,0,0,0,0,0,0x29F00,0xC4,0x00
1811,0x139350,0x3138C,0xFFFFFDC8,0,1,5019,795,0,671,672,0,0,0,0,0,0,0,0,0x29F00,0x8C,0x00
1812,0x139614,0x311BF,0xFFFFFE33,0,1,5022,793,0,671,672,0,0,0,0,0,0,0,0,0x29F00,0xBF,0x00
1813,0x1398D8,0x3105D,0xFFFFFE9E,0,1,5024,792,0,671,672,0,0,0,0,0,0,0,0,0x29F00,0x5D,0x00
1814,0x139B9C,0x30F66,0xFFFFFF09,0,1,5027,791,0,671,672,0,0,0,0,0,0,0,0,0x29F00,0x66,0x00
1815,0x139E60,0x30EDA,0xFFFFFF74,0,1,5030,790,0,671,672,0,0,0,0,0,0,0,0,0x29F00,0xDA,0x00
1816,0x13A124,0x30EB9,0xFFFFFFDF,0,1,5033,790,0,671,672,0,0,0,0,0,0,0,0,0x29F00,0xB9,0x00
1817,0x13A3E8,0x30100,0x0,0,1,5035,777,1,671,672,0,0,0,0,0,0,0,0,0x29F00,0x00,0x00
1818,0x13A6AC,0x30100,0x0,0,1,5038,777,1,671,672,0,0,0,0,0,0,0,0,0x29F00,0x00,0x00
1819,0x13A970,0x30100,0x0,0,1,5041,777,1,671,672,0,0,0,0,0,0,0,0,0x29F00,0x00,0x00
1820,0x13AC34,0x30100,0x0,0,1,5044,777,1,671,672,0,0,0,0,0,0,0,0,0x29F00,0x00,0x00
1821,0x13AEF8,0x30100,0x0,0,1,5046,777,1,671,672,0,0,0,0,0,0,0,0,0x29F00,0x00,0x00
1822,0x13B1BC,0x30100,0x0,0,1,5049,777,1,671,672,0,0,0,0,0,0,0,0,0x29F00,0x00,0x00
1823,0x13B480,0x30100,0x0,0,1,5052,777,1,671,672,0,0,0,0,0,0,0,0,0x29F00,0x00,0x00
1824,0x13B744,0x30100,0x0,0,1,5055,777,1,671,672,0,0,0,0,0,0,0,0,0x29F00,0x00,0x00
1825,0x13BA08,0x30100,0x0,0,1,5058,777,1,671,672,0,0,0,0,0,0,0,0,0x29F00,0x00,0x00
1826,0x13BCCC,0x30100,0x0,0,1,5060,777,1,671,672,0,0,0,0,0,0,0,0,0x29F00,0x00,0x00
1827,0x13BF90,0x30100,0x0,0,1,5063,777,0,671,672,0,0,0,0,0,0,0,0,0x29F00,0x00,0x00
1828,0x13C254,0x30100,0xFFFFFA70,1,1,5066,777,0,671,672,0,0,0,0,0,0,0,0,0x29F00,0x00,0x00
1829,0x13C518,0x2FBDB,0xFFFFFADB,0,1,5069,771,0,671,672,0,0,0,0,0,0,0,0,0x29F00,0xDB,0x00
1830,0x13C7DC,0x2F721,0xFFFFFB46,0,1,5071,767,0,671,672,0,0,0,0,0,0,0,0,0x29F00,0x21,0x00
1831,0x13CAA0,0x2F2D2,0xFFFFFBB1,0,1,5074,762,0,671,672,0,0,0,0,0,0,0,0,0x29F00,0xD2,0x00
1832,0x13CD64,0x2EEEE,0xFFFFFC1C,0,1,5077,758,0,671,672,0,0,0,0,0,0,0,0,0x29F00,0xEE,0x00
1833,0x13D028,0x2EB75,0xFFFFFC87,0,1,5080,755,0,671,672,0,0,0,0,0,0,0,0,0x29F00,0x75,0x00
1834,0x13D2EC,0x2E867,0xFFFFFCF2,0,1,5082,752,0,671,672,0,0,0,0,0,0,0,0,0x29F00,0x67,0x00
1835,0x13D5B0,0x2E5C4,0xFFFFFD5D,0,1,5085,749,0,671,672,0,0,0,0,0,0,0,0,0x29F00,0xC4,0x00
1836,0x13D874,0x2E38C,0xFFFFFDC8,0,1,5088,747,0,671,672,0,0,0,0,0,0,0,0,0x29F00,0x8C,0x00
1837,0x13DB38,0x2E1BF,0xFFFFFE33,0,1,5091,745,0,671,672,0,0,0,0,0,0,0,0,0x29F00,0xBF,0x00
1838,0x13DDFC,0x2E05D,0xFFFFFE9E,0,1,5093,744,0,671,672,0,0,0,0,0,0,0,0,0x29F00,0x5D,0x00
1839,0x13E0C0,0x2DF66,0xFFFFFF09,0,1,5096,743,0,671,672,0,0,0,0,0,0,0,0,0x29F00,0x66,0x00
1840,0x13E384,0x2DEDA,0xFFFFFF74,0,1,5099,742,0,670,672,0,0,0,0,0,0,0,0,0x29EDA,0xDA,0xDA
1841,0x13E648,0x2DEB9,0xFFFFFFDF,0,1,5102,742,0,670,672,0,0,0,0,0,0,0,0,0x29EB9,0xB9,0xB9
1842,0x13E90C,0x2DF03,0x4A,0,1,5105,742,0,670,672,0,0,0,0,0,0,0,0,0x29EB9,0x03,0xB9
1843,0x13EBD0,0x2DFB8,0xB5,0,1,5107,742,0,670,672,0,0,0,0,0,0,0,0,0x29EB9,0xB8,0xB9
1844,0x13EE94,0x2E0D8,0x120,0,1,5110,744,0,670,672,0,0,0,0,0,0,0,0,0x29EB9,0xD8,0xB9
1845,0x13F158,0x2E263,0x18B,0,1,5113,745,0,670,672,0,0,0,0,0,0,0,0,0x29EB9,0x63,0xB9
1846,0x13F41C,0x2E459,0x1F6,0,1,5116,747,0,670,672,0,0,0,0,0,0,0,0,0x29EB9,0x59,0xB9
1847,0x13F6E0,0x2E6BA,0x261,0,1,5118,750,0,670,672,0,0,0,0,0,0,0,0,0x29EB9,0xBA,0xB9
1848,0x13F9A4,0x2E986,0x2CC,0,1,5121,752,0,670,672,0,0,0,0,0,0,0,0,0x29EB9,0x86,0xB9
1849,0x13FC68,0x2ECBD,0x337,0,1,5124,756,0,670,672,0,0,0,0,0,0,0,0,0x29EB9,0xBD,0xB9
1850,0x13FF2C,0x2F05F,0x3A2,0,1,5127,759,0,670,672,0,0,0,0,0,0,0,0,0x29EB9,0x5F,0xB9
1851,0x1401F0,0x2F46C,0x40D,0,1,5129,763,0,670,672,0,0,0,0,0,0,0,0,0x29EB9,0x6C,0xB9
1852,0x1404B4,0x2F8E4,0x478,0,1,5132,768,0,670,672,0,0,0,0,0,0,0,0,0x29EB9,0xE4,0xB9
1853,0x140778,0x2FDC7,0x4E3,0,1,5135,773,0,670,672,0,0,0,0,0,0,0,0,0x29EB9,0xC7,0xB9
1854,0x140A3C,0x30315,0x54E,0,1,5138,778,0,670,672,0,0,0,0,0,0,0,0,0x29EB9,0x15,0xB9
1855,0x140D00,0x308CE,0x5B9,0,1,5141,784,0,670,672,0,0,0,0,0,0,0,0,0x29EB9,0xCE,0xB9
1856,0x140FC4,0x30EF2,0x624,0,1,5143,790,0,670,672,0,0,0,0,0,0,0,0,0x29EB9,0xF2,0xB9
1857,0x141288,0x31581,0x68F,0,1,5146,796,0,670,672,0,0,0,0,0,0,0,0,0x29EB9,0x81,0xB9
1858,0x14154C,0x31C7B,0x6FA,0,1,5149,803,0,670,672,0,0,0,0,0,0,0,0,0x29EB9,0x7B,0xB9
1859,0x141810,0x321B9,0x0,0,1,5152,809,1,670,672,0,0,0,0,0,0,0,0,0x29EB9,0xB9,0xB9
1860,0x141AD4,0x321B9,0x0,0,1,5154,809,1,670,672,0,0,0,0,0,0,0,0,0x29EB9,0xB9,0xB9
1861,0x141D98,0x321B9,0x0,0,1,5157,809,1,670,672,0,0,0,0,0,0,0,0,0x29EB9,0xB9,0xB9
1862,0x14205C,0x321B9,0x0,0,1,5160,809,1,670,672,0,0,0,0,0,0,0,0,0x29EB9,0xB9,0xB9
1863,0x142320,0x321B9,0x0,0,1,5163,809,1,670,672,0,0,0,0,0,0,0,0,0x29EB9,0xB9,0xB9
1864,0x1425E4,0x321B9,0x0,0,1,5165,809,1,670,672,0,0,0,0,0,0,0,0,0x29EB9,0xB9,0xB9
1865,0x1428A8,0x321B9,0x0,0,1,5168,809,1,670,672,0,0,0,0,0,0,0,0,0x29EB9,0xB9,0xB9
1866,0x142B6C,0x321B9,0x0,0,1,5171,809,1,670,672,0,0,0,0,0,0,0,0,0x29EB9,0xB9,0xB9
1867,0x142E30,0x321B9,0x0,0,1,5174,809,1,670,672,0,0,0,0,0,0,0,0,0x29EB9,0xB9,0xB9
1868,0x1430F4,0x321B9,0x0,0,1,5176,809,1,670,672,0,0,0,0,0,0,0,0,0x29EB9,0xB9,0xB9
1869,0x1433B8,0x321B9,0xFFFFFA70,1,1,5179,809,0,670,672,0,0,0,0,0,0,0,0,0x29EB9,0xB9,0xB9
1870,0x14367C,0x31C94,0xFFFFFADB,0,1,5182,803,0,670,672,0,0,0,0,0,0,0,0,0x29EB9,0x94,0xB9
1871,0x143940,0x317DA,0xFFFFFB46,0,1,5185,799,0,670,672,0,0,0,0,0,0,0,0,0x29EB9,0xDA,0xB9
1872,0x143C04,0x3138B,0xFFFFFBB1,0,1,5188,794,0,670,672,0,0,0,0,0,0,0,0,0x29EB9,0x8B,0xB9
1873,0x143EC8,0x30FA7,0xFFFFFC1C,0,1,5190,790,0,670,672,0,0,0,0,0,0,0,0,0x29EB9,0xA7,0xB9
1874,0x14418C,0x30C2E,0xFFFFFC87,0,1,5193,787,0,670,672,0,0,0,0,0,0,0,0,0x29EB9,0x2E,0xB9
1875,0x144450,0x30920,0xFFFFFCF2,0,1,5196,784,0,670,672,0,0,0,0,0,0,0,0,0x29EB9,0x20,0xB9
1876,0x144714,0x3067D,0xFFFFFD5D,0,1,5199,781,0,670,672,0,0,0,0,0,0,0,0,0x29EB9,0x7D,0xB9
1877,0x1449D8,0x30445,0xFFFFFDC8,0,1,5201,779,0,670,672,0,0,0,0,0,0,0,0,0x29EB9,0x45,0xB9
1878,0x144C9C,0x30278,0xFFFFFE33,0,1,5204,777,0,670,672,0,0,0,0,0,0,0,0,0x29EB9,0x78,0xB9
1879,0x144F60,0x30116,0xFFFFFE9E,0,1,5207,776,0,670,672,0,0,0,0,0,0,0,0,0x29EB9,0x16,0xB9
1880,0x145224,0x3001F,0xFFFFFF09,0,1,5210,775,0,670,672,0,0,0,0,0,0,0,0,0x29EB9,0x1F,0xB9
1881,0x1454E8,0x2FF93,0xFFFFFF74,0,1,5212,774,0,670,672,0,0,0,0,0,0,0,0,0x29EB9,0x93,0xB9
1882,0x1457AC,0x2FF72,0xFFFFFFDF,0,1,5215,774,0,670,672,0,0,0,0,0,0,0,0,0x29EB9,0x72,0xB9
1883,0x145A70,0x2FFBC,0x4A,0,1,5218,775,0,670,672,0,0,0,0,0,0,0,0,0x29EB9,0xBC,0xB9
1884,0x145D34,0x30071,0xB5,0,1,5221,775,0,670,672,0,0,0,0,0,0,0,0,0x29EB9,0x71,0xB9
1885,0x145FF8,0x30191,0x120,0,1,5223,776,0,670,672,0,0,0,0,0,0,0,0,0x29EB9,0x91,0xB9
1886,0x1462BC,0x3031C,0x18B,0,1,5226,778,0,670,672,0,0,0,0,0,0,0,0,0x29EB9,0x1C,0xB9
1887,0x146580,0x30512,0x1F6,0,1,5229,780,0,670,672,0,0,0,0,0,0,0,0,0x29EB9,0x12,0xB9
1888,0x146844,0x30773,0x261,0,1,5232,782,0,670,672,0,0,0,0,0,0,0,0,0x29EB9,0x73,0xB9
1889,0x146B08,0x30A3F,0x2CC,0,1,5235,785,0,670,672,0,0,0,0,0,0,0,0,0x29EB9,0x3F,0xB9
1890,0x146DCC,0x30D76,0x337,0,1,5237,788,0,670,672,0,0,0,0,0,0,0,0,0x29EB9,0x76,0xB9
1891,0x147090,0x31118,0x3A2,0,1,5240,792,0,670,672,0,0,0,0,0,0,0,0,0x29EB9,0x18,0xB9
1892,0x147354,0x311B9,0x0,0,1,5243,793,1,670,672,0,0,0,0,0,0,0,0,0x29EB9,0xB9,0xB9
1893,0x147618,0x311B9,0x0,0,1,5246,793,1,670,672,0,0,0,0,0,0,0,0,0x29EB9,0xB9,0xB9
1894,0x1478DC,0x311B9,0x0,0,1,5248,793,1,670,672,0,0,0,0,0,0,0,0,0x29EB9,0xB9,0xB9
1895,0x147BA0,0x311B9,0xFFFFFA70,1,1,5251,793,0,670,672,0,0,0,0,0,0,0,0,0x29EB9,0xB9,0xB9
1896,0x147E64,0x30C94,0xFFFFFADB,0,1,5254,787,0,670,672,0,0,0,0,0,0,0,0,0x29EB9,0x94,0xB9
1897,0x148128,0x307DA,0xFFFFFB46,0,1,5257,783,0,670,672,0,0,0,0,0,0,0,0,0x29EB9,0xDA,0xB9
1898,0x1483EC,0x3038B,0xFFFFFBB1,0,1,5259,778,0,670,672,0,0,0,0,0,0,0,0,0x29EB9,0x8B,0xB9
1899,0x1486B0,0x2FFA7,0xFFFFFC1C,0,1,5262,774,0,670,672,0,0,0,0,0,0,0,0,0x29EB9,0xA7,0xB9
1900,0x148974,0x2FC2E,0xFFFFFC87,0,1,5265,771,0,670,672,0,0,0,0,0,0,0,0,0x29EB9,0x2E,0xB9
1901,0x148C38,0x2F920,0xFFFFFCF2,0,1,5268,768,0,670,672,0,0,0,0,0,0,0,0,0x29EB9,0x20,0xB9
1902,0x148EFC,0x2F67D,0xFFFFFD5D,0,1,5270,765,0,670,672,0,0,0,0,0,0,0,0,0x29EB9,0x7D,0xB9
1903,0x1491C0,0x2F445,0xFFFFFDC8,0,1,5273,763,0,670,672,0,0,0,0,0,0,0,0,0x29EB9,0x45,0xB9
1904,0x149484,0x2F278,0xFFFFFE33,0,1,5276,761,0,670,672,0,0,0,0,0,0,0,0,0x29EB9,0x78,0xB9
1905,0x149748,0x2F116,0xFFFFFE9E,0,1,5279,760,0,670,672,0,0,0,0,0,0,0,0,0x29EB9,0x16,0xB9
1906,0x149A0C,0x2F01F,0xFFFFFF09,0,1,5282,759,0,670,672,0,0,0,0,0,0,0,0,0x29EB9,0x1F,0xB9
1907,0x149CD0,0x2EF93,0xFFFFFF74,0,1,5284,758,0,670,672,0,0,0,0,0,0,0,0,0x29EB9,0x93,0xB9
1908,0x149F94,0x2EF72,0xFFFFFFDF,0,1,5287,758,0,670,672,0,0,0,0,0,0,0,0,0x29EB9,0x72,0xB9
1909,0x14A258,0x2EFBC,0x4A,0,1,5290,759,0,670,672,0,0,0,0,0,0,0,0,0x29EB9,0xBC,0xB9
1910,0x14A51C,0x2F071,0xB5,0,1,5293,759,0,670,672,0,0,0,0,0,0,0,0,0x29EB9,0x71,0xB9
1911,0x14A7E0,0x2F191,0x120,0,1,5295,760,0,670,672,0,0,0,0,0,0,0,0,0x29EB9,0x91,0xB9
1912,0x14AAA4,0x2F31C,0x18B,0,1,5298,762,0,670,672,0,0,0,0,0,0,0,0,0x29EB9,0x1C,0xB9
1913,0x14AD68,0x2F512,0x1F6,0,1,5301,764,0,670,672,0,0,0,0,0,0,0,0,0x29EB9,0x12,0xB9
1914,0x14B02C,0x2F773,0x261,0,1,5304,766,0,670,672,0,0,0,0,0,0,0,0,0x29EB9,0x73,0xB9
1915,0x14B2F0,0x2FA3F,0x2CC,0,1,5306,769,0,670,672,0,0,0,0,0,0,0,0,0x29EB9,0x3F,0xB9
1916,0x14B5B4,0x2FD76,0x337,0,1,5309,772,0,670,672,0,0,0,0,0,0,0,0,0x29EB9,0x76,0xB9
1917,0x14B878,0x30118,0x3A2,0,1,5312,776,0,670,672,0,0,0,0,0,0,0,0,0x29EB9,0x18,0xB9
1918,0x14BB3C,0x301B9,0x0,0,1,5315,777,1,670,672,0,0,0,0,0,0,0,0,0x29EB9,0xB9,0xB9
1919,0x14BE00,0x301B9,0x0,0,1,5318,777,1,670,672,0,0,0,0,0,0,0,0,0x29EB9,0xB9,0xB9
1920,0x14C0C4,0x301B9,0x0,0,1,5320,777,1,670,672,0,0,0,0,0,0,0,0,0x29EB9,0xB9,0xB9
1921,0x14C388,0x301B9,0x0,0,1,5323,777,1,670,672,0,0,0,0,0,0,0,0,0x29EB9,0xB9,0xB9
1922,0x14C64C,0x301B9,0xFFFFFA70,1,1,5326,777,0,670,672,0,0,0,0,0,0,0,0,0x29EB9,0xB9,0xB9
1923,0x14C910,0x2FC94,0xFFFFFADB,0,1,5329,771,0,670,672,0,0,0,0,0,0,0,0,0x29EB9,0x94,0xB9
1924,0x14CBD4,0x2F7DA,0xFFFFFB46,0,1,5331,767,0,670,672,0,0,0,0,0,0,0,0,0x29EB9,0xDA,0xB9
1925,0x14CE98,0x2F38B,0xFFFFFBB1,0,1,5334,762,0,670,672,0,0,0,0,0,0,0,0,0x29EB9,0x8B,0xB9
1926,0x14D15C,0x2EFA7,0xFFFFFC1C,0,1,5337,758,0,670,672,0,0,0,0,0,0,0,0,0x29EB9,0xA7,0xB9
1927,0x14D420,0x2EC2E,0xFFFFFC87,0,1,5340,755,0,670,672,0,0,0,0,0,0,0,0,0x29EB9,0x2E,0xB9
1928,0x14D6E4,0x2E920,0xFFFFFCF2,0,1,5342,752,0,670,672,0,0,0,0,0,0,0,0,0x29EB9,0x20,0xB9
1929,0x14D9A8,0x2E67D,0xFFFFFD5D,0,1,5345,749,0,670,672,0,0,0,0,0,0,0,0,0x29EB9,0x7D,0xB9
1930,0x14DC6C,0x2E445,0xFFFFFDC8,0,1,5348,747,0,670,672,0,0,0,0,0,0,0,0,0x29EB9,0x45,0xB9
1931,0x14DF30,0x2E278,0xFFFFFE33,0,1,5351,745,0,670,672,0,0,0,0,0,0,0,0,0x29EB9,0x78,0xB9
1932,0x14E1F4,0x2E116,0xFFFFFE9E,0,1,5353,744,0,670,672,0,0,0,0,0,0,0,0,0x29EB9,0x16,0xB9
1933,0x14E4B8,0x2E01F,0xFFFFFF09,0,1,5356,743,0,670,672,0,0,0,0,0,0,0,0,0x29EB9,0x1F,0xB9
1934,0x14E77C,0x2DF93,0xFFFFFF74,0,1,5359,742,0,670,672,0,0,0,0,0,0,0,0,0x29EB9,0x93,0xB9
1935,0x14EA40,0x2DF72,0xFFFFFFDF,0,1,5362,742,0,670,672,0,0,0,0,0,0,0,0,0x29EB9,0x72,0xB9
1936,0x14ED04,0x2DFBC,0x4A,0,1,5365,743,0,670,672,0,0,0,0,0,0,0,0,0x29EB9,0xBC,0xB9
1937,0x14EFC8,0x2E071,0xB5,0,1,5367,743,0,670,672,0,0,0,0,0,0,0,0,0x29EB9,0x71,0xB9
1938,0x14F28C,0x2E191,0x120,0,1,5370,744,0,670,672,0,0,0,0,0,0,0,0,0x29EB9,0x91,0xB9
1939,0x14F550,0x2E31C,0x18B,0,1,5373,746,0,670,672,0,0,0,0,0,0,0,0,0x29EB9,0x1C,0xB9
1940,0x14F814,0x2E512,0x1F6,0,1,5376,748,0,670,672,0,0,0,0,0,0,0,0,0x29EB9,0x12,0xB9
1941,0x14FAD8,0x2E773,0x261,0,1,5378,750,0,670,672,0,0,0,0,0,0,0,0,0x29EB9,0x73,0xB9
1942,0x14FD9C,0x2EA3F,0x2CC,0,1,5381,753,0,670,672,0,0,0,0,0,0,0,0,0x29EB9,0x3F,0xB9
1943,0x150060,0x2ED76,0x337,0,1,5384,756,0,670,672,0,0,0,0,0,0,0,0,0x29EB9,0x76,0xB9
1944,0x150324,0x2F118,0x3A2,0,1,5387,760,0,670,672,0,0,0,0,0,0,0,0,0x29EB9,0x18,0xB9
1945,0x1505E8,0x2F1B9,0x0,0,1,5389,761,1,670,672,0,0,0,0,0,0,0,0,0x29EB9,0xB9,0xB9
1946,0x1508AC,0x2F1B9,0xFFFFFA70,1,1,5392,761,0,670,672,0,0,0,0,0,0,0,0,0x29EB9,0xB9,0xB9
1947,0x150B70,0x2EC94,0xFFFFFADB,0,1,5395,755,0,670,672,0,0,0,0,0,0,0,0,0x29EB9,0x94,0xB9
1948,0x150E34,0x2E7DA,0xFFFFFB46,0,1,5398,751,0,670,672,0,0,0,0,0,0,0,0,0x29EB9,0xDA,0xB9
1949,0x1510F8,0x2E38B,0xFFFFFBB1,0,1,5400,746,0,670,672,0,0,0,0,0,0,0,0,0x29EB9,0x8B,0xB9
1950,0x1513BC,0x2DFA7,0xFFFFFC1C,0,1,5403,742,0,670,672,0,0,0,0,0,0,0,0,0x29EB9,0xA7,0xB9
1951,0x151680,0x2DC2E,0xFFFFFC87,0,1,5406,740,0,668,672,0,0,0,0,0,0,0,0,0x29C2E,0x2E,0x2E
1952,0x151944,0x2D920,0xFFFFFCF2,0,1,5409,737,0,665,672,0,0,0,0,0,0,0,0,0x29920,0x20,0x20
1953,0x151C08,0x2D67D,0xFFFFFD5D,0,1,5412,734,0,662,672,0,0,0,0,0,0,0,0,0x2967D,0x7D,0x7D
1954,0x151ECC,0x2D445,0xFFFFFDC8,0,1,5414,732,0,660,672,0,0,0,0,0,0,0,0,0x29445,0x45,0x45
1955,0x152190,0x2D278,0xFFFFFE33,0,1,5417,730,0,658,672,0,0,0,0,0,0,0,0,0x29278,0x78,0x78
1956,0x152454,0x2D116,0xFFFFFE9E,0,1,5420,729,0,657,672,0,0,0,0,0,0,0,0,0x29116,0x16,0x16
1957,0x152718,0x2D01F,0xFFFFFF09,0,1,5423,728,0,656,672,0,0,0,0,0,0,0,0,0x2901F,0x1F,0x1F
1958,0x1529DC,0x2CF93,0xFFFFFF74,0,1,5425,727,0,655,672,0,0,0,0,0,0,0,0,0x28F93,0x93,0x93
1959,0x152CA0,0x2CF72,0xFFFFFFDF,0,1,5428,727,0,655,672,0,0,0,0,0,0,0,0,0x28F72,0x72,0x72
1960,0x152F64,0x2CFBC,0x4A,0,1,5431,727,0,655,672,0,0,0,0,0,0,0,0,0x28F72,0xBC,0x72
1961,0x153228,0x2D071,0xB5,0,1,5434,727,0,655,672,0,0,0,0,0,0,0,0,0x28F72,0x71,0x72
1962,0x1534EC,0x2D191,0x120,0,1,5436,729,0,655,672,0,0,0,0,0,0,0,0,0x28F72,0x91,0x72
1963,0x1537B0,0x2D31C,0x18B,0,1,5439,730,0,655,672,0,0,0,0,0,0,0,0,0x28F72,0x1C,0x72
1964,0x153A74,0x2D512,0x1F6,0,1,5442,732,0,655,672,0,0,0,0,0,0,0,0,0x28F72,0x12,0x72
1965,0x153D38,0x2D773,0x261,0,1,5445,735,0,655,672,0,0,0,0,0,0,0,0,0x28F72,0x73,0x72
1966,0x153FFC,0x2DA3F,0x2CC,0,1,5447,737,0,655,672,0,0,0,0,0,0,0,0,0x28F72,0x3F,0x72
1967,0x1542C0,0x2DD76,0x337,0,1,5450,741,0,655,672,0,0,0,0,0,0,0,0,0x28F72,0x76,0x72
1968,0x154584,0x2E118,0x3A2,0,1,5453,744,0,655,672,0,0,0,0,0,0,0,0,0x28F72,0x18,0x72
1969,0x154848,0x2E172,0x0,0,1,5456,745,1,655,672,0,0,0,0,0,0,0,0,0x28F72,0x72,0x72
1970,0x154B0C,0x2E172,0x0,0,1,5459,745,1,655,672,0,0,0,0,0,0,0,0,0x28F72,0x72,0x72
1971,0x154DD0,0x2E172,0x0,0,1,5461,745,1,655,672,0,0,0,0,0,0,0,0,0x28F72,0x72,0x72
1972,0x155094,0x2E172,0xFFFFFA70,1,1,5464,745,0,655,672,0,0,0,0,0,0,0,0,0x28F72,0x72,0x72
1973,0x155358,0x2DC4D,0xFFFFFADB,0,1,5467,739,0,655,672,0,0,0,0,0,0,0,0,0x28F72,0x4D,0x72
1974,0x15561C,0x2D793,0xFFFFFB46,0,1,5470,735,0,655,672,0,0,0,0,0,0,0,0,0x28F72,0x93,0x72
1975,0x1558E0,0x2D344,0xFFFFFBB1,0,1,5472,730,0,655,672,0,0,0,0,0,0,0,0,0x28F72,0x44,0x72
1976,0x155BA4,0x2CF60,0xFFFFFC1C,0,1,5475,727,0,655,672,0,0,0,0,0,0,0,0,0x28F60,0x60,0x60
1977,0x155E68,0x2CBE7,0xFFFFFC87,0,1,5478,723,0,651,672,0,0,0,0,0,0,0,0,0x28BE7,0xE7,0xE7
1978,0x15612C,0x2C8D9,0xFFFFFCF2,0,1,5481,720,0,648,672,0,0,0,0,0,0,0,0,0x288D9,0xD9,0xD9
1979,0x1563F0,0x2C636,0xFFFFFD5D,0,1,5483,718,0,646,672,0,0,0,0,0,0,0,0,0x28636,0x36,0x36
1980,0x1566B4,0x2C3FE,0xFFFFFDC8,0,1,5486,715,0,643,672,0,0,0,0,0,0,0,0,0x283FE,0xFE,0xFE
1981,0x156978,0x2C231,0xFFFFFE33,0,1,5489,714,0,642,672,0,0,0,0,0,0,0,0,0x28231,0x31,0x31
1982,0x156C3C,0x2C0CF,0xFFFFFE9E,0,1,5492,712,0,640,672,0,0,0,0,0,0,0,0,0x280CF,0xCF,0xCF
1983,0x156F00,0x2BFD8,0xFFFFFF09,0,1,5495,711,0,639,672,0,0,0,0,0,0,0,0,0x27FD8,0xD8,0xD8
1984,0x1571C4,0x2BF4C,0xFFFFFF74,0,1,5497,711,0,639,672,0,0,0,0,0,0,0,0,0x27F4C,0x4C,0x4C
1985,0x157488,0x2BF2B,0xFFFFFFDF,0,1,5500,711,0,639,672,0,0,0,0,0,0,0,0,0x27F2B,0x2B,0x2B
1986,0x15774C,0x2BF75,0x4A,0,1,5503,711,0,639,672,0,0,0,0,0,0,0,0,0x27F2B,0x75,0x2B
1987,0x157A10,0x2C02A,0xB5,0,1,5506,711,0,639,672,0,0,0,0,0,0,0,0,0x27F2B,0x2A,0x2B
1988,0x157CD4,0x2C14A,0x120,0,1,5508,713,0,639,672,0,0,0,0,0,0,0,0,0x27F2B,0x4A,0x2B
1989,0x157F98,0x2C2D5,0x18B,0,1,5511,714,0,639,672,0,0,0,0,0,0,0,0,0x27F2B,0xD5,0x2B
1990,0x15825C,0x2C4CB,0x1F6,0,1,5514,716,0,639,672,0,0,0,0,0,0,0,0,0x27F2B,0xCB,0x2B
1991,0x158520,0x2C72C,0x261,0,1,5517,719,0,639,672,0,0,0,0,0,0,0,0,0x27F2B,0x2C,0x2B
1992,0x1587E4,0x2C9F8,0x2CC,0,1,5519,721,0,639,672,0,0,0,0,0,0,0,0,0x27F2B,0xF8,0x2B
1993,0x158AA8,0x2CD2F,0x337,0,1,5522,725,0,639,672,0,0,0,0,0,0,0,0,0x27F2B,0x2F,0x2B
1994,0x158D6C,0x2D0D1,0x3A2,0,1,5525,728,0,639,672,0,0,0,0,0,0,0,0,0x27F2B,0xD1,0x2B
1995,0x159030,0x2D12B,0x0,0,1,5528,729,1,639,672,0,0,0,0,0,0,0,0,0x27F2B,0x2B,0x2B
1996,0x1592F4,0x2D12B,0xFFFFFA70,1,1,5530,729,0,639,672,0,0,0,0,0,0,0,0,0x27F2B,0x2B,0x2B
1997,0x1595B8,0x2CC06,0xFFFFFADB,0,1,5533,723,0,639,672,0,0,0,0,0,0,0,0,0x27F2B,0x06,0x2B
1998,0x15987C,0x2C74C,0xFFFFFB46,0,1,5536,719,0,639,672,0,0,0,0,0,0,0,0,0x27F2B,0x4C,0x2B
1999,0x159B40,0x2C2FD,0xFFFFFBB1,0,1,5539,714,0,639,672,0,0,0,0,0,0,0,0,0x27F2B,0xFD,0x2B
2000,0x159E04,0x2BF19,0xFFFFFC1C,0,1,5542,711,0,639,672,0,0,0,0,0,0,0,0,0x27F19,0x19,0x19
2001,0x15A0C8,0x2BBA0,0xFFFFFC87,0,1,5544,707,0,635,672,0,0,0,0,0,0,0,0,0x27BA0,0xA0,0xA0
2002,0x15A38C,0x2B892,0xFFFFFCF2,0,1,5547,704,0,632,672,0,0,0,0,0,0,0,0,0x27892,0x92,0x92
2003,0x15A650,0x2B5EF,0xFFFFFD5D,0,1,5550,701,0,629,672,0,0,0,0,0,0,0,0,0x275EF,0xEF,0xEF
2004,0x15A914,0x2B3B7,0xFFFFFDC8,0,1,5553,699,0,627,672,0,0,0,0,0,0,0,0,0x273B7,0xB7,0xB7
2005,0x15ABD8,0x2B1EA,0xFFFFFE33,0,1,5555,697,0,625,672,0,0,0,0,0,0,0,0,0x271EA,0xEA,0xEA
2006,0x15AE9C,0x2B088,0xFFFFFE9E,0,1,5558,696,0,624,672,0,0,0,0,0,0,0,0,0x27088,0x88,0x88
2007,0x15B160,0x2AF91,0xFFFFFF09,0,1,5561,695,0,623,672,0,0,0,0,0,0,0,0,0x26F91,0x91,0x91
2008,0x15B424,0x2AF05,0xFFFFFF74,0,1,5564,695,0,623,672,0,0,0,0,0,0,0,0,0x26F05,0x05,0x05
2009,0x15B6E8,0x2AEE4,0xFFFFFFDF,0,1,5566,694,0,622,672,0,0,0,0,0,0,0,0,0x26EE4,0xE4,0xE4
2010,0x15B9AC,0x2AF2E,0x4A,0,1,5569,694,0,622,672,0,0,0,0,0,0,0,0,0x26EE4,0x2E,0xE4
2011,0x15BC70,0x2AFE3,0xB5,0,1,5572,694,0,622,672,0,0,0,0,0,0,0,0,0x26EE4,0xE3,0xE4
2012,0x15BF34,0x2B103,0x120,0,1,5575,696,0,622,672,0,0,0,0,0,0,0,0,0x26EE4,0x03,0xE4
2013,0x15C1F8,0x2B28E,0x18B,0,1,5577,697,0,622,672,0,0,0,0,0,0,0,0,0x26EE4,0x8E,0xE4
2014,0x15C4BC,0x2B484,0x1F6,0,1,5580,699,0,622,672,0,0,0,0,0,0,0,0,0x26EE4,0x84,0xE4
2015,0x15C780,0x2B6E5,0x261,0,1,5583,702,0,622,672,0,0,0,0,0,0,0,0,0x26EE4,0xE5,0xE4
2016,0x15CA44,0x2B9B1,0x2CC,0,1,5586,704,0,622,672,0,0,0,0,0,0,0,0,0x26EE4,0xB1,0xE4
2017,0x15CD08,0x2BCE8,0x337,0,1,5589,708,0,622,672,0,0,0,0,0,0,0,0,0x26EE4,0xE8,0xE4
2018,0x15CFCC,0x2C08A,0x3A2,0,1,5591,711,0,622,672,0,0,0,0,0,0,0,0,0x26EE4,0x8A,0xE4
2019,0x15D290,0x2C497,0x40D,0,1,5594,715,0,622,672,0,0,0,0,0,0,0,0,0x26EE4,0x97,0xE4
2020,0x15D554,0x2C1E4,0x0,0,1,5597,713,1,622,672,0,0,0,0,0,0,0,0,0x26EE4,0xE4,0xE4
2021,0x15D818,0x2C1E4,0xFFFFFA70,1,1,5600,713,0,622,672,0,0,0,0,0,0,0,0,0x26EE4,0xE4,0xE4
2022,0x15DADC,0x2BCBF,0xFFFFFADB,0,1,5602,707,0,622,672,0,0,0,0,0,0,0,0,0x26EE4,0xBF,0xE4
2023,0x15DDA0,0x2B805,0xFFFFFB46,0,1,5605,703,0,622,672,0,0,0,0,0,0,0,0,0x26EE4,0x05,0xE4
2024,0x15E064,0x2B3B6,0xFFFFFBB1,0,1,5608,698,0,622,672,0,0,0,0,0,0,0,0,0x26EE4,0xB6,0xE4
2025,0x15E328,0x2AFD2,0xFFFFFC1C,0,1,5611,694,0,622,672,0,0,0,0,0,0,0,0,0x26EE4,0xD2,0xE4
2026,0x15E5EC,0x2AC59,0xFFFFFC87,0,1,5613,692,0,620,672,0,0,0,0,0,0,0,0,0x26C59,0x59,0x59
2027,0x15E8B0,0x2A94B,0xFFFFFCF2,0,1,5616,689,0,617,672,0,0,0,0,0,0,0,0,0x2694B,0x4B,0x4B
2028,0x15EB74,0x2A6A8,0xFFFFFD5D,0,1,5619,686,0,614,672,0,0,0,0,0,0,0,0,0x266A8,0xA8,0xA8
2029,0x15EE38,0x2A470,0xFFFFFDC8,0,1,5622,684,0,612,672,0,0,0,0,0,0,0,0,0x26470,0x70,0x70
2030,0x15F0FC,0x2A2A3,0xFFFFFE33,0,1,5624,682,0,610,672,0,0,0,0,0,0,0,0,0x262A3,0xA3,0xA3
2031,0x15F3C0,0x2A141,0xFFFFFE9E,0,1,5627,681,0,609,672,0,0,0,0,0,0,0,0,0x26141,0x41,0x41
2032,0x15F684,0x2A04A,0xFFFFFF09,0,1,5630,680,0,608,672,0,0,0,0,0,0,0,0,0x2604A,0x4A,0x4A
2033,0x15F948,0x29FBE,0xFFFFFF74,0,1,5633,679,0,607,672,0,0,0,0,0,0,0,0,0x25FBE,0xBE,0xBE
2034,0x15FC0C,0x29F9D,0xFFFFFFDF,0,1,5636,679,0,607,672,0,0,0,0,0,0,0,0,0x25F9D,0x9D,0x9D
2035,0x15FED0,0x29FE7,0x4A,0,1,5638,679,0,607,672,0,0,0,0,0,0,0,0,0x25F9D,0xE7,0x9D
2036,0x160194,0x2A09C,0xB5,0,1,5641,679,0,607,672,0,0,0,0,0,0,0,0,0x25F9D,0x9C,0x9D
2037,0x160458,0x2A1BC,0x120,0,1,5644,681,0,607,672,0,0,0,0,0,0,0,0,0x25F9D,0xBC,0x9D
2038,0x16071C,0x2A347,0x18B,0,1,5647,682,0,607,672,0,0,0,0,0,0,0,0,0x25F9D,0x47,0x9D
2039,0x1609E0,0x2A53D,0x1F6,0,1,5649,684,0,607,672,0,0,0,0,0,0,0,0,0x25F9D,0x3D,0x9D
2040,0x160CA4,0x2A79E,0x261,0,1,5652,687,0,607,672,0,0,0,0,0,0,0,0,0x25F9D,0x9E,0x9D
2041,0x160F68,0x2AA6A,0x2CC,0,1,5655,689,0,607,672,0,0,0,0,0,0,0,0,0x25F9D,0x6A,0x9D
2042,0x16122C,0x2ADA1,0x337,0,1,5658,693,0,607,672,0,0,0,0,0,0,0,0,0x25F9D,0xA1,0x9D
2043,0x1614F0,0x2B143,0x3A2,0,1,5660,696,0,607,672,0,0,0,0,0,0,0,0,0x25F9D,0x43,0x9D
2044,0x1617B4,0x2B19D,0x0,0,1,5663,697,1,607,672,0,0,0,0,0,0,0,0,0x25F9D,0x9D,0x9D
2045,0x161A78,0x2B19D,0x0,0,1,5666,697,1,607,672,0,0,0,0,0,0,0,0,0x25F9D,0x9D,0x9D
2046,0x161D3C,0x2B19D,0x0,0,1,5669,697,1,607,672,0,0,0,0,0,0,0,0,0x25F9D,0x9D,0x9D
2047,0x162000,0x2B19D,0x0,0,1,5672,697,1,607,672,0,0,0,0,0,0,0,0,0x25F9D,0x9D,0x9D
2048,0x1622C4,0x2B19D,0x0,0,1,5674,697,1,607,672,0,0,0,0,0,0,0,0,0x25F9D,0x9D,0x9D
2049,0x162588,0x2B19D,0x0,0,1,5677,697,1,607,672,0,0,0,0,0,0,0,0,0x25F9D,0x9D,0x9D
2050,0x16284C,0x2B19D,0x0,0,1,5680,697,1,607,672,0,0,0,0,0,0,0,0,0x25F9D,0x9D,0x9D
2051,0x162B10,0x2B19D,0x0,0,1,5683,697,1,607,672,0,0,0,0,0,0,0,0,0x25F9D,0x9D,0x9D
2052,0x162DD4,0x2B19D,0x0,0,1,5685,697,1,607,672,0,0,0,0,0,0,0,0,0x25F9D,0x9D,0x9D
2053,0x163098,0x2B19D,0xFFFFFA70,1,1,5688,697,0,607,672,0,0,0,0,0,0,0,0,0x25F9D,0x9D,0x9D
2054,0x16335C,0x2AC78,0xFFFFFADB,0,1,5691,691,0,607,672,0,0,0,0,0,0,0,0,0x25F9D,0x78,0x9D
2055,0x163620,0x2A7BE,0xFFFFFB46,0,1,5694,687,0,607,672,0,0,0,0,0,0,0,0,0x25F9D,0xBE,0x9D
2056,0x1638E4,0x2A36F,0xFFFFFBB1,0,1,5696,682,0,607,672,0,0,0,0,0,0,0,0,0x25F9D,0x6F,0x9D
2057,0x163BA8,0x29F8B,0xFFFFFC1C,0,1,5699,679,0,607,672,0,0,0,0,0,0,0,0,0x25F8B,0x8B,0x8B
2058,0x163E6C,0x29C12,0xFFFFFC87,0,1,5702,676,0,604,672,0,0,0,0,0,0,0,0,0x25C12,0x12,0x12
2059,0x164130,0x29904,0xFFFFFCF2,0,1,5705,673,0,601,672,0,0,0,0,0,0,0,0,0x25904,0x04,0x04
2060,0x1643F4,0x29661,0xFFFFFD5D,0,1,5707,670,0,598,672,0,0,0,0,0,0,0,0,0x25661,0x61,0x61
2061,0x1646B8,0x29429,0xFFFFFDC8,0,1,5710,668,0,596,672,0,0,0,0,0,0,0,0,0x25429,0x29,0x29
2062,0x16497C,0x2925C,0xFFFFFE33,0,1,5713,666,0,594,672,0,0,0,0,0,0,0,0,0x2525C,0x5C,0x5C
2063,0x164C40,0x290FA,0xFFFFFE9E,0,1,5716,664,0,592,672,0,0,0,0,0,0,0,0,0x250FA,0xFA,0xFA
2064,0x164F04,0x29003,0xFFFFFF09,0,1,5719,664,0,592,672,0,0,0,0,0,0,0,0,0x25003,0x03,0x03
2065,0x1651C8,0x28F77,0xFFFFFF74,0,1,5721,663,0,591,672,0,0,0,0,0,0,0,0,0x24F77,0x77,0x77
2066,0x16548C,0x28F56,0xFFFFFFDF,0,1,5724,663,0,591,672,0,0,0,0,0,0,0,0,0x24F56,0x56,0x56
2067,0x165750,0x28FA0,0x4A,0,1,5727,663,0,591,672,0,0,0,0,0,0,0,0,0x24F56,0xA0,0x56
2068,0x165A14,0x29055,0xB5,0,1,5730,663,0,591,672,0,0,0,0,0,0,0,0,0x24F56,0x55,0x56
2069,0x165CD8,0x29175,0x120,0,1,5732,665,0,591,672,0,0,0,0,0,0,0,0,0x24F56,0x75,0x56
2070,0x165F9C,0x29300,0x18B,0,1,5735,666,0,591,672,0,0,0,0,0,0,0,0,0x24F56,0x00,0x56
2071,0x166260,0x294F6,0x1F6,0,1,5738,668,0,591,672,0,0,0,0,0,0,0,0,0x24F56,0xF6,0x56
2072,0x166524,0x29757,0x261,0,1,5741,671,0,591,672,0,0,0,0,0,0,0,0,0x24F56,0x57,0x56
2073,0x1667E8,0x29A23,0x2CC,0,1,5743,673,0,591,672,0,0,0,0,0,0,0,0,0x24F56,0x23,0x56
2074,0x166AAC,0x29D5A,0x337,0,1,5746,677,0,591,672,0,0,0,0,0,0,0,0,0x24F56,0x5A,0x56
2075,0x166D70,0x2A0FC,0x3A2,0,1,5749,680,0,591,672,0,0,0,0,0,0,0,0,0x24F56,0xFC,0x56
2076,0x167034,0x2A156,0xFFFFFA70,1,1,5752,681,0,591,672,0,0,0,0,0,0,0,0,0x24F56,0x56,0x56
2077,0x1672F8,0x29C31,0xFFFFFADB,0,1,5754,675,0,591,672,0,0,0,0,0,0,0,0,0x24F56,0x31,0x56
2078,0x1675BC,0x29777,0xFFFFFB46,0,1,5757,671,0,591,672,0,0,0,0,0,0,0,0,0x24F56,0x77,0x56
2079,0x167880,0x29328,0xFFFFFBB1,0,1,5760,666,0,591,672,0,0,0,0,0,0,0,0,0x24F56,0x28,0x56
2080,0x167B44,0x28F44,0xFFFFFC1C,0,1,5763,663,0,591,672,0,0,0,0,0,0,0,0,0x24F44,0x44,0x44
2081,0x167E08,0x28BCB,0xFFFFFC87,0,1,5766,659,0,587,672,0,0,0,0,0,0,0,0,0x24BCB,0xCB,0xCB
2082,0x1680CC,0x288BD,0xFFFFFCF2,0,1,5768,656,0,584,672,0,0,0,0,0,0,0,0,0x248BD,0xBD,0xBD
2083,0x168390,0x2861A,0xFFFFFD5D,0,1,5771,654,0,582,672,0,0,0,0,0,0,0,0,0x2461A,0x1A,0x1A
2084,0x168654,0x283E2,0xFFFFFDC8,0,1,5774,651,0,579,672,0,0,0,0,0,0,0,0,0x243E2,0xE2,0xE2
2085,0x168918,0x28215,0xFFFFFE33,0,1,5777,650,0,578,672,0,0,0,0,0,0,0,0,0x24215,0x15,0x15
2086,0x168BDC,0x280B3,0xFFFFFE9E,0,1,5779,648,0,576,672,0,0,0,0,0,0,0,0,0x240B3,0xB3,0xB3
2087,0x168EA0,0x27FBC,0xFFFFFF09,0,1,5782,647,0,575,672,0,0,0,0,0,0,0,0,0x23FBC,0xBC,0xBC
2088,0x169164,0x27F30,0xFFFFFF74,0,1,5785,647,0,575,672,0,0,0,0,0,0,0,0,0x23F30,0x30,0x30
2089,0x169428,0x27F0F,0xFFFFFFDF,0,1,5788,647,0,575,672,0,0,0,0,0,0,0,0,0x23F0F,0x0F,0x0F
2090,0x1696EC,0x27F59,0x4A,0,1,5790,647,0,575,672,0,0,0,0,0,0,0,0,0x23F0F,0x59,0x0F
2091,0x1699B0,0x2800E,0xB5,0,1,5793,647,0,575,672,0,0,0,0,0,0,0,0,0x23F0F,0x0E,0x0F
2092,0x169C74,0x2812E,0x120,0,1,5796,649,0,575,672,0,0,0,0,0,0,0,0,0x23F0F,0x2E,0x0F
2093,0x169F38,0x282B9,0x18B,0,1,5799,650,0,575,672,0,0,0,0,0,0,0,0,0x23F0F,0xB9,0x0F
2094,0x16A1FC,0x284AF,0x1F6,0,1,5801,652,0,575,672,0,0,0,0,0,0,0,0,0x23F0F,0xAF,0x0F
2095,0x16A4C0,0x28710,0x261,0,1,5804,655,0,575,672,0,0,0,0,0,0,0,0,0x23F0F,0x10,0x0F
2096,0x16A784,0x289DC,0x2CC,0,1,5807,657,0,575,672,0,0,0,0,0,0,0,0,0x23F0F,0xDC,0x0F
2097,0x16AA48,0x28D13,0x337,0,1,5810,661,0,575,672,0,0,0,0,0,0,0,0,0x23F0F,0x13,0x0F
2098,0x16AD0C,0x290B5,0x3A2,0,1,5813,664,0,575,672,0,0,0,0,0,0,0,0,0x23F0F,0xB5,0x0F
2099,0x16AFD0,0x2910F,0xFFFFFA70,1,1,5815,665,0,575,672,0,0,0,0,0,0,0,0,0x23F0F,0x0F,0x0F
2100,0x16B294,0x28BEA,0xFFFFFADB,0,1,5818,659,0,575,672,0,0,0,0,0,0,0,0,0x23F0F,0xEA,0x0F
2101,0x16B558,0x28730,0xFFFFFB46,0,1,5821,655,0,575,672,0,0,0,0,0,0,0,0,0x23F0F,0x30,0x0F
2102,0x16B81C,0x282E1,0xFFFFFBB1,0,1,5824,650,0,575,672,0,0,0,0,0,0,0,0,0x23F0F,0xE1,0x0F
2103,0x16BAE0,0x27EFD,0xFFFFFC1C,0,1,5826,646,0,574,672,0,0,0,0,0,0,0,0,0x23EFD,0xFD,0xFD
2104,0x16BDA4,0x27B84,0xFFFFFC87,0,1,5829,643,0,571,672,0,0,0,0,0,0,0,0,0x23B84,0x84,0x84
2105,0x16C068,0x27876,0xFFFFFCF2,0,1,5832,640,0,568,672,0,0,0,0,0,0,0,0,0x23876,0x76,0x76
2106,0x16C32C,0x275D3,0xFFFFFD5D,0,1,5835,637,0,565,672,0,0,0,0,0,0,0,0,0x235D3,0xD3,0xD3
2107,0x16C5F0,0x2739B,0xFFFFFDC8,0,1,5837,635,0,563,672,0,0,0,0,0,0,0,0,0x2339B,0x9B,0x9B
2108,0x16C8B4,0x271CE,0xFFFFFE33,0,1,5840,633,0,561,672,0,0,0,0,0,0,0,0,0x231CE,0xCE,0xCE
2109,0x16CB78,0x2706C,0xFFFFFE9E,0,1,5843,632,0,560,672,0,0,0,0,0,0,0,0,0x2306C,0x6C,0x6C
2110,0x16CE3C,0x26F75,0xFFFFFF09,0,1,5846,631,0,559,672,0,0,0,0,0,0,0,0,0x22F75,0x75,0x75
2111,0x16D100,0x26EE9,0xFFFFFF74,0,1,5849,630,0,558,672,0,0,0,0,0,0,0,0,0x22EE9,0xE9,0xE9
2112,0x16D3C4,0x26EC8,0xFFFFFFDF,0,1,5851,630,0,558,672,0,0,0,0,0,0,0,0,0x22EC8,0xC8,0xC8
2113,0x16D688,0x26F12,0x4A,0,1,5854,630,0,558,672,0,0,0,0,0,0,0,0,0x22EC8,0x12,0xC8
2114,0x16D94C,0x26FC7,0xB5,0,1,5857,630,0,558,672,0,0,0,0,0,0,0,0,0x22EC8,0xC7,0xC8
2115,0x16DC10,0x270E7,0x120,0,1,5860,632,0,558,672,0,0,0,0,0,0,0,0,0x22EC8,0xE7,0xC8
2116,0x16DED4,0x27272,0x18B,0,1,5862,633,0,558,672,0,0,0,0,0,0,0,0,0x22EC8,0x72,0xC8
2117,0x16E198,0x27468,0x1F6,0,1,5865,635,0,558,672,0,0,0,0,0,0,0,0,0x22EC8,0x68,0xC8
2118,0x16E45C,0x276C9,0x261,0,1,5868,638,0,558,672,0,0,0,0,0,0,0,0,0x22EC8,0xC9,0xC8
2119,0x16E720,0x27995,0x2CC,0,1,5871,640,0,558,672,0,0,0,0,0,0,0,0,0x22EC8,0x95,0xC8
2120,0x16E9E4,0x27CCC,0x337,0,1,5873,644,0,558,672,0,0,0,0,0,0,0,0,0x22EC8,0xCC,0xC8
2121,0x16ECA8,0x2806E,0x3A2,0,1,5876,647,0,558,672,0,0,0,0,0,0,0,0,0x22EC8,0x6E,0xC8
2122,0x16EF6C,0x2847B,0x40D,0,1,5879,651,0,558,672,0,0,0,0,0,0,0,0,0x22EC8,0x7B,0xC8
2123,0x16F230,0x288F3,0x478,0,1,5882,656,0,558,672,0,0,0,0,0,0,0,0,0x22EC8,0xF3,0xC8
2124,0x16F4F4,0x28DD6,0x4E3,0,1,5884,661,0,558,672,0,0,0,0,0,0,0,0,0x22EC8,0xD6,0xC8
2125,0x16F7B8,0x29324,0x54E,0,1,5887,666,0,558,672,0,0,0,0,0,0,0,0,0x22EC8,0x24,0xC8
2126,0x16FA7C,0x298DD,0x5B9,0,1,5890,672,0,558,672,0,0,0,0,0,0,0,0,0x22EC8,0xDD,0xC8
2127,0x16FD40,0x29F01,0x624,0,1,5893,678,0,558,672,0,0,0,0,0,0,0,0,0x22EC8,0x01,0xC8
2128,0x170004,0x2A1C8,0x0,0,1,5896,681,1,558,672,0,0,0,0,0,0,0,0,0x22EC8,0xC8,0xC8
2129,0x1702C8,0x2A1C8,0x0,0,1,5898,681,1,558,672,0,0,0,0,0,0,0,0,0x22EC8,0xC8,0xC8
2130,0x17058C,0x2A1C8,0x0,0,1,5901,681,1,558,672,0,0,0,0,0,0,0,0,0x22EC8,0xC8,0xC8
2131,0x170850,0x2A1C8,0x0,0,1,5904,681,1,558,672,0,0,0,0,0,0,0,0,0x22EC8,0xC8,0xC8
2132,0x170B14,0x2A1C8,0x0,0,1,5907,681,1,558,672,0,0,0,0,0,0,0,0,0x22EC8,0xC8,0xC8
2133,0x170DD8,0x2A1C8,0x0,0,1,5909,681,1,558,672,0,0,0,0,0,0,0,0,0x22EC8,0xC8,0xC8
2134,0x17109C,0x2A1C8,0x0,0,1,5912,681,1,558,672,0,0,0,0,0,0,0,0,0x22EC8,0xC8,0xC8
2135,0x171360,0x2A1C8,0x0,0,1,5915,681,1,558,672,0,0,0,0,0,0,0,0,0x22EC8,0xC8,0xC8
2136,0x171624,0x2A1C8,0x0,0,1,5918,681,1,558,672,0,0,0,0,0,0,0,0,0x22EC8,0xC8,0xC8
2137,0x1718E8,0x2A1C8,0x0,0,1,5920,681,1,558,672,0,0,0,0,0,0,0,0,0x22EC8,0xC8,0xC8
2138,0x171BAC,0x2A1C8,0x0,0,1,5923,681,1,558,672,0,0,0,0,0,0,0,0,0x22EC8,0xC8,0xC8
2139,0x171E70,0x2A1C8,0x0,0,1,5926,681,1,558,672,0,0,0,0,0,0,0,0,0x22EC8,0xC8,0xC8
2140,0x172134,0x2A1C8,0xFFFFFA70,1,1,5929,681,0,558,672,0,0,0,0,0,0,0,0,0x22EC8,0xC8,0xC8
2141,0x1723F8,0x29CA3,0xFFFFFADB,0,1,5931,675,0,558,672,0,0,0,0,0,0,0,0,0x22EC8,0xA3,0xC8
2142,0x1726BC,0x297E9,0xFFFFFB46,0,1,5934,671,0,558,672,0,0,0,0,0,0,0,0,0x22EC8,0xE9,0xC8
2143,0x172980,0x2939A,0xFFFFFBB1,0,1,5937,666,0,558,672,0,0,0,0,0,0,0,0,0x22EC8,0x9A,0xC8
2144,0x172C44,0x28FB6,0xFFFFFC1C,0,1,5940,662,0,558,672,0,0,0,0,0,0,0,0,0x22EC8,0xB6,0xC8
2145,0x172F08,0x28C3D,0xFFFFFC87,0,1,5943,659,0,558,672,0,0,0,0,0,0,0,0,0x22EC8,0x3D,0xC8
2146,0x1731CC,0x2892F,0xFFFFFCF2,0,1,5945,656,0,558,672,0,0,0,0,0,0,0,0,0x22EC8,0x2F,0xC8
2147,0x173490,0x2868C,0xFFFFFD5D,0,1,5948,653,0,558,672,0,0,0,0,0,0,0,0,0x22EC8,0x8C,0xC8
2148,0x173754,0x28454,0xFFFFFDC8,0,1,5951,651,0,558,672,0,0,0,0,0,0,0,0,0x22EC8,0x54,0xC8
2149,0x173A18,0x28287,0xFFFFFE33,0,1,5954,649,0,558,672,0,0,0,0,0,0,0,0,0x22EC8,0x87,0xC8
2150,0x173CDC,0x28125,0xFFFFFE9E,0,1,5956,648,0,558,672,0,0,0,0,0,0,0,0,0x22EC8,0x25,0xC8
2151,0x173FA0,0x2802E,0xFFFFFF09,0,1,5959,647,0,558,672,0,0,0,0,0,0,0,0,0x22EC8,0x2E,0xC8
2152,0x174264,0x27FA2,0xFFFFFF74,0,1,5962,646,0,558,672,0,0,0,0,0,0,0,0,0x22EC8,0xA2,0xC8
2153,0x174528,0x27F81,0xFFFFFFDF,0,1,5965,646,0,558,672,0,0,0,0,0,0,0,0,0x22EC8,0x81,0xC8
2154,0x1747EC,0x27FCB,0x4A,0,1,5967,647,0,558,672,0,0,0,0,0,0,0,0,0x22EC8,0xCB,0xC8
2155,0x174AB0,0x28080,0xB5,0,1,5970,647,0,558,672,0,0,0,0,0,0,0,0,0x22EC8,0x80,0xC8
2156,0x174D74,0x281A0,0x120,0,1,5973,648,0,558,672,0,0,0,0,0,0,0,0,0x22EC8,0xA0,0xC8
2157,0x175038,0x281C8,0x0,0,1,5976,649,1,558,672,0,0,0,0,0,0,0,0,0x22EC8,0xC8,0xC8
2158,0x1752FC,0x281C8,0x0,0,1,5978,649,1,558,672,0,0,0,0,0,0,0,0,0x22EC8,0xC8,0xC8
2159,0x1755C0,0x281C8,0x0,0,1,5981,649,1,558,672,0,0,0,0,0,0,0,0,0x22EC8,0xC8,0xC8
2160,0x175884,0x281C8,0x0,0,1,5984,649,1,558,672,0,0,0,0,0,0,0,0,0x22EC8,0xC8,0xC8
2161,0x175B48,0x281C8,0xFFFFFA70,1,1,5987,649,0,558,672,0,0,0,0,0,0,0,0,0x22EC8,0xC8,0xC8
2162,0x175E0C,0x27CA3,0xFFFFFADB,0,1,5990,643,0,558,672,0,0,0,0,0,0,0,0,0x22EC8,0xA3,0xC8
2163,0x1760D0,0x277E9,0xFFFFFB46,0,1,5992,639,0,558,672,0,0,0,0,0,0,0,0,0x22EC8,0xE9,0xC8
2164,0x176394,0x2739A,0xFFFFFBB1,0,1,5995,634,0,558,672,0,0,0,0,0,0,0,0,0x22EC8,0x9A,0xC8
2165,0x176658,0x26FB6,0xFFFFFC1C,0,1,5998,630,0,558,672,0,0,0,0,0,0,0,0,0x22EC8,0xB6,0xC8
2166,0x17691C,0x26C3D,0xFFFFFC87,0,1,6001,628,0,556,672,0,0,0,0,0,0,0,0,0x22C3D,0x3D,0x3D
2167,0x176BE0,0x2692F,0xFFFFFCF2,0,1,6003,625,0,553,672,0,0,0,0,0,0,0,0,0x2292F,0x2F,0x2F
2168,0x176EA4,0x2668C,0xFFFFFD5D,0,1,6006,622,0,550,672,0,0,0,0,0,0,0,0,0x2268C,0x8C,0x8C
2169,0x177168,0x26454,0xFFFFFDC8,0,1,6009,620,0,548,672,0,0,0,0,0,0,0,0,0x22454,0x54,0x54
2170,0x17742C,0x26287,0xFFFFFE33,0,1,6012,618,0,546,672,0,0,0,0,0,0,0,0,0x22287,0x87,0x87
2171,0x1776F0,0x26125,0xFFFFFE9E,0,1,6014,617,0,545,672,0,0,0,0,0,0,0,0,0x22125,0x25,0x25
2172,0x1779B4,0x2602E,0xFFFFFF09,0,1,6017,616,0,544,672,0,0,0,0,0,0,0,0,0x2202E,0x2E,0x2E
2173,0x177C78,0x25FA2,0xFFFFFF74,0,1,6020,615,0,543,672,0,0,0,0,0,0,0,0,0x21FA2,0xA2,0xA2
2174,0x177F3C,0x25F81,0xFFFFFFDF,0,1,6023,615,0,543,672,0,0,0,0,0,0,0,0,0x21F81,0x81,0x81
2175,0x178200,0x25FCB,0x4A,0,1,6026,615,0,543,672,0,0,0,0,0,0,0,0,0x21F81,0xCB,0x81
2176,0x1784C4,0x26080,0xB5,0,1,6028,615,0,543,672,0,0,0,0,0,0,0,0,0x21F81,0x80,0x81
2177,0x178788,0x261A0,0x120,0,1,6031,617,0,543,672,0,0,0,0,0,0,0,0,0x21F81,0xA0,0x81
2178,0x178A4C,0x2632B,0x18B,0,1,6034,618,0,543,672,0,0,0,0,0,0,0,0,0x21F81,0x2B,0x81
2179,0x178D10,0x26521,0x1F6,0,1,6037,620,0,543,672,0,0,0,0,0,0,0,0,0x21F81,0x21,0x81
2180,0x178FD4,0x26782,0x261,0,1,6039,623,0,543,672,0,0,0,0,0,0,0,0,0x21F81,0x82,0x81
2181,0x179298,0x26A4E,0x2CC,0,1,6042,625,0,543,672,0,0,0,0,0,0,0,0,0x21F81,0x4E,0x81
2182,0x17955C,0x26D85,0x337,0,1,6045,629,0,543,672,0,0,0,0,0,0,0,0,0x21F81,0x85,0x81
2183,0x179820,0x27127,0x3A2,0,1,6048,632,0,543,672,0,0,0,0,0,0,0,0,0x21F81,0x27,0x81
2184,0x179AE4,0x27181,0x0,0,1,6050,633,1,543,672,0,0,0,0,0,0,0,0,0x21F81,0x81,0x81
2185,0x179DA8,0x27181,0xFFFFFA70,1,1,6053,633,0,543,672,0,0,0,0,0,0,0,0,0x21F81,0x81,0x81
2186,0x17A06C,0x26C5C,0xFFFFFADB,0,1,6056,627,0,543,672,0,0,0,0,0,0,0,0,0x21F81,0x5C,0x81
2187,0x17A330,0x267A2,0xFFFFFB46,0,1,6059,623,0,543,672,0,0,0,0,0,0,0,0,0x21F81,0xA2,0x81
2188,0x17A5F4,0x26353,0xFFFFFBB1,0,1,6061,618,0,543,672,0,0,0,0,0,0,0,0,0x21F81,0x53,0x81
2189,0x17A8B8,0x25F6F,0xFFFFFC1C,0,1,6064,615,0,543,672,0,0,0,0,0,0,0,0,0x21F6F,0x6F,0x6F
2190,0x17AB7C,0x25BF6,0xFFFFFC87,0,1,6067,611,0,539,672,0,0,0,0,0,0,0,0,0x21BF6,0xF6,0xF6
2191,0x17AE40,0x258E8,0xFFFFFCF2,0,1,6070,608,0,536,672,0,0,0,0,0,0,0,0,0x218E8,0xE8,0xE8
2192,0x17B104,0x25645,0xFFFFFD5D,0,1,6073,606,0,534,672,0,0,0,0,0,0,0,0,0x21645,0x45,0x45
2193,0x17B3C8,0x2540D,0xFFFFFDC8,0,1,6075,604,0,532,672,0,0,0,0,0,0,0,0,0x2140D,0x0D,0x0D
2194,0x17B68C,0x25240,0xFFFFFE33,0,1,6078,602,0,530,672,0,0,0,0,0,0,0,0,0x21240,0x40,0x40
2195,0x17B950,0x250DE,0xFFFFFE9E,0,1,6081,600,0,528,672,0,0,0,0,0,0,0,0,0x210DE,0xDE,0xDE
2196,0x17BC14,0x24FE7,0xFFFFFF09,0,1,6084,599,0,527,672,0,0,0,0,0,0,0,0,0x20FE7,0xE7,0xE7
2197,0x17BED8,0x24F5B,0xFFFFFF74,0,1,6086,599,0,527,672,0,0,0,0,0,0,0,0,0x20F5B,0x5B,0x5B
2198,0x17C19C,0x24F3A,0xFFFFFFDF,0,1,6089,599,0,527,672,0,0,0,0,0,0,0,0,0x20F3A,0x3A,0x3A
2199,0x17C460,0x24F84,0x4A,0,1,6092,599,0,527,672,0,0,0,0,0,0,0,0,0x20F3A,0x84,0x3A
2200,0x17C724,0x25039,0xB5,0,1,6095,599,0,527,672,0,0,0,0,0,0,0,0,0x20F3A,0x39,0x3A
2201,0x17C9E8,0x25159,0x120,0,1,6097,601,0,527,672,0,0,0,0,0,0,0,0,0x20F3A,0x59,0x3A
2202,0x17CCAC,0x252E4,0x18B,0,1,6100,602,0,527,672,0,0,0,0,0,0,0,0,0x20F3A,0xE4,0x3A
2203,0x17CF70,0x254DA,0x1F6,0,1,6103,604,0,527,672,0,0,0,0,0,0,0,0,0x20F3A,0xDA,0x3A
2204,0x17D234,0x2573B,0x261,0,1,6106,607,0,527,672,0,0,0,0,0,0,0,0,0x20F3A,0x3B,0x3A
2205,0x17D4F8,0x25A07,0x2CC,0,1,6108,609,0,527,672,0,0,0,0,0,0,0,0,0x20F3A,0x07,0x3A
2206,0x17D7BC,0x25D3E,0x337,0,1,6111,613,0,527,672,0,0,0,0,0,0,0,0,0x20F3A,0x3E,0x3A
2207,0x17DA80,0x260E0,0x3A2,0,1,6114,616,0,527,672,0,0,0,0,0,0,0,0,0x20F3A,0xE0,0x3A
2208,0x17DD44,0x2613A,0x0,0,1,6117,617,1,527,672,0,0,0,0,0,0,0,0,0x20F3A,0x3A,0x3A
2209,0x17E008,0x2613A,0x0,0,1,6120,617,1,527,672,0,0,0,0,0,0,0,0,0x20F3A,0x3A,0x3A
2210,0x17E2CC,0x2613A,0x0,0,1,6122,617,1,527,672,0,0,0,0,0,0,0,0,0x20F3A,0x3A,0x3A
2211,0x17E590,0x2613A,0x0,0,1,6125,617,1,527,672,0,0,0,0,0,0,0,0,0x20F3A,0x3A,0x3A
2212,0x17E854,0x2613A,0x0,0,1,6128,617,1,527,672,0,0,0,0,0,0,0,0,0x20F3A,0x3A,0x3A
2213,0x17EB18,0x2613A,0x0,0,1,6131,617,1,527,672,0,0,0,0,0,0,0,0,0x20F3A,0x3A,0x3A
2214,0x17EDDC,0x2613A,0x0,0,1,6133,617,1,527,672,0,0,0,0,0,0,0,0,0x20F3A,0x3A,0x3A
2215,0x17F0A0,0x2613A,0xFFFFFA70,1,1,6136,617,0,527,672,0,0,0,0,0,0,0,0,0x20F3A,0x3A,0x3A
2216,0x17F364,0x25C15,0xFFFFFADB,0,1,6139,611,0,527,672,0,0,0,0,0,0,0,0,0x20F3A,0x15,0x3A
2217,0x17F628,0x2575B,0xFFFFFB46,0,1,6142,607,0,527,672,0,0,0,0,0,0,0,0,0x20F3A,0x5B,0x3A
2218,0x17F8EC,0x2530C,0xFFFFFBB1,0,1,6144,602,0,527,672,0,0,0,0,0,0,0,0,0x20F3A,0x0C,0x3A
2219,0x17FBB0,0x24F28,0xFFFFFC1C,0,1,6147,599,0,527,672,0,0,0,0,0,0,0,0,0x20F28,0x28,0x28
2220,0x17FE74,0x24BAF,0xFFFFFC87,0,1,6150,595,0,523,672,0,0,0,0,0,0,0,0,0x20BAF,0xAF,0xAF
2221,0x180138,0x248A1,0xFFFFFCF2,0,1,6153,592,0,520,672,0,0,0,0,0,0,0,0,0x208A1,0xA1,0xA1
2222,0x1803FC,0x245FE,0xFFFFFD5D,0,1,6155,589,0,517,672,0,0,0,0,0,0,0,0,0x205FE,0xFE,0xFE
2223,0x1806C0,0x243C6,0xFFFFFDC8,0,1,6158,587,0,515,672,0,0,0,0,0,0,0,0,0x203C6,0xC6,0xC6
2224,0x180984,0x241F9,0xFFFFFE33,0,1,6161,585,0,513,672,0,0,0,0,0,0,0,0,0x201F9,0xF9,0xF9
2225,0x180C48,0x24097,0xFFFFFE9E,0,1,6164,584,0,512,672,0,0,0,0,0,0,0,0,0x20097,0x97,0x97
2226,0x180F0C,0x23FA0,0xFFFFFF09,0,1,6167,583,0,511,672,0,0,0,0,0,0,0,0,0x1FFA0,0xA0,0xA0
2227,0x1811D0,0x23F14,0xFFFFFF74,0,1,6169,583,0,511,672,0,0,0,0,0,0,0,0,0x1FF14,0x14,0x14
2228,0x181494,0x23EF3,0xFFFFFFDF,0,1,6172,582,0,510,672,0,0,0,0,0,0,0,0,0x1FEF3,0xF3,0xF3
2229,0x181758,0x23F3D,0x4A,0,1,6175,582,0,510,672,0,0,0,0,0,0,0,0,0x1FEF3,0x3D,0xF3
2230,0x181A1C,0x23FF2,0xB5,0,1,6178,582,0,510,672,0,0,0,0,0,0,0,0,0x1FEF3,0xF2,0xF3
2231,0x181CE0,0x24112,0x120,0,1,6180,584,0,510,672,0,0,0,0,0,0,0,0,0x1FEF3,0x12,0xF3
2232,0x181FA4,0x241F3,0x0,0,1,6183,585,1,510,672,0,0,0,0,0,0,0,0,0x1FEF3,0xF3,0xF3
2233,0x182268,0x241F3,0x0,0,1,6186,585,1,510,672,0,0,0,0,0,0,0,0,0x1FEF3,0xF3,0xF3
2234,0x18252C,0x241F3,0x0,0,1,6189,585,1,510,672,0,0,0,0,0,0,0,0,0x1FEF3,0xF3,0xF3
2235,0x1827F0,0x241F3,0x0,0,1,6191,585,1,510,672,0,0,0,0,0,0,0,0,0x1FEF3,0xF3,0xF3
2236,0x182AB4,0x241F3,0xFFFFFA70,1,1,6194,585,0,510,672,0,0,0,0,0,0,0,0,0x1FEF3,0xF3,0xF3
2237,0x182D78,0x23CCE,0xFFFFFADB,0,1,6197,580,0,508,672,0,0,0,0,0,0,0,0,0x1FCCE,0xCE,0xCE
2238,0x18303C,0x23814,0xFFFFFB46,0,1,6200,576,0,504,672,0,0,0,0,0,0,0,0,0x1F814,0x14,0x14
2239,0x183300,0x233C5,0xFFFFFBB1,0,1,6203,571,0,499,672,0,0,0,0,0,0,0,0,0x1F3C5,0xC5,0xC5
2240,0x1835C4,0x22FE1,0xFFFFFC1C,0,1,6205,567,0,495,672,0,0,0,0,0,0,0,0,0x1EFE1,0xE1,0xE1
2241,0x183888,0x22C68,0xFFFFFC87,0,1,6208,564,0,492,672,0,0,0,0,0,0,0,0,0x1EC68,0x68,0x68
2242,0x183B4C,0x2295A,0xFFFFFCF2,0,1,6211,561,0,489,672,0,0,0,0,0,0,0,0,0x1E95A,0x5A,0x5A
2243,0x183E10,0x226B7,0xFFFFFD5D,0,1,6214,558,0,486,672,0,0,0,0,0,0,0,0,0x1E6B7,0xB7,0xB7
2244,0x1840D4,0x2247F,0xFFFFFDC8,0,1,6216,556,0,484,672,0,0,0,0,0,0,0,0,0x1E47F,0x7F,0x7F
2245,0x184398,0x222B2,0xFFFFFE33,0,1,6219,554,0,482,672,0,0,0,0,0,0,0,0,0x1E2B2,0xB2,0xB2
2246,0x18465C,0x22150,0xFFFFFE9E,0,1,6222,553,0,481,672,0,0,0,0,0,0,0,0,0x1E150,0x50,0x50
2247,0x184920,0x22059,0xFFFFFF09,0,1,6225,552,0,480,672,0,0,0,0,0,0,0,0,0x1E059,0x59,0x59
2248,0x184BE4,0x21FCD,0xFFFFFF74,0,1,6227,551,0,479,672,0,0,0,0,0,0,0,0,0x1DFCD,0xCD,0xCD
2249,0x184EA8,0x21FAC,0xFFFFFFDF,0,1,6230,551,0,479,672,0,0,0,0,0,0,0,0,0x1DFAC,0xAC,0xAC
2250,0x18516C,0x21FF6,0x4A,0,1,6233,551,0,479,672,0,0,0,0,0,0,0,0,0x1DFAC,0xF6,0xAC
2251,0x185430,0x220AB,0xB5,0,1,6236,551,0,479,672,0,0,0,0,0,0,0,0,0x1DFAC,0xAB,0xAC
2252,0x1856F4,0x221AC,0x0,0,1,6238,553,1,479,672,0,0,0,0,0,0,0,0,0x1DFAC,0xAC,0xAC
2253,0x1859B8,0x221AC,0x0,0,1,6241,553,1,479,672,0,0,0,0,0,0,0,0,0x1DFAC,0xAC,0xAC
2254,0x185C7C,0x221AC,0x0,0,1,6244,553,1,479,672,0,0,0,0,0,0,0,0,0x1DFAC,0xAC,0xAC
2255,0x185F40,0x221AC,0x0,0,1,6247,553,1,479,672,0,0,0,0,0,0,0,0,0x1DFAC,0xAC,0xAC
2256,0x186204,0x221AC,0x0,0,1,6250,553,1,479,672,0,0,0,0,0,0,0,0,0x1DFAC,0xAC,0xAC
2257,0x1864C8,0x221AC,0x0,0,1,6252,553,1,479,672,0,0,0,0,0,0,0,0,0x1DFAC,0xAC,0xAC
2258,0x18678C,0x221AC,0x0,0,1,6255,553,1,479,672,0,0,0,0,0,0,0,0,0x1DFAC,0xAC,0xAC
2259,0x186A50,0x221AC,0x0,0,1,6258,553,1,479,672,0,0,0,0,0,0,0,0,0x1DFAC,0xAC,0xAC
2260,0x186D14,0x221AC,0x0,0,1,6261,553,1,479,672,0,0,0,0,0,0,0,0,0x1DFAC,0xAC,0xAC
2261,0x186FD8,0x221AC,0xFFFFFA70,1,1,6263,553,0,479,672,0,0,0,0,0,0,0,0,0x1DFAC,0xAC,0xAC
2262,0x18729C,0x21C87,0xFFFFFADB,0,1,6266,548,0,476,672,0,0,0,0,0,0,0,0,0x1DC87,0x87,0x87
2263,0x187560,0x217CD,0xFFFFFB46,0,1,6269,543,0,471,672,0,0,0,0,0,0,0,0,0x1D7CD,0xCD,0xCD
2264,0x187824,0x2137E,0xFFFFFBB1,0,1,6272,539,0,467,672,0,0,0,0,0,0,0,0,0x1D37E,0x7E,0x7E
2265,0x187AE8,0x20F9A,0xFFFFFC1C,0,1,6274,535,0,463,672,0,0,0,0,0,0,0,0,0x1CF9A,0x9A,0x9A
2266,0x187DAC,0x20C21,0xFFFFFC87,0,1,6277,532,0,460,672,0,0,0,0,0,0,0,0,0x1CC21,0x21,0x21
2267,0x188070,0x20913,0xFFFFFCF2,0,1,6280,529,0,457,672,0,0,0,0,0,0,0,0,0x1C913,0x13,0x13
2268,0x188334,0x20670,0xFFFFFD5D,0,1,6283,526,0,454,672,0,0,0,0,0,0,0,0,0x1C670,0x70,0x70
2269,0x1885F8,0x20438,0xFFFFFDC8,0,1,6285,524,0,452,672,0,0,0,0,0,0,0,0,0x1C438,0x38,0x38
2270,0x1888BC,0x2026B,0xFFFFFE33,0,1,6288,522,0,450,672,0,0,0,0,0,0,0,0,0x1C26B,0x6B,0x6B
2271,0x188B80,0x20109,0xFFFFFE9E,0,1,6291,521,0,449,672,0,0,0,0,0,0,0,0,0x1C109,0x09,0x09
2272,0x188E44,0x20012,0xFFFFFF09,0,1,6294,520,0,448,672,0,0,0,0,0,0,0,0,0x1C012,0x12,0x12
2273,0x189108,0x1FF86,0xFFFFFF74,0,1,6297,519,0,447,672,0,0,0,0,0,0,0,0,0x1BF86,0x86,0x86
2274,0x1893CC,0x1FF65,0xFFFFFFDF,0,1,6299,519,0,447,672,0,0,0,0,0,0,0,0,0x1BF65,0x65,0x65
2275,0x189690,0x1FFAF,0x4A,0,1,6302,519,0,447,672,0,0,0,0,0,0,0,0,0x1BF65,0xAF,0x65
2276,0x189954,0x20064,0xB5,0,1,6305,519,0,447,672,0,0,0,0,0,0,0,0,0x1BF65,0x64,0x65
2277,0x189C18,0x20165,0x0,0,1,6308,521,1,447,672,0,0,0,0,0,0,0,0,0x1BF65,0x65,0x65
2278,0x189EDC,0x20165,0x0,0,1,6310,521,1,447,672,0,0,0,0,0,0,0,0,0x1BF65,0x65,0x65
2279,0x18A1A0,0x20165,0x0,0,1,6313,521,1,447,672,0,0,0,0,0,0,0,0,0x1BF65,0x65,0x65
2280,0x18A464,0x20165,0x0,0,1,6316,521,1,447,672,0,0,0,0,0,0,0,0,0x1BF65,0x65,0x65
2281,0x18A728,0x20165,0x0,0,1,6319,521,1,447,672,0,0,0,0,0,0,0,0,0x1BF65,0x65,0x65
2282,0x18A9EC,0x20165,0x0,0,1,6321,521,1,447,672,0,0,0,0,0,0,0,0,0x1BF65,0x65,0x65
2283,0x18ACB0,0x20165,0x0,0,1,6324,521,1,447,672,0,0,0,0,0,0,0,0,0x1BF65,0x65,0x65
2284,0x18AF74,0x20165,0x0,0,1,6327,521,0,447,672,0,0,0,0,0,0,0,0,0x1BF65,0x65,0x65
2285,0x18B238,0x20165,0xFFFFFA70,1,1,6330,521,0,447,672,0,0,0,0,0,0,0,0,0x1BF65,0x65,0x65
2286,0x18B4FC,0x1FC40,0xFFFFFADB,0,1,6332,516,0,444,672,0,0,0,0,0,0,0,0,0x1BC40,0x40,0x40
2287,0x18B7C0,0x1F786,0xFFFFFB46,0,1,6335,511,0,439,672,0,0,0,0,0,0,0,0,0x1B786,0x86,0x86
2288,0x18BA84,0x1F337,0xFFFFFBB1,0,1,6338,507,0,435,672,0,0,0,0,0,0,0,0,0x1B337,0x37,0x37
2289,0x18BD48,0x1EF53,0xFFFFFC1C,0,1,6341,503,0,431,672,0,0,0,0,0,0,0,0,0x1AF53,0x53,0x53
2290,0x18C00C,0x1EBDA,0xFFFFFC87,0,1,6344,499,0,427,672,0,0,0,0,0,0,0,0,0x1ABDA,0xDA,0xDA
2291,0x18C2D0,0x1E8CC,0xFFFFFCF2,0,1,6346,496,0,424,672,0,0,0,0,0,0,0,0,0x1A8CC,0xCC,0xCC
2292,0x18C594,0x1E629,0xFFFFFD5D,0,1,6349,494,0,422,672,0,0,0,0,0,0,0,0,0x1A629,0x29,0x29
2293,0x18C858,0x1E3F1,0xFFFFFDC8,0,1,6352,491,0,419,672,0,0,0,0,0,0,0,0,0x1A3F1,0xF1,0xF1
2294,0x18CB1C,0x1E224,0xFFFFFE33,0,1,6355,490,0,418,672,0,0,0,0,0,0,0,0,0x1A224,0x24,0x24
2295,0x18CDE0,0x1E0C2,0xFFFFFE9E,0,1,6357,488,0,416,672,0,0,0,0,0,0,0,0,0x1A0C2,0xC2,0xC2
2296,0x18D0A4,0x1DFCB,0xFFFFFF09,0,1,6360,487,0,415,672,0,0,0,0,0,0,0,0,0x19FCB,0xCB,0xCB
2297,0x18D368,0x1DF3F,0xFFFFFF74,0,1,6363,487,0,415,672,0,0,0,0,0,0,0,0,0x19F3F,0x3F,0x3F
2298,0x18D62C,0x1DF1E,0xFFFFFFDF,0,1,6366,487,0,415,672,0,0,0,0,0,0,0,0,0x19F1E,0x1E,0x1E
2299,0x18D8F0,0x1DF68,0x4A,0,1,6368,487,0,415,672,0,0,0,0,0,0,0,0,0x19F1E,0x68,0x1E
2300,0x18DBB4,0x1E01D,0xB5,0,1,6371,487,0,415,672,0,0,0,0,0,0,0,0,0x19F1E,0x1D,0x1E
2301,0x18DE78,0x1E11E,0x0,0,1,6374,489,1,415,672,0,0,0,0,0,0,0,0,0x19F1E,0x1E,0x1E
2302,0x18E13C,0x1E11E,0x0,0,1,6377,489,1,415,672,0,0,0,0,0,0,0,0,0x19F1E,0x1E,0x1E
2303,0x18E400,0x1E11E,0x0,0,1,6380,489,1,415,672,0,0,0,0,0,0,0,0,0x19F1E,0x1E,0x1E
2304,0x18E6C4,0x1E11E,0x0,0,1,6382,489,1,415,672,0,0,0,0,0,0,0,0,0x19F1E,0x1E,0x1E
2305,0x18E988,0x1E11E,0x0,0,1,6385,489,1,415,672,0,0,0,0,0,0,0,0,0x19F1E,0x1E,0x1E
2306,0x18EC4C,0x1E11E,0x0,0,1,6388,489,1,415,672,0,0,0,0,0,0,0,0,0x19F1E,0x1E,0x1E
2307,0x18EF10,0x1E11E,0x0,0,1,6391,489,1,415,672,0,0,0,0,0,0,0,0,0x19F1E,0x1E,0x1E
2308,0x18F1D4,0x1E11E,0x0,0,1,6393,489,1,415,672,0,0,0,0,0,0,0,0,0x19F1E,0x1E,0x1E
2309,0x18F498,0x1E11E,0x0,0,1,6396,489,1,415,672,0,0,0,0,0,0,0,0,0x19F1E,0x1E,0x1E
2310,0x18F75C,0x1E11E,0x0,0,1,6399,489,1,415,672,0,0,0,0,0,0,0,0,0x19F1E,0x1E,0x1E
2311,0x18FA20,0x1E11E,0x0,0,1,6402,489,1,415,672,0,0,0,0,0,0,0,0,0x19F1E,0x1E,0x1E
2312,0x18FCE4,0x1E11E,0x0,0,1,6404,489,1,415,672,0,0,0,0,0,0,0,0,0x19F1E,0x1E,0x1E
2313,0x18FFA8,0x1E11E,0x0,0,1,6407,489,1,415,672,0,0,0,0,0,0,0,0,0x19F1E,0x1E,0x1E
2314,0x19026C,0x1E11E,0x0,0,1,6410,489,1,415,672,0,0,0,0,0,0,0,0,0x19F1E,0x1E,0x1E
2315,0x190530,0x1E11E,0x0,0,1,6413,489,1,415,672,0,0,0,0,0,0,0,0,0x19F1E,0x1E,0x1E
2316,0x1907F4,0x1E11E,0x0,0,1,6415,489,1,415,672,0,0,0,0,0,0,0,0,0x19F1E,0x1E,0x1E
2317,0x190AB8,0x1E11E,0x0,0,1,6418,489,1,415,672,0,0,0,0,0,0,0,0,0x19F1E,0x1E,0x1E
2318,0x190D7C,0x1E11E,0xFFFFFA70,1,1,6421,489,0,415,672,0,0,0,0,0,0,0,0,0x19F1E,0x1E,0x1E
2319,0x191040,0x1DBF9,0xFFFFFADB,0,1,6424,483,0,411,672,0,0,0,0,0,0,0,0,0x19BF9,0xF9,0xF9
2320,0x191304,0x1D73F,0xFFFFFB46,0,1,6427,479,0,407,672,0,0,0,0,0,0,0,0,0x1973F,0x3F,0x3F
2321,0x1915C8,0x1D2F0,0xFFFFFBB1,0,1,6429,474,0,402,672,0,0,0,0,0,0,0,0,0x192F0,0xF0,0xF0
2322,0x19188C,0x1CF0C,0xFFFFFC1C,0,1,6432,471,0,399,672,0,0,0,0,0,0,0,0,0x18F0C,0x0C,0x0C
2323,0x191B50,0x1CB93,0xFFFFFC87,0,1,6435,467,0,395,672,0,0,0,0,0,0,0,0,0x18B93,0x93,0x93
2324,0x191E14,0x1C885,0xFFFFFCF2,0,1,6438,464,0,392,672,0,0,0,0,0,0,0,0,0x18885,0x85,0x85
2325,0x1920D8,0x1C5E2,0xFFFFFD5D,0,1,6440,461,0,389,672,0,0,0,0,0,0,0,0,0x185E2,0xE2,0xE2
2326,0x19239C,0x1C3AA,0xFFFFFDC8,0,1,6443,459,0,387,672,0,0,0,0,0,0,0,0,0x183AA,0xAA,0xAA
2327,0x192660,0x1C1DD,0xFFFFFE33,0,1,6446,457,0,385,672,0,0,0,0,0,0,0,0,0x181DD,0xDD,0xDD
2328,0x192924,0x1C07B,0xFFFFFE9E,0,1,6449,456,0,384,672,0,0,0,0,0,0,0,0,0x1807B,0x7B,0x7B
2329,0x192BE8,0x1BF84,0xFFFFFF09,0,1,6451,455,0,383,672,0,0,0,0,0,0,0,0,0x17F84,0x84,0x84
2330,0x192EAC,0x1BEF8,0xFFFFFF74,0,1,6454,454,0,382,672,0,0,0,0,0,0,0,0,0x17EF8,0xF8,0xF8
2331,0x193170,0x1BED7,0xFFFFFFDF,0,1,6457,454,0,382,672,0,0,0,0,0,0,0,0,0x17ED7,0xD7,0xD7
2332,0x193434,0x1BF21,0x4A,0,1,6460,454,0,382,672,0,0,0,0,0,0,0,0,0x17ED7,0x21,0xD7
2333,0x1936F8,0x1BFD6,0xB5,0,1,6462,454,0,382,672,0,0,0,0,0,0,0,0,0x17ED7,0xD6,0xD7
2334,0x1939BC,0x1C0F6,0x120,0,1,6465,456,0,382,672,0,0,0,0,0,0,0,0,0x17ED7,0xF6,0xD7
2335,0x193C80,0x1C281,0x18B,0,1,6468,457,0,382,672,0,0,0,0,0,0,0,0,0x17ED7,0x81,0xD7
2336,0x193F44,0x1C477,0x1F6,0,1,6471,459,0,382,672,0,0,0,0,0,0,0,0,0x17ED7,0x77,0xD7
2337,0x194208,0x1C6D8,0x261,0,1,6474,462,0,382,672,0,0,0,0,0,0,0,0,0x17ED7,0xD8,0xD7
2338,0x1944CC,0x1C9A4,0x2CC,0,1,6476,464,0,382,672,0,0,0,0,0,0,0,0,0x17ED7,0xA4,0xD7
2339,0x194790,0x1CCDB,0x337,0,1,6479,468,0,382,672,0,0,0,0,0,0,0,0,0x17ED7,0xDB,0xD7
2340,0x194A54,0x1D07D,0x3A2,0,1,6482,471,0,382,672,0,0,0,0,0,0,0,0,0x17ED7,0x7D,0xD7
2341,0x194D18,0x1D48A,0x40D,0,1,6485,475,0,382,672,0,0,0,0,0,0,0,0,0x17ED7,0x8A,0xD7
2342,0x194FDC,0x1D902,0x478,0,1,6487,480,0,382,672,0,0,0,0,0,0,0,0,0x17ED7,0x02,0xD7
2343,0x1952A0,0x1DDE5,0x4E3,0,1,6490,485,0,382,672,0,0,0,0,0,0,0,0,0x17ED7,0xE5,0xD7
2344,0x195564,0x1E1D7,0xFFFFFA70,1,1,6493,489,0,382,672,0,0,0,0,0,0,0,0,0x17ED7,0xD7,0xD7
2345,0x195828,0x1DCB2,0xFFFFFADB,0,1,6496,483,0,382,672,0,0,0,0,0,0,0,0,0x17ED7,0xB2,0xD7
2346,0x195AEC,0x1D7F8,0xFFFFFB46,0,1,6498,479,0,382,672,0,0,0,0,0,0,0,0,0x17ED7,0xF8,0xD7
2347,0x195DB0,0x1D3A9,0xFFFFFBB1,0,1,6501,474,0,382,672,0,0,0,0,0,0,0,0,0x17ED7,0xA9,0xD7
2348,0x196074,0x1CFC5,0xFFFFFC1C,0,1,6504,470,0,382,672,0,0,0,0,0,0,0,0,0x17ED7,0xC5,0xD7
2349,0x196338,0x1CC4C,0xFFFFFC87,0,1,6507,467,0,382,672,0,0,0,0,0,0,0,0,0x17ED7,0x4C,0xD7
2350,0x1965FC,0x1C93E,0xFFFFFCF2,0,1,6509,464,0,382,672,0,0,0,0,0,0,0,0,0x17ED7,0x3E,0xD7
2351,0x1968C0,0x1C69B,0xFFFFFD5D,0,1,6512,461,0,382,672,0,0,0,0,0,0,0,0,0x17ED7,0x9B,0xD7
2352,0x196B84,0x1C463,0xFFFFFDC8,0,1,6515,459,0,382,672,0,0,0,0,0,0,0,0,0x17ED7,0x63,0xD7
2353,0x196E48,0x1C296,0xFFFFFE33,0,1,6518,457,0,382,672,0,0,0,0,0,0,0,0,0x17ED7,0x96,0xD7
2354,0x19710C,0x1C134,0xFFFFFE9E,0,1,6521,456,0,382,672,0,0,0,0,0,0,0,0,0x17ED7,0x34,0xD7
2355,0x1973D0,0x1C03D,0xFFFFFF09,0,1,6523,455,0,382,672,0,0,0,0,0,0,0,0,0x17ED7,0x3D,0xD7
2356,0x197694,0x1BFB1,0xFFFFFF74,0,1,6526,454,0,382,672,0,0,0,0,0,0,0,0,0x17ED7,0xB1,0xD7
2357,0x197958,0x1BF90,0xFFFFFFDF,0,1,6529,454,0,382,672,0,0,0,0,0,0,0,0,0x17ED7,0x90,0xD7
2358,0x197C1C,0x1BFDA,0x4A,0,1,6532,455,0,382,672,0,0,0,0,0,0,0,0,0x17ED7,0xDA,0xD7
2359,0x197EE0,0x1C08F,0xB5,0,1,6534,455,0,382,672,0,0,0,0,0,0,0,0,0x17ED7,0x8F,0xD7
2360,0x1981A4,0x1C1AF,0x120,0,1,6537,456,0,382,672,0,0,0,0,0,0,0,0,0x17ED7,0xAF,0xD7
2361,0x198468,0x1C33A,0x18B,0,1,6540,458,0,382,672,0,0,0,0,0,0,0,0,0x17ED7,0x3A,0xD7
2362,0x19872C,0x1C530,0x1F6,0,1,6543,460,0,382,672,0,0,0,0,0,0,0,0,0x17ED7,0x30,0xD7
2363,0x1989F0,0x1C791,0x261,0,1,6545,462,0,382,672,0,0,0,0,0,0,0,0,0x17ED7,0x91,0xD7
2364,0x198CB4,0x1CA5D,0x2CC,0,1,6548,465,0,382,672,0,0,0,0,0,0,0,0,0x17ED7,0x5D,0xD7
2365,0x198F78,0x1CD94,0x337,0,1,6551,468,0,382,672,0,0,0,0,0,0,0,0,0x17ED7,0x94,0xD7
2366,0x19923C,0x1D136,0x3A2,0,1,6554,472,0,382,672,0,0,0,0,0,0,0,0,0x17ED7,0x36,0xD7
2367,0x199500,0x1D543,0x40D,0,1,6557,476,0,382,672,0,0,0,0,0,0,0,0,0x17ED7,0x43,0xD7
2368,0x1997C4,0x1D9BB,0x478,0,1,6559,480,0,382,672,0,0,0,0,0,0,0,0,0x17ED7,0xBB,0xD7
2369,0x199A88,0x1DE9E,0x4E3,0,1,6562,485,0,382,672,0,0,0,0,0,0,0,0,0x17ED7,0x9E,0xD7
2370,0x199D4C,0x1E3EC,0x54E,0,1,6565,491,0,382,672,0,0,0,0,0,0,0,0,0x17ED7,0xEC,0xD7
2371,0x19A010,0x1E9A5,0x5B9,0,1,6568,496,0,382,672,0,0,0,0,0,0,0,0,0x17ED7,0xA5,0xD7
2372,0x19A2D4,0x1EFC9,0x624,0,1,6570,502,0,382,672,0,0,0,0,0,0,0,0,0x17ED7,0xC9,0xD7
2373,0x19A598,0x1F658,0x68F,0,1,6573,509,0,382,672,0,0,0,0,0,0,0,0,0x17ED7,0x58,0xD7
2374,0x19A85C,0x1FD52,0x6FA,0,1,6576,516,0,382,672,0,0,0,0,0,0,0,0,0x17ED7,0x52,0xD7
2375,0x19AB20,0x204B7,0x765,0,1,6579,523,0,382,672,0,0,0,0,0,0,0,0,0x17ED7,0xB7,0xD7
2376,0x19ADE4,0x20BB1,0x6FA,0,1,6581,530,0,382,672,0,0,0,0,0,0,0,0,0x17ED7,0xB1,0xD7
2377,0x19B0A8,0x21316,0x765,0,1,6584,538,0,382,672,0,0,0,0,0,0,0,0,0x17ED7,0x16,0xD7
2378,0x19B36C,0x21A10,0x6FA,0,1,6587,545,0,382,672,0,0,0,0,0,0,0,0,0x17ED7,0x10,0xD7
2379,0x19B630,0x22175,0x765,0,1,6590,553,0,385,672,0,0,0,0,0,0,0,0,0x18175,0x75,0x75
2380,0x19B8F4,0x2286F,0x6FA,0,1,6592,560,0,392,672,0,0,0,0,0,0,0,0,0x1886F,0x6F,0x6F
2381,0x19BBB8,0x22FD4,0x765,0,1,6595,567,0,399,672,0,0,0,0,0,0,0,0,0x18FD4,0xD4,0xD4
2382,0x19BE7C,0x236CE,0x6FA,0,1,6598,574,0,406,672,0,0,0,0,0,0,0,0,0x196CE,0xCE,0xCE
2383,0x19C140,0x23E33,0x765,0,1,6601,582,0,414,672,0,0,0,0,0,0,0,0,0x19E33,0x33,0x33
2384,0x19C404,0x2452D,0x6FA,0,1,6604,589,0,421,672,0,0,0,0,0,0,0,0,0x1A52D,0x2D,0x2D
2385,0x19C6C8,0x24C92,0x765,0,1,6606,596,0,428,672,0,0,0,0,0,0,0,0,0x1AC92,0x92,0x92
2386,0x19C98C,0x2538C,0x6FA,0,1,6609,603,0,435,672,0,0,0,0,0,0,0,0,0x1B38C,0x8C,0x8C
2387,0x19CC50,0x25AF1,0x765,0,1,6612,610,0,442,672,0,0,0,0,0,0,0,0,0x1BAF1,0xF1,0xF1
2388,0x19CF14,0x261EB,0x6FA,0,1,6615,617,0,449,672,0,0,0,0,0,0,0,0,0x1C1EB,0xEB,0xEB
2389,0x19D1D8,0x26950,0x765,0,1,6617,625,0,457,672,0,0,0,0,0,0,0,0,0x1C950,0x50,0x50
2390,0x19D49C,0x2704A,0x6FA,0,1,6620,632,0,464,672,0,0,0,0,0,0,0,0,0x1D04A,0x4A,0x4A
2391,0x19D760,0x277AF,0x765,0,1,6623,639,0,471,672,0,0,0,0,0,0,0,0,0x1D7AF,0xAF,0xAF
2392,0x19DA24,0x27EA9,0x6FA,0,1,6626,646,0,478,672,0,0,0,0,0,0,0,0,0x1DEA9,0xA9,0xA9
2393,0x19DCE8,0x2860E,0x765,0,1,6628,654,0,486,672,0,0,0,0,0,0,0,0,0x1E60E,0x0E,0x0E
2394,0x19DFAC,0x28D08,0x6FA,0,1,6631,661,0,493,672,0,0,0,0,0,0,0,0,0x1ED08,0x08,0x08
2395,0x19E270,0x2946D,0x765,0,1,6634,668,0,500,672,0,0,0,0,0,0,0,0,0x1F46D,0x6D,0x6D
2396,0x19E534,0x29B67,0x6FA,0,1,6637,675,0,507,672,0,0,0,0,0,0,0,0,0x1FB67,0x67,0x67
2397,0x19E7F8,0x2A2CC,0x765,0,1,6639,682,0,514,672,0,0,0,0,0,0,0,0,0x202CC,0xCC,0xCC
2398,0x19EABC,0x2A9C6,0x6FA,0,1,6642,689,0,521,672,0,0,0,0,0,0,0,0,0x209C6,0xC6,0xC6
2399,0x19ED80,0x2B12B,0x765,0,1,6645,697,0,529,672,0,0,0,0,0,0,0,0,0x2112B,0x2B,0x2B
2400,0x19F044,0x2B825,0x6FA,0,1,6648,704,0,536,672,0,0,0,0,0,0,0,0,0x21825,0x25,0x25
2401,0x19F308,0x2BF8A,0x765,0,1,6651,711,0,543,672,0,0,0,0,0,0,0,0,0x21F8A,0x8A,0x8A
2402,0x19F5CC,0x2C18A,0x0,0,1,6653,713,1,545,672,0,0,0,0,0,0,0,0,0x2218A,0x8A,0x8A
2403,0x19F890,0x2C18A,0xFFFFFA70,1,1,6656,713,0,545,672,0,0,0,0,0,0,0,0,0x2218A,0x8A,0x8A
2404,0x19FB54,0x2BC65,0xFFFFFADB,0,1,6659,707,0,545,672,0,0,0,0,0,0,0,0,0x2218A,0x65,0x8A
2405,0x19FE18,0x2B7AB,0xFFFFFB46,0,1,6662,703,0,545,672,0,0,0,0,0,0,0,0,0x2218A,0xAB,0x8A
2406,0x1A00DC,0x2B35C,0xFFFFFBB1,0,1,6664,698,0,545,672,0,0,0,0,0,0,0,0,0x2218A,0x5C,0x8A
2407,0x1A03A0,0x2AF78,0xFFFFFC1C,0,1,6667,694,0,545,672,0,0,0,0,0,0,0,0,0x2218A,0x78,0x8A
2408,0x1A0664,0x2ABFF,0xFFFFFC87,0,1,6670,691,0,545,672,0,0,0,0,0,0,0,0,0x2218A,0xFF,0x8A
2409,0x1A0928,0x2A8F1,0xFFFFFCF2,0,1,6673,688,0,545,672,0,0,0,0,0,0,0,0,0x2218A,0xF1,0x8A
2410,0x1A0BEC,0x2A64E,0xFFFFFD5D,0,1,6675,685,0,545,672,0,0,0,0,0,0,0,0,0x2218A,0x4E,0x8A
2411,0x1A0EB0,0x2A416,0xFFFFFDC8,0,1,6678,683,0,545,672,0,0,0,0,0,0,0,0,0x2218A,0x16,0x8A
2412,0x1A1174,0x2A249,0xFFFFFE33,0,1,6681,681,0,545,672,0,0,0,0,0,0,0,0,0x2218A,0x49,0x8A
2413,0x1A1438,0x2A0E7,0xFFFFFE9E,0,1,6684,680,0,545,672,0,0,0,0,0,0,0,0,0x2218A,0xE7,0x8A
2414,0x1A16FC,0x29FF0,0xFFFFFF09,0,1,6686,679,0,545,672,0,0,0,0,0,0,0,0,0x2218A,0xF0,0x8A
2415,0x1A19C0,0x29F64,0xFFFFFF74,0,1,6689,678,0,545,672,0,0,0,0,0,0,0,0,0x2218A,0x64,0x8A
2416,0x1A1C84,0x29F43,0xFFFFFFDF,0,1,6692,678,0,545,672,0,0,0,0,0,0,0,0,0x2218A,0x43,0x8A
2417,0x1A1F48,0x29F8D,0x4A,0,1,6695,679,0,545,672,0,0,0,0,0,0,0,0,0x2218A,0x8D,0x8A
2418,0x1A220C,0x2A042,0xB5,0,1,6698,679,0,545,672,0,0,0,0,0,0,0,0,0x2218A,0x42,0x8A
2419,0x1A24D0,0x2A162,0x120,0,1,6700,680,0,545,672,0,0,0,0,0,0,0,0,0x2218A,0x62,0x8A
2420,0x1A2794,0x2A2ED,0x18B,0,1,6703,682,0,545,672,0,0,0,0,0,0,0,0,0x2218A,0xED,0x8A
2421,0x1A2A58,0x2A4E3,0x1F6,0,1,6706,684,0,545,672,0,0,0,0,0,0,0,0,0x2218A,0xE3,0x8A
2422,0x1A2D1C,0x2A744,0x261,0,1,6709,686,0,545,672,0,0,0,0,0,0,0,0,0x2218A,0x44,0x8A
2423,0x1A2FE0,0x2AA10,0x2CC,0,1,6711,689,0,545,672,0,0,0,0,0,0,0,0,0x2218A,0x10,0x8A
2424,0x1A32A4,0x2AD47,0x337,0,1,6714,692,0,545,672,0,0,0,0,0,0,0,0,0x2218A,0x47,0x8A
2425,0x1A3568,0x2B0E9,0x3A2,0,1,6717,696,0,545,672,0,0,0,0,0,0,0,0,0x2218A,0xE9,0x8A
2426,0x1A382C,0x2B4F6,0x40D,0,1,6720,700,0,545,672,0,0,0,0,0,0,0,0,0x2218A,0xF6,0x8A
2427,0x1A3AF0,0x2B96E,0x478,0,1,6722,704,0,545,672,0,0,0,0,0,0,0,0,0x2218A,0x6E,0x8A
2428,0x1A3DB4,0x2BE51,0x4E3,0,1,6725,709,0,545,672,0,0,0,0,0,0,0,0,0x2218A,0x51,0x8A
2429,0x1A4078,0x2C39F,0x54E,0,1,6728,715,0,547,672,0,0,0,0,0,0,0,0,0x2239F,0x9F,0x9F
2430,0x1A433C,0x2C958,0x5B9,0,1,6731,721,0,553,672,0,0,0,0,0,0,0,0,0x22958,0x58,0x58
2431,0x1A4600,0x2CF7C,0x624,0,1,6734,727,0,559,672,0,0,0,0,0,0,0,0,0x22F7C,0x7C,0x7C
2432,0x1A48C4,0x2D17C,0xFFFFFA70,1,1,6736,729,0,561,672,0,0,0,0,0,0,0,0,0x2317C,0x7C,0x7C
2433,0x1A4B88,0x2CC57,0xFFFFFADB,0,1,6739,723,0,561,672,0,0,0,0,0,0,0,0,0x2317C,0x57,0x7C
2434,0x1A4E4C,0x2C79D,0xFFFFFB46,0,1,6742,719,0,561,672,0,0,0,0,0,0,0,0,0x2317C,0x9D,0x7C
2435,0x1A5110,0x2C34E,0xFFFFFBB1,0,1,6745,714,0,561,672,0,0,0,0,0,0,0,0,0x2317C,0x4E,0x7C
2436,0x1A53D4,0x2BF6A,0xFFFFFC1C,0,1,6747,710,0,561,672,0,0,0,0,0,0,0,0,0x2317C,0x6A,0x7C
2437,0x1A5698,0x2BBF1,0xFFFFFC87,0,1,6750,707,0,561,672,0,0,0,0,0,0,0,0,0x2317C,0xF1,0x7C
2438,0x1A595C,0x2B8E3,0xFFFFFCF2,0,1,6753,704,0,561,672,0,0,0,0,0,0,0,0,0x2317C,0xE3,0x7C
2439,0x1A5C20,0x2B640,0xFFFFFD5D,0,1,6756,701,0,561,672,0,0,0,0,0,0,0,0,0x2317C,0x40,0x7C
2440,0x1A5EE4,0x2B408,0xFFFFFDC8,0,1,6758,699,0,561,672,0,0,0,0,0,0,0,0,0x2317C,0x08,0x7C
2441,0x1A61A8,0x2B23B,0xFFFFFE33,0,1,6761,697,0,561,672,0,0,0,0,0,0,0,0,0x2317C,0x3B,0x7C
2442,0x1A646C,0x2B0D9,0xFFFFFE9E,0,1,6764,696,0,561,672,0,0,0,0,0,0,0,0,0x2317C,0xD9,0x7C
2443,0x1A6730,0x2AFE2,0xFFFFFF09,0,1,6767,695,0,561,672,0,0,0,0,0,0,0,0,0x2317C,0xE2,0x7C
2444,0x1A69F4,0x2AF56,0xFFFFFF74,0,1,6769,694,0,561,672,0,0,0,0,0,0,0,0,0x2317C,0x56,0x7C
2445,0x1A6CB8,0x2AF35,0xFFFFFFDF,0,1,6772,694,0,561,672,0,0,0,0,0,0,0,0,0x2317C,0x35,0x7C
2446,0x1A6F7C,0x2AF7F,0x4A,0,1,6775,695,0,561,672,0,0,0,0,0,0,0,0,0x2317C,0x7F,0x7C
2447,0x1A7240,0x2B034,0xB5,0,1,6778,695,0,561,672,0,0,0,0,0,0,0,0,0x2317C,0x34,0x7C
2448,0x1A7504,0x2B154,0x120,0,1,6781,696,0,561,672,0,0,0,0,0,0,0,0,0x2317C,0x54,0x7C
2449,0x1A77C8,0x2B2DF,0x18B,0,1,6783,698,0,561,672,0,0,0,0,0,0,0,0,0x2317C,0xDF,0x7C
2450,0x1A7A8C,0x2B4D5,0x1F6,0,1,6786,700,0,561,672,0,0,0,0,0,0,0,0,0x2317C,0xD5,0x7C
2451,0x1A7D50,0x2B736,0x261,0,1,6789,702,0,561,672,0,0,0,0,0,0,0,0,0x2317C,0x36,0x7C
2452,0x1A8014,0x2BA02,0x2CC,0,1,6792,705,0,561,672,0,0,0,0,0,0,0,0,0x2317C,0x02,0x7C
2453,0x1A82D8,0x2BD39,0x337,0,1,6794,708,0,561,672,0,0,0,0,0,0,0,0,0x2317C,0x39,0x7C
2454,0x1A859C,0x2C0DB,0x3A2,0,1,6797,712,0,561,672,0,0,0,0,0,0,0,0,0x2317C,0xDB,0x7C
2455,0x1A8860,0x2C4E8,0x40D,0,1,6800,716,0,561,672,0,0,0,0,0,0,0,0,0x2317C,0xE8,0x7C
2456,0x1A8B24,0x2C960,0x478,0,1,6803,720,0,561,672,0,0,0,0,0,0,0,0,0x2317C,0x60,0x7C
2457,0x1A8DE8,0x2CE43,0x4E3,0,1,6805,725,0,561,672,0,0,0,0,0,0,0,0,0x2317C,0x43,0x7C
2458,0x1A90AC,0x2D391,0x54E,0,1,6808,731,0,563,672,0,0,0,0,0,0,0,0,0x23391,0x91,0x91
2459,0x1A9370,0x2D94A,0x5B9,0,1,6811,737,0,569,672,0,0,0,0,0,0,0,0,0x2394A,0x4A,0x4A
2460,0x1A9634,0x2DF6E,0x624,0,1,6814,743,0,575,672,0,0,0,0,0,0,0,0,0x23F6E,0x6E,0x6E
2461,0x1A98F8,0x2E16E,0xFFFFFA70,1,1,6816,745,0,577,672,0,0,0,0,0,0,0,0,0x2416E,0x6E,0x6E
2462,0x1A9BBC,0x2DC49,0xFFFFFADB,0,1,6819,739,0,577,672,0,0,0,0,0,0,0,0,0x2416E,0x49,0x6E
2463,0x1A9E80,0x2D78F,0xFFFFFB46,0,1,6822,735,0,577,672,0,0,0,0,0,0,0,0,0x2416E,0x8F,0x6E
2464,0x1AA144,0x2D340,0xFFFFFBB1,0,1,6825,730,0,577,672,0,0,0,0,0,0,0,0,0x2416E,0x40,0x6E
2465,0x1AA408,0x2CF5C,0xFFFFFC1C,0,1,6828,726,0,577,672,0,0,0,0,0,0,0,0,0x2416E,0x5C,0x6E
2466,0x1AA6CC,0x2CBE3,0xFFFFFC87,0,1,6830,723,0,577,672,0,0,0,0,0,0,0,0,0x2416E,0xE3,0x6E
2467,0x1AA990,0x2C8D5,0xFFFFFCF2,0,1,6833,720,0,577,672,0,0,0,0,0,0,0,0,0x2416E,0xD5,0x6E
2468,0x1AAC54,0x2C632,0xFFFFFD5D,0,1,6836,717,0,577,672,0,0,0,0,0,0,0,0,0x2416E,0x32,0x6E
2469,0x1AAF18,0x2C3FA,0xFFFFFDC8,0,1,6839,715,0,577,672,0,0,0,0,0,0,0,0,0x2416E,0xFA,0x6E
2470,0x1AB1DC,0x2C22D,0xFFFFFE33,0,1,6841,713,0,577,672,0,0,0,0,0,0,0,0,0x2416E,0x2D,0x6E
2471,0x1AB4A0,0x2C0CB,0xFFFFFE9E,0,1,6844,712,0,577,672,0,0,0,0,0,0,0,0,0x2416E,0xCB,0x6E
2472,0x1AB764,0x2BFD4,0xFFFFFF09,0,1,6847,711,0,577,672,0,0,0,0,0,0,0,0,0x2416E,0xD4,0x6E
2473,0x1ABA28,0x2BF48,0xFFFFFF74,0,1,6850,710,0,577,672,0,0,0,0,0,0,0,0,0x2416E,0x48,0x6E
2474,0x1ABCEC,0x2BF27,0xFFFFFFDF,0,1,6852,710,0,577,672,0,0,0,0,0,0,0,0,0x2416E,0x27,0x6E
2475,0x1ABFB0,0x2BF71,0x4A,0,1,6855,711,0,577,672,0,0,0,0,0,0,0,0,0x2416E,0x71,0x6E
2476,0x1AC274,0x2C026,0xB5,0,1,6858,711,0,577,672,0,0,0,0,0,0,0,0,0x2416E,0x26,0x6E
2477,0x1AC538,0x2C146,0x120,0,1,6861,712,0,577,672,0,0,0,0,0,0,0,0,0x2416E,0x46,0x6E
2478,0x1AC7FC,0x2C16E,0xFFFFFA70,1,1,6863,713,0,577,672,0,0,0,0,0,0,0,0,0x2416E,0x6E,0x6E
2479,0x1ACAC0,0x2BC49,0xFFFFFADB,0,1,6866,707,0,577,672,0,0,0,0,0,0,0,0,0x2416E,0x49,0x6E
2480,0x1ACD84,0x2B78F,0xFFFFFB46,0,1,6869,703,0,577,672,0,0,0,0,0,0,0,0,0x2416E,0x8F,0x6E
2481,0x1AD048,0x2B340,0xFFFFFBB1,0,1,6872,698,0,577,672,0,0,0,0,0,0,0,0,0x2416E,0x40,0x6E
2482,0x1AD30C,0x2AF5C,0xFFFFFC1C,0,1,6875,694,0,577,672,0,0,0,0,0,0,0,0,0x2416E,0x5C,0x6E
2483,0x1AD5D0,0x2ABE3,0xFFFFFC87,0,1,6877,691,0,577,672,0,0,0,0,0,0,0,0,0x2416E,0xE3,0x6E
2484,0x1AD894,0x2A8D5,0xFFFFFCF2,0,1,6880,688,0,577,672,0,0,0,0,0,0,0,0,0x2416E,0xD5,0x6E
2485,0x1ADB58,0x2A632,0xFFFFFD5D,0,1,6883,685,0,577,672,0,0,0,0,0,0,0,0,0x2416E,0x32,0x6E
2486,0x1ADE1C,0x2A3FA,0xFFFFFDC8,0,1,6886,683,0,577,672,0,0,0,0,0,0,0,0,0x2416E,0xFA,0x6E
2487,0x1AE0E0,0x2A22D,0xFFFFFE33,0,1,6888,681,0,577,672,0,0,0,0,0,0,0,0,0x2416E,0x2D,0x6E
2488,0x1AE3A4,0x2A0CB,0xFFFFFE9E,0,1,6891,680,0,577,672,0,0,0,0,0,0,0,0,0x2416E,0xCB,0x6E
2489,0x1AE668,0x29FD4,0xFFFFFF09,0,1,6894,679,0,577,672,0,0,0,0,0,0,0,0,0x2416E,0xD4,0x6E
2490,0x1AE92C,0x29F48,0xFFFFFF74,0,1,6897,678,0,577,672,0,0,0,0,0,0,0,0,0x2416E,0x48,0x6E
2491,0x1AEBF0,0x29F27,0xFFFFFFDF,0,1,6899,678,0,577,672,0,0,0,0,0,0,0,0,0x2416E,0x27,0x6E
2492,0x1AEEB4,0x29F71,0x4A,0,1,6902,679,0,577,672,0,0,0,0,0,0,0,0,0x2416E,0x71,0x6E
2493,0x1AF178,0x2A026,0xB5,0,1,6905,679,0,577,672,0,0,0,0,0,0,0,0,0x2416E,0x26,0x6E
2494,0x1AF43C,0x2A146,0x120,0,1,6908,680,0,577,672,0,0,0,0,0,0,0,0,0x2416E,0x46,0x6E
2495,0x1AF700,0x2A16E,0xFFFFFA70,1,1,6911,681,0,577,672,0,0,0,0,0,0,0,0,0x2416E,0x6E,0x6E
2496,0x1AF9C4,0x29C49,0xFFFFFADB,0,1,6913,675,0,577,672,0,0,0,0,0,0,0,0,0x2416E,0x49,0x6E
2497,0x1AFC88,0x2978F,0xFFFFFB46,0,1,6916,671,0,577,672,0,0,0,0,0,0,0,0,0x2416E,0x8F,0x6E
2498,0x1AFF4C,0x29340,0xFFFFFBB1,0,1,6919,666,0,577,672,0,0,0,0,0,0,0,0,0x2416E,0x40,0x6E
2499,0x1B0210,0x28F5C,0xFFFFFC1C,0,1,6922,662,0,577,672,0,0,0,0,0,0,0,0,0x2416E,0x5C,0x6E
2500,0x1B04D4,0x28BE3,0xFFFFFC87,0,1,6924,659,0,577,672,0,0,0,0,0,0,0,0,0x2416E,0xE3,0x6E
2501,0x1B0798,0x288D5,0xFFFFFCF2,0,1,6927,656,0,577,672,0,0,0,0,0,0,0,0,0x2416E,0xD5,0x6E
2502,0x1B0A5C,0x28632,0xFFFFFD5D,0,1,6930,653,0,577,672,0,0,0,0,0,0,0,0,0x2416E,0x32,0x6E
2503,0x1B0D20,0x283FA,0xFFFFFDC8,0,1,6933,651,0,577,672,0,0,0,0,0,0,0,0,0x2416E,0xFA,0x6E
2504,0x1B0FE4,0x2822D,0xFFFFFE33,0,1,6935,649,0,577,672,0,0,0,0,0,0,0,0,0x2416E,0x2D,0x6E
2505,0x1B12A8,0x280CB,0xFFFFFE9E,0,1,6938,648,0,576,672,0,0,0,0,0,0,0,0,0x240CB,0xCB,0xCB
2506,0x1B156C,0x27FD4,0xFFFFFF09,0,1,6941,647,0,575,672,0,0,0,0,0,0,0,0,0x23FD4,0xD4,0xD4
2507,0x1B1830,0x27F48,0xFFFFFF74,0,1,6944,647,0,575,672,0,0,0,0,0,0,0,0,0x23F48,0x48,0x48
2508,0x1B1AF4,0x27F27,0xFFFFFFDF,0,1,6946,647,0,575,672,0,0,0,0,0,0,0,0,0x23F27,0x27,0x27
2509,0x1B1DB8,0x27F71,0x4A,0,1,6949,647,0,575,672,0,0,0,0,0,0,0,0,0x23F27,0x71,0x27
2510,0x1B207C,0x28026,0xB5,0,1,6952,647,0,575,672,0,0,0,0,0,0,0,0,0x23F27,0x26,0x27
2511,0x1B2340,0x28146,0x120,0,1,6955,649,0,575,672,0,0,0,0,0,0,0,0,0x23F27,0x46,0x27
2512,0x1B2604,0x282D1,0x18B,0,1,6958,650,0,575,672,0,0,0,0,0,0,0,0,0x23F27,0xD1,0x27
2513,0x1B28C8,0x284C7,0x1F6,0,1,6960,652,0,575,672,0,0,0,0,0,0,0,0,0x23F27,0xC7,0x27
2514,0x1B2B8C,0x28728,0x261,0,1,6963,655,0,575,672,0,0,0,0,0,0,0,0,0x23F27,0x28,0x27
2515,0x1B2E50,0x289F4,0x2CC,0,1,6966,657,0,575,672,0,0,0,0,0,0,0,0,0x23F27,0xF4,0x27
2516,0x1B3114,0x28D2B,0x337,0,1,6969,661,0,575,672,0,0,0,0,0,0,0,0,0x23F27,0x2B,0x27
2517,0x1B33D8,0x290CD,0x3A2,0,1,6971,664,0,575,672,0,0,0,0,0,0,0,0,0x23F27,0xCD,0x27
2518,0x1B369C,0x294DA,0x40D,0,1,6974,668,0,575,672,0,0,0,0,0,0,0,0,0x23F27,0xDA,0x27
2519,0x1B3960,0x29952,0x478,0,1,6977,673,0,575,672,0,0,0,0,0,0,0,0,0x23F27,0x52,0x27
2520,0x1B3C24,0x29E35,0x4E3,0,1,6980,678,0,575,672,0,0,0,0,0,0,0,0,0x23F27,0x35,0x27
2521,0x1B3EE8,0x2A127,0x0,0,1,6982,681,1,575,672,0,0,0,0,0,0,0,0,0x23F27,0x27,0x27
2522,0x1B41AC,0x2A127,0xFFFFFA70,1,1,6985,681,0,575,672,0,0,0,0,0,0,0,0,0x23F27,0x27,0x27
2523,0x1B4470,0x29C02,0xFFFFFADB,0,1,6988,675,0,575,672,0,0,0,0,0,0,0,0,0x23F27,0x02,0x27
2524,0x1B4734,0x29748,0xFFFFFB46,0,1,6991,671,0,575,672,0,0,0,0,0,0,0,0,0x23F27,0x48,0x27
2525,0x1B49F8,0x292F9,0xFFFFFBB1,0,1,6993,666,0,575,672,0,0,0,0,0,0,0,0,0x23F27,0xF9,0x27
2526,0x1B4CBC,0x28F15,0xFFFFFC1C,0,1,6996,662,0,575,672,0,0,0,0,0,0,0,0,0x23F27,0x15,0x27
2527,0x1B4F80,0x28B9C,0xFFFFFC87,0,1,6999,659,0,575,672,0,0,0,0,0,0,0,0,0x23F27,0x9C,0x27
2528,0x1B5244,0x2888E,0xFFFFFCF2,0,1,7002,656,0,575,672,0,0,0,0,0,0,0,0,0x23F27,0x8E,0x27
2529,0x1B5508,0x285EB,0xFFFFFD5D,0,1,7005,653,0,575,672,0,0,0,0,0,0,0,0,0x23F27,0xEB,0x27
2530,0x1B57CC,0x283B3,0xFFFFFDC8,0,1,7007,651,0,575,672,0,0,0,0,0,0,0,0,0x23F27,0xB3,0x27
2531,0x1B5A90,0x281E6,0xFFFFFE33,0,1,7010,649,0,575,672,0,0,0,0,0,0,0,0,0x23F27,0xE6,0x27
2532,0x1B5D54,0x28084,0xFFFFFE9E,0,1,7013,648,0,575,672,0,0,0,0,0,0,0,0,0x23F27,0x84,0x27
2533,0x1B6018,0x27F8D,0xFFFFFF09,0,1,7016,647,0,575,672,0,0,0,0,0,0,0,0,0x23F27,0x8D,0x27
2534,0x1B62DC,0x27F01,0xFFFFFF74,0,1,7018,647,0,575,672,0,0,0,0,0,0,0,0,0x23F01,0x01,0x01
2535,0x1B65A0,0x27EE0,0xFFFFFFDF,0,1,7021,646,0,574,672,0,0,0,0,0,0,0,0,0x23EE0,0xE0,0xE0
2536,0x1B6864,0x27F2A,0x4A,0,1,7024,646,0,574,672,0,0,0,0,0,0,0,0,0x23EE0,0x2A,0xE0
2537,0x1B6B28,0x27FDF,0xB5,0,1,7027,646,0,574,672,0,0,0,0,0,0,0,0,0x23EE0,0xDF,0xE0
2538,0x1B6DEC,0x280FF,0x120,0,1,7029,648,0,574,672,0,0,0,0,0,0,0,0,0x23EE0,0xFF,0xE0
2539,0x1B70B0,0x2828A,0x18B,0,1,7032,649,0,574,672,0,0,0,0,0,0,0,0,0x23EE0,0x8A,0xE0
2540,0x1B7374,0x28480,0x1F6,0,1,7035,651,0,574,672,0,0,0,0,0,0,0,0,0x23EE0,0x80,0xE0
2541,0x1B7638,0x286E1,0x261,0,1,7038,654,0,574,672,0,0,0,0,0,0,0,0,0x23EE0,0xE1,0xE0
2542,0x1B78FC,0x289AD,0x2CC,0,1,7040,656,0,574,672,0,0,0,0,0,0,0,0,0x23EE0,0xAD,0xE0
2543,0x1B7BC0,0x28CE4,0x337,0,1,7043,660,0,574,672,0,0,0,0,0,0,0,0,0x23EE0,0xE4,0xE0
2544,0x1B7E84,0x29086,0x3A2,0,1,7046,663,0,574,672,0,0,0,0,0,0,0,0,0x23EE0,0x86,0xE0
2545,0x1B8148,0x29493,0x40D,0,1,7049,667,0,574,672,0,0,0,0,0,0,0,0,0x23EE0,0x93,0xE0
2546,0x1B840C,0x291E0,0xFFFFFA70,1,1,7052,665,0,574,672,0,0,0,0,0,0,0,0,0x23EE0,0xE0,0xE0
2547,0x1B86D0,0x28CBB,0xFFFFFADB,0,1,7054,659,0,574,672,0,0,0,0,0,0,0,0,0x23EE0,0xBB,0xE0
2548,0x1B8994,0x28801,0xFFFFFB46,0,1,7057,655,0,574,672,0,0,0,0,0,0,0,0,0x23EE0,0x01,0xE0
2549,0x1B8C58,0x283B2,0xFFFFFBB1,0,1,7060,650,0,574,672,0,0,0,0,0,0,0,0,0x23EE0,0xB2,0xE0
2550,0x1B8F1C,0x27FCE,0xFFFFFC1C,0,1,7063,646,0,574,672,0,0,0,0,0,0,0,0,0x23EE0,0xCE,0xE0
2551,0x1B91E0,0x27C55,0xFFFFFC87,0,1,7065,644,0,572,672,0,0,0,0,0,0,0,0,0x23C55,0x55,0x55
2552,0x1B94A4,0x27947,0xFFFFFCF2,0,1,7068,641,0,569,672,0,0,0,0,0,0,0,0,0x23947,0x47,0x47
2553,0x1B9768,0x276A4,0xFFFFFD5D,0,1,7071,638,0,566,672,0,0,0,0,0,0,0,0,0x236A4,0xA4,0xA4
2554,0x1B9A2C,0x2746C,0xFFFFFDC8,0,1,7074,636,0,564,672,0,0,0,0,0,0,0,0,0x2346C,0x6C,0x6C
2555,0x1B9CF0,0x2729F,0xFFFFFE33,0,1,7076,634,0,562,672,0,0,0,0,0,0,0,0,0x2329F,0x9F,0x9F
2556,0x1B9FB4,0x2713D,0xFFFFFE9E,0,1,7079,633,0,561,672,0,0,0,0,0,0,0,0,0x2313D,0x3D,0x3D
2557,0x1BA278,0x27046,0xFFFFFF09,0,1,7082,632,0,560,672,0,0,0,0,0,0,0,0,0x23046,0x46,0x46
2558,0x1BA53C,0x26FBA,0xFFFFFF74,0,1,7085,631,0,559,672,0,0,0,0,0,0,0,0,0x22FBA,0xBA,0xBA
2559,0x1BA800,0x26F99,0xFFFFFFDF,0,1,7088,631,0,559,672,0,0,0,0,0,0,0,0,0x22F99,0x99,0x99
2560,0x1BAAC4,0x26FE3,0x4A,0,1,7090,631,0,559,672,0,0,0,0,0,0,0,0,0x22F99,0xE3,0x99
2561,0x1BAD88,0x27098,0xB5,0,1,7093,631,0,559,672,0,0,0,0,0,0,0,0,0x22F99,0x98,0x99
2562,0x1BB04C,0x271B8,0x120,0,1,7096,633,0,559,672,0,0,0,0,0,0,0,0,0x22F99,0xB8,0x99
2563,0x1BB310,0x27343,0x18B,0,1,7099,634,0,559,672,0,0,0,0,0,0,0,0,0x22F99,0x43,0x99
2564,0x1BB5D4,0x27539,0x1F6,0,1,7101,636,0,559,672,0,0,0,0,0,0,0,0,0x22F99,0x39,0x99
2565,0x1BB898,0x2779A,0x261,0,1,7104,639,0,559,672,0,0,0,0,0,0,0,0,0x22F99,0x9A,0x99
2566,0x1BBB5C,0x27A66,0x2CC,0,1,7107,641,0,559,672,0,0,0,0,0,0,0,0,0x22F99,0x66,0x99
2567,0x1BBE20,0x27D9D,0x337,0,1,7110,645,0,559,672,0,0,0,0,0,0,0,0,0x22F99,0x9D,0x99
2568,0x1BC0E4,0x2813F,0x3A2,0,1,7112,648,0,559,672,0,0,0,0,0,0,0,0,0x22F99,0x3F,0x99
2569,0x1BC3A8,0x2854C,0x40D,0,1,7115,652,0,559,672,0,0,0,0,0,0,0,0,0x22F99,0x4C,0x99
2570,0x1BC66C,0x289C4,0x478,0,1,7118,657,0,559,672,0,0,0,0,0,0,0,0,0x22F99,0xC4,0x99
2571,0x1BC930,0x28EA7,0x4E3,0,1,7121,662,0,559,672,0,0,0,0,0,0,0,0,0x22F99,0xA7,0x99
2572,0x1BCBF4,0x293F5,0x54E,0,1,7123,667,0,559,672,0,0,0,0,0,0,0,0,0x22F99,0xF5,0x99
2573,0x1BCEB8,0x299AE,0x5B9,0,1,7126,673,0,559,672,0,0,0,0,0,0,0,0,0x22F99,0xAE,0x99
2574,0x1BD17C,0x29FD2,0x624,0,1,7129,679,0,559,672,0,0,0,0,0,0,0,0,0x22F99,0xD2,0x99
2575,0x1BD440,0x2A199,0xFFFFFA70,1,1,7132,681,0,559,672,0,0,0,0,0,0,0,0,0x22F99,0x99,0x99
2576,0x1BD704,0x29C74,0xFFFFFADB,0,1,7135,675,0,559,672,0,0,0,0,0,0,0,0,0x22F99,0x74,0x99
2577,0x1BD9C8,0x297BA,0xFFFFFB46,0,1,7137,671,0,559,672,0,0,0,0,0,0,0,0,0x22F99,0xBA,0x99
2578,0x1BDC8C,0x2936B,0xFFFFFBB1,0,1,7140,666,0,559,672,0,0,0,0,0,0,0,0,0x22F99,0x6B,0x99
2579,0x1BDF50,0x28F87,0xFFFFFC1C,0,1,7143,662,0,559,672,0,0,0,0,0,0,0,0,0x22F99,0x87,0x99
2580,0x1BE214,0x28C0E,0xFFFFFC87,0,1,7146,659,0,559,672,0,0,0,0,0,0,0,0,0x22F99,0x0E,0x99
2581,0x1BE4D8,0x28900,0xFFFFFCF2,0,1,7148,656,0,559,672,0,0,0,0,0,0,0,0,0x22F99,0x00,0x99
2582,0x1BE79C,0x2865D,0xFFFFFD5D,0,1,7151,653,0,559,672,0,0,0,0,0,0,0,0,0x22F99,0x5D,0x99
2583,0x1BEA60,0x28425,0xFFFFFDC8,0,1,7154,651,0,559,672,0,0,0,0,0,0,0,0,0x22F99,0x25,0x99
2584,0x1BED24,0x28258,0xFFFFFE33,0,1,7157,649,0,559,672,0,0,0,0,0,0,0,0,0x22F99,0x58,0x99
2585,0x1BEFE8,0x280F6,0xFFFFFE9E,0,1,7159,648,0,559,672,0,0,0,0,0,0,0,0,0x22F99,0xF6,0x99
2586,0x1BF2AC,0x27FFF,0xFFFFFF09,0,1,7162,647,0,559,672,0,0,0,0,0,0,0,0,0x22F99,0xFF,0x99
2587,0x1BF570,0x27F73,0xFFFFFF74,0,1,7165,646,0,559,672,0,0,0,0,0,0,0,0,0x22F99,0x73,0x99
2588,0x1BF834,0x27F52,0xFFFFFFDF,0,1,7168,646,0,559,672,0,0,0,0,0,0,0,0,0x22F99,0x52,0x99
2589,0x1BFAF8,0x27F9C,0x4A,0,1,7170,647,0,559,672,0,0,0,0,0,0,0,0,0x22F99,0x9C,0x99
2590,0x1BFDBC,0x28051,0xB5,0,1,7173,647,0,559,672,0,0,0,0,0,0,0,0,0x22F99,0x51,0x99
2591,0x1C0080,0x28171,0x120,0,1,7176,648,0,559,672,0,0,0,0,0,0,0,0,0x22F99,0x71,0x99
2592,0x1C0344,0x282FC,0x18B,0,1,7179,650,0,559,672,0,0,0,0,0,0,0,0,0x22F99,0xFC,0x99
2593,0x1C0608,0x284F2,0x1F6,0,1,7182,652,0,559,672,0,0,0,0,0,0,0,0,0x22F99,0xF2,0x99
2594,0x1C08CC,0x28753,0x261,0,1,7184,654,0,559,672,0,0,0,0,0,0,0,0,0x22F99,0x53,0x99
2595,0x1C0B90,0x28A1F,0x2CC,0,1,7187,657,0,559,672,0,0,0,0,0,0,0,0,0x22F99,0x1F,0x99
2596,0x1C0E54,0x28D56,0x337,0,1,7190,660,0,559,672,0,0,0,0,0,0,0,0,0x22F99,0x56,0x99
2597,0x1C1118,0x290F8,0x3A2,0,1,7193,664,0,559,672,0,0,0,0,0,0,0,0,0x22F99,0xF8,0x99
2598,0x1C13DC,0x29505,0x40D,0,1,7195,668,0,559,672,0,0,0,0,0,0,0,0,0x22F99,0x05,0x99
2599,0x1C16A0,0x2997D,0x478,0,1,7198,672,0,559,672,0,0,0,0,0,0,0,0,0x22F99,0x7D,0x99
2600,0x1C1964,0x29E60,0x4E3,0,1,7201,677,0,559,672,0,0,0,0,0,0,0,0,0x22F99,0x60,0x99
2601,0x1C1C28,0x2A199,0x0,0,1,7204,681,1,559,672,0,0,0,0,0,0,0,0,0x22F99,0x99,0x99
2602,0x1C1EEC,0x2A199,0x0,0,1,7206,681,1,559,672,0,0,0,0,0,0,0,0,0x22F99,0x99,0x99
2603,0x1C21B0,0x2A199,0x0,0,1,7209,681,1,559,672,0,0,0,0,0,0,0,0,0x22F99,0x99,0x99
2604,0x1C2474,0x2A199,0x0,0,1,7212,681,1,559,672,0,0,0,0,0,0,0,0,0x22F99,0x99,0x99
2605,0x1C2738,0x2A199,0xFFFFFA70,1,1,7215,681,0,559,672,0,0,0,0,0,0,0,0,0x22F99,0x99,0x99
2606,0x1C29FC,0x29C74,0xFFFFFADB,0,1,7217,675,0,559,672,0,0,0,0,0,0,0,0,0x22F99,0x74,0x99
2607,0x1C2CC0,0x297BA,0xFFFFFB46,0,1,7220,671,0,559,672,0,0,0,0,0,0,0,0,0x22F99,0xBA,0x99
2608,0x1C2F84,0x2936B,0xFFFFFBB1,0,1,7223,666,0,559,672,0,0,0,0,0,0,0,0,0x22F99,0x6B,0x99
2609,0x1C3248,0x28F87,0xFFFFFC1C,0,1,7226,662,0,559,672,0,0,0,0,0,0,0,0,0x22F99,0x87,0x99
2610,0x1C350C,0x28C0E,0xFFFFFC87,0,1,7229,659,0,559,672,0,0,0,0,0,0,0,0,0x22F99,0x0E,0x99
2611,0x1C37D0,0x28900,0xFFFFFCF2,0,1,7231,656,0,559,672,0,0,0,0,0,0,0,0,0x22F99,0x00,0x99
2612,0x1C3A94,0x2865D,0xFFFFFD5D,0,1,7234,653,0,559,672,0,0,0,0,0,0,0,0,0x22F99,0x5D,0x99
2613,0x1C3D58,0x28425,0xFFFFFDC8,0,1,7237,651,0,559,672,0,0,0,0,0,0,0,0,0x22F99,0x25,0x99
2614,0x1C401C,0x28258,0xFFFFFE33,0,1,7240,649,0,559,672,0,0,0,0,0,0,0,0,0x22F99,0x58,0x99
2615,0x1C42E0,0x280F6,0xFFFFFE9E,0,1,7242,648,0,559,672,0,0,0,0,0,0,0,0,0x22F99,0xF6,0x99
2616,0x1C45A4,0x27FFF,0xFFFFFF09,0,1,7245,647,0,559,672,0,0,0,0,0,0,0,0,0x22F99,0xFF,0x99
2617,0x1C4868,0x27F73,0xFFFFFF74,0,1,7248,646,0,559,672,0,0,0,0,0,0,0,0,0x22F99,0x73,0x99
2618,0x1C4B2C,0x27F52,0xFFFFFFDF,0,1,7251,646,0,559,672,0,0,0,0,0,0,0,0,0x22F99,0x52,0x99
2619,0x1C4DF0,0x27F9C,0x4A,0,1,7253,647,0,559,672,0,0,0,0,0,0,0,0,0x22F99,0x9C,0x99
2620,0x1C50B4,0x28051,0xB5,0,1,7256,647,0,559,672,0,0,0,0,0,0,0,0,0x22F99,0x51,0x99
2621,0x1C5378,0x28171,0x120,0,1,7259,648,0,559,672,0,0,0,0,0,0,0,0,0x22F99,0x71,0x99
2622,0x1C563C,0x282FC,0x18B,0,1,7262,650,0,559,672,0,0,0,0,0,0,0,0,0x22F99,0xFC,0x99
2623,0x1C5900,0x284F2,0x1F6,0,1,7265,652,0,559,672,0,0,0,0,0,0,0,0,0x22F99,0xF2,0x99
2624,0x1C5BC4,0x28753,0x261,0,1,7267,654,0,559,672,0,0,0,0,0,0,0,0,0x22F99,0x53,0x99
2625,0x1C5E88,0x28A1F,0x2CC,0,1,7270,657,0,559,672,0,0,0,0,0,0,0,0,0x22F99,0x1F,0x99
2626,0x1C614C,0x28D56,0x337,0,1,7273,660,0,559,672,0,0,0,0,0,0,0,0,0x22F99,0x56,0x99
2627,0x1C6410,0x290F8,0x3A2,0,1,7276,664,0,559,672,0,0,0,0,0,0,0,0,0x22F99,0xF8,0x99
2628,0x1C66D4,0x29505,0x40D,0,1,7278,668,0,559,672,0,0,0,0,0,0,0,0,0x22F99,0x05,0x99
2629,0x1C6998,0x2997D,0x478,0,1,7281,672,0,559,672,0,0,0,0,0,0,0,0,0x22F99,0x7D,0x99
2630,0x1C6C5C,0x29E60,0x4E3,0,1,7284,677,0,559,672,0,0,0,0,0,0,0,0,0x22F99,0x60,0x99
2631,0x1C6F20,0x2A3AE,0x54E,0,1,7287,683,0,559,672,0,0,0,0,0,0,0,0,0x22F99,0xAE,0x99
2632,0x1C71E4,0x2A967,0x5B9,0,1,7289,688,0,559,672,0,0,0,0,0,0,0,0,0x22F99,0x67,0x99
2633,0x1C74A8,0x2AF8B,0x624,0,1,7292,694,0,559,672,0,0,0,0,0,0,0,0,0x22F99,0x8B,0x99
2634,0x1C776C,0x2B61A,0x68F,0,1,7295,701,0,559,672,0,0,0,0,0,0,0,0,0x22F99,0x1A,0x99
2635,0x1C7A30,0x2BD14,0x6FA,0,1,7298,708,0,559,672,0,0,0,0,0,0,0,0,0x22F99,0x14,0x99
2636,0x1C7CF4,0x2C479,0x765,0,1,7300,715,0,559,672,0,0,0,0,0,0,0,0,0x22F99,0x79,0x99
2637,0x1C7FB8,0x2CB73,0x6FA,0,1,7303,722,0,559,672,0,0,0,0,0,0,0,0,0x22F99,0x73,0x99
2638,0x1C827C,0x2D2D8,0x765,0,1,7306,730,0,562,672,0,0,0,0,0,0,0,0,0x232D8,0xD8,0xD8
2639,0x1C8540,0x2D9D2,0x6FA,0,1,7309,737,0,569,672,0,0,0,0,0,0,0,0,0x239D2,0xD2,0xD2
2640,0x1C8804,0x2E137,0x765,0,1,7312,745,0,577,672,0,0,0,0,0,0,0,0,0x24137,0x37,0x37
2641,0x1C8AC8,0x2E831,0x6FA,0,1,7314,752,0,584,672,0,0,0,0,0,0,0,0,0x24831,0x31,0x31
2642,0x1C8D8C,0x2EF96,0x765,0,1,7317,759,0,591,672,0,0,0,0,0,0,0,0,0x24F96,0x96,0x96
2643,0x1C9050,0x2F690,0x6FA,0,1,7320,766,0,598,672,0,0,0,0,0,0,0,0,0x25690,0x90,0x90
2644,0x1C9314,0x2FDF5,0x765,0,1,7323,773,0,605,672,0,0,0,0,0,0,0,0,0x25DF5,0xF5,0xF5
2645,0x1C95D8,0x304EF,0x6FA,0,1,7325,780,0,612,672,0,0,0,0,0,0,0,0,0x264EF,0xEF,0xEF
2646,0x1C989C,0x30C54,0x765,0,1,7328,788,0,620,672,0,0,0,0,0,0,0,0,0x26C54,0x54,0x54
2647,0x1C9B60,0x3134E,0x6FA,0,1,7331,795,0,627,672,0,0,0,0,0,0,0,0,0x2734E,0x4E,0x4E
2648,0x1C9E24,0x31AB3,0x765,0,1,7334,802,0,634,672,0,0,0,0,0,0,0,0,0x27AB3,0xB3,0xB3
2649,0x1CA0E8,0x321AD,0x6FA,0,1,7336,809,0,641,672,0,0,0,0,0,0,0,0,0x281AD,0xAD,0xAD
2650,0x1CA3AC,0x32912,0x765,0,1,7339,817,0,649,672,0,0,0,0,0,0,0,0,0x28912,0x12,0x12
2651,0x1CA670,0x3300C,0x6FA,0,1,7342,824,0,656,672,0,0,0,0,0,0,0,0,0x2900C,0x0C,0x0C
2652,0x1CA934,0x33771,0x765,0,1,7345,831,0,663,672,0,0,0,0,0,0,0,0,0x29771,0x71,0x71
2653,0x1CABF8,0x33E6B,0x6FA,0,1,7347,838,0,670,672,0,0,0,0,0,0,0,0,0x29E6B,0x6B,0x6B
2654,0x1CAEBC,0x3416B,0xFFFFFA70,1,1,7350,841,0,671,672,0,0,0,0,0,0,0,0,0x29F00,0x6B,0x00
2655,0x1CB180,0x33C46,0xFFFFFADB,0,1,7353,836,0,671,672,0,0,0,0,0,0,0,0,0x29F00,0x46,0x00
2656,0x1CB444,0x3378C,0xFFFFFB46,0,1,7356,831,0,671,672,0,0,0,0,0,0,0,0,0x29F00,0x8C,0x00
2657,0x1CB708,0x3333D,0xFFFFFBB1,0,1,7359,827,0,671,672,0,0,0,0,0,0,0,0,0x29F00,0x3D,0x00
2658,0x1CB9CC,0x32F59,0xFFFFFC1C,0,1,7361,823,0,671,672,0,0,0,0,0,0,0,0,0x29F00,0x59,0x00
2659,0x1CBC90,0x32BE0,0xFFFFFC87,0,1,7364,819,0,671,672,0,0,0,0,0,0,0,0,0x29F00,0xE0,0x00
2660,0x1CBF54,0x328D2,0xFFFFFCF2,0,1,7367,816,0,671,672,0,0,0,0,0,0,0,0,0x29F00,0xD2,0x00
2661,0x1CC218,0x3262F,0xFFFFFD5D,0,1,7370,814,0,671,672,0,0,0,0,0,0,0,0,0x29F00,0x2F,0x00
2662,0x1CC4DC,0x323F7,0xFFFFFDC8,0,1,7372,811,0,671,672,0,0,0,0,0,0,0,0,0x29F00,0xF7,0x00
2663,0x1CC7A0,0x3222A,0xFFFFFE33,0,1,7375,810,0,671,672,0,0,0,0,0,0,0,0,0x29F00,0x2A,0x00
2664,0x1CCA64,0x320C8,0xFFFFFE9E,0,1,7378,808,0,671,672,0,0,0,0,0,0,0,0,0x29F00,0xC8,0x00
2665,0x1CCD28,0x31FD1,0xFFFFFF09,0,1,7381,807,0,671,672,0,0,0,0,0,0,0,0,0x29F00,0xD1,0x00
2666,0x1CCFEC,0x31F45,0xFFFFFF74,0,1,7383,807,0,671,672,0,0,0,0,0,0,0,0,0x29F00,0x45,0x00
2667,0x1CD2B0,0x31F24,0xFFFFFFDF,0,1,7386,807,0,671,672,0,0,0,0,0,0,0,0,0x29F00,0x24,0x00
2668,0x1CD574,0x31F6E,0x4A,0,1,7389,807,0,671,672,0,0,0,0,0,0,0,0,0x29F00,0x6E,0x00
2669,0x1CD838,0x32023,0xB5,0,1,7392,808,0,671,672,0,0,0,0,0,0,0,0,0x29F00,0x23,0x00
2670,0x1CDAFC,0x32143,0x120,0,1,7394,809,0,671,672,0,0,0,0,0,0,0,0,0x29F00,0x43,0x00
2671,0x1CDDC0,0x322CE,0x18B,0,1,7397,810,0,671,672,0,0,0,0,0,0,0,0,0x29F00,0xCE,0x00
2672,0x1CE084,0x324C4,0x1F6,0,1,7400,812,0,671,672,0,0,0,0,0,0,0,0,0x29F00,0xC4,0x00
2673,0x1CE348,0x32725,0x261,0,1,7403,815,0,671,672,0,0,0,0,0,0,0,0,0x29F00,0x25,0x00
2674,0x1CE60C,0x32100,0x0,0,1,7406,809,1,671,672,0,0,0,0,0,0,0,0,0x29F00,0x00,0x00
2675,0x1CE8D0,0x32100,0x0,0,1,7408,809,1,671,672,0,0,0,0,0,0,0,0,0x29F00,0x00,0x00
2676,0x1CEB94,0x32100,0xFFFFFA70,1,1,7411,809,0,671,672,0,0,0,0,0,0,0,0,0x29F00,0x00,0x00
2677,0x1CEE58,0x31BDB,0xFFFFFADB,0,1,7414,803,0,671,672,0,0,0,0,0,0,0,0,0x29F00,0xDB,0x00
2678,0x1CF11C,0x31721,0xFFFFFB46,0,1,7417,799,0,671,672,0,0,0,0,0,0,0,0,0x29F00,0x21,0x00
2679,0x1CF3E0,0x312D2,0xFFFFFBB1,0,1,7419,794,0,671,672,0,0,0,0,0,0,0,0,0x29F00,0xD2,0x00
2680,0x1CF6A4,0x30EEE,0xFFFFFC1C,0,1,7422,790,0,671,672,0,0,0,0,0,0,0,0,0x29F00,0xEE,0x00
2681,0x1CF968,0x30B75,0xFFFFFC87,0,1,7425,787,0,671,672,0,0,0,0,0,0,0,0,0x29F00,0x75,0x00
2682,0x1CFC2C,0x30867,0xFFFFFCF2,0,1,7428,784,0,671,672,0,0,0,0,0,0,0,0,0x29F00,0x67,0x00
2683,0x1CFEF0,0x305C4,0xFFFFFD5D,0,1,7430,781,0,671,672,0,0,0,0,0,0,0,0,0x29F00,0xC4,0x00
2684,0x1D01B4,0x3038C,0xFFFFFDC8,0,1,7433,779,0,671,672,0,0,0,0,0,0,0,0,0x29F00,0x8C,0x00
2685,0x1D0478,0x301BF,0xFFFFFE33,0,1,7436,777,0,671,672,0,0,0,0,0,0,0,0,0x29F00,0xBF,0x00
2686,0x1D073C,0x3005D,0xFFFFFE9E,0,1,7439,776,0,671,672,0,0,0,0,0,0,0,0,0x29F00,0x5D,0x00
2687,0x1D0A00,0x2FF66,0xFFFFFF09,0,1,7442,775,0,671,672,0,0,0,0,0,0,0,0,0x29F00,0x66,0x00
2688,0x1D0CC4,0x2FEDA,0xFFFFFF74,0,1,7444,774,0,671,672,0,0,0,0,0,0,0,0,0x29F00,0xDA,0x00
2689,0x1D0F88,0x2FEB9,0xFFFFFFDF,0,1,7447,774,0,671,672,0,0,0,0,0,0,0,0,0x29F00,0xB9,0x00
2690,0x1D124C,0x2FF03,0x4A,0,1,7450,775,0,671,672,0,0,0,0,0,0,0,0,0x29F00,0x03,0x00
2691,0x1D1510,0x2FFB8,0xB5,0,1,7453,775,0,671,672,0,0,0,0,0,0,0,0,0x29F00,0xB8,0x00
2692,0x1D17D4,0x300D8,0x120,0,1,7455,776,0,671,672,0,0,0,0,0,0,0,0,0x29F00,0xD8,0x00
2693,0x1D1A98,0x30100,0x0,0,1,7458,777,1,671,672,0,0,0,0,0,0,0,0,0x29F00,0x00,0x00
2694,0x1D1D5C,0x30100,0xFFFFFA70,1,1,7461,777,0,671,672,0,0,0,0,0,0,0,0,0x29F00,0x00,0x00
2695,0x1D2020,0x2FBDB,0xFFFFFADB,0,1,7464,771,0,671,672,0,0,0,0,0,0,0,0,0x29F00,0xDB,0x00
2696,0x1D22E4,0x2F721,0xFFFFFB46,0,1,7466,767,0,671,672,0,0,0,0,0,0,0,0,0x29F00,0x21,0x00
2697,0x1D25A8,0x2F2D2,0xFFFFFBB1,0,1,7469,762,0,671,672,0,0,0,0,0,0,0,0,0x29F00,0xD2,0x00
2698,0x1D286C,0x2EEEE,0xFFFFFC1C,0,1,7472,758,0,671,672,0,0,0,0,0,0,0,0,0x29F00,0xEE,0x00
2699,0x1D2B30,0x2EB75,0xFFFFFC87,0,1,7475,755,0,671,672,0,0,0,0,0,0,0,0,0x29F00,0x75,0x00
2700,0x1D2DF4,0x2E867,0xFFFFFCF2,0,1,7477,752,0,671,672,0,0,0,0,0,0,0,0,0x29F00,0x67,0x00
2701,0x1D30B8,0x2E5C4,0xFFFFFD5D,0,1,7480,749,0,671,672,0,0,0,0,0,0,0,0,0x29F00,0xC4,0x00
2702,0x1D337C,0x2E38C,0xFFFFFDC8,0,1,7483,747,0,671,672,0,0,0,0,0,0,0,0,0x29F00,0x8C,0x00
2703,0x1D3640,0x2E1BF,0xFFFFFE33,0,1,7486,745,0,671,672,0,0,0,0,0,0,0,0,0x29F00,0xBF,0x00
2704,0x1D3904,0x2E05D,0xFFFFFE9E,0,1,7489,744,0,671,672,0,0,0,0,0,0,0,0,0x29F00,0x5D,0x00
2705,0x1D3BC8,0x2DF66,0xFFFFFF09,0,1,7491,743,0,671,672,0,0,0,0,0,0,0,0,0x29F00,0x66,0x00
2706,0x1D3E8C,0x2DEDA,0xFFFFFF74,0,1,7494,742,0,670,672,0,0,0,0,0,0,0,0,0x29EDA,0xDA,0xDA
2707,0x1D4150,0x2DEB9,0xFFFFFFDF,0,1,7497,742,0,670,672,0,0,0,0,0,0,0,0,0x29EB9,0xB9,0xB9
2708,0x1D4414,0x2DF03,0x4A,0,1,7500,742,0,670,672,0,0,0,0,0,0,0,0,0x29EB9,0x03,0xB9
2709,0x1D46D8,0x2DFB8,0xB5,0,1,7502,742,0,670,672,0,0,0,0,0,0,0,0,0x29EB9,0xB8,0xB9
2710,0x1D499C,0x2E0D8,0x120,0,1,7505,744,0,670,672,0,0,0,0,0,0,0,0,0x29EB9,0xD8,0xB9
2711,0x1D4C60,0x2E1B9,0xFFFFFA70,1,1,7508,745,0,670,672,0,0,0,0,0,0,0,0,0x29EB9,0xB9,0xB9
2712,0x1D4F24,0x2DC94,0xFFFFFADB,0,1,7511,740,0,668,672,0,0,0,0,0,0,0,0,0x29C94,0x94,0x94
2713,0x1D51E8,0x2D7DA,0xFFFFFB46,0,1,7513,735,0,663,672,0,0,0,0,0,0,0,0,0x297DA,0xDA,0xDA
2714,0x1D54AC,0x2D38B,0xFFFFFBB1,0,1,7516,731,0,659,672,0,0,0,0,0,0,0,0,0x2938B,0x8B,0x8B
2715,0x1D5770,0x2CFA7,0xFFFFFC1C,0,1,7519,727,0,655,672,0,0,0,0,0,0,0,0,0x28FA7,0xA7,0xA7
2716,0x1D5A34,0x2CC2E,0xFFFFFC87,0,1,7522,724,0,652,672,0,0,0,0,0,0,0,0,0x28C2E,0x2E,0x2E
2717,0x1D5CF8,0x2C920,0xFFFFFCF2,0,1,7524,721,0,649,672,0,0,0,0,0,0,0,0,0x28920,0x20,0x20
2718,0x1D5FBC,0x2C67D,0xFFFFFD5D,0,1,7527,718,0,646,672,0,0,0,0,0,0,0,0,0x2867D,0x7D,0x7D
2719,0x1D6280,0x2C445,0xFFFFFDC8,0,1,7530,716,0,644,672,0,0,0,0,0,0,0,0,0x28445,0x45,0x45
2720,0x1D6544,0x2C278,0xFFFFFE33,0,1,7533,714,0,642,672,0,0,0,0,0,0,0,0,0x28278,0x78,0x78
2721,0x1D6808,0x2C116,0xFFFFFE9E,0,1,7536,713,0,641,672,0,0,0,0,0,0,0,0,0x28116,0x16,0x16
2722,0x1D6ACC,0x2C01F,0xFFFFFF09,0,1,7538,712,0,640,672,0,0,0,0,0,0,0,0,0x2801F,0x1F,0x1F
2723,0x1D6D90,0x2BF93,0xFFFFFF74,0,1,7541,711,0,639,672,0,0,0,0,0,0,0,0,0x27F93,0x93,0x93
2724,0x1D7054,0x2BF72,0xFFFFFFDF,0,1,7544,711,0,639,672,0,0,0,0,0,0,0,0,0x27F72,0x72,0x72
2725,0x1D7318,0x2BFBC,0x4A,0,1,7547,711,0,639,672,0,0,0,0,0,0,0,0,0x27F72,0xBC,0x72
2726,0x1D75DC,0x2C071,0xB5,0,1,7549,711,0,639,672,0,0,0,0,0,0,0,0,0x27F72,0x71,0x72
2727,0x1D78A0,0x2C172,0x0,0,1,7552,713,1,639,672,0,0,0,0,0,0,0,0,0x27F72,0x72,0x72
2728,0x1D7B64,0x2C172,0xFFFFFA70,1,1,7555,713,0,639,672,0,0,0,0,0,0,0,0,0x27F72,0x72,0x72
2729,0x1D7E28,0x2BC4D,0xFFFFFADB,0,1,7558,708,0,636,672,0,0,0,0,0,0,0,0,0x27C4D,0x4D,0x4D
2730,0x1D80EC,0x2B793,0xFFFFFB46,0,1,7560,703,0,631,672,0,0,0,0,0,0,0,0,0x27793,0x93,0x93
2731,0x1D83B0,0x2B344,0xFFFFFBB1,0,1,7563,699,0,627,672,0,0,0,0,0,0,0,0,0x27344,0x44,0x44
2732,0x1D8674,0x2AF60,0xFFFFFC1C,0,1,7566,695,0,623,672,0,0,0,0,0,0,0,0,0x26F60,0x60,0x60
2733,0x1D8938,0x2ABE7,0xFFFFFC87,0,1,7569,691,0,619,672,0,0,0,0,0,0,0,0,0x26BE7,0xE7,0xE7
2734,0x1D8BFC,0x2A8D9,0xFFFFFCF2,0,1,7571,688,0,616,672,0,0,0,0,0,0,0,0,0x268D9,0xD9,0xD9
2735,0x1D8EC0,0x2A636,0xFFFFFD5D,0,1,7574,686,0,614,672,0,0,0,0,0,0,0,0,0x26636,0x36,0x36
2736,0x1D9184,0x2A3FE,0xFFFFFDC8,0,1,7577,683,0,611,672,0,0,0,0,0,0,0,0,0x263FE,0xFE,0xFE
2737,0x1D9448,0x2A231,0xFFFFFE33,0,1,7580,682,0,610,672,0,0,0,0,0,0,0,0,0x26231,0x31,0x31
2738,0x1D970C,0x2A0CF,0xFFFFFE9E,0,1,7583,680,0,608,672,0,0,0,0,0,0,0,0,0x260CF,0xCF,0xCF
2739,0x1D99D0,0x29FD8,0xFFFFFF09,0,1,7585,679,0,607,672,0,0,0,0,0,0,0,0,0x25FD8,0xD8,0xD8
2740,0x1D9C94,0x29F4C,0xFFFFFF74,0,1,7588,679,0,607,672,0,0,0,0,0,0,0,0,0x25F4C,0x4C,0x4C
2741,0x1D9F58,0x29F2B,0xFFFFFFDF,0,1,7591,679,0,607,672,0,0,0,0,0,0,0,0,0x25F2B,0x2B,0x2B
2742,0x1DA21C,0x29F75,0x4A,0,1,7594,679,0,607,672,0,0,0,0,0,0,0,0,0x25F2B,0x75,0x2B
2743,0x1DA4E0,0x2A02A,0xB5,0,1,7596,679,0,607,672,0,0,0,0,0,0,0,0,0x25F2B,0x2A,0x2B
2744,0x1DA7A4,0x2A14A,0x120,0,1,7599,681,0,607,672,0,0,0,0,0,0,0,0,0x25F2B,0x4A,0x2B
2745,0x1DAA68,0x2A2D5,0x18B,0,1,7602,682,0,607,672,0,0,0,0,0,0,0,0,0x25F2B,0xD5,0x2B
2746,0x1DAD2C,0x2A4CB,0x1F6,0,1,7605,684,0,607,672,0,0,0,0,0,0,0,0,0x25F2B,0xCB,0x2B
2747,0x1DAFF0,0x2A72C,0x261,0,1,7607,687,0,607,672,0,0,0,0,0,0,0,0,0x25F2B,0x2C,0x2B
2748,0x1DB2B4,0x2A9F8,0x2CC,0,1,7610,689,0,607,672,0,0,0,0,0,0,0,0,0x25F2B,0xF8,0x2B
2749,0x1DB578,0x2AD2F,0x337,0,1,7613,693,0,607,672,0,0,0,0,0,0,0,0,0x25F2B,0x2F,0x2B
2750,0x1DB83C,0x2B0D1,0x3A2,0,1,7616,696,0,607,672,0,0,0,0,0,0,0,0,0x25F2B,0xD1,0x2B
2751,0x1DBB00,0x2B4DE,0x40D,0,1,7619,700,0,607,672,0,0,0,0,0,0,0,0,0x25F2B,0xDE,0x2B
2752,0x1DBDC4,0x2B956,0x478,0,1,7621,705,0,607,672,0,0,0,0,0,0,0,0,0x25F2B,0x56,0x2B
2753,0x1DC088,0x2BE39,0x4E3,0,1,7624,710,0,607,672,0,0,0,0,0,0,0,0,0x25F2B,0x39,0x2B
2754,0x1DC34C,0x2C12B,0xFFFFFA70,1,1,7627,713,0,607,672,0,0,0,0,0,0,0,0,0x25F2B,0x2B,0x2B
2755,0x1DC610,0x2BC06,0xFFFFFADB,0,1,7630,707,0,607,672,0,0,0,0,0,0,0,0,0x25F2B,0x06,0x2B
2756,0x1DC8D4,0x2B74C,0xFFFFFB46,0,1,7632,703,0,607,672,0,0,0,0,0,0,0,0,0x25F2B,0x4C,0x2B
2757,0x1DCB98,0x2B2FD,0xFFFFFBB1,0,1,7635,698,0,607,672,0,0,0,0,0,0,0,0,0x25F2B,0xFD,0x2B
2758,0x1DCE5C,0x2AF19,0xFFFFFC1C,0,1,7638,694,0,607,672,0,0,0,0,0,0,0,0,0x25F2B,0x19,0x2B
2759,0x1DD120,0x2ABA0,0xFFFFFC87,0,1,7641,691,0,607,672,0,0,0,0,0,0,0,0,0x25F2B,0xA0,0x2B
2760,0x1DD3E4,0x2A892,0xFFFFFCF2,0,1,7643,688,0,607,672,0,0,0,0,0,0,0,0,0x25F2B,0x92,0x2B
2761,0x1DD6A8,0x2A5EF,0xFFFFFD5D,0,1,7646,685,0,607,672,0,0,0,0,0,0,0,0,0x25F2B,0xEF,0x2B
2762,0x1DD96C,0x2A3B7,0xFFFFFDC8,0,1,7649,683,0,607,672,0,0,0,0,0,0,0,0,0x25F2B,0xB7,0x2B
2763,0x1DDC30,0x2A1EA,0xFFFFFE33,0,1,7652,681,0,607,672,0,0,0,0,0,0,0,0,0x25F2B,0xEA,0x2B
2764,0x1DDEF4,0x2A088,0xFFFFFE9E,0,1,7654,680,0,607,672,0,0,0,0,0,0,0,0,0x25F2B,0x88,0x2B
2765,0x1DE1B8,0x29F91,0xFFFFFF09,0,1,7657,679,0,607,672,0,0,0,0,0,0,0,0,0x25F2B,0x91,0x2B
2766,0x1DE47C,0x29F05,0xFFFFFF74,0,1,7660,679,0,607,672,0,0,0,0,0,0,0,0,0x25F05,0x05,0x05
2767,0x1DE740,0x29EE4,0xFFFFFFDF,0,1,7663,678,0,606,672,0,0,0,0,0,0,0,0,0x25EE4,0xE4,0xE4
2768,0x1DEA04,0x29F2E,0x4A,0,1,7666,678,0,606,672,0,0,0,0,0,0,0,0,0x25EE4,0x2E,0xE4
2769,0x1DECC8,0x29FE3,0xB5,0,1,7668,678,0,606,672,0,0,0,0,0,0,0,0,0x25EE4,0xE3,0xE4
2770,0x1DEF8C,0x2A103,0x120,0,1,7671,680,0,606,672,0,0,0,0,0,0,0,0,0x25EE4,0x03,0xE4
2771,0x1DF250,0x2A28E,0x18B,0,1,7674,681,0,606,672,0,0,0,0,0,0,0,0,0x25EE4,0x8E,0xE4
2772,0x1DF514,0x2A484,0x1F6,0,1,7677,683,0,606,672,0,0,0,0,0,0,0,0,0x25EE4,0x84,0xE4
2773,0x1DF7D8,0x2A6E5,0x261,0,1,7679,686,0,606,672,0,0,0,0,0,0,0,0,0x25EE4,0xE5,0xE4
2774,0x1DFA9C,0x2A9B1,0x2CC,0,1,7682,688,0,606,672,0,0,0,0,0,0,0,0,0x25EE4,0xB1,0xE4
2775,0x1DFD60,0x2ACE8,0x337,0,1,7685,692,0,606,672,0,0,0,0,0,0,0,0,0x25EE4,0xE8,0xE4
2776,0x1E0024,0x2B08A,0x3A2,0,1,7688,695,0,606,672,0,0,0,0,0,0,0,0,0x25EE4,0x8A,0xE4
2777,0x1E02E8,0x2B497,0x40D,0,1,7690,699,0,606,672,0,0,0,0,0,0,0,0,0x25EE4,0x97,0xE4
2778,0x1E05AC,0x2B90F,0x478,0,1,7693,704,0,606,672,0,0,0,0,0,0,0,0,0x25EE4,0x0F,0xE4
2779,0x1E0870,0x2BDF2,0x4E3,0,1,7696,709,0,606,672,0,0,0,0,0,0,0,0,0x25EE4,0xF2,0xE4
2780,0x1E0B34,0x2C340,0x54E,0,1,7699,714,0,606,672,0,0,0,0,0,0,0,0,0x25EE4,0x40,0xE4
2781,0x1E0DF8,0x2C8F9,0x5B9,0,1,7701,720,0,606,672,0,0,0,0,0,0,0,0,0x25EE4,0xF9,0xE4
2782,0x1E10BC,0x2CF1D,0x624,0,1,7704,726,0,606,672,0,0,0,0,0,0,0,0,0x25EE4,0x1D,0xE4
2783,0x1E1380,0x2D5AC,0x68F,0,1,7707,732,0,606,672,0,0,0,0,0,0,0,0,0x25EE4,0xAC,0xE4
2784,0x1E1644,0x2DCA6,0x6FA,0,1,7710,739,0,606,672,0,0,0,0,0,0,0,0,0x25EE4,0xA6,0xE4
2785,0x1E1908,0x2E40B,0x765,0,1,7713,747,0,606,672,0,0,0,0,0,0,0,0,0x25EE4,0x0B,0xE4
2786,0x1E1BCC,0x2EB05,0x6FA,0,1,7715,754,0,606,672,0,0,0,0,0,0,0,0,0x25EE4,0x05,0xE4
2787,0x1E1E90,0x2F26A,0x765,0,1,7718,761,0,606,672,0,0,0,0,0,0,0,0,0x25EE4,0x6A,0xE4
2788,0x1E2154,0x2F964,0x6FA,0,1,7721,768,0,606,672,0,0,0,0,0,0,0,0,0x25EE4,0x64,0xE4
2789,0x1E2418,0x300C9,0x765,0,1,7724,776,0,608,672,0,0,0,0,0,0,0,0,0x260C9,0xC9,0xC9
2790,0x1E26DC,0x301C9,0x0,0,1,7726,777,1,609,672,0,0,0,0,0,0,0,0,0x261C9,0xC9,0xC9
2791,0x1E29A0,0x301C9,0x0,0,1,7729,777,1,609,672,0,0,0,0,0,0,0,0,0x261C9,0xC9,0xC9
2792,0x1E2C64,0x301C9,0x0,0,1,7732,777,1,609,672,0,0,0,0,0,0,0,0,0x261C9,0xC9,0xC9
2793,0x1E2F28,0x301C9,0x0,0,1,7735,777,1,609,672,0,0,0,0,0,0,0,0,0x261C9,0xC9,0xC9
2794,0x1E31EC,0x301C9,0x0,0,1,7737,777,1,609,672,0,0,0,0,0,0,0,0,0x261C9,0xC9,0xC9
2795,0x1E34B0,0x301C9,0xFFFFFA70,1,1,7740,777,0,609,672,0,0,0,0,0,0,0,0,0x261C9,0xC9,0xC9
2796,0x1E3774,0x2FCA4,0xFFFFFADB,0,1,7743,771,0,609,672,0,0,0,0,0,0,0,0,0x261C9,0xA4,0xC9
2797,0x1E3A38,0x2F7EA,0xFFFFFB46,0,1,7746,767,0,609,672,0,0,0,0,0,0,0,0,0x261C9,0xEA,0xC9
2798,0x1E3CFC,0x2F39B,0xFFFFFBB1,0,1,7748,762,0,609,672,0,0,0,0,0,0,0,0,0x261C9,0x9B,0xC9
2799,0x1E3FC0,0x2EFB7,0xFFFFFC1C,0,1,7751,758,0,609,672,0,0,0,0,0,0,0,0,0x261C9,0xB7,0xC9
2800,0x1E4284,0x2EC3E,0xFFFFFC87,0,1,7754,755,0,609,672,0,0,0,0,0,0,0,0,0x261C9,0x3E,0xC9
2801,0x1E4548,0x2E930,0xFFFFFCF2,0,1,7757,752,0,609,672,0,0,0,0,0,0,0,0,0x261C9,0x30,0xC9
2802,0x1E480C,0x2E68D,0xFFFFFD5D,0,1,7760,749,0,609,672,0,0,0,0,0,0,0,0,0x261C9,0x8D,0xC9
2803,0x1E4AD0,0x2E455,0xFFFFFDC8,0,1,7762,747,0,609,672,0,0,0,0,0,0,0,0,0x261C9,0x55,0xC9
2804,0x1E4D94,0x2E288,0xFFFFFE33,0,1,7765,745,0,609,672,0,0,0,0,0,0,0,0,0x261C9,0x88,0xC9
2805,0x1E5058,0x2E126,0xFFFFFE9E,0,1,7768,744,0,609,672,0,0,0,0,0,0,0,0,0x261C9,0x26,0xC9
2806,0x1E531C,0x2E02F,0xFFFFFF09,0,1,7771,743,0,609,672,0,0,0,0,0,0,0,0,0x261C9,0x2F,0xC9
2807,0x1E55E0,0x2DFA3,0xFFFFFF74,0,1,7773,742,0,609,672,0,0,0,0,0,0,0,0,0x261C9,0xA3,0xC9
2808,0x1E58A4,0x2DF82,0xFFFFFFDF,0,1,7776,742,0,609,672,0,0,0,0,0,0,0,0,0x261C9,0x82,0xC9
2809,0x1E5B68,0x2DFCC,0x4A,0,1,7779,743,0,609,672,0,0,0,0,0,0,0,0,0x261C9,0xCC,0xC9
2810,0x1E5E2C,0x2E081,0xB5,0,1,7782,743,0,609,672,0,0,0,0,0,0,0,0,0x261C9,0x81,0xC9
2811,0x1E60F0,0x2E1A1,0x120,0,1,7784,744,0,609,672,0,0,0,0,0,0,0,0,0x261C9,0xA1,0xC9
2812,0x1E63B4,0x2E32C,0x18B,0,1,7787,746,0,609,672,0,0,0,0,0,0,0,0,0x261C9,0x2C,0xC9
2813,0x1E6678,0x2E522,0x1F6,0,1,7790,748,0,609,672,0,0,0,0,0,0,0,0,0x261C9,0x22,0xC9
2814,0x1E693C,0x2E783,0x261,0,1,7793,750,0,609,672,0,0,0,0,0,0,0,0,0x261C9,0x83,0xC9
2815,0x1E6C00,0x2EA4F,0x2CC,0,1,7796,753,0,609,672,0,0,0,0,0,0,0,0,0x261C9,0x4F,0xC9
2816,0x1E6EC4,0x2ED86,0x337,0,1,7798,756,0,609,672,0,0,0,0,0,0,0,0,0x261C9,0x86,0xC9
2817,0x1E7188,0x2F128,0x3A2,0,1,7801,760,0,609,672,0,0,0,0,0,0,0,0,0x261C9,0x28,0xC9
2818,0x1E744C,0x2F1C9,0x0,0,1,7804,761,1,609,672,0,0,0,0,0,0,0,0,0x261C9,0xC9,0xC9
2819,0x1E7710,0x2F1C9,0x0,0,1,7807,761,1,609,672,0,0,0,0,0,0,0,0,0x261C9,0xC9,0xC9
2820,0x1E79D4,0x2F1C9,0x0,0,1,7809,761,1,609,672,0,0,0,0,0,0,0,0,0x261C9,0xC9,0xC9
2821,0x1E7C98,0x2F1C9,0x0,0,1,7812,761,1,609,672,0,0,0,0,0,0,0,0,0x261C9,0xC9,0xC9
2822,0x1E7F5C,0x2F1C9,0x0,0,1,7815,761,1,609,672,0,0,0,0,0,0,0,0,0x261C9,0xC9,0xC9
2823,0x1E8220,0x2F1C9,0x0,0,1,7818,761,1,609,672,0,0,0,0,0,0,0,0,0x261C9,0xC9,0xC9
2824,0x1E84E4,0x2F1C9,0xFFFFFA70,1,1,7820,761,0,609,672,0,0,0,0,0,0,0,0,0x261C9,0xC9,0xC9
2825,0x1E87A8,0x2ECA4,0xFFFFFADB,0,1,7823,755,0,609,672,0,0,0,0,0,0,0,0,0x261C9,0xA4,0xC9
2826,0x1E8A6C,0x2E7EA,0xFFFFFB46,0,1,7826,751,0,609,672,0,0,0,0,0,0,0,0,0x261C9,0xEA,0xC9
2827,0x1E8D30,0x2E39B,0xFFFFFBB1,0,1,7829,746,0,609,672,0,0,0,0,0,0,0,0,0x261C9,0x9B,0xC9
2828,0x1E8FF4,0x2DFB7,0xFFFFFC1C,0,1,7831,742,0,609,672,0,0,0,0,0,0,0,0,0x261C9,0xB7,0xC9
2829,0x1E92B8,0x2DC3E,0xFFFFFC87,0,1,7834,739,0,609,672,0,0,0,0,0,0,0,0,0x261C9,0x3E,0xC9
2830,0x1E957C,0x2D930,0xFFFFFCF2,0,1,7837,736,0,609,672,0,0,0,0,0,0,0,0,0x261C9,0x30,0xC9
2831,0x1E9840,0x2D68D,0xFFFFFD5D,0,1,7840,733,0,609,672,0,0,0,0,0,0,0,0,0x261C9,0x8D,0xC9
2832,0x1E9B04,0x2D455,0xFFFFFDC8,0,1,7843,731,0,609,672,0,0,0,0,0,0,0,0,0x261C9,0x55,0xC9
2833,0x1E9DC8,0x2D288,0xFFFFFE33,0,1,7845,729,0,609,672,0,0,0,0,0,0,0,0,0x261C9,0x88,0xC9
2834,0x1EA08C,0x2D126,0xFFFFFE9E,0,1,7848,728,0,609,672,0,0,0,0,0,0,0,0,0x261C9,0x26,0xC9
2835,0x1EA350,0x2D02F,0xFFFFFF09,0,1,7851,727,0,609,672,0,0,0,0,0,0,0,0,0x261C9,0x2F,0xC9
2836,0x1EA614,0x2CFA3,0xFFFFFF74,0,1,7854,726,0,609,672,0,0,0,0,0,0,0,0,0x261C9,0xA3,0xC9
2837,0x1EA8D8,0x2CF82,0xFFFFFFDF,0,1,7856,726,0,609,672,0,0,0,0,0,0,0,0,0x261C9,0x82,0xC9
2838,0x1EAB9C,0x2CFCC,0x4A,0,1,7859,727,0,609,672,0,0,0,0,0,0,0,0,0x261C9,0xCC,0xC9
2839,0x1EAE60,0x2D081,0xB5,0,1,7862,727,0,609,672,0,0,0,0,0,0,0,0,0x261C9,0x81,0xC9
2840,0x1EB124,0x2D1A1,0x120,0,1,7865,728,0,609,672,0,0,0,0,0,0,0,0,0x261C9,0xA1,0xC9
2841,0x1EB3E8,0x2D32C,0x18B,0,1,7867,730,0,609,672,0,0,0,0,0,0,0,0,0x261C9,0x2C,0xC9
2842,0x1EB6AC,0x2D522,0x1F6,0,1,7870,732,0,609,672,0,0,0,0,0,0,0,0,0x261C9,0x22,0xC9
2843,0x1EB970,0x2D783,0x261,0,1,7873,734,0,609,672,0,0,0,0,0,0,0,0,0x261C9,0x83,0xC9
2844,0x1EBC34,0x2DA4F,0x2CC,0,1,7876,737,0,609,672,0,0,0,0,0,0,0,0,0x261C9,0x4F,0xC9
2845,0x1EBEF8,0x2DD86,0x337,0,1,7878,740,0,609,672,0,0,0,0,0,0,0,0,0x261C9,0x86,0xC9
2846,0x1EC1BC,0x2E128,0x3A2,0,1,7881,744,0,609,672,0,0,0,0,0,0,0,0,0x261C9,0x28,0xC9
2847,0x1EC480,0x2E1C9,0x0,0,1,7884,745,1,609,672,0,0,0,0,0,0,0,0,0x261C9,0xC9,0xC9
2848,0x1EC744,0x2E1C9,0x0,0,1,7887,745,1,609,672,0,0,0,0,0,0,0,0,0x261C9,0xC9,0xC9
2849,0x1ECA08,0x2E1C9,0x0,0,1,7890,745,1,609,672,0,0,0,0,0,0,0,0,0x261C9,0xC9,0xC9
2850,0x1ECCCC,0x2E1C9,0x0,0,1,7892,745,1,609,672,0,0,0,0,0,0,0,0,0x261C9,0xC9,0xC9
2851,0x1ECF90,0x2E1C9,0x0,0,1,7895,745,1,609,672,0,0,0,0,0,0,0,0,0x261C9,0xC9,0xC9
2852,0x1ED254,0x2E1C9,0x0,0,1,7898,745,1,609,672,0,0,0,0,0,0,0,0,0x261C9,0xC9,0xC9
2853,0x1ED518,0x2E1C9,0xFFFFFA70,1,1,7901,745,0,609,672,0,0,0,0,0,0,0,0,0x261C9,0xC9,0xC9
2854,0x1ED7DC,0x2DCA4,0xFFFFFADB,0,1,7903,739,0,609,672,0,0,0,0,0,0,0,0,0x261C9,0xA4,0xC9
2855,0x1EDAA0,0x2D7EA,0xFFFFFB46,0,1,7906,735,0,609,672,0,0,0,0,0,0,0,0,0x261C9,0xEA,0xC9
2856,0x1EDD64,0x2D39B,0xFFFFFBB1,0,1,7909,730,0,609,672,0,0,0,0,0,0,0,0,0x261C9,0x9B,0xC9
2857,0x1EE028,0x2CFB7,0xFFFFFC1C,0,1,7912,726,0,609,672,0,0,0,0,0,0,0,0,0x261C9,0xB7,0xC9
2858,0x1EE2EC,0x2CC3E,0xFFFFFC87,0,1,7914,723,0,609,672,0,0,0,0,0,0,0,0,0x261C9,0x3E,0xC9
2859,0x1EE5B0,0x2C930,0xFFFFFCF2,0,1,7917,720,0,609,672,0,0,0,0,0,0,0,0,0x261C9,0x30,0xC9
2860,0x1EE874,0x2C68D,0xFFFFFD5D,0,1,7920,717,0,609,672,0,0,0,0,0,0,0,0,0x261C9,0x8D,0xC9
2861,0x1EEB38,0x2C455,0xFFFFFDC8,0,1,7923,715,0,609,672,0,0,0,0,0,0,0,0,0x261C9,0x55,0xC9
2862,0x1EEDFC,0x2C288,0xFFFFFE33,0,1,7925,713,0,609,672,0,0,0,0,0,0,0,0,0x261C9,0x88,0xC9
2863,0x1EF0C0,0x2C126,0xFFFFFE9E,0,1,7928,712,0,609,672,0,0,0,0,0,0,0,0,0x261C9,0x26,0xC9
2864,0x1EF384,0x2C02F,0xFFFFFF09,0,1,7931,711,0,609,672,0,0,0,0,0,0,0,0,0x261C9,0x2F,0xC9
2865,0x1EF648,0x2BFA3,0xFFFFFF74,0,1,7934,710,0,609,672,0,0,0,0,0,0,0,0,0x261C9,0xA3,0xC9
2866,0x1EF90C,0x2BF82,0xFFFFFFDF,0,1,7937,710,0,609,672,0,0,0,0,0,0,0,0,0x261C9,0x82,0xC9
2867,0x1EFBD0,0x2BFCC,0x4A,0,1,7939,711,0,609,672,0,0,0,0,0,0,0,0,0x261C9,0xCC,0xC9
2868,0x1EFE94,0x2C081,0xB5,0,1,7942,711,0,609,672,0,0,0,0,0,0,0,0,0x261C9,0x81,0xC9
2869,0x1F0158,0x2C1A1,0x120,0,1,7945,712,0,609,672,0,0,0,0,0,0,0,0,0x261C9,0xA1,0xC9
2870,0x1F041C,0x2C32C,0x18B,0,1,7948,714,0,609,672,0,0,0,0,0,0,0,0,0x261C9,0x2C,0xC9
2871,0x1F06E0,0x2C522,0x1F6,0,1,7950,716,0,609,672,0,0,0,0,0,0,0,0,0x261C9,0x22,0xC9
2872,0x1F09A4,0x2C783,0x261,0,1,7953,718,0,609,672,0,0,0,0,0,0,0,0,0x261C9,0x83,0xC9
2873,0x1F0C68,0x2CA4F,0x2CC,0,1,7956,721,0,609,672,0,0,0,0,0,0,0,0,0x261C9,0x4F,0xC9
2874,0x1F0F2C,0x2CD86,0x337,0,1,7959,724,0,609,672,0,0,0,0,0,0,0,0,0x261C9,0x86,0xC9
2875,0x1F11F0,0x2D128,0x3A2,0,1,7961,728,0,609,672,0,0,0,0,0,0,0,0,0x261C9,0x28,0xC9
2876,0x1F14B4,0x2D1C9,0x0,0,1,7964,729,1,609,672,0,0,0,0,0,0,0,0,0x261C9,0xC9,0xC9
2877,0x1F1778,0x2D1C9,0x0,0,1,7967,729,1,609,672,0,0,0,0,0,0,0,0,0x261C9,0xC9,0xC9
2878,0x1F1A3C,0x2D1C9,0x0,0,1,7970,729,1,609,672,0,0,0,0,0,0,0,0,0x261C9,0xC9,0xC9
2879,0x1F1D00,0x2D1C9,0x0,0,1,7973,729,1,609,672,0,0,0,0,0,0,0,0,0x261C9,0xC9,0xC9
2880,0x1F1FC4,0x2D1C9,0x0,0,1,7975,729,1,609,672,0,0,0,0,0,0,0,0,0x261C9,0xC9,0xC9
2881,0x1F2288,0x2D1C9,0xFFFFFA70,1,1,7978,729,0,609,672,0,0,0,0,0,0,0,0,0x261C9,0xC9,0xC9
2882,0x1F254C,0x2CCA4,0xFFFFFADB,0,1,7981,723,0,609,672,0,0,0,0,0,0,0,0,0x261C9,0xA4,0xC9
2883,0x1F2810,0x2C7EA,0xFFFFFB46,0,1,7984,719,0,609,672,0,0,0,0,0,0,0,0,0x261C9,0xEA,0xC9
2884,0x1F2AD4,0x2C39B,0xFFFFFBB1,0,1,7986,714,0,609,672,0,0,0,0,0,0,0,0,0x261C9,0x9B,0xC9
2885,0x1F2D98,0x2BFB7,0xFFFFFC1C,0,1,7989,710,0,609,672,0,0,0,0,0,0,0,0,0x261C9,0xB7,0xC9
2886,0x1F305C,0x2BC3E,0xFFFFFC87,0,1,7992,707,0,609,672,0,0,0,0,0,0,0,0,0x261C9,0x3E,0xC9
2887,0x1F3320,0x2B930,0xFFFFFCF2,0,1,7995,704,0,609,672,0,0,0,0,0,0,0,0,0x261C9,0x30,0xC9
2888,0x1F35E4,0x2B68D,0xFFFFFD5D,0,1,7997,701,0,609,672,0,0,0,0,0,0,0,0,0x261C9,0x8D,0xC9
2889,0x1F38A8,0x2B455,0xFFFFFDC8,0,1,8000,699,0,609,672,0,0,0,0,0,0,0,0,0x261C9,0x55,0xC9
2890,0x1F3B6C,0x2B288,0xFFFFFE33,0,1,8003,697,0,609,672,0,0,0,0,0,0,0,0,0x261C9,0x88,0xC9
2891,0x1F3E30,0x2B126,0xFFFFFE9E,0,1,8006,696,0,609,672,0,0,0,0,0,0,0,0,0x261C9,0x26,0xC9
2892,0x1F40F4,0x2B02F,0xFFFFFF09,0,1,8008,695,0,609,672,0,0,0,0,0,0,0,0,0x261C9,0x2F,0xC9
2893,0x1F43B8,0x2AFA3,0xFFFFFF74,0,1,8011,694,0,609,672,0,0,0,0,0,0,0,0,0x261C9,0xA3,0xC9
2894,0x1F467C,0x2AF82,0xFFFFFFDF,0,1,8014,694,0,609,672,0,0,0,0,0,0,0,0,0x261C9,0x82,0xC9
2895,0x1F4940,0x2AFCC,0x4A,0,1,8017,695,0,609,672,0,0,0,0,0,0,0,0,0x261C9,0xCC,0xC9
2896,0x1F4C04,0x2B081,0xB5,0,1,8020,695,0,609,672,0,0,0,0,0,0,0,0,0x261C9,0x81,0xC9
2897,0x1F4EC8,0x2B1A1,0x120,0,1,8022,696,0,609,672,0,0,0,0,0,0,0,0,0x261C9,0xA1,0xC9
2898,0x1F518C,0x2B32C,0x18B,0,1,8025,698,0,609,672,0,0,0,0,0,0,0,0,0x261C9,0x2C,0xC9
2899,0x1F5450,0x2B522,0x1F6,0,1,8028,700,0,609,672,0,0,0,0,0,0,0,0,0x261C9,0x22,0xC9
2900,0x1F5714,0x2B783,0x261,0,1,8031,702,0,609,672,0,0,0,0,0,0,0,0,0x261C9,0x83,0xC9
2901,0x1F59D8,0x2BA4F,0x2CC,0,1,8033,705,0,609,672,0,0,0,0,0,0,0,0,0x261C9,0x4F,0xC9
2902,0x1F5C9C,0x2BD86,0x337,0,1,8036,708,0,609,672,0,0,0,0,0,0,0,0,0x261C9,0x86,0xC9
2903,0x1F5F60,0x2C128,0x3A2,0,1,8039,712,0,609,672,0,0,0,0,0,0,0,0,0x261C9,0x28,0xC9
2904,0x1F6224,0x2C535,0x40D,0,1,8042,716,0,609,672,0,0,0,0,0,0,0,0,0x261C9,0x35,0xC9
2905,0x1F64E8,0x2C1C9,0x0,0,1,8044,713,1,609,672,0,0,0,0,0,0,0,0,0x261C9,0xC9,0xC9
2906,0x1F67AC,0x2C1C9,0x0,0,1,8047,713,1,609,672,0,0,0,0,0,0,0,0,0x261C9,0xC9,0xC9
2907,0x1F6A70,0x2C1C9,0x0,0,1,8050,713,1,609,672,0,0,0,0,0,0,0,0,0x261C9,0xC9,0xC9
2908,0x1F6D34,0x2C1C9,0x0,0,1,8053,713,1,609,672,0,0,0,0,0,0,0,0,0x261C9,0xC9,0xC9
2909,0x1F6FF8,0x2C1C9,0x0,0,1,8055,713,1,609,672,0,0,0,0,0,0,0,0,0x261C9,0xC9,0xC9
2910,0x1F72BC,0x2C1C9,0xFFFFFA70,1,1,8058,713,0,609,672,0,0,0,0,0,0,0,0,0x261C9,0xC9,0xC9
2911,0x1F7580,0x2BCA4,0xFFFFFADB,0,1,8061,707,0,609,672,0,0,0,0,0,0,0,0,0x261C9,0xA4,0xC9
2912,0x1F7844,0x2B7EA,0xFFFFFB46,0,1,8064,703,0,609,672,0,0,0,0,0,0,0,0,0x261C9,0xEA,0xC9
2913,0x1F7B08,0x2B39B,0xFFFFFBB1,0,1,8067,698,0,609,672,0,0,0,0,0,0,0,0,0x261C9,0x9B,0xC9
2914,0x1F7DCC,0x2AFB7,0xFFFFFC1C,0,1,8069,694,0,609,672,0,0,0,0,0,0,0,0,0x261C9,0xB7,0xC9
2915,0x1F8090,0x2AC3E,0xFFFFFC87,0,1,8072,691,0,609,672,0,0,0,0,0,0,0,0,0x261C9,0x3E,0xC9
2916,0x1F8354,0x2A930,0xFFFFFCF2,0,1,8075,688,0,609,672,0,0,0,0,0,0,0,0,0x261C9,0x30,0xC9
2917,0x1F8618,0x2A68D,0xFFFFFD5D,0,1,8078,685,0,609,672,0,0,0,0,0,0,0,0,0x261C9,0x8D,0xC9
2918,0x1F88DC,0x2A455,0xFFFFFDC8,0,1,8080,683,0,609,672,0,0,0,0,0,0,0,0,0x261C9,0x55,0xC9
2919,0x1F8BA0,0x2A288,0xFFFFFE33,0,1,8083,681,0,609,672,0,0,0,0,0,0,0,0,0x261C9,0x88,0xC9
2920,0x1F8E64,0x2A126,0xFFFFFE9E,0,1,8086,681,0,609,672,0,0,0,0,0,0,0,0,0x26126,0x26,0x26
2921,0x1F9128,0x2A02F,0xFFFFFF09,0,1,8089,680,0,608,672,0,0,0,0,0,0,0,0,0x2602F,0x2F,0x2F
2922,0x1F93EC,0x29FA3,0xFFFFFF74,0,1,8091,679,0,607,672,0,0,0,0,0,0,0,0,0x25FA3,0xA3,0xA3
2923,0x1F96B0,0x29F82,0xFFFFFFDF,0,1,8094,679,0,607,672,0,0,0,0,0,0,0,0,0x25F82,0x82,0x82
2924,0x1F9974,0x29FCC,0x4A,0,1,8097,679,0,607,672,0,0,0,0,0,0,0,0,0x25F82,0xCC,0x82
2925,0x1F9C38,0x2A081,0xB5,0,1,8100,679,0,607,672,0,0,0,0,0,0,0,0,0x25F82,0x81,0x82
2926,0x1F9EFC,0x2A1A1,0x120,0,1,8102,681,0,607,672,0,0,0,0,0,0,0,0,0x25F82,0xA1,0x82
2927,0x1FA1C0,0x2A32C,0x18B,0,1,8105,682,0,607,672,0,0,0,0,0,0,0,0,0x25F82,0x2C,0x82
2928,0x1FA484,0x2A182,0x0,0,1,8108,681,1,607,672,0,0,0,0,0,0,0,0,0x25F82,0x82,0x82
2929,0x1FA748,0x2A182,0x0,0,1,8111,681,1,607,672,0,0,0,0,0,0,0,0,0x25F82,0x82,0x82
2930,0x1FAA0C,0x2A182,0xFFFFFA70,1,1,8114,681,0,607,672,0,0,0,0,0,0,0,0,0x25F82,0x82,0x82
2931,0x1FACD0,0x29C5D,0xFFFFFADB,0,1,8116,676,0,604,672,0,0,0,0,0,0,0,0,0x25C5D,0x5D,0x5D
2932,0x1FAF94,0x297A3,0xFFFFFB46,0,1,8119,671,0,599,672,0,0,0,0,0,0,0,0,0x257A3,0xA3,0xA3
2933,0x1FB258,0x29354,0xFFFFFBB1,0,1,8122,667,0,595,672,0,0,0,0,0,0,0,0,0x25354,0x54,0x54
2934,0x1FB51C,0x28F70,0xFFFFFC1C,0,1,8125,663,0,591,672,0,0,0,0,0,0,0,0,0x24F70,0x70,0x70
2935,0x1FB7E0,0x28BF7,0xFFFFFC87,0,1,8127,659,0,587,672,0,0,0,0,0,0,0,0,0x24BF7,0xF7,0xF7
2936,0x1FBAA4,0x288E9,0xFFFFFCF2,0,1,8130,656,0,584,672,0,0,0,0,0,0,0,0,0x248E9,0xE9,0xE9
2937,0x1FBD68,0x28646,0xFFFFFD5D,0,1,8133,654,0,582,672,0,0,0,0,0,0,0,0,0x24646,0x46,0x46
2938,0x1FC02C,0x2840E,0xFFFFFDC8,0,1,8136,652,0,580,672,0,0,0,0,0,0,0,0,0x2440E,0x0E,0x0E
2939,0x1FC2F0,0x28241,0xFFFFFE33,0,1,8138,650,0,578,672,0,0,0,0,0,0,0,0,0x24241,0x41,0x41
2940,0x1FC5B4,0x280DF,0xFFFFFE9E,0,1,8141,648,0,576,672,0,0,0,0,0,0,0,0,0x240DF,0xDF,0xDF
2941,0x1FC878,0x27FE8,0xFFFFFF09,0,1,8144,647,0,575,672,0,0,0,0,0,0,0,0,0x23FE8,0xE8,0xE8
2942,0x1FCB3C,0x27F5C,0xFFFFFF74,0,1,8147,647,0,575,672,0,0,0,0,0,0,0,0,0x23F5C,0x5C,0x5C
2943,0x1FCE00,0x27F3B,0xFFFFFFDF,0,1,8150,647,0,575,672,0,0,0,0,0,0,0,0,0x23F3B,0x3B,0x3B
2944,0x1FD0C4,0x27F85,0x4A,0,1,8152,647,0,575,672,0,0,0,0,0,0,0,0,0x23F3B,0x85,0x3B
2945,0x1FD388,0x2803A,0xB5,0,1,8155,647,0,575,672,0,0,0,0,0,0,0,0,0x23F3B,0x3A,0x3B
2946,0x1FD64C,0x2815A,0x120,0,1,8158,649,0,575,672,0,0,0,0,0,0,0,0,0x23F3B,0x5A,0x3B
2947,0x1FD910,0x282E5,0x18B,0,1,8161,650,0,575,672,0,0,0,0,0,0,0,0,0x23F3B,0xE5,0x3B
2948,0x1FDBD4,0x284DB,0x1F6,0,1,8163,652,0,575,672,0,0,0,0,0,0,0,0,0x23F3B,0xDB,0x3B
2949,0x1FDE98,0x2873C,0x261,0,1,8166,655,0,575,672,0,0,0,0,0,0,0,0,0x23F3B,0x3C,0x3B
2950,0x1FE15C,0x28A08,0x2CC,0,1,8169,657,0,575,672,0,0,0,0,0,0,0,0,0x23F3B,0x08,0x3B
2951,0x1FE420,0x28D3F,0x337,0,1,8172,661,0,575,672,0,0,0,0,0,0,0,0,0x23F3B,0x3F,0x3B
2952,0x1FE6E4,0x290E1,0x3A2,0,1,8174,664,0,575,672,0,0,0,0,0,0,0,0,0x23F3B,0xE1,0x3B
2953,0x1FE9A8,0x2913B,0xFFFFFA70,1,1,8177,665,0,575,672,0,0,0,0,0,0,0,0,0x23F3B,0x3B,0x3B
2954,0x1FEC6C,0x28C16,0xFFFFFADB,0,1,8180,659,0,575,672,0,0,0,0,0,0,0,0,0x23F3B,0x16,0x3B
2955,0x1FEF30,0x2875C,0xFFFFFB46,0,1,8183,655,0,575,672,0,0,0,0,0,0,0,0,0x23F3B,0x5C,0x3B
2956,0x1FF1F4,0x2830D,0xFFFFFBB1,0,1,8185,650,0,575,672,0,0,0,0,0,0,0,0,0x23F3B,0x0D,0x3B
2957,0x1FF4B8,0x27F29,0xFFFFFC1C,0,1,8188,647,0,575,672,0,0,0,0,0,0,0,0,0x23F29,0x29,0x29
2958,0x1FF77C,0x27BB0,0xFFFFFC87,0,1,8191,643,0,571,672,0,0,0,0,0,0,0,0,0x23BB0,0xB0,0xB0
2959,0x1FFA40,0x278A2,0xFFFFFCF2,0,1,8194,640,0,568,672,0,0,0,0,0,0,0,0,0x238A2,0xA2,0xA2
2960,0x1FFD04,0x275FF,0xFFFFFD5D,0,1,8197,637,0,565,672,0,0,0,0,0,0,0,0,0x235FF,0xFF,0xFF
2961,0x1FFFC8,0x273C7,0xFFFFFDC8,0,1,8199,635,0,563,672,0,0,0,0,0,0,0,0,0x233C7,0xC7,0xC7
2962,0x20028C,0x271FA,0xFFFFFE33,0,1,8202,633,0,561,672,0,0,0,0,0,0,0,0,0x231FA,0xFA,0xFA
2963,0x200550,0x27098,0xFFFFFE9E,0,1,8205,632,0,560,672,0,0,0,0,0,0,0,0,0x23098,0x98,0x98
2964,0x200814,0x26FA1,0xFFFFFF09,0,1,8208,631,0,559,672,0,0,0,0,0,0,0,0,0x22FA1,0xA1,0xA1
2965,0x200AD8,0x26F15,0xFFFFFF74,0,1,8210,631,0,559,672,0,0,0,0,0,0,0,0,0x22F15,0x15,0x15
2966,0x200D9C,0x26EF4,0xFFFFFFDF,0,1,8213,630,0,558,672,0,0,0,0,0,0,0,0,0x22EF4,0xF4,0xF4
2967,0x201060,0x26F3E,0x4A,0,1,8216,630,0,558,672,0,0,0,0,0,0,0,0,0x22EF4,0x3E,0xF4
2968,0x201324,0x26FF3,0xB5,0,1,8219,630,0,558,672,0,0,0,0,0,0,0,0,0x22EF4,0xF3,0xF4
2969,0x2015E8,0x27113,0x120,0,1,8221,632,0,558,672,0,0,0,0,0,0,0,0,0x22EF4,0x13,0xF4
2970,0x2018AC,0x2729E,0x18B,0,1,8224,633,0,558,672,0,0,0,0,0,0,0,0,0x22EF4,0x9E,0xF4
2971,0x201B70,0x27494,0x1F6,0,1,8227,635,0,558,672,0,0,0,0,0,0,0,0,0x22EF4,0x94,0xF4
2972,0x201E34,0x276F5,0x261,0,1,8230,638,0,558,672,0,0,0,0,0,0,0,0,0x22EF4,0xF5,0xF4
2973,0x2020F8,0x279C1,0x2CC,0,1,8232,640,0,558,672,0,0,0,0,0,0,0,0,0x22EF4,0xC1,0xF4
2974,0x2023BC,0x27CF8,0x337,0,1,8235,644,0,558,672,0,0,0,0,0,0,0,0,0x22EF4,0xF8,0xF4
2975,0x202680,0x2809A,0x3A2,0,1,8238,647,0,558,672,0,0,0,0,0,0,0,0,0x22EF4,0x9A,0xF4
2976,0x202944,0x281F4,0xFFFFFA70,1,1,8241,649,0,558,672,0,0,0,0,0,0,0,0,0x22EF4,0xF4,0xF4
2977,0x202C08,0x27CCF,0xFFFFFADB,0,1,8244,643,0,558,672,0,0,0,0,0,0,0,0,0x22EF4,0xCF,0xF4
2978,0x202ECC,0x27815,0xFFFFFB46,0,1,8246,639,0,558,672,0,0,0,0,0,0,0,0,0x22EF4,0x15,0xF4
2979,0x203190,0x273C6,0xFFFFFBB1,0,1,8249,634,0,558,672,0,0,0,0,0,0,0,0,0x22EF4,0xC6,0xF4
2980,0x203454,0x26FE2,0xFFFFFC1C,0,1,8252,630,0,558,672,0,0,0,0,0,0,0,0,0x22EF4,0xE2,0xF4
2981,0x203718,0x26C69,0xFFFFFC87,0,1,8255,628,0,556,672,0,0,0,0,0,0,0,0,0x22C69,0x69,0x69
2982,0x2039DC,0x2695B,0xFFFFFCF2,0,1,8257,625,0,553,672,0,0,0,0,0,0,0,0,0x2295B,0x5B,0x5B
2983,0x203CA0,0x266B8,0xFFFFFD5D,0,1,8260,622,0,550,672,0,0,0,0,0,0,0,0,0x226B8,0xB8,0xB8
2984,0x203F64,0x26480,0xFFFFFDC8,0,1,8263,620,0,548,672,0,0,0,0,0,0,0,0,0x22480,0x80,0x80
2985,0x204228,0x262B3,0xFFFFFE33,0,1,8266,618,0,546,672,0,0,0,0,0,0,0,0,0x222B3,0xB3,0xB3
2986,0x2044EC,0x26151,0xFFFFFE9E,0,1,8268,617,0,545,672,0,0,0,0,0,0,0,0,0x22151,0x51,0x51
2987,0x2047B0,0x2605A,0xFFFFFF09,0,1,8271,616,0,544,672,0,0,0,0,0,0,0,0,0x2205A,0x5A,0x5A
2988,0x204A74,0x25FCE,0xFFFFFF74,0,1,8274,615,0,543,672,0,0,0,0,0,0,0,0,0x21FCE,0xCE,0xCE
2989,0x204D38,0x25FAD,0xFFFFFFDF,0,1,8277,615,0,543,672,0,0,0,0,0,0,0,0,0x21FAD,0xAD,0xAD
2990,0x204FFC,0x25FF7,0x4A,0,1,8279,615,0,543,672,0,0,0,0,0,0,0,0,0x21FAD,0xF7,0xAD
2991,0x2052C0,0x260AC,0xB5,0,1,8282,615,0,543,672,0,0,0,0,0,0,0,0,0x21FAD,0xAC,0xAD
2992,0x205584,0x261CC,0x120,0,1,8285,617,0,543,672,0,0,0,0,0,0,0,0,0x21FAD,0xCC,0xAD
2993,0x205848,0x26357,0x18B,0,1,8288,618,0,543,672,0,0,0,0,0,0,0,0,0x21FAD,0x57,0xAD
2994,0x205B0C,0x2654D,0x1F6,0,1,8291,620,0,543,672,0,0,0,0,0,0,0,0,0x21FAD,0x4D,0xAD
2995,0x205DD0,0x267AE,0x261,0,1,8293,623,0,543,672,0,0,0,0,0,0,0,0,0x21FAD,0xAE,0xAD
2996,0x206094,0x26A7A,0x2CC,0,1,8296,625,0,543,672,0,0,0,0,0,0,0,0,0x21FAD,0x7A,0xAD
2997,0x206358,0x26DB1,0x337,0,1,8299,629,0,543,672,0,0,0,0,0,0,0,0,0x21FAD,0xB1,0xAD
2998,0x20661C,0x27153,0x3A2,0,1,8302,632,0,543,672,0,0,0,0,0,0,0,0,0x21FAD,0x53,0xAD
2999,0x2068E0,0x271AD,0xFFFFFA70,1,1,8304,633,0,543,672,0,0,0,0,0,0,0,0,0x21FAD,0xAD,0xAD
3000,0x206BA4,0x26C88,0xFFFFFADB,0,1,8307,627,0,543,672,0,0,0,0,0,0,0,0,0x21FAD,0x88,0xAD
3001,0x206E68,0x267CE,0xFFFFFB46,0,1,8310,623,0,543,672,0,0,0,0,0,0,0,0,0x21FAD,0xCE,0xAD
3002,0x20712C,0x2637F,0xFFFFFBB1,0,1,8313,618,0,543,672,0,0,0,0,0,0,0,0,0x21FAD,0x7F,0xAD
3003,0x2073F0,0x25F9B,0xFFFFFC1C,0,1,8315,615,0,543,672,0,0,0,0,0,0,0,0,0x21F9B,0x9B,0x9B
3004,0x2076B4,0x25C22,0xFFFFFC87,0,1,8318,612,0,540,672,0,0,0,0,0,0,0,0,0x21C22,0x22,0x22
3005,0x207978,0x25914,0xFFFFFCF2,0,1,8321,609,0,537,672,0,0,0,0,0,0,0,0,0x21914,0x14,0x14
3006,0x207C3C,0x25671,0xFFFFFD5D,0,1,8324,606,0,534,672,0,0,0,0,0,0,0,0,0x21671,0x71,0x71
3007,0x207F00,0x25439,0xFFFFFDC8,0,1,8327,604,0,532,672,0,0,0,0,0,0,0,0,0x21439,0x39,0x39
3008,0x2081C4,0x2526C,0xFFFFFE33,0,1,8329,602,0,530,672,0,0,0,0,0,0,0,0,0x2126C,0x6C,0x6C
3009,0x208488,0x2510A,0xFFFFFE9E,0,1,8332,601,0,529,672,0,0,0,0,0,0,0,0,0x2110A,0x0A,0x0A
3010,0x20874C,0x25013,0xFFFFFF09,0,1,8335,600,0,528,672,0,0,0,0,0,0,0,0,0x21013,0x13,0x13
3011,0x208A10,0x24F87,0xFFFFFF74,0,1,8338,599,0,527,672,0,0,0,0,0,0,0,0,0x20F87,0x87,0x87
3012,0x208CD4,0x24F66,0xFFFFFFDF,0,1,8340,599,0,527,672,0,0,0,0,0,0,0,0,0x20F66,0x66,0x66
3013,0x208F98,0x24FB0,0x4A,0,1,8343,599,0,527,672,0,0,0,0,0,0,0,0,0x20F66,0xB0,0x66
3014,0x20925C,0x25065,0xB5,0,1,8346,599,0,527,672,0,0,0,0,0,0,0,0,0x20F66,0x65,0x66
3015,0x209520,0x25185,0x120,0,1,8349,601,0,527,672,0,0,0,0,0,0,0,0,0x20F66,0x85,0x66
3016,0x2097E4,0x25310,0x18B,0,1,8351,602,0,527,672,0,0,0,0,0,0,0,0,0x20F66,0x10,0x66
3017,0x209AA8,0x25506,0x1F6,0,1,8354,604,0,527,672,0,0,0,0,0,0,0,0,0x20F66,0x06,0x66
3018,0x209D6C,0x25767,0x261,0,1,8357,607,0,527,672,0,0,0,0,0,0,0,0,0x20F66,0x67,0x66
3019,0x20A030,0x25A33,0x2CC,0,1,8360,609,0,527,672,0,0,0,0,0,0,0,0,0x20F66,0x33,0x66
3020,0x20A2F4,0x25D6A,0x337,0,1,8362,613,0,527,672,0,0,0,0,0,0,0,0,0x20F66,0x6A,0x66
3021,0x20A5B8,0x2610C,0x3A2,0,1,8365,616,0,527,672,0,0,0,0,0,0,0,0,0x20F66,0x0C,0x66
3022,0x20A87C,0x26166,0xFFFFFA70,1,1,8368,617,0,527,672,0,0,0,0,0,0,0,0,0x20F66,0x66,0x66
3023,0x20AB40,0x25C41,0xFFFFFADB,0,1,8371,611,0,527,672,0,0,0,0,0,0,0,0,0x20F66,0x41,0x66
3024,0x20AE04,0x25787,0xFFFFFB46,0,1,8374,607,0,527,672,0,0,0,0,0,0,0,0,0x20F66,0x87,0x66
3025,0x20B0C8,0x25338,0xFFFFFBB1,0,1,8376,602,0,527,672,0,0,0,0,0,0,0,0,0x20F66,0x38,0x66
3026,0x20B38C,0x24F54,0xFFFFFC1C,0,1,8379,599,0,527,672,0,0,0,0,0,0,0,0,0x20F54,0x54,0x54
3027,0x20B650,0x24BDB,0xFFFFFC87,0,1,8382,595,0,523,672,0,0,0,0,0,0,0,0,0x20BDB,0xDB,0xDB
3028,0x20B914,0x248CD,0xFFFFFCF2,0,1,8385,592,0,520,672,0,0,0,0,0,0,0,0,0x208CD,0xCD,0xCD
3029,0x20BBD8,0x2462A,0xFFFFFD5D,0,1,8387,590,0,518,672,0,0,0,0,0,0,0,0,0x2062A,0x2A,0x2A
3030,0x20BE9C,0x243F2,0xFFFFFDC8,0,1,8390,587,0,515,672,0,0,0,0,0,0,0,0,0x203F2,0xF2,0xF2
3031,0x20C160,0x24225,0xFFFFFE33,0,1,8393,586,0,514,672,0,0,0,0,0,0,0,0,0x20225,0x25,0x25
3032,0x20C424,0x240C3,0xFFFFFE9E,0,1,8396,584,0,512,672,0,0,0,0,0,0,0,0,0x200C3,0xC3,0xC3
3033,0x20C6E8,0x23FCC,0xFFFFFF09,0,1,8398,583,0,511,672,0,0,0,0,0,0,0,0,0x1FFCC,0xCC,0xCC
3034,0x20C9AC,0x23F40,0xFFFFFF74,0,1,8401,583,0,511,672,0,0,0,0,0,0,0,0,0x1FF40,0x40,0x40
3035,0x20CC70,0x23F1F,0xFFFFFFDF,0,1,8404,583,0,511,672,0,0,0,0,0,0,0,0,0x1FF1F,0x1F,0x1F
3036,0x20CF34,0x23F69,0x4A,0,1,8407,583,0,511,672,0,0,0,0,0,0,0,0,0x1FF1F,0x69,0x1F
3037,0x20D1F8,0x2401E,0xB5,0,1,8409,583,0,511,672,0,0,0,0,0,0,0,0,0x1FF1F,0x1E,0x1F
3038,0x20D4BC,0x2413E,0x120,0,1,8412,585,0,511,672,0,0,0,0,0,0,0,0,0x1FF1F,0x3E,0x1F
3039,0x20D780,0x242C9,0x18B,0,1,8415,586,0,511,672,0,0,0,0,0,0,0,0,0x1FF1F,0xC9,0x1F
3040,0x20DA44,0x244BF,0x1F6,0,1,8418,588,0,511,672,0,0,0,0,0,0,0,0,0x1FF1F,0xBF,0x1F
3041,0x20DD08,0x24720,0x261,0,1,8421,591,0,511,672,0,0,0,0,0,0,0,0,0x1FF1F,0x20,0x1F
3042,0x20DFCC,0x249EC,0x2CC,0,1,8423,593,0,511,672,0,0,0,0,0,0,0,0,0x1FF1F,0xEC,0x1F
3043,0x20E290,0x24D23,0x337,0,1,8426,597,0,511,672,0,0,0,0,0,0,0,0,0x1FF1F,0x23,0x1F
3044,0x20E554,0x250C5,0x3A2,0,1,8429,600,0,511,672,0,0,0,0,0,0,0,0,0x1FF1F,0xC5,0x1F
3045,0x20E818,0x254D2,0x40D,0,1,8432,604,0,511,672,0,0,0,0,0,0,0,0,0x1FF1F,0xD2,0x1F
3046,0x20EADC,0x2594A,0x478,0,1,8434,609,0,511,672,0,0,0,0,0,0,0,0,0x1FF1F,0x4A,0x1F
3047,0x20EDA0,0x25E2D,0x4E3,0,1,8437,614,0,511,672,0,0,0,0,0,0,0,0,0x1FF1F,0x2D,0x1F
3048,0x20F064,0x2637B,0x54E,0,1,8440,619,0,511,672,0,0,0,0,0,0,0,0,0x1FF1F,0x7B,0x1F
3049,0x20F328,0x26934,0x5B9,0,1,8443,625,0,511,672,0,0,0,0,0,0,0,0,0x1FF1F,0x34,0x1F
3050,0x20F5EC,0x26F58,0x624,0,1,8445,631,0,511,672,0,0,0,0,0,0,0,0,0x1FF1F,0x58,0x1F
3051,0x20F8B0,0x2711F,0xFFFFFA70,1,1,8448,633,0,511,672,0,0,0,0,0,0,0,0,0x1FF1F,0x1F,0x1F
3052,0x20FB74,0x26BFA,0xFFFFFADB,0,1,8451,627,0,511,672,0,0,0,0,0,0,0,0,0x1FF1F,0xFA,0x1F
3053,0x20FE38,0x26740,0xFFFFFB46,0,1,8454,623,0,511,672,0,0,0,0,0,0,0,0,0x1FF1F,0x40,0x1F
3054,0x2100FC,0x262F1,0xFFFFFBB1,0,1,8456,618,0,511,672,0,0,0,0,0,0,0,0,0x1FF1F,0xF1,0x1F
3055,0x2103C0,0x25F0D,0xFFFFFC1C,0,1,8459,614,0,511,672,0,0,0,0,0,0,0,0,0x1FF1F,0x0D,0x1F
3056,0x210684,0x25B94,0xFFFFFC87,0,1,8462,611,0,511,672,0,0,0,0,0,0,0,0,0x1FF1F,0x94,0x1F
3057,0x210948,0x25886,0xFFFFFCF2,0,1,8465,608,0,511,672,0,0,0,0,0,0,0,0,0x1FF1F,0x86,0x1F
3058,0x210C0C,0x255E3,0xFFFFFD5D,0,1,8468,605,0,511,672,0,0,0,0,0,0,0,0,0x1FF1F,0xE3,0x1F
3059,0x210ED0,0x253AB,0xFFFFFDC8,0,1,8470,603,0,511,672,0,0,0,0,0,0,0,0,0x1FF1F,0xAB,0x1F
3060,0x211194,0x251DE,0xFFFFFE33,0,1,8473,601,0,511,672,0,0,0,0,0,0,0,0,0x1FF1F,0xDE,0x1F
3061,0x211458,0x2507C,0xFFFFFE9E,0,1,8476,600,0,511,672,0,0,0,0,0,0,0,0,0x1FF1F,0x7C,0x1F
3062,0x21171C,0x24F85,0xFFFFFF09,0,1,8479,599,0,511,672,0,0,0,0,0,0,0,0,0x1FF1F,0x85,0x1F
3063,0x2119E0,0x24EF9,0xFFFFFF74,0,1,8481,598,0,511,672,0,0,0,0,0,0,0,0,0x1FF1F,0xF9,0x1F
3064,0x211CA4,0x24ED8,0xFFFFFFDF,0,1,8484,598,0,511,672,0,0,0,0,0,0,0,0,0x1FF1F,0xD8,0x1F
3065,0x211F68,0x24F22,0x4A,0,1,8487,599,0,511,672,0,0,0,0,0,0,0,0,0x1FF1F,0x22,0x1F
3066,0x21222C,0x24FD7,0xB5,0,1,8490,599,0,511,672,0,0,0,0,0,0,0,0,0x1FF1F,0xD7,0x1F
3067,0x2124F0,0x250F7,0x120,0,1,8492,600,0,511,672,0,0,0,0,0,0,0,0,0x1FF1F,0xF7,0x1F
3068,0x2127B4,0x25282,0x18B,0,1,8495,602,0,511,672,0,0,0,0,0,0,0,0,0x1FF1F,0x82,0x1F
3069,0x212A78,0x25478,0x1F6,0,1,8498,604,0,511,672,0,0,0,0,0,0,0,0,0x1FF1F,0x78,0x1F
3070,0x212D3C,0x256D9,0x261,0,1,8501,606,0,511,672,0,0,0,0,0,0,0,0,0x1FF1F,0xD9,0x1F
3071,0x213000,0x259A5,0x2CC,0,1,8504,609,0,511,672,0,0,0,0,0,0,0,0,0x1FF1F,0xA5,0x1F
3072,0x2132C4,0x25CDC,0x337,0,1,8506,612,0,511,672,0,0,0,0,0,0,0,0,0x1FF1F,0xDC,0x1F
3073,0x213588,0x2607E,0x3A2,0,1,8509,616,0,511,672,0,0,0,0,0,0,0,0,0x1FF1F,0x7E,0x1F
3074,0x21384C,0x2611F,0xFFFFFA70,1,1,8512,617,0,511,672,0,0,0,0,0,0,0,0,0x1FF1F,0x1F,0x1F
3075,0x213B10,0x25BFA,0xFFFFFADB,0,1,8515,611,0,511,672,0,0,0,0,0,0,0,0,0x1FF1F,0xFA,0x1F
3076,0x213DD4,0x25740,0xFFFFFB46,0,1,8517,607,0,511,672,0,0,0,0,0,0,0,0,0x1FF1F,0x40,0x1F
3077,0x214098,0x252F1,0xFFFFFBB1,0,1,8520,602,0,511,672,0,0,0,0,0,0,0,0,0x1FF1F,0xF1,0x1F
3078,0x21435C,0x24F0D,0xFFFFFC1C,0,1,8523,598,0,511,672,0,0,0,0,0,0,0,0,0x1FF1F,0x0D,0x1F
3079,0x214620,0x24B94,0xFFFFFC87,0,1,8526,595,0,511,672,0,0,0,0,0,0,0,0,0x1FF1F,0x94,0x1F
3080,0x2148E4,0x24886,0xFFFFFCF2,0,1,8528,592,0,511,672,0,0,0,0,0,0,0,0,0x1FF1F,0x86,0x1F
3081,0x214BA8,0x245E3,0xFFFFFD5D,0,1,8531,589,0,511,672,0,0,0,0,0,0,0,0,0x1FF1F,0xE3,0x1F
3082,0x214E6C,0x243AB,0xFFFFFDC8,0,1,8534,587,0,511,672,0,0,0,0,0,0,0,0,0x1FF1F,0xAB,0x1F
3083,0x215130,0x241DE,0xFFFFFE33,0,1,8537,585,0,511,672,0,0,0,0,0,0,0,0,0x1FF1F,0xDE,0x1F
3084,0x2153F4,0x2407C,0xFFFFFE9E,0,1,8539,584,0,511,672,0,0,0,0,0,0,0,0,0x1FF1F,0x7C,0x1F
3085,0x2156B8,0x23F85,0xFFFFFF09,0,1,8542,583,0,511,672,0,0,0,0,0,0,0,0,0x1FF1F,0x85,0x1F
3086,0x21597C,0x23EF9,0xFFFFFF74,0,1,8545,582,0,510,672,0,0,0,0,0,0,0,0,0x1FEF9,0xF9,0xF9
3087,0x215C40,0x23ED8,0xFFFFFFDF,0,1,8548,582,0,510,672,0,0,0,0,0,0,0,0,0x1FED8,0xD8,0xD8
3088,0x215F04,0x23F22,0x4A,0,1,8551,582,0,510,672,0,0,0,0,0,0,0,0,0x1FED8,0x22,0xD8
3089,0x2161C8,0x23FD7,0xB5,0,1,8553,582,0,510,672,0,0,0,0,0,0,0,0,0x1FED8,0xD7,0xD8
3090,0x21648C,0x240F7,0x120,0,1,8556,584,0,510,672,0,0,0,0,0,0,0,0,0x1FED8,0xF7,0xD8
3091,0x216750,0x24282,0x18B,0,1,8559,585,0,510,672,0,0,0,0,0,0,0,0,0x1FED8,0x82,0xD8
3092,0x216A14,0x24478,0x1F6,0,1,8562,587,0,510,672,0,0,0,0,0,0,0,0,0x1FED8,0x78,0xD8
3093,0x216CD8,0x246D9,0x261,0,1,8564,590,0,510,672,0,0,0,0,0,0,0,0,0x1FED8,0xD9,0xD8
3094,0x216F9C,0x249A5,0x2CC,0,1,8567,592,0,510,672,0,0,0,0,0,0,0,0,0x1FED8,0xA5,0xD8
3095,0x217260,0x24CDC,0x337,0,1,8570,596,0,510,672,0,0,0,0,0,0,0,0,0x1FED8,0xDC,0xD8
3096,0x217524,0x2507E,0x3A2,0,1,8573,599,0,510,672,0,0,0,0,0,0,0,0,0x1FED8,0x7E,0xD8
3097,0x2177E8,0x2548B,0x40D,0,1,8575,603,0,510,672,0,0,0,0,0,0,0,0,0x1FED8,0x8B,0xD8
3098,0x217AAC,0x25903,0x478,0,1,8578,608,0,510,672,0,0,0,0,0,0,0,0,0x1FED8,0x03,0xD8
3099,0x217D70,0x25DE6,0x4E3,0,1,8581,613,0,510,672,0,0,0,0,0,0,0,0,0x1FED8,0xE6,0xD8
3100,0x218034,0x261D8,0xFFFFFA70,1,1,8584,617,0,510,672,0,0,0,0,0,0,0,0,0x1FED8,0xD8,0xD8
3101,0x2182F8,0x25CB3,0xFFFFFADB,0,1,8586,611,0,510,672,0,0,0,0,0,0,0,0,0x1FED8,0xB3,0xD8
3102,0x2185BC,0x257F9,0xFFFFFB46,0,1,8589,607,0,510,672,0,0,0,0,0,0,0,0,0x1FED8,0xF9,0xD8
3103,0x218880,0x253AA,0xFFFFFBB1,0,1,8592,602,0,510,672,0,0,0,0,0,0,0,0,0x1FED8,0xAA,0xD8
3104,0x218B44,0x24FC6,0xFFFFFC1C,0,1,8595,598,0,510,672,0,0,0,0,0,0,0,0,0x1FED8,0xC6,0xD8
3105,0x218E08,0x24C4D,0xFFFFFC87,0,1,8598,595,0,510,672,0,0,0,0,0,0,0,0,0x1FED8,0x4D,0xD8
3106,0x2190CC,0x2493F,0xFFFFFCF2,0,1,8600,592,0,510,672,0,0,0,0,0,0,0,0,0x1FED8,0x3F,0xD8
3107,0x219390,0x2469C,0xFFFFFD5D,0,1,8603,589,0,510,672,0,0,0,0,0,0,0,0,0x1FED8,0x9C,0xD8
3108,0x219654,0x24464,0xFFFFFDC8,0,1,8606,587,0,510,672,0,0,0,0,0,0,0,0,0x1FED8,0x64,0xD8
3109,0x219918,0x24297,0xFFFFFE33,0,1,8609,585,0,510,672,0,0,0,0,0,0,0,0,0x1FED8,0x97,0xD8
3110,0x219BDC,0x24135,0xFFFFFE9E,0,1,8611,584,0,510,672,0,0,0,0,0,0,0,0,0x1FED8,0x35,0xD8
3111,0x219EA0,0x2403E,0xFFFFFF09,0,1,8614,583,0,510,672,0,0,0,0,0,0,0,0,0x1FED8,0x3E,0xD8
3112,0x21A164,0x23FB2,0xFFFFFF74,0,1,8617,582,0,510,672,0,0,0,0,0,0,0,0,0x1FED8,0xB2,0xD8
3113,0x21A428,0x23F91,0xFFFFFFDF,0,1,8620,582,0,510,672,0,0,0,0,0,0,0,0,0x1FED8,0x91,0xD8
3114,0x21A6EC,0x23FDB,0x4A,0,1,8622,583,0,510,672,0,0,0,0,0,0,0,0,0x1FED8,0xDB,0xD8
3115,0x21A9B0,0x24090,0xB5,0,1,8625,583,0,510,672,0,0,0,0,0,0,0,0,0x1FED8,0x90,0xD8
3116,0x21AC74,0x241B0,0x120,0,1,8628,584,0,510,672,0,0,0,0,0,0,0,0,0x1FED8,0xB0,0xD8
3117,0x21AF38,0x2433B,0x18B,0,1,8631,586,0,510,672,0,0,0,0,0,0,0,0,0x1FED8,0x3B,0xD8
3118,0x21B1FC,0x24531,0x1F6,0,1,8633,588,0,510,672,0,0,0,0,0,0,0,0,0x1FED8,0x31,0xD8
3119,0x21B4C0,0x24792,0x261,0,1,8636,590,0,510,672,0,0,0,0,0,0,0,0,0x1FED8,0x92,0xD8
3120,0x21B784,0x24A5E,0x2CC,0,1,8639,593,0,510,672,0,0,0,0,0,0,0,0,0x1FED8,0x5E,0xD8
3121,0x21BA48,0x24D95,0x337,0,1,8642,596,0,510,672,0,0,0,0,0,0,0,0,0x1FED8,0x95,0xD8
3122,0x21BD0C,0x25137,0x3A2,0,1,8645,600,0,510,672,0,0,0,0,0,0,0,0,0x1FED8,0x37,0xD8
3123,0x21BFD0,0x25544,0x40D,0,1,8647,604,0,510,672,0,0,0,0,0,0,0,0,0x1FED8,0x44,0xD8
3124,0x21C294,0x259BC,0x478,0,1,8650,608,0,510,672,0,0,0,0,0,0,0,0,0x1FED8,0xBC,0xD8
3125,0x21C558,0x25E9F,0x4E3,0,1,8653,613,0,510,672,0,0,0,0,0,0,0,0,0x1FED8,0x9F,0xD8
3126,0x21C81C,0x263ED,0x54E,0,1,8656,619,0,510,672,0,0,0,0,0,0,0,0,0x1FED8,0xED,0xD8
3127,0x21CAE0,0x269A6,0x5B9,0,1,8658,624,0,510,672,0,0,0,0,0,0,0,0,0x1FED8,0xA6,0xD8
3128,0x21CDA4,0x26FCA,0x624,0,1,8661,630,0,510,672,0,0,0,0,0,0,0,0,0x1FED8,0xCA,0xD8
3129,0x21D068,0x27659,0x68F,0,1,8664,637,0,510,672,0,0,0,0,0,0,0,0,0x1FED8,0x59,0xD8
3130,0x21D32C,0x27D53,0x6FA,0,1,8667,644,0,510,672,0,0,0,0,0,0,0,0,0x1FED8,0x53,0xD8
3131,0x21D5F0,0x284B8,0x765,0,1,8669,651,0,510,672,0,0,0,0,0,0,0,0,0x1FED8,0xB8,0xD8
3132,0x21D8B4,0x28BB2,0x6FA,0,1,8672,658,0,510,672,0,0,0,0,0,0,0,0,0x1FED8,0xB2,0xD8
3133,0x21DB78,0x291D8,0x0,0,1,8675,665,1,510,672,0,0,0,0,0,0,0,0,0x1FED8,0xD8,0xD8
3134,0x21DE3C,0x291D8,0x0,0,1,8678,665,1,510,672,0,0,0,0,0,0,0,0,0x1FED8,0xD8,0xD8
3135,0x21E100,0x291D8,0x0,0,1,8681,665,1,510,672,0,0,0,0,0,0,0,0,0x1FED8,0xD8,0xD8
3136,0x21E3C4,0x291D8,0x0,0,1,8683,665,1,510,672,0,0,0,0,0,0,0,0,0x1FED8,0xD8,0xD8
3137,0x21E688,0x291D8,0x0,0,1,8686,665,1,510,672,0,0,0,0,0,0,0,0,0x1FED8,0xD8,0xD8
3138,0x21E94C,0x291D8,0xFFFFFA70,1,1,8689,665,0,510,672,0,0,0,0,0,0,0,0,0x1FED8,0xD8,0xD8
3139,0x21EC10,0x28CB3,0xFFFFFADB,0,1,8692,659,0,510,672,0,0,0,0,0,0,0,0,0x1FED8,0xB3,0xD8
3140,0x21EED4,0x287F9,0xFFFFFB46,0,1,8694,655,0,510,672,0,0,0,0,0,0,0,0,0x1FED8,0xF9,0xD8
3141,0x21F198,0x283AA,0xFFFFFBB1,0,1,8697,650,0,510,672,0,0,0,0,0,0,0,0,0x1FED8,0xAA,0xD8
3142,0x21F45C,0x27FC6,0xFFFFFC1C,0,1,8700,646,0,510,672,0,0,0,0,0,0,0,0,0x1FED8,0xC6,0xD8
3143,0x21F720,0x27C4D,0xFFFFFC87,0,1,8703,643,0,510,672,0,0,0,0,0,0,0,0,0x1FED8,0x4D,0xD8
3144,0x21F9E4,0x2793F,0xFFFFFCF2,0,1,8705,640,0,510,672,0,0,0,0,0,0,0,0,0x1FED8,0x3F,0xD8
3145,0x21FCA8,0x2769C,0xFFFFFD5D,0,1,8708,637,0,510,672,0,0,0,0,0,0,0,0,0x1FED8,0x9C,0xD8
3146,0x21FF6C,0x27464,0xFFFFFDC8,0,1,8711,635,0,510,672,0,0,0,0,0,0,0,0,0x1FED8,0x64,0xD8
3147,0x220230,0x27297,0xFFFFFE33,0,1,8714,633,0,510,672,0,0,0,0,0,0,0,0,0x1FED8,0x97,0xD8
3148,0x2204F4,0x27135,0xFFFFFE9E,0,1,8716,632,0,510,672,0,0,0,0,0,0,0,0,0x1FED8,0x35,0xD8
3149,0x2207B8,0x2703E,0xFFFFFF09,0,1,8719,631,0,510,672,0,0,0,0,0,0,0,0,0x1FED8,0x3E,0xD8
3150,0x220A7C,0x26FB2,0xFFFFFF74,0,1,8722,630,0,510,672,0,0,0,0,0,0,0,0,0x1FED8,0xB2,0xD8
3151,0x220D40,0x26F91,0xFFFFFFDF,0,1,8725,630,0,510,672,0,0,0,0,0,0,0,0,0x1FED8,0x91,0xD8
3152,0x221004,0x26FDB,0x4A,0,1,8728,631,0,510,672,0,0,0,0,0,0,0,0,0x1FED8,0xDB,0xD8
3153,0x2212C8,0x27090,0xB5,0,1,8730,631,0,510,672,0,0,0,0,0,0,0,0,0x1FED8,0x90,0xD8
3154,0x22158C,0x271B0,0x120,0,1,8733,632,0,510,672,0,0,0,0,0,0,0,0,0x1FED8,0xB0,0xD8
3155,0x221850,0x2733B,0x18B,0,1,8736,634,0,510,672,0,0,0,0,0,0,0,0,0x1FED8,0x3B,0xD8
3156,0x221B14,0x27531,0x1F6,0,1,8739,636,0,510,672,0,0,0,0,0,0,0,0,0x1FED8,0x31,0xD8
3157,0x221DD8,0x27792,0x261,0,1,8741,638,0,510,672,0,0,0,0,0,0,0,0,0x1FED8,0x92,0xD8
3158,0x22209C,0x27A5E,0x2CC,0,1,8744,641,0,510,672,0,0,0,0,0,0,0,0,0x1FED8,0x5E,0xD8
3159,0x222360,0x27D95,0x337,0,1,8747,644,0,510,672,0,0,0,0,0,0,0,0,0x1FED8,0x95,0xD8
3160,0x222624,0x28137,0x3A2,0,1,8750,648,0,510,672,0,0,0,0,0,0,0,0,0x1FED8,0x37,0xD8
3161,0x2228E8,0x28544,0x40D,0,1,8752,652,0,510,672,0,0,0,0,0,0,0,0,0x1FED8,0x44,0xD8
3162,0x222BAC,0x289BC,0x478,0,1,8755,656,0,510,672,0,0,0,0,0,0,0,0,0x1FED8,0xBC,0xD8
3163,0x222E70,0x28E9F,0x4E3,0,1,8758,661,0,510,672,0,0,0,0,0,0,0,0,0x1FED8,0x9F,0xD8
3164,0x223134,0x291D8,0xFFFFFA70,1,1,8761,665,0,510,672,0,0,0,0,0,0,0,0,0x1FED8,0xD8,0xD8
3165,0x2233F8,0x28CB3,0xFFFFFADB,0,1,8763,659,0,510,672,0,0,0,0,0,0,0,0,0x1FED8,0xB3,0xD8
3166,0x2236BC,0x287F9,0xFFFFFB46,0,1,8766,655,0,510,672,0,0,0,0,0,0,0,0,0x1FED8,0xF9,0xD8
3167,0x223980,0x283AA,0xFFFFFBB1,0,1,8769,650,0,510,672,0,0,0,0,0,0,0,0,0x1FED8,0xAA,0xD8
3168,0x223C44,0x27FC6,0xFFFFFC1C,0,1,8772,646,0,510,672,0,0,0,0,0,0,0,0,0x1FED8,0xC6,0xD8
3169,0x223F08,0x27C4D,0xFFFFFC87,0,1,8775,643,0,510,672,0,0,0,0,0,0,0,0,0x1FED8,0x4D,0xD8
3170,0x2241CC,0x2793F,0xFFFFFCF2,0,1,8777,640,0,510,672,0,0,0,0,0,0,0,0,0x1FED8,0x3F,0xD8
3171,0x224490,0x2769C,0xFFFFFD5D,0,1,8780,637,0,510,672,0,0,0,0,0,0,0,0,0x1FED8,0x9C,0xD8
3172,0x224754,0x27464,0xFFFFFDC8,0,1,8783,635,0,510,672,0,0,0,0,0,0,0,0,0x1FED8,0x64,0xD8
3173,0x224A18,0x27297,0xFFFFFE33,0,1,8786,633,0,510,672,0,0,0,0,0,0,0,0,0x1FED8,0x97,0xD8
3174,0x224CDC,0x27135,0xFFFFFE9E,0,1,8788,632,0,510,672,0,0,0,0,0,0,0,0,0x1FED8,0x35,0xD8
3175,0x224FA0,0x2703E,0xFFFFFF09,0,1,8791,631,0,510,672,0,0,0,0,0,0,0,0,0x1FED8,0x3E,0xD8
3176,0x225264,0x26FB2,0xFFFFFF74,0,1,8794,630,0,510,672,0,0,0,0,0,0,0,0,0x1FED8,0xB2,0xD8
3177,0x225528,0x26F91,0xFFFFFFDF,0,1,8797,630,0,510,672,0,0,0,0,0,0,0,0,0x1FED8,0x91,0xD8
3178,0x2257EC,0x26FDB,0x4A,0,1,8799,631,0,510,672,0,0,0,0,0,0,0,0,0x1FED8,0xDB,0xD8
3179,0x225AB0,0x27090,0xB5,0,1,8802,631,0,510,672,0,0,0,0,0,0,0,0,0x1FED8,0x90,0xD8
3180,0x225D74,0x271B0,0x120,0,1,8805,632,0,510,672,0,0,0,0,0,0,0,0,0x1FED8,0xB0,0xD8
3181,0x226038,0x2733B,0x18B,0,1,8808,634,0,510,672,0,0,0,0,0,0,0,0,0x1FED8,0x3B,0xD8
3182,0x2262FC,0x27531,0x1F6,0,1,8810,636,0,510,672,0,0,0,0,0,0,0,0,0x1FED8,0x31,0xD8
3183,0x2265C0,0x27792,0x261,0,1,8813,638,0,510,672,0,0,0,0,0,0,0,0,0x1FED8,0x92,0xD8
3184,0x226884,0x27A5E,0x2CC,0,1,8816,641,0,510,672,0,0,0,0,0,0,0,0,0x1FED8,0x5E,0xD8
3185,0x226B48,0x27D95,0x337,0,1,8819,644,0,510,672,0,0,0,0,0,0,0,0,0x1FED8,0x95,0xD8
3186,0x226E0C,0x28137,0x3A2,0,1,8822,648,0,510,672,0,0,0,0,0,0,0,0,0x1FED8,0x37,0xD8
3187,0x2270D0,0x28544,0x40D,0,1,8824,652,0,510,672,0,0,0,0,0,0,0,0,0x1FED8,0x44,0xD8
3188,0x227394,0x289BC,0x478,0,1,8827,656,0,510,672,0,0,0,0,0,0,0,0,0x1FED8,0xBC,0xD8
3189,0x227658,0x28E9F,0x4E3,0,1,8830,661,0,510,672,0,0,0,0,0,0,0,0,0x1FED8,0x9F,0xD8
3190,0x22791C,0x291D8,0x0,0,1,8833,665,1,510,672,0,0,0,0,0,0,0,0,0x1FED8,0xD8,0xD8
3191,0x227BE0,0x291D8,0x0,0,1,8835,665,1,510,672,0,0,0,0,0,0,0,0,0x1FED8,0xD8,0xD8
3192,0x227EA4,0x291D8,0x0,0,1,8838,665,1,510,672,0,0,0,0,0,0,0,0,0x1FED8,0xD8,0xD8
3193,0x228168,0x291D8,0x0,0,1,8841,665,1,510,672,0,0,0,0,0,0,0,0,0x1FED8,0xD8,0xD8
3194,0x22842C,0x291D8,0x0,0,1,8844,665,1,510,672,0,0,0,0,0,0,0,0,0x1FED8,0xD8,0xD8
3195,0x2286F0,0x291D8,0x0,0,1,8846,665,1,510,672,0,0,0,0,0,0,0,0,0x1FED8,0xD8,0xD8
3196,0x2289B4,0x291D8,0x0,0,1,8849,665,1,510,672,0,0,0,0,0,0,0,0,0x1FED8,0xD8,0xD8
3197,0x228C78,0x291D8,0x0,0,1,8852,665,1,510,672,0,0,0,0,0,0,0,0,0x1FED8,0xD8,0xD8
3198,0x228F3C,0x291D8,0x0,0,1,8855,665,1,510,672,0,0,0,0,0,0,0,0,0x1FED8,0xD8,0xD8
3199,0x229200,0x291D8,0x0,0,1,8858,665,1,510,672,0,0,0,0,0,0,0,0,0x1FED8,0xD8,0xD8
3200,0x2294C4,0x291D8,0x0,0,1,8860,665,1,510,672,0,0,0,0,0,0,0,0,0x1FED8,0xD8,0xD8
3201,0x229788,0x291D8,0x0,0,1,8863,665,1,510,672,0,0,0,0,0,0,0,0,0x1FED8,0xD8,0xD8
3202,0x229A4C,0x291D8,0x0,0,1,8866,665,1,510,672,0,0,0,0,0,0,0,0,0x1FED8,0xD8,0xD8
3203,0x229D10,0x291D8,0x0,0,1,8869,665,1,510,672,0,0,0,0,0,0,0,0,0x1FED8,0xD8,0xD8
3204,0x229FD4,0x291D8,0x0,0,1,8871,665,1,510,672,0,0,0,0,0,0,0,0,0x1FED8,0xD8,0xD8
3205,0x22A298,0x291D8,0xFFFFFA70,1,1,8874,665,0,510,672,0,0,0,0,0,0,0,0,0x1FED8,0xD8,0xD8
3206,0x22A55C,0x28CB3,0xFFFFFADB,0,1,8877,659,0,510,672,0,0,0,0,0,0,0,0,0x1FED8,0xB3,0xD8
3207,0x22A820,0x287F9,0xFFFFFB46,0,1,8880,655,0,510,672,0,0,0,0,0,0,0,0,0x1FED8,0xF9,0xD8
3208,0x22AAE4,0x283AA,0xFFFFFBB1,0,1,8882,650,0,510,672,0,0,0,0,0,0,0,0,0x1FED8,0xAA,0xD8
3209,0x22ADA8,0x27FC6,0xFFFFFC1C,0,1,8885,646,0,510,672,0,0,0,0,0,0,0,0,0x1FED8,0xC6,0xD8
3210,0x22B06C,0x27C4D,0xFFFFFC87,0,1,8888,643,0,510,672,0,0,0,0,0,0,0,0,0x1FED8,0x4D,0xD8
3211,0x22B330,0x2793F,0xFFFFFCF2,0,1,8891,640,0,510,672,0,0,0,0,0,0,0,0,0x1FED8,0x3F,0xD8
3212,0x22B5F4,0x2769C,0xFFFFFD5D,0,1,8893,637,0,510,672,0,0,0,0,0,0,0,0,0x1FED8,0x9C,0xD8
3213,0x22B8B8,0x27464,0xFFFFFDC8,0,1,8896,635,0,510,672,0,0,0,0,0,0,0,0,0x1FED8,0x64,0xD8
3214,0x22BB7C,0x27297,0xFFFFFE33,0,1,8899,633,0,510,672,0,0,0,0,0,0,0,0,0x1FED8,0x97,0xD8
3215,0x22BE40,0x27135,0xFFFFFE9E,0,1,8902,632,0,510,672,0,0,0,0,0,0,0,0,0x1FED8,0x35,0xD8
3216,0x22C104,0x2703E,0xFFFFFF09,0,1,8905,631,0,510,672,0,0,0,0,0,0,0,0,0x1FED8,0x3E,0xD8
3217,0x22C3C8,0x26FB2,0xFFFFFF74,0,1,8907,630,0,510,672,0,0,0,0,0,0,0,0,0x1FED8,0xB2,0xD8
3218,0x22C68C,0x26F91,0xFFFFFFDF,0,1,8910,630,0,510,672,0,0,0,0,0,0,0,0,0x1FED8,0x91,0xD8
3219,0x22C950,0x26FDB,0x4A,0,1,8913,631,0,510,672,0,0,0,0,0,0,0,0,0x1FED8,0xDB,0xD8
3220,0x22CC14,0x27090,0xB5,0,1,8916,631,0,510,672,0,0,0,0,0,0,0,0,0x1FED8,0x90,0xD8
3221,0x22CED8,0x271B0,0x120,0,1,8918,632,0,510,672,0,0,0,0,0,0,0,0,0x1FED8,0xB0,0xD8
3222,0x22D19C,0x271D8,0x0,0,1,8921,633,1,510,672,0,0,0,0,0,0,0,0,0x1FED8,0xD8,0xD8
3223,0x22D460,0x271D8,0x0,0,1,8924,633,1,510,672,0,0,0,0,0,0,0,0,0x1FED8,0xD8,0xD8
3224,0x22D724,0x271D8,0x0,0,1,8927,633,1,510,672,0,0,0,0,0,0,0,0,0x1FED8,0xD8,0xD8
3225,0x22D9E8,0x271D8,0x0,0,1,8929,633,1,510,672,0,0,0,0,0,0,0,0,0x1FED8,0xD8,0xD8
3226,0x22DCAC,0x271D8,0x0,0,1,8932,633,1,510,672,0,0,0,0,0,0,0,0,0x1FED8,0xD8,0xD8
3227,0x22DF70,0x271D8,0x0,0,1,8935,633,1,510,672,0,0,0,0,0,0,0,0,0x1FED8,0xD8,0xD8
3228,0x22E234,0x271D8,0x0,0,1,8938,633,1,510,672,0,0,0,0,0,0,0,0,0x1FED8,0xD8,0xD8
3229,0x22E4F8,0x271D8,0x0,0,1,8940,633,1,510,672,0,0,0,0,0,0,0,0,0x1FED8,0xD8,0xD8
3230,0x22E7BC,0x271D8,0x0,0,1,8943,633,1,510,672,0,0,0,0,0,0,0,0,0x1FED8,0xD8,0xD8
3231,0x22EA80,0x271D8,0x0,0,1,8946,633,1,510,672,0,0,0,0,0,0,0,0,0x1FED8,0xD8,0xD8
3232,0x22ED44,0x271D8,0x0,0,1,8949,633,1,510,672,0,0,0,0,0,0,0,0,0x1FED8,0xD8,0xD8
3233,0x22F008,0x271D8,0x0,0,1,8952,633,1,510,672,0,0,0,0,0,0,0,0,0x1FED8,0xD8,0xD8
3234,0x22F2CC,0x271D8,0xFFFFFA70,1,1,8954,633,0,510,672,0,0,0,0,0,0,0,0,0x1FED8,0xD8,0xD8
3235,0x22F590,0x26CB3,0xFFFFFADB,0,1,8957,627,0,510,672,0,0,0,0,0,0,0,0,0x1FED8,0xB3,0xD8
3236,0x22F854,0x267F9,0xFFFFFB46,0,1,8960,623,0,510,672,0,0,0,0,0,0,0,0,0x1FED8,0xF9,0xD8
3237,0x22FB18,0x263AA,0xFFFFFBB1,0,1,8963,618,0,510,672,0,0,0,0,0,0,0,0,0x1FED8,0xAA,0xD8
3238,0x22FDDC,0x25FC6,0xFFFFFC1C,0,1,8965,614,0,510,672,0,0,0,0,0,0,0,0,0x1FED8,0xC6,0xD8
3239,0x2300A0,0x25C4D,0xFFFFFC87,0,1,8968,611,0,510,672,0,0,0,0,0,0,0,0,0x1FED8,0x4D,0xD8
3240,0x230364,0x2593F,0xFFFFFCF2,0,1,8971,608,0,510,672,0,0,0,0,0,0,0,0,0x1FED8,0x3F,0xD8
3241,0x230628,0x2569C,0xFFFFFD5D,0,1,8974,605,0,510,672,0,0,0,0,0,0,0,0,0x1FED8,0x9C,0xD8
3242,0x2308EC,0x25464,0xFFFFFDC8,0,1,8976,603,0,510,672,0,0,0,0,0,0,0,0,0x1FED8,0x64,0xD8
3243,0x230BB0,0x25297,0xFFFFFE33,0,1,8979,601,0,510,672,0,0,0,0,0,0,0,0,0x1FED8,0x97,0xD8
3244,0x230E74,0x25135,0xFFFFFE9E,0,1,8982,600,0,510,672,0,0,0,0,0,0,0,0,0x1FED8,0x35,0xD8
3245,0x231138,0x2503E,0xFFFFFF09,0,1,8985,599,0,510,672,0,0,0,0,0,0,0,0,0x1FED8,0x3E,0xD8
3246,0x2313FC,0x24FB2,0xFFFFFF74,0,1,8987,598,0,510,672,0,0,0,0,0,0,0,0,0x1FED8,0xB2,0xD8
3247,0x2316C0,0x24F91,0xFFFFFFDF,0,1,8990,598,0,510,672,0,0,0,0,0,0,0,0,0x1FED8,0x91,0xD8
3248,0x231984,0x24FDB,0x4A,0,1,8993,599,0,510,672,0,0,0,0,0,0,0,0,0x1FED8,0xDB,0xD8
3249,0x231C48,0x25090,0xB5,0,1,8996,599,0,510,672,0,0,0,0,0,0,0,0,0x1FED8,0x90,0xD8
3250,0x231F0C,0x251B0,0x120,0,1,8999,600,0,510,672,0,0,0,0,0,0,0,0,0x1FED8,0xB0,0xD8
3251,0x2321D0,0x2533B,0x18B,0,1,9001,602,0,510,672,0,0,0,0,0,0,0,0,0x1FED8,0x3B,0xD8
3252,0x232494,0x251D8,0x0,0,1,9004,601,1,510,672,0,0,0,0,0,0,0,0,0x1FED8,0xD8,0xD8
3253,0x232758,0x251D8,0x0,0,1,9007,601,1,510,672,0,0,0,0,0,0,0,0,0x1FED8,0xD8,0xD8
3254,0x232A1C,0x251D8,0x0,0,1,9010,601,1,510,672,0,0,0,0,0,0,0,0,0x1FED8,0xD8,0xD8
3255,0x232CE0,0x251D8,0x0,0,1,9012,601,1,510,672,0,0,0,0,0,0,0,0,0x1FED8,0xD8,0xD8
3256,0x232FA4,0x251D8,0x0,0,1,9015,601,1,510,672,0,0,0,0,0,0,0,0,0x1FED8,0xD8,0xD8
3257,0x233268,0x251D8,0x0,0,1,9018,601,1,510,672,0,0,0,0,0,0,0,0,0x1FED8,0xD8,0xD8
3258,0x23352C,0x251D8,0x0,0,1,9021,601,1,510,672,0,0,0,0,0,0,0,0,0x1FED8,0xD8,0xD8
3259,0x2337F0,0x251D8,0x0,0,1,9023,601,1,510,672,0,0,0,0,0,0,0,0,0x1FED8,0xD8,0xD8
3260,0x233AB4,0x251D8,0x0,0,1,9026,601,1,510,672,0,0,0,0,0,0,0,0,0x1FED8,0xD8,0xD8
3261,0x233D78,0x251D8,0x0,0,1,9029,601,1,510,672,0,0,0,0,0,0,0,0,0x1FED8,0xD8,0xD8
3262,0x23403C,0x251D8,0x0,0,1,9032,601,1,510,672,0,0,0,0,0,0,0,0,0x1FED8,0xD8,0xD8
3263,0x234300,0x251D8,0x0,0,1,9035,601,1,510,672,0,0,0,0,0,0,0,0,0x1FED8,0xD8,0xD8
3264,0x2345C4,0x251D8,0x0,0,1,9037,601,1,510,672,0,0,0,0,0,0,0,0,0x1FED8,0xD8,0xD8
3265,0x234888,0x251D8,0x0,0,1,9040,601,1,510,672,0,0,0,0,0,0,0,0,0x1FED8,0xD8,0xD8
3266,0x234B4C,0x251D8,0x0,0,1,9043,601,1,510,672,0,0,0,0,0,0,0,0,0x1FED8,0xD8,0xD8
3267,0x234E10,0x251D8,0x0,0,1,9046,601,1,510,672,0,0,0,0,0,0,0,0,0x1FED8,0xD8,0xD8
3268,0x2350D4,0x251D8,0xFFFFFA70,1,1,9048,601,0,510,672,0,0,0,0,0,0,0,0,0x1FED8,0xD8,0xD8
3269,0x235398,0x24CB3,0xFFFFFADB,0,1,9051,595,0,510,672,0,0,0,0,0,0,0,0,0x1FED8,0xB3,0xD8
3270,0x23565C,0x247F9,0xFFFFFB46,0,1,9054,591,0,510,672,0,0,0,0,0,0,0,0,0x1FED8,0xF9,0xD8
3271,0x235920,0x243AA,0xFFFFFBB1,0,1,9057,586,0,510,672,0,0,0,0,0,0,0,0,0x1FED8,0xAA,0xD8
3272,0x235BE4,0x23FC6,0xFFFFFC1C,0,1,9059,582,0,510,672,0,0,0,0,0,0,0,0,0x1FED8,0xC6,0xD8
3273,0x235EA8,0x23C4D,0xFFFFFC87,0,1,9062,580,0,508,672,0,0,0,0,0,0,0,0,0x1FC4D,0x4D,0x4D
3274,0x23616C,0x2393F,0xFFFFFCF2,0,1,9065,577,0,505,672,0,0,0,0,0,0,0,0,0x1F93F,0x3F,0x3F
3275,0x236430,0x2369C,0xFFFFFD5D,0,1,9068,574,0,502,672,0,0,0,0,0,0,0,0,0x1F69C,0x9C,0x9C
3276,0x2366F4,0x23464,0xFFFFFDC8,0,1,9070,572,0,500,672,0,0,0,0,0,0,0,0,0x1F464,0x64,0x64
3277,0x2369B8,0x23297,0xFFFFFE33,0,1,9073,570,0,498,672,0,0,0,0,0,0,0,0,0x1F297,0x97,0x97
3278,0x236C7C,0x23135,0xFFFFFE9E,0,1,9076,569,0,497,672,0,0,0,0,0,0,0,0,0x1F135,0x35,0x35
3279,0x236F40,0x2303E,0xFFFFFF09,0,1,9079,568,0,496,672,0,0,0,0,0,0,0,0,0x1F03E,0x3E,0x3E
3280,0x237204,0x22FB2,0xFFFFFF74,0,1,9082,567,0,495,672,0,0,0,0,0,0,0,0,0x1EFB2,0xB2,0xB2
3281,0x2374C8,0x22F91,0xFFFFFFDF,0,1,9084,567,0,495,672,0,0,0,0,0,0,0,0,0x1EF91,0x91,0x91
3282,0x23778C,0x22FDB,0x4A,0,1,9087,567,0,495,672,0,0,0,0,0,0,0,0,0x1EF91,0xDB,0x91
3283,0x237A50,0x23090,0xB5,0,1,9090,567,0,495,672,0,0,0,0,0,0,0,0,0x1EF91,0x90,0x91
3284,0x237D14,0x231B0,0x120,0,1,9093,569,0,495,672,0,0,0,0,0,0,0,0,0x1EF91,0xB0,0x91
3285,0x237FD8,0x2333B,0x18B,0,1,9095,570,0,495,672,0,0,0,0,0,0,0,0,0x1EF91,0x3B,0x91
3286,0x23829C,0x23531,0x1F6,0,1,9098,572,0,495,672,0,0,0,0,0,0,0,0,0x1EF91,0x31,0x91
3287,0x238560,0x23792,0x261,0,1,9101,575,0,495,672,0,0,0,0,0,0,0,0,0x1EF91,0x92,0x91
3288,0x238824,0x23A5E,0x2CC,0,1,9104,577,0,495,672,0,0,0,0,0,0,0,0,0x1EF91,0x5E,0x91
3289,0x238AE8,0x23D95,0x337,0,1,9106,581,0,495,672,0,0,0,0,0,0,0,0,0x1EF91,0x95,0x91
3290,0x238DAC,0x24137,0x3A2,0,1,9109,584,0,495,672,0,0,0,0,0,0,0,0,0x1EF91,0x37,0x91
3291,0x239070,0x24191,0x0,0,1,9112,585,1,495,672,0,0,0,0,0,0,0,0,0x1EF91,0x91,0x91
3292,0x239334,0x24191,0x0,0,1,9115,585,1,495,672,0,0,0,0,0,0,0,0,0x1EF91,0x91,0x91
3293,0x2395F8,0x24191,0x0,0,1,9117,585,1,495,672,0,0,0,0,0,0,0,0,0x1EF91,0x91,0x91
3294,0x2398BC,0x24191,0x0,0,1,9120,585,1,495,672,0,0,0,0,0,0,0,0,0x1EF91,0x91,0x91
3295,0x239B80,0x24191,0x0,0,1,9123,585,1,495,672,0,0,0,0,0,0,0,0,0x1EF91,0x91,0x91
3296,0x239E44,0x24191,0x0,0,1,9126,585,1,495,672,0,0,0,0,0,0,0,0,0x1EF91,0x91,0x91
3297,0x23A108,0x24191,0x0,0,1,9129,585,1,495,672,0,0,0,0,0,0,0,0,0x1EF91,0x91,0x91
3298,0x23A3CC,0x24191,0x0,0,1,9131,585,1,495,672,0,0,0,0,0,0,0,0,0x1EF91,0x91,0x91
3299,0x23A690,0x24191,0x0,0,1,9134,585,1,495,672,0,0,0,0,0,0,0,0,0x1EF91,0x91,0x91
3300,0x23A954,0x24191,0x0,0,1,9137,585,1,495,672,0,0,0,0,0,0,0,0,0x1EF91,0x91,0x91
3301,0x23AC18,0x24191,0x0,0,1,9140,585,1,495,672,0,0,0,0,0,0,0,0,0x1EF91,0x91,0x91
3302,0x23AEDC,0x24191,0x0,0,1,9142,585,1,495,672,0,0,0,0,0,0,0,0,0x1EF91,0x91,0x91
3303,0x23B1A0,0x24191,0x0,0,1,9145,585,1,495,672,0,0,0,0,0,0,0,0,0x1EF91,0x91,0x91
3304,0x23B464,0x24191,0x0,0,1,9148,585,1,495,672,0,0,0,0,0,0,0,0,0x1EF91,0x91,0x91
3305,0x23B728,0x24191,0x0,0,1,9151,585,1,495,672,0,0,0,0,0,0,0,0,0x1EF91,0x91,0x91
3306,0x23B9EC,0x24191,0x0,0,1,9153,585,1,495,672,0,0,0,0,0,0,0,0,0x1EF91,0x91,0x91
3307,0x23BCB0,0x24191,0x0,0,1,9156,585,1,495,672,0,0,0,0,0,0,0,0,0x1EF91,0x91,0x91
3308,0x23BF74,0x24191,0x0,0,1,9159,585,0,495,672,0,0,0,0,0,0,0,0,0x1EF91,0x91,0x91
3309,0x23C238,0x24191,0xFFFFFA70,1,1,9162,585,0,495,672,0,0,0,0,0,0,0,0,0x1EF91,0x91,0x91
3310,0x23C4FC,0x23C6C,0xFFFFFADB,0,1,9164,579,0,495,672,0,0,0,0,0,0,0,0,0x1EF91,0x6C,0x91
3311,0x23C7C0,0x237B2,0xFFFFFB46,0,1,9167,575,0,495,672,0,0,0,0,0,0,0,0,0x1EF91,0xB2,0x91
3312,0x23CA84,0x23363,0xFFFFFBB1,0,1,9170,570,0,495,672,0,0,0,0,0,0,0,0,0x1EF91,0x63,0x91
3313,0x23CD48,0x22F7F,0xFFFFFC1C,0,1,9173,567,0,495,672,0,0,0,0,0,0,0,0,0x1EF7F,0x7F,0x7F
3314,0x23D00C,0x22C06,0xFFFFFC87,0,1,9176,564,0,492,672,0,0,0,0,0,0,0,0,0x1EC06,0x06,0x06
3315,0x23D2D0,0x228F8,0xFFFFFCF2,0,1,9178,560,0,488,672,0,0,0,0,0,0,0,0,0x1E8F8,0xF8,0xF8
3316,0x23D594,0x22655,0xFFFFFD5D,0,1,9181,558,0,486,672,0,0,0,0,0,0,0,0,0x1E655,0x55,0x55
3317,0x23D858,0x2241D,0xFFFFFDC8,0,1,9184,556,0,484,672,0,0,0,0,0,0,0,0,0x1E41D,0x1D,0x1D
3318,0x23DB1C,0x22250,0xFFFFFE33,0,1,9187,554,0,482,672,0,0,0,0,0,0,0,0,0x1E250,0x50,0x50
3319,0x23DDE0,0x220EE,0xFFFFFE9E,0,1,9189,552,0,480,672,0,0,0,0,0,0,0,0,0x1E0EE,0xEE,0xEE
3320,0x23E0A4,0x21FF7,0xFFFFFF09,0,1,9192,551,0,479,672,0,0,0,0,0,0,0,0,0x1DFF7,0xF7,0xF7
3321,0x23E368,0x21F6B,0xFFFFFF74,0,1,9195,551,0,479,672,0,0,0,0,0,0,0,0,0x1DF6B,0x6B,0x6B
3322,0x23E62C,0x21F4A,0xFFFFFFDF,0,1,9198,551,0,479,672,0,0,0,0,0,0,0,0,0x1DF4A,0x4A,0x4A
3323,0x23E8F0,0x21F94,0x4A,0,1,9200,551,0,479,672,0,0,0,0,0,0,0,0,0x1DF4A,0x94,0x4A
3324,0x23EBB4,0x22049,0xB5,0,1,9203,551,0,479,672,0,0,0,0,0,0,0,0,0x1DF4A,0x49,0x4A
3325,0x23EE78,0x22169,0x120,0,1,9206,553,0,479,672,0,0,0,0,0,0,0,0,0x1DF4A,0x69,0x4A
3326,0x23F13C,0x222F4,0x18B,0,1,9209,554,0,479,672,0,0,0,0,0,0,0,0,0x1DF4A,0xF4,0x4A
3327,0x23F400,0x224EA,0x1F6,0,1,9212,556,0,479,672,0,0,0,0,0,0,0,0,0x1DF4A,0xEA,0x4A
3328,0x23F6C4,0x2274B,0x261,0,1,9214,559,0,479,672,0,0,0,0,0,0,0,0,0x1DF4A,0x4B,0x4A
3329,0x23F988,0x22A17,0x2CC,0,1,9217,561,0,479,672,0,0,0,0,0,0,0,0,0x1DF4A,0x17,0x4A
3330,0x23FC4C,0x22D4E,0x337,0,1,9220,565,0,479,672,0,0,0,0,0,0,0,0,0x1DF4A,0x4E,0x4A
3331,0x23FF10,0x230F0,0x3A2,0,1,9223,568,0,479,672,0,0,0,0,0,0,0,0,0x1DF4A,0xF0,0x4A
3332,0x2401D4,0x234FD,0x40D,0,1,9225,572,0,479,672,0,0,0,0,0,0,0,0,0x1DF4A,0xFD,0x4A
3333,0x240498,0x23975,0x478,0,1,9228,577,0,479,672,0,0,0,0,0,0,0,0,0x1DF4A,0x75,0x4A
3334,0x24075C,0x23E58,0x4E3,0,1,9231,582,0,479,672,0,0,0,0,0,0,0,0,0x1DF4A,0x58,0x4A
3335,0x240A20,0x2414A,0x0,0,1,9234,585,1,479,672,0,0,0,0,0,0,0,0,0x1DF4A,0x4A,0x4A
3336,0x240CE4,0x2414A,0x0,0,1,9236,585,1,479,672,0,0,0,0,0,0,0,0,0x1DF4A,0x4A,0x4A
3337,0x240FA8,0x2414A,0x0,0,1,9239,585,1,479,672,0,0,0,0,0,0,0,0,0x1DF4A,0x4A,0x4A
3338,0x24126C,0x2414A,0x0,0,1,9242,585,1,479,672,0,0,0,0,0,0,0,0,0x1DF4A,0x4A,0x4A
3339,0x241530,0x2414A,0x0,0,1,9245,585,1,479,672,0,0,0,0,0,0,0,0,0x1DF4A,0x4A,0x4A
3340,0x2417F4,0x2414A,0x0,0,1,9247,585,1,479,672,0,0,0,0,0,0,0,0,0x1DF4A,0x4A,0x4A
3341,0x241AB8,0x2414A,0x0,0,1,9250,585,1,479,672,0,0,0,0,0,0,0,0,0x1DF4A,0x4A,0x4A
3342,0x241D7C,0x2414A,0x0,0,1,9253,585,1,479,672,0,0,0,0,0,0,0,0,0x1DF4A,0x4A,0x4A
3343,0x242040,0x2414A,0x0,0,1,9256,585,1,479,672,0,0,0,0,0,0,0,0,0x1DF4A,0x4A,0x4A
3344,0x242304,0x2414A,0x0,0,1,9259,585,1,479,672,0,0,0,0,0,0,0,0,0x1DF4A,0x4A,0x4A
3345,0x2425C8,0x2414A,0x0,0,1,9261,585,1,479,672,0,0,0,0,0,0,0,0,0x1DF4A,0x4A,0x4A
3346,0x24288C,0x2414A,0x0,0,1,9264,585,1,479,672,0,0,0,0,0,0,0,0,0x1DF4A,0x4A,0x4A
3347,0x242B50,0x2414A,0x0,0,1,9267,585,1,479,672,0,0,0,0,0,0,0,0,0x1DF4A,0x4A,0x4A
3348,0x242E14,0x2414A,0x0,0,1,9270,585,1,479,672,0,0,0,0,0,0,0,0,0x1DF4A,0x4A,0x4A
3349,0x2430D8,0x2414A,0x0,0,1,9272,585,1,479,672,0,0,0,0,0,0,0,0,0x1DF4A,0x4A,0x4A
3350,0x24339C,0x2414A,0x0,0,1,9275,585,1,479,672,0,0,0,0,0,0,0,0,0x1DF4A,0x4A,0x4A
3351,0x243660,0x2414A,0x0,0,1,9278,585,1,479,672,0,0,0,0,0,0,0,0,0x1DF4A,0x4A,0x4A
3352,0x243924,0x2414A,0x0,0,1,9281,585,1,479,672,0,0,0,0,0,0,0,0,0x1DF4A,0x4A,0x4A
3353,0x243BE8,0x2414A,0x0,0,1,9283,585,1,479,672,0,0,0,0,0,0,0,0,0x1DF4A,0x4A,0x4A
3354,0x243EAC,0x2414A,0x0,0,1,9286,585,1,479,672,0,0,0,0,0,0,0,0,0x1DF4A,0x4A,0x4A
3355,0x244170,0x2414A,0xFFFFFA70,1,1,9289,585,0,479,672,0,0,0,0,0,0,0,0,0x1DF4A,0x4A,0x4A
3356,0x244434,0x23C25,0xFFFFFADB,0,1,9292,579,0,479,672,0,0,0,0,0,0,0,0,0x1DF4A,0x25,0x4A
3357,0x2446F8,0x2376B,0xFFFFFB46,0,1,9294,575,0,479,672,0,0,0,0,0,0,0,0,0x1DF4A,0x6B,0x4A
3358,0x2449BC,0x2331C,0xFFFFFBB1,0,1,9297,570,0,479,672,0,0,0,0,0,0,0,0,0x1DF4A,0x1C,0x4A
3359,0x244C80,0x22F38,0xFFFFFC1C,0,1,9300,566,0,479,672,0,0,0,0,0,0,0,0,0x1DF4A,0x38,0x4A
3360,0x244F44,0x22BBF,0xFFFFFC87,0,1,9303,563,0,479,672,0,0,0,0,0,0,0,0,0x1DF4A,0xBF,0x4A
3361,0x245208,0x228B1,0xFFFFFCF2,0,1,9306,560,0,479,672,0,0,0,0,0,0,0,0,0x1DF4A,0xB1,0x4A
3362,0x2454CC,0x2260E,0xFFFFFD5D,0,1,9308,557,0,479,672,0,0,0,0,0,0,0,0,0x1DF4A,0x0E,0x4A
3363,0x245790,0x223D6,0xFFFFFDC8,0,1,9311,555,0,479,672,0,0,0,0,0,0,0,0,0x1DF4A,0xD6,0x4A
3364,0x245A54,0x22209,0xFFFFFE33,0,1,9314,553,0,479,672,0,0,0,0,0,0,0,0,0x1DF4A,0x09,0x4A
3365,0x245D18,0x220A7,0xFFFFFE9E,0,1,9317,552,0,479,672,0,0,0,0,0,0,0,0,0x1DF4A,0xA7,0x4A
3366,0x245FDC,0x21FB0,0xFFFFFF09,0,1,9319,551,0,479,672,0,0,0,0,0,0,0,0,0x1DF4A,0xB0,0x4A
3367,0x2462A0,0x21F24,0xFFFFFF74,0,1,9322,551,0,479,672,0,0,0,0,0,0,0,0,0x1DF24,0x24,0x24
3368,0x246564,0x21F03,0xFFFFFFDF,0,1,9325,551,0,479,672,0,0,0,0,0,0,0,0,0x1DF03,0x03,0x03
3369,0x246828,0x21F4D,0x4A,0,1,9328,551,0,479,672,0,0,0,0,0,0,0,0,0x1DF03,0x4D,0x03
3370,0x246AEC,0x22002,0xB5,0,1,9330,551,0,479,672,0,0,0,0,0,0,0,0,0x1DF03,0x02,0x03
3371,0x246DB0,0x22122,0x120,0,1,9333,553,0,479,672,0,0,0,0,0,0,0,0,0x1DF03,0x22,0x03
3372,0x247074,0x222AD,0x18B,0,1,9336,554,0,479,672,0,0,0,0,0,0,0,0,0x1DF03,0xAD,0x03
3373,0x247338,0x224A3,0x1F6,0,1,9339,556,0,479,672,0,0,0,0,0,0,0,0,0x1DF03,0xA3,0x03
3374,0x2475FC,0x22704,0x261,0,1,9341,559,0,479,672,0,0,0,0,0,0,0,0,0x1DF03,0x04,0x03
3375,0x2478C0,0x229D0,0x2CC,0,1,9344,561,0,479,672,0,0,0,0,0,0,0,0,0x1DF03,0xD0,0x03
3376,0x247B84,0x22D07,0x337,0,1,9347,565,0,479,672,0,0,0,0,0,0,0,0,0x1DF03,0x07,0x03
3377,0x247E48,0x230A9,0x3A2,0,1,9350,568,0,479,672,0,0,0,0,0,0,0,0,0x1DF03,0xA9,0x03
3378,0x24810C,0x23103,0x0,0,1,9353,569,1,479,672,0,0,0,0,0,0,0,0,0x1DF03,0x03,0x03
3379,0x2483D0,0x23103,0x0,0,1,9355,569,1,479,672,0,0,0,0,0,0,0,0,0x1DF03,0x03,0x03
3380,0x248694,0x23103,0x0,0,1,9358,569,1,479,672,0,0,0,0,0,0,0,0,0x1DF03,0x03,0x03
3381,0x248958,0x23103,0x0,0,1,9361,569,1,479,672,0,0,0,0,0,0,0,0,0x1DF03,0x03,0x03
3382,0x248C1C,0x23103,0x0,0,1,9364,569,1,479,672,0,0,0,0,0,0,0,0,0x1DF03,0x03,0x03
3383,0x248EE0,0x23103,0x0,0,1,9366,569,1,479,672,0,0,0,0,0,0,0,0,0x1DF03,0x03,0x03
3384,0x2491A4,0x23103,0x0,0,1,9369,569,1,479,672,0,0,0,0,0,0,0,0,0x1DF03,0x03,0x03
3385,0x249468,0x23103,0x0,0,1,9372,569,1,479,672,0,0,0,0,0,0,0,0,0x1DF03,0x03,0x03
3386,0x24972C,0x23103,0x0,0,1,9375,569,1,479,672,0,0,0,0,0,0,0,0,0x1DF03,0x03,0x03
3387,0x2499F0,0x23103,0x0,0,1,9377,569,1,479,672,0,0,0,0,0,0,0,0,0x1DF03,0x03,0x03
3388,0x249CB4,0x23103,0x0,0,1,9380,569,1,479,672,0,0,0,0,0,0,0,0,0x1DF03,0x03,0x03
3389,0x249F78,0x23103,0x0,0,1,9383,569,0,479,672,0,0,0,0,0,0,0,0,0x1DF03,0x03,0x03
3390,0x24A23C,0x23103,0xFFFFFA70,1,1,9386,569,0,479,672,0,0,0,0,0,0,0,0,0x1DF03,0x03,0x03
3391,0x24A500,0x22BDE,0xFFFFFADB,0,1,9389,563,0,479,672,0,0,0,0,0,0,0,0,0x1DF03,0xDE,0x03
3392,0x24A7C4,0x22724,0xFFFFFB46,0,1,9391,559,0,479,672,0,0,0,0,0,0,0,0,0x1DF03,0x24,0x03
3393,0x24AA88,0x222D5,0xFFFFFBB1,0,1,9394,554,0,479,672,0,0,0,0,0,0,0,0,0x1DF03,0xD5,0x03
3394,0x24AD4C,0x21EF1,0xFFFFFC1C,0,1,9397,550,0,478,672,0,0,0,0,0,0,0,0,0x1DEF1,0xF1,0xF1
3395,0x24B010,0x21B78,0xFFFFFC87,0,1,9400,547,0,475,672,0,0,0,0,0,0,0,0,0x1DB78,0x78,0x78
3396,0x24B2D4,0x2186A,0xFFFFFCF2,0,1,9402,544,0,472,672,0,0,0,0,0,0,0,0,0x1D86A,0x6A,0x6A
3397,0x24B598,0x215C7,0xFFFFFD5D,0,1,9405,541,0,469,672,0,0,0,0,0,0,0,0,0x1D5C7,0xC7,0xC7
3398,0x24B85C,0x2138F,0xFFFFFDC8,0,1,9408,539,0,467,672,0,0,0,0,0,0,0,0,0x1D38F,0x8F,0x8F
3399,0x24BB20,0x211C2,0xFFFFFE33,0,1,9411,537,0,465,672,0,0,0,0,0,0,0,0,0x1D1C2,0xC2,0xC2
3400,0x24BDE4,0x21060,0xFFFFFE9E,0,1,9413,536,0,464,672,0,0,0,0,0,0,0,0,0x1D060,0x60,0x60
3401,0x24C0A8,0x20F69,0xFFFFFF09,0,1,9416,535,0,463,672,0,0,0,0,0,0,0,0,0x1CF69,0x69,0x69
3402,0x24C36C,0x20EDD,0xFFFFFF74,0,1,9419,534,0,462,672,0,0,0,0,0,0,0,0,0x1CEDD,0xDD,0xDD
3403,0x24C630,0x20EBC,0xFFFFFFDF,0,1,9422,534,0,462,672,0,0,0,0,0,0,0,0,0x1CEBC,0xBC,0xBC
3404,0x24C8F4,0x20F06,0x4A,0,1,9424,534,0,462,672,0,0,0,0,0,0,0,0,0x1CEBC,0x06,0xBC
3405,0x24CBB8,0x20FBB,0xB5,0,1,9427,534,0,462,672,0,0,0,0,0,0,0,0,0x1CEBC,0xBB,0xBC
3406,0x24CE7C,0x210DB,0x120,0,1,9430,536,0,462,672,0,0,0,0,0,0,0,0,0x1CEBC,0xDB,0xBC
3407,0x24D140,0x21266,0x18B,0,1,9433,537,0,462,672,0,0,0,0,0,0,0,0,0x1CEBC,0x66,0xBC
3408,0x24D404,0x2145C,0x1F6,0,1,9436,539,0,462,672,0,0,0,0,0,0,0,0,0x1CEBC,0x5C,0xBC
3409,0x24D6C8,0x216BD,0x261,0,1,9438,542,0,462,672,0,0,0,0,0,0,0,0,0x1CEBC,0xBD,0xBC
3410,0x24D98C,0x21989,0x2CC,0,1,9441,544,0,462,672,0,0,0,0,0,0,0,0,0x1CEBC,0x89,0xBC
3411,0x24DC50,0x21CC0,0x337,0,1,9444,548,0,462,672,0,0,0,0,0,0,0,0,0x1CEBC,0xC0,0xBC
3412,0x24DF14,0x22062,0x3A2,0,1,9447,551,0,462,672,0,0,0,0,0,0,0,0,0x1CEBC,0x62,0xBC
3413,0x24E1D8,0x2246F,0x40D,0,1,9449,555,0,462,672,0,0,0,0,0,0,0,0,0x1CEBC,0x6F,0xBC
3414,0x24E49C,0x228E7,0x478,0,1,9452,560,0,462,672,0,0,0,0,0,0,0,0,0x1CEBC,0xE7,0xBC
3415,0x24E760,0x22DCA,0x4E3,0,1,9455,565,0,462,672,0,0,0,0,0,0,0,0,0x1CEBC,0xCA,0xBC
3416,0x24EA24,0x23318,0x54E,0,1,9458,570,0,462,672,0,0,0,0,0,0,0,0,0x1CEBC,0x18,0xBC
3417,0x24ECE8,0x238D1,0x5B9,0,1,9460,576,0,462,672,0,0,0,0,0,0,0,0,0x1CEBC,0xD1,0xBC
3418,0x24EFAC,0x23EF5,0x624,0,1,9463,582,0,462,672,0,0,0,0,0,0,0,0,0x1CEBC,0xF5,0xBC
3419,0x24F270,0x24584,0x68F,0,1,9466,588,0,462,672,0,0,0,0,0,0,0,0,0x1CEBC,0x84,0xBC
3420,0x24F534,0x24C7E,0x6FA,0,1,9469,595,0,462,672,0,0,0,0,0,0,0,0,0x1CEBC,0x7E,0xBC
3421,0x24F7F8,0x251BC,0x0,0,1,9471,601,1,462,672,0,0,0,0,0,0,0,0,0x1CEBC,0xBC,0xBC
3422,0x24FABC,0x251BC,0x0,0,1,9474,601,1,462,672,0,0,0,0,0,0,0,0,0x1CEBC,0xBC,0xBC
3423,0x24FD80,0x251BC,0x0,0,1,9477,601,1,462,672,0,0,0,0,0,0,0,0,0x1CEBC,0xBC,0xBC
3424,0x250044,0x251BC,0x0,0,1,9480,601,1,462,672,0,0,0,0,0,0,0,0,0x1CEBC,0xBC,0xBC
3425,0x250308,0x251BC,0x0,0,1,9483,601,1,462,672,0,0,0,0,0,0,0,0,0x1CEBC,0xBC,0xBC
3426,0x2505CC,0x251BC,0x0,0,1,9485,601,1,462,672,0,0,0,0,0,0,0,0,0x1CEBC,0xBC,0xBC
3427,0x250890,0x251BC,0x0,0,1,9488,601,1,462,672,0,0,0,0,0,0,0,0,0x1CEBC,0xBC,0xBC
3428,0x250B54,0x251BC,0x0,0,1,9491,601,1,462,672,0,0,0,0,0,0,0,0,0x1CEBC,0xBC,0xBC
3429,0x250E18,0x251BC,0x0,0,1,9494,601,1,462,672,0,0,0,0,0,0,0,0,0x1CEBC,0xBC,0xBC
3430,0x2510DC,0x251BC,0x0,0,1,9496,601,1,462,672,0,0,0,0,0,0,0,0,0x1CEBC,0xBC,0xBC
3431,0x2513A0,0x251BC,0x0,0,1,9499,601,1,462,672,0,0,0,0,0,0,0,0,0x1CEBC,0xBC,0xBC
3432,0x251664,0x251BC,0x0,0,1,9502,601,1,462,672,0,0,0,0,0,0,0,0,0x1CEBC,0xBC,0xBC
3433,0x251928,0x251BC,0x0,0,1,9505,601,1,462,672,0,0,0,0,0,0,0,0,0x1CEBC,0xBC,0xBC
3434,0x251BEC,0x251BC,0x0,0,1,9507,601,1,462,672,0,0,0,0,0,0,0,0,0x1CEBC,0xBC,0xBC
3435,0x251EB0,0x251BC,0x0,0,1,9510,601,1,462,672,0,0,0,0,0,0,0,0,0x1CEBC,0xBC,0xBC
3436,0x252174,0x251BC,0x0,0,1,9513,601,0,462,672,0,0,0,0,0,0,0,0,0x1CEBC,0xBC,0xBC
3437,0x252438,0x25227,0x6B,0,1,9516,601,0,462,672,0,0,0,0,0,0,0,0,0x1CEBC,0x27,0xBC
3438,0x2526FC,0x252FD,0xD6,0,1,9518,602,0,462,672,0,0,0,0,0,0,0,0,0x1CEBC,0xFD,0xBC
3439,0x2529C0,0x2543E,0x141,0,1,9521,603,0,462,672,0,0,0,0,0,0,0,0,0x1CEBC,0x3E,0xBC
3440,0x252C84,0x255EA,0x1AC,0,1,9524,605,0,462,672,0,0,0,0,0,0,0,0,0x1CEBC,0xEA,0xBC
3441,0x252F48,0x25801,0x217,0,1,9527,607,0,462,672,0,0,0,0,0,0,0,0,0x1CEBC,0x01,0xBC
3442,0x25320C,0x25A83,0x282,0,1,9530,609,0,462,672,0,0,0,0,0,0,0,0,0x1CEBC,0x83,0xBC
3443,0x2534D0,0x25D70,0x2ED,0,1,9532,612,0,462,672,0,0,0,0,0,0,0,0,0x1CEBC,0x70,0xBC
3444,0x253794,0x260C8,0x358,0,1,9535,616,0,462,672,0,0,0,0,0,0,0,0,0x1CEBC,0xC8,0xBC
3445,0x253A58,0x2648B,0x3C3,0,1,9538,619,0,462,672,0,0,0,0,0,0,0,0,0x1CEBC,0x8B,0xBC
3446,0x253D1C,0x268B9,0x42E,0,1,9541,623,0,462,672,0,0,0,0,0,0,0,0,0x1CEBC,0xB9,0xBC
3447,0x253FE0,0x26D52,0x499,0,1,9543,628,0,462,672,0,0,0,0,0,0,0,0,0x1CEBC,0x52,0xBC
3448,0x2542A4,0x271BC,0x0,0,1,9546,633,1,465,672,0,0,0,0,0,0,0,0,0x1D1BC,0xBC,0xBC
3449,0x254568,0x271BC,0x0,0,1,9549,633,1,465,672,0,0,0,0,0,0,0,0,0x1D1BC,0xBC,0xBC
3450,0x25482C,0x271BC,0x0,0,1,9552,633,1,465,672,0,0,0,0,0,0,0,0,0x1D1BC,0xBC,0xBC
3451,0x254AF0,0x271BC,0x0,0,1,9554,633,1,465,672,0,0,0,0,0,0,0,0,0x1D1BC,0xBC,0xBC
3452,0x254DB4,0x271BC,0x0,0,1,9557,633,1,465,672,0,0,0,0,0,0,0,0,0x1D1BC,0xBC,0xBC
3453,0x255078,0x271BC,0x0,0,1,9560,633,1,465,672,0,0,0,0,0,0,0,0,0x1D1BC,0xBC,0xBC
3454,0x25533C,0x271BC,0x0,0,1,9563,633,1,465,672,0,0,0,0,0,0,0,0,0x1D1BC,0xBC,0xBC
3455,0x255600,0x271BC,0x0,0,1,9566,633,1,465,672,0,0,0,0,0,0,0,0,0x1D1BC,0xBC,0xBC
3456,0x2558C4,0x271BC,0x0,0,1,9568,633,1,465,672,0,0,0,0,0,0,0,0,0x1D1BC,0xBC,0xBC
3457,0x255B88,0x271BC,0x0,0,1,9571,633,1,465,672,0,0,0,0,0,0,0,0,0x1D1BC,0xBC,0xBC
3458,0x255E4C,0x271BC,0x0,0,1,9574,633,1,465,672,0,0,0,0,0,0,0,0,0x1D1BC,0xBC,0xBC
3459,0x256110,0x271BC,0x0,0,1,9577,633,1,465,672,0,0,0,0,0,0,0,0,0x1D1BC,0xBC,0xBC
3460,0x2563D4,0x271BC,0x0,0,1,9579,633,1,465,672,0,0,0,0,0,0,0,0,0x1D1BC,0xBC,0xBC
3461,0x256698,0x271BC,0x0,0,1,9582,633,1,465,672,0,0,0,0,0,0,0,0,0x1D1BC,0xBC,0xBC
3462,0x25695C,0x271BC,0x0,0,1,9585,633,1,465,672,0,0,0,0,0,0,0,0,0x1D1BC,0xBC,0xBC
3463,0x256C20,0x271BC,0x0,0,1,9588,633,1,465,672,0,0,0,0,0,0,0,0,0x1D1BC,0xBC,0xBC
3464,0x256EE4,0x271BC,0x0,0,1,9590,633,1,465,672,0,0,0,0,0,0,0,0,0x1D1BC,0xBC,0xBC
3465,0x2571A8,0x271BC,0xFFFFFA70,1,1,9593,633,0,465,672,0,0,0,0,0,0,0,0,0x1D1BC,0xBC,0xBC
3466,0x25746C,0x26C97,0xFFFFFADB,0,1,9596,627,0,465,672,0,0,0,0,0,0,0,0,0x1D1BC,0x97,0xBC
3467,0x257730,0x267DD,0xFFFFFB46,0,1,9599,623,0,465,672,0,0,0,0,0,0,0,0,0x1D1BC,0xDD,0xBC
3468,0x2579F4,0x2638E,0xFFFFFBB1,0,1,9601,618,0,465,672,0,0,0,0,0,0,0,0,0x1D1BC,0x8E,0xBC
3469,0x257CB8,0x25FAA,0xFFFFFC1C,0,1,9604,614,0,465,672,0,0,0,0,0,0,0,0,0x1D1BC,0xAA,0xBC
3470,0x257F7C,0x25C31,0xFFFFFC87,0,1,9607,611,0,465,672,0,0,0,0,0,0,0,0,0x1D1BC,0x31,0xBC
3471,0x258240,0x25923,0xFFFFFCF2,0,1,9610,608,0,465,672,0,0,0,0,0,0,0,0,0x1D1BC,0x23,0xBC
3472,0x258504,0x25680,0xFFFFFD5D,0,1,9613,605,0,465,672,0,0,0,0,0,0,0,0,0x1D1BC,0x80,0xBC
3473,0x2587C8,0x25448,0xFFFFFDC8,0,1,9615,603,0,465,672,0,0,0,0,0,0,0,0,0x1D1BC,0x48,0xBC
3474,0x258A8C,0x2527B,0xFFFFFE33,0,1,9618,601,0,465,672,0,0,0,0,0,0,0,0,0x1D1BC,0x7B,0xBC
3475,0x258D50,0x25119,0xFFFFFE9E,0,1,9621,600,0,465,672,0,0,0,0,0,0,0,0,0x1D1BC,0x19,0xBC
3476,0x259014,0x25022,0xFFFFFF09,0,1,9624,599,0,465,672,0,0,0,0,0,0,0,0,0x1D1BC,0x22,0xBC
3477,0x2592D8,0x24F96,0xFFFFFF74,0,1,9626,598,0,465,672,0,0,0,0,0,0,0,0,0x1D1BC,0x96,0xBC
3478,0x25959C,0x24F75,0xFFFFFFDF,0,1,9629,598,0,465,672,0,0,0,0,0,0,0,0,0x1D1BC,0x75,0xBC
3479,0x259860,0x24FBF,0x4A,0,1,9632,599,0,465,672,0,0,0,0,0,0,0,0,0x1D1BC,0xBF,0xBC
3480,0x259B24,0x25074,0xB5,0,1,9635,599,0,465,672,0,0,0,0,0,0,0,0,0x1D1BC,0x74,0xBC
3481,0x259DE8,0x25194,0x120,0,1,9637,600,0,465,672,0,0,0,0,0,0,0,0,0x1D1BC,0x94,0xBC
3482,0x25A0AC,0x2531F,0x18B,0,1,9640,602,0,465,672,0,0,0,0,0,0,0,0,0x1D1BC,0x1F,0xBC
3483,0x25A370,0x25515,0x1F6,0,1,9643,604,0,465,672,0,0,0,0,0,0,0,0,0x1D1BC,0x15,0xBC
3484,0x25A634,0x25776,0x261,0,1,9646,606,0,465,672,0,0,0,0,0,0,0,0,0x1D1BC,0x76,0xBC
3485,0x25A8F8,0x25A42,0x2CC,0,1,9648,609,0,465,672,0,0,0,0,0,0,0,0,0x1D1BC,0x42,0xBC
3486,0x25ABBC,0x25D79,0x337,0,1,9651,612,0,465,672,0,0,0,0,0,0,0,0,0x1D1BC,0x79,0xBC
3487,0x25AE80,0x2611B,0x3A2,0,1,9654,616,0,465,672,0,0,0,0,0,0,0,0,0x1D1BC,0x1B,0xBC
3488,0x25B144,0x26528,0x40D,0,1,9657,620,0,465,672,0,0,0,0,0,0,0,0,0x1D1BC,0x28,0xBC
3489,0x25B408,0x269A0,0x478,0,1,9660,624,0,465,672,0,0,0,0,0,0,0,0,0x1D1BC,0xA0,0xBC
3490,0x25B6CC,0x26E83,0x4E3,0,1,9662,629,0,465,672,0,0,0,0,0,0,0,0,0x1D1BC,0x83,0xBC
3491,0x25B990,0x273D1,0x54E,0,1,9665,635,0,467,672,0,0,0,0,0,0,0,0,0x1D3D1,0xD1,0xD1
3492,0x25BC54,0x2798A,0x5B9,0,1,9668,641,0,473,672,0,0,0,0,0,0,0,0,0x1D98A,0x8A,0x8A
3493,0x25BF18,0x27FAE,0x624,0,1,9671,647,0,479,672,0,0,0,0,0,0,0,0,0x1DFAE,0xAE,0xAE
3494,0x25C1DC,0x2863D,0x68F,0,1,9673,654,0,486,672,0,0,0,0,0,0,0,0,0x1E63D,0x3D,0x3D
3495,0x25C4A0,0x28D37,0x6FA,0,1,9676,661,0,493,672,0,0,0,0,0,0,0,0,0x1ED37,0x37,0x37
3496,0x25C764,0x2949C,0x765,0,1,9679,668,0,500,672,0,0,0,0,0,0,0,0,0x1F49C,0x9C,0x9C
3497,0x25CA28,0x29B96,0x6FA,0,1,9682,675,0,507,672,0,0,0,0,0,0,0,0,0x1FB96,0x96,0x96
3498,0x25CCEC,0x2A2FB,0x765,0,1,9684,682,0,514,672,0,0,0,0,0,0,0,0,0x202FB,0xFB,0xFB
3499,0x25CFB0,0x2A9F5,0x6FA,0,1,9687,689,0,521,672,0,0,0,0,0,0,0,0,0x209F5,0xF5,0xF5
3500,0x25D274,0x2B15A,0x765,0,1,9690,697,0,529,672,0,0,0,0,0,0,0,0,0x2115A,0x5A,0x5A
3501,0x25D538,0x2B854,0x6FA,0,1,9693,704,0,536,672,0,0,0,0,0,0,0,0,0x21854,0x54,0x54
3502,0x25D7FC,0x2BFB9,0x765,0,1,9695,711,0,543,672,0,0,0,0,0,0,0,0,0x21FB9,0xB9,0xB9
3503,0x25DAC0,0x2C6B3,0x6FA,0,1,9698,718,0,550,672,0,0,0,0,0,0,0,0,0x226B3,0xB3,0xB3
3504,0x25DD84,0x2CE18,0x765,0,1,9701,726,0,558,672,0,0,0,0,0,0,0,0,0x22E18,0x18,0x18
3505,0x25E048,0x2D512,0x6FA,0,1,9704,733,0,565,672,0,0,0,0,0,0,0,0,0x23512,0x12,0x12
3506,0x25E30C,0x2DC77,0x765,0,1,9707,740,0,572,672,0,0,0,0,0,0,0,0,0x23C77,0x77,0x77
3507,0x25E5D0,0x2E371,0x6FA,0,1,9709,747,0,579,672,0,0,0,0,0,0,0,0,0x24371,0x71,0x71
3508,0x25E894,0x2EAD6,0x765,0,1,9712,754,0,586,672,0,0,0,0,0,0,0,0,0x24AD6,0xD6,0xD6
3509,0x25EB58,0x2F1D0,0x6FA,0,1,9715,761,0,593,672,0,0,0,0,0,0,0,0,0x251D0,0xD0,0xD0
3510,0x25EE1C,0x2F935,0x765,0,1,9718,769,0,601,672,0,0,0,0,0,0,0,0,0x25935,0x35,0x35
3511,0x25F0E0,0x3002F,0x6FA,0,1,9720,776,0,608,672,0,0,0,0,0,0,0,0,0x2602F,0x2F,0x2F
3512,0x25F3A4,0x30794,0x765,0,1,9723,783,0,615,672,0,0,0,0,0,0,0,0,0x26794,0x94,0x94
3513,0x25F668,0x30E8E,0x6FA,0,1,9726,790,0,622,672,0,0,0,0,0,0,0,0,0x26E8E,0x8E,0x8E
3514,0x25F92C,0x315F3,0x765,0,1,9729,797,0,629,672,0,0,0,0,0,0,0,0,0x275F3,0xF3,0xF3
3515,0x25FBF0,0x31CED,0x6FA,0,1,9731,804,0,636,672,0,0,0,0,0,0,0,0,0x27CED,0xED,0xED
3516,0x25FEB4,0x32452,0x765,0,1,9734,812,0,644,672,0,0,0,0,0,0,0,0,0x28452,0x52,0x52
3517,0x260178,0x32B4C,0x6FA,0,1,9737,819,0,651,672,0,0,0,0,0,0,0,0,0x28B4C,0x4C,0x4C
3518,0x26043C,0x332B1,0x765,0,1,9740,826,0,658,672,0,0,0,0,0,0,0,0,0x292B1,0xB1,0xB1
3519,0x260700,0x339AB,0x6FA,0,1,9743,833,0,665,672,0,0,0,0,0,0,0,0,0x299AB,0xAB,0xAB
3520,0x2609C4,0x34110,0x765,0,1,9745,841,0,671,672,0,0,0,0,0,0,0,0,0x29F00,0x10,0x00
3521,0x260C88,0x3480A,0x6FA,0,1,9748,848,0,671,672,0,0,0,0,0,0,0,0,0x29F00,0x0A,0x00
3522,0x260F4C,0x34F6F,0x765,0,1,9751,855,0,671,672,0,0,0,0,0,0,0,0,0x29F00,0x6F,0x00
3523,0x261210,0x35100,0x0,0,1,9754,857,1,671,672,0,0,0,0,0,0,0,0,0x29F00,0x00,0x00
3524,0x2614D4,0x35100,0x0,0,1,9756,857,1,671,672,0,0,0,0,0,0,0,0,0x29F00,0x00,0x00
3525,0x261798,0x35100,0x0,0,1,9759,857,1,671,672,0,0,0,0,0,0,0,0,0x29F00,0x00,0x00
3526,0x261A5C,0x35100,0x0,0,1,9762,857,1,671,672,0,0,0,0,0,0,0,0,0x29F00,0x00,0x00
3527,0x261D20,0x35100,0x0,0,1,9765,857,1,671,672,0,0,0,0,0,0,0,0,0x29F00,0x00,0x00
3528,0x261FE4,0x35100,0x0,0,1,9767,857,1,671,672,0,0,0,0,0,0,0,0,0x29F00,0x00,0x00
3529,0x2622A8,0x35100,0x0,0,1,9770,857,1,671,672,0,0,0,0,0,0,0,0,0x29F00,0x00,0x00
3530,0x26256C,0x35100,0x0,0,1,9773,857,1,671,672,0,0,0,0,0,0,0,0,0x29F00,0x00,0x00
3531,0x262830,0x35100,0x0,0,1,9776,857,1,671,672,0,0,0,0,0,0,0,0,0x29F00,0x00,0x00
3532,0x262AF4,0x35100,0x0,0,1,9778,857,1,671,672,0,0,0,0,0,0,0,0,0x29F00,0x00,0x00
3533,0x262DB8,0x35100,0x0,0,1,9781,857,1,671,672,0,0,0,0,0,0,0,0,0x29F00,0x00,0x00
3534,0x26307C,0x35100,0x0,0,1,9784,857,1,671,672,0,0,0,0,0,0,0,0,0x29F00,0x00,0x00
3535,0x263340,0x35100,0xFFFFFA70,1,1,9787,857,0,671,672,0,0,0,0,0,0,0,0,0x29F00,0x00,0x00
3536,0x263604,0x34BDB,0xFFFFFADB,0,1,9790,851,0,671,672,0,0,0,0,0,0,0,0,0x29F00,0xDB,0x00
3537,0x2638C8,0x34721,0xFFFFFB46,0,1,9792,847,0,671,672,0,0,0,0,0,0,0,0,0x29F00,0x21,0x00
3538,0x263B8C,0x342D2,0xFFFFFBB1,0,1,9795,842,0,671,672,0,0,0,0,0,0,0,0,0x29F00,0xD2,0x00
3539,0x263E50,0x33EEE,0xFFFFFC1C,0,1,9798,838,0,671,672,0,0,0,0,0,0,0,0,0x29F00,0xEE,0x00
3540,0x264114,0x33B75,0xFFFFFC87,0,1,9801,835,0,671,672,0,0,0,0,0,0,0,0,0x29F00,0x75,0x00
3541,0x2643D8,0x33867,0xFFFFFCF2,0,1,9803,832,0,671,672,0,0,0,0,0,0,0,0,0x29F00,0x67,0x00
3542,0x26469C,0x335C4,0xFFFFFD5D,0,1,9806,829,0,671,672,0,0,0,0,0,0,0,0,0x29F00,0xC4,0x00
3543,0x264960,0x3338C,0xFFFFFDC8,0,1,9809,827,0,671,672,0,0,0,0,0,0,0,0,0x29F00,0x8C,0x00
3544,0x264C24,0x331BF,0xFFFFFE33,0,1,9812,825,0,671,672,0,0,0,0,0,0,0,0,0x29F00,0xBF,0x00
3545,0x264EE8,0x3305D,0xFFFFFE9E,0,1,9814,824,0,671,672,0,0,0,0,0,0,0,0,0x29F00,0x5D,0x00
3546,0x2651AC,0x32F66,0xFFFFFF09,0,1,9817,823,0,671,672,0,0,0,0,0,0,0,0,0x29F00,0x66,0x00
3547,0x265470,0x32EDA,0xFFFFFF74,0,1,9820,822,0,671,672,0,0,0,0,0,0,0,0,0x29F00,0xDA,0x00
3548,0x265734,0x32EB9,0xFFFFFFDF,0,1,9823,822,0,671,672,0,0,0,0,0,0,0,0,0x29F00,0xB9,0x00
3549,0x2659F8,0x32F03,0x4A,0,1,9825,823,0,671,672,0,0,0,0,0,0,0,0,0x29F00,0x03,0x00
3550,0x265CBC,0x32FB8,0xB5,0,1,9828,823,0,671,672,0,0,0,0,0,0,0,0,0x29F00,0xB8,0x00
3551,0x265F80,0x330D8,0x120,0,1,9831,824,0,671,672,0,0,0,0,0,0,0,0,0x29F00,0xD8,0x00
3552,0x266244,0x33263,0x18B,0,1,9834,826,0,671,672,0,0,0,0,0,0,0,0,0x29F00,0x63,0x00
3553,0x266508,0x33459,0x1F6,0,1,9837,828,0,671,672,0,0,0,0,0,0,0,0,0x29F00,0x59,0x00
3554,0x2667CC,0x336BA,0x261,0,1,9839,830,0,671,672,0,0,0,0,0,0,0,0,0x29F00,0xBA,0x00
3555,0x266A90,0x33986,0x2CC,0,1,9842,833,0,671,672,0,0,0,0,0,0,0,0,0x29F00,0x86,0x00
3556,0x266D54,0x33CBD,0x337,0,1,9845,836,0,671,672,0,0,0,0,0,0,0,0,0x29F00,0xBD,0x00
3557,0x267018,0x3405F,0x3A2,0,1,9848,840,0,671,672,0,0,0,0,0,0,0,0,0x29F00,0x5F,0x00
3558,0x2672DC,0x3446C,0x40D,0,1,9850,844,0,671,672,0,0,0,0,0,0,0,0,0x29F00,0x6C,0x00
3559,0x2675A0,0x348E4,0x478,0,1,9853,848,0,671,672,0,0,0,0,0,0,0,0,0x29F00,0xE4,0x00
3560,0x267864,0x34DC7,0x4E3,0,1,9856,853,0,671,672,0,0,0,0,0,0,0,0,0x29F00,0xC7,0x00
3561,0x267B28,0x35100,0x0,0,1,9859,857,1,671,672,0,0,0,0,0,0,0,0,0x29F00,0x00,0x00
3562,0x267DEC,0x35100,0x0,0,1,9861,857,1,671,672,0,0,0,0,0,0,0,0,0x29F00,0x00,0x00
3563,0x2680B0,0x35100,0x0,0,1,9864,857,1,671,672,0,0,0,0,0,0,0,0,0x29F00,0x00,0x00
3564,0x268374,0x35100,0x0,0,1,9867,857,1,671,672,0,0,0,0,0,0,0,0,0x29F00,0x00,0x00
3565,0x268638,0x35100,0x0,0,1,9870,857,1,671,672,0,0,0,0,0,0,0,0,0x29F00,0x00,0x00
3566,0x2688FC,0x35100,0x0,0,1,9872,857,1,671,672,0,0,0,0,0,0,0,0,0x29F00,0x00,0x00
3567,0x268BC0,0x35100,0x0,0,1,9875,857,1,671,672,0,0,0,0,0,0,0,0,0x29F00,0x00,0x00
3568,0x268E84,0x35100,0x0,0,1,9878,857,1,671,672,0,0,0,0,0,0,0,0,0x29F00,0x00,0x00
3569,0x269148,0x35100,0x0,0,1,9881,857,1,671,672,0,0,0,0,0,0,0,0,0x29F00,0x00,0x00
3570,0x26940C,0x35100,0x0,0,1,9884,857,1,671,672,0,0,0,0,0,0,0,0,0x29F00,0x00,0x00
3571,0x2696D0,0x35100,0x0,0,1,9886,857,1,671,672,0,0,0,0,0,0,0,0,0x29F00,0x00,0x00
3572,0x269994,0x35100,0x0,0,1,9889,857,1,671,672,0,0,0,0,0,0,0,0,0x29F00,0x00,0x00
3573,0x269C58,0x35100,0x0,0,1,9892,857,1,671,672,0,0,0,0,0,0,0,0,0x29F00,0x00,0x00
3574,0x269F1C,0x35100,0x0,0,1,9895,857,1,671,672,0,0,0,0,0,0,0,0,0x29F00,0x00,0x00
3575,0x26A1E0,0x35100,0x0,0,1,9897,857,1,671,672,0,0,0,0,0,0,0,0,0x29F00,0x00,0x00
3576,0x26A4A4,0x35100,0x0,0,1,9900,857,1,671,672,0,0,0,0,0,0,0,0,0x29F00,0x00,0x00
3577,0x26A768,0x35100,0x0,0,1,9903,857,1,671,672,0,0,0,0,0,0,0,0,0x29F00,0x00,0x00
3578,0x26AA2C,0x35100,0x0,0,1,9906,857,1,671,672,0,0,0,0,0,0,0,0,0x29F00,0x00,0x00
3579,0x26ACF0,0x35100,0x0,0,1,9908,857,1,671,672,0,0,0,0,0,0,0,0,0x29F00,0x00,0x00
3580,0x26AFB4,0x35100,0x0,0,1,9911,857,1,671,672,0,0,0,0,0,0,0,0,0x29F00,0x00,0x00
3581,0x26B278,0x35100,0x0,0,1,9914,857,1,671,672,0,0,0,0,0,0,0,0,0x29F00,0x00,0x00
3582,0x26B53C,0x35100,0x0,0,1,9917,857,1,671,672,0,0,0,0,0,0,0,0,0x29F00,0x00,0x00
3583,0x26B800,0x35100,0x0,0,1,9920,857,1,671,672,0,0,0,0,0,0,0,0,0x29F00,0x00,0x00
3584,0x26BAC4,0x35100,0x0,0,1,9922,857,1,671,672,0,0,0,0,0,0,0,0,0x29F00,0x00,0x00
3585,0x26BD88,0x35100,0x0,0,1,9925,857,1,671,672,0,0,0,0,0,0,0,0,0x29F00,0x00,0x00
3586,0x26C04C,0x35100,0x0,0,1,9928,857,1,671,672,0,0,0,0,0,0,0,0,0x29F00,0x00,0x00
3587,0x26C310,0x35100,0xFFFFFA70,1,1,9931,857,0,671,672,0,0,0,0,0,0,0,0,0x29F00,0x00,0x00
3588,0x26C5D4,0x34BDB,0xFFFFFADB,0,1,9933,851,0,671,672,0,0,0,0,0,0,0,0,0x29F00,0xDB,0x00
3589,0x26C898,0x34721,0xFFFFFB46,0,1,9936,847,0,671,672,0,0,0,0,0,0,0,0,0x29F00,0x21,0x00
3590,0x26CB5C,0x342D2,0xFFFFFBB1,0,1,9939,842,0,671,672,0,0,0,0,0,0,0,0,0x29F00,0xD2,0x00
3591,0x26CE20,0x33EEE,0xFFFFFC1C,0,1,9942,838,0,671,672,0,0,0,0,0,0,0,0,0x29F00,0xEE,0x00
3592,0x26D0E4,0x33B75,0xFFFFFC87,0,1,9944,835,0,671,672,0,0,0,0,0,0,0,0,0x29F00,0x75,0x00
3593,0x26D3A8,0x33867,0xFFFFFCF2,0,1,9947,832,0,671,672,0,0,0,0,0,0,0,0,0x29F00,0x67,0x00
3594,0x26D66C,0x335C4,0xFFFFFD5D,0,1,9950,829,0,671,672,0,0,0,0,0,0,0,0,0x29F00,0xC4,0x00
3595,0x26D930,0x3338C,0xFFFFFDC8,0,1,9953,827,0,671,672,0,0,0,0,0,0,0,0,0x29F00,0x8C,0x00
3596,0x26DBF4,0x331BF,0xFFFFFE33,0,1,9955,825,0,671,672,0,0,0,0,0,0,0,0,0x29F00,0xBF,0x00
3597,0x26DEB8,0x3305D,0xFFFFFE9E,0,1,9958,824,0,671,672,0,0,0,0,0,0,0,0,0x29F00,0x5D,0x00
3598,0x26E17C,0x32F66,0xFFFFFF09,0,1,9961,823,0,671,672,0,0,0,0,0,0,0,0,0x29F00,0x66,0x00
3599,0x26E440,0x32EDA,0xFFFFFF74,0,1,9964,822,0,671,672,0,0,0,0,0,0,0,0,0x29F00,0xDA,0x00
3600,0x26E704,0x32EB9,0xFFFFFFDF,0,1,9967,822,0,671,672,0,0,0,0,0,0,0,0,0x29F00,0xB9,0x00
3601,0x26E9C8,0x32F03,0x4A,0,1,9969,823,0,671,672,0,0,0,0,0,0,0,0,0x29F00,0x03,0x00
3602,0x26EC8C,0x32FB8,0xB5,0,1,9972,823,0,671,672,0,0,0,0,0,0,0,0,0x29F00,0xB8,0x00
3603,0x26EF50,0x330D8,0x120,0,1,9975,824,0,671,672,0,0,0,0,0,0,0,0,0x29F00,0xD8,0x00
3604,0x26F214,0x33263,0x18B,0,1,9978,826,0,671,672,0,0,0,0,0,0,0,0,0x29F00,0x63,0x00
3605,0x26F4D8,0x33459,0x1F6,0,1,9980,828,0,671,672,0,0,0,0,0,0,0,0,0x29F00,0x59,0x00
3606,0x26F79C,0x336BA,0x261,0,1,9983,830,0,671,672,0,0,0,0,0,0,0,0,0x29F00,0xBA,0x00
3607,0x26FA60,0x33986,0x2CC,0,1,9986,833,0,671,672,0,0,0,0,0,0,0,0,0x29F00,0x86,0x00
3608,0x26FD24,0x33CBD,0x337,0,1,9989,836,0,671,672,0,0,0,0,0,0,0,0,0x29F00,0xBD,0x00
3609,0x26FFE8,0x3405F,0x3A2,0,1,9991,840,0,671,672,0,0,0,0,0,0,0,0,0x29F00,0x5F,0x00
3610,0x2702AC,0x3446C,0x40D,0,1,9994,844,0,671,672,0,0,0,0,0,0,0,0,0x29F00,0x6C,0x00
3611,0x270570,0x348E4,0x478,0,1,9997,848,0,671,672,0,0,0,0,0,0,0,0,0x29F00,0xE4,0x00
3612,0x270834,0x34DC7,0x4E3,0,1,10000,853,0,671,672,0,0,0,0,0,0,0,0,0x29F00,0xC7,0x00
3613,0x270AF8,0x35100,0x0,0,1,10002,857,1,671,672,0,0,0,0,0,0,0,0,0x29F00,0x00,0x00
3614,0x270DBC,0x35100,0x0,0,1,10005,857,1,671,672,0,0,0,0,0,0,0,0,0x29F00,0x00,0x00
3615,0x271080,0x35100,0x0,0,1,10008,857,1,671,672,0,0,0,0,0,0,0,0,0x29F00,0x00,0x00
3616,0x271344,0x35100,0x0,0,1,10011,857,1,671,672,0,0,0,0,0,0,0,0,0x29F00,0x00,0x00
3617,0x271608,0x35100,0x0,0,1,10014,857,1,671,672,0,0,0,0,0,0,0,0,0x29F00,0x00,0x00
3618,0x2718CC,0x35100,0x0,0,1,10016,857,1,671,672,0,0,0,0,0,0,0,0,0x29F00,0x00,0x00
3619,0x271B90,0x35100,0x0,0,1,10019,857,1,671,672,0,0,0,0,0,0,0,0,0x29F00,0x00,0x00
3620,0x271E54,0x35100,0x0,0,1,10022,857,1,671,672,0,0,0,0,0,0,0,0,0x29F00,0x00,0x00
3621,0x272118,0x35100,0x0,0,1,10025,857,1,671,672,0,0,0,0,0,0,0,0,0x29F00,0x00,0x00
3622,0x2723DC,0x35100,0x0,0,1,10027,857,1,671,672,0,0,0,0,0,0,0,0,0x29F00,0x00,0x00
3623,0x2726A0,0x35100,0x0,0,1,10030,857,1,671,672,0,0,0,0,0,0,0,0,0x29F00,0x00,0x00
3624,0x272964,0x35100,0x0,0,1,10033,857,1,671,672,0,0,0,0,0,0,0,0,0x29F00,0x00,0x00
3625,0x272C28,0x35100,0x0,0,1,10036,857,1,671,672,0,0,0,0,0,0,0,0,0x29F00,0x00,0x00
3626,0x272EEC,0x35100,0x0,0,1,10038,857,1,671,672,0,0,0,0,0,0,0,0,0x29F00,0x00,0x00
3627,0x2731B0,0x35100,0x0,0,1,10041,857,1,671,672,0,0,0,0,0,0,0,0,0x29F00,0x00,0x00
3628,0x273474,0x35100,0x0,0,1,10044,857,1,671,672,0,0,0,0,0,0,0,0,0x29F00,0x00,0x00
3629,0x273738,0x35100,0x0,0,1,10047,857,1,671,672,0,0,0,0,0,0,0,0,0x29F00,0x00,0x00
3630,0x2739FC,0x35100,0x0,0,1,10049,857,1,671,672,0,0,0,0,0,0,0,0,0x29F00,0x00,0x00
3631,0x273CC0,0x35100,0x0,0,1,10052,857,1,671,672,0,0,0,0,0,0,0,0,0x29F00,0x00,0x00
3632,0x273F84,0x35100,0x0,0,1,10055,857,1,671,672,0,0,0,0,0,0,0,0,0x29F00,0x00,0x00
3633,0x274248,0x35100,0xFFFFFA70,1,1,10058,857,0,671,672,0,0,0,0,0,0,0,0,0x29F00,0x00,0x00
3634,0x27450C,0x34BDB,0xFFFFFADB,0,1,10061,851,0,671,672,0,0,0,0,0,0,0,0,0x29F00,0xDB,0x00
3635,0x2747D0,0x34721,0xFFFFFB46,0,1,10063,847,0,671,672,0,0,0,0,0,0,0,0,0x29F00,0x21,0x00
3636,0x274A94,0x342D2,0xFFFFFBB1,0,1,10066,842,0,671,672,0,0,0,0,0,0,0,0,0x29F00,0xD2,0x00
3637,0x274D58,0x33EEE,0xFFFFFC1C,0,1,10069,838,0,671,672,0,0,0,0,0,0,0,0,0x29F00,0xEE,0x00
3638,0x27501C,0x33B75,0xFFFFFC87,0,1,10072,835,0,671,672,0,0,0,0,0,0,0,0,0x29F00,0x75,0x00
3639,0x2752E0,0x33867,0xFFFFFCF2,0,1,10074,832,0,671,672,0,0,0,0,0,0,0,0,0x29F00,0x67,0x00
3640,0x2755A4,0x335C4,0xFFFFFD5D,0,1,10077,829,0,671,672,0,0,0,0,0,0,0,0,0x29F00,0xC4,0x00
3641,0x275868,0x3338C,0xFFFFFDC8,0,1,10080,827,0,671,672,0,0,0,0,0,0,0,0,0x29F00,0x8C,0x00
3642,0x275B2C,0x331BF,0xFFFFFE33,0,1,10083,825,0,671,672,0,0,0,0,0,0,0,0,0x29F00,0xBF,0x00
3643,0x275DF0,0x3305D,0xFFFFFE9E,0,1,10085,824,0,671,672,0,0,0,0,0,0,0,0,0x29F00,0x5D,0x00
3644,0x2760B4,0x32F66,0xFFFFFF09,0,1,10088,823,0,671,672,0,0,0,0,0,0,0,0,0x29F00,0x66,0x00
3645,0x276378,0x32EDA,0xFFFFFF74,0,1,10091,822,0,671,672,0,0,0,0,0,0,0,0,0x29F00,0xDA,0x00
3646,0x27663C,0x32EB9,0xFFFFFFDF,0,1,10094,822,0,671,672,0,0,0,0,0,0,0,0,0x29F00,0xB9,0x00
3647,0x276900,0x32F03,0x4A,0,1,10097,823,0,671,672,0,0,0,0,0,0,0,0,0x29F00,0x03,0x00
3648,0x276BC4,0x32FB8,0xB5,0,1,10099,823,0,671,672,0,0,0,0,0,0,0,0,0x29F00,0xB8,0x00
3649,0x276E88,0x330D8,0x120,0,1,10102,824,0,671,672,0,0,0,0,0,0,0,0,0x29F00,0xD8,0x00
3650,0x27714C,0x33263,0x18B,0,1,10105,826,0,671,672,0,0,0,0,0,0,0,0,0x29F00,0x63,0x00
3651,0x277410,0x33459,0x1F6,0,1,10108,828,0,671,672,0,0,0,0,0,0,0,0,0x29F00,0x59,0x00
3652,0x2776D4,0x336BA,0x261,0,1,10110,830,0,671,672,0,0,0,0,0,0,0,0,0x29F00,0xBA,0x00
3653,0x277998,0x33986,0x2CC,0,1,10113,833,0,671,672,0,0,0,0,0,0,0,0,0x29F00,0x86,0x00
3654,0x277C5C,0x33CBD,0x337,0,1,10116,836,0,671,672,0,0,0,0,0,0,0,0,0x29F00,0xBD,0x00
3655,0x277F20,0x3405F,0x3A2,0,1,10119,840,0,671,672,0,0,0,0,0,0,0,0,0x29F00,0x5F,0x00
3656,0x2781E4,0x3446C,0x40D,0,1,10121,844,0,671,672,0,0,0,0,0,0,0,0,0x29F00,0x6C,0x00
3657,0x2784A8,0x348E4,0x478,0,1,10124,848,0,671,672,0,0,0,0,0,0,0,0,0x29F00,0xE4,0x00
3658,0x27876C,0x34DC7,0x4E3,0,1,10127,853,0,671,672,0,0,0,0,0,0,0,0,0x29F00,0xC7,0x00
3659,0x278A30,0x35100,0x0,0,1,10130,857,1,671,672,0,0,0,0,0,0,0,0,0x29F00,0x00,0x00
3660,0x278CF4,0x35100,0x0,0,1,10132,857,1,671,672,0,0,0,0,0,0,0,0,0x29F00,0x00,0x00
3661,0x278FB8,0x35100,0x0,0,1,10135,857,1,671,672,0,0,0,0,0,0,0,0,0x29F00,0x00,0x00
3662,0x27927C,0x35100,0x0,0,1,10138,857,1,671,672,0,0,0,0,0,0,0,0,0x29F00,0x00,0x00
3663,0x279540,0x35100,0x0,0,1,10141,857,1,671,672,0,0,0,0,0,0,0,0,0x29F00,0x00,0x00
3664,0x279804,0x35100,0x0,0,1,10144,857,1,671,672,0,0,0,0,0,0,0,0,0x29F00,0x00,0x00
3665,0x279AC8,0x35100,0x0,0,1,10146,857,1,671,672,0,0,0,0,0,0,0,0,0x29F00,0x00,0x00
3666,0x279D8C,0x35100,0x0,0,1,10149,857,1,671,672,0,0,0,0,0,0,0,0,0x29F00,0x00,0x00
3667,0x27A050,0x35100,0x0,0,1,10152,857,1,671,672,0,0,0,0,0,0,0,0,0x29F00,0x00,0x00
3668,0x27A314,0x35100,0x0,0,1,10155,857,1,671,672,0,0,0,0,0,0,0,0,0x29F00,0x00,0x00
3669,0x27A5D8,0x35100,0x0,0,1,10157,857,1,671,672,0,0,0,0,0,0,0,0,0x29F00,0x00,0x00
3670,0x27A89C,0x35100,0x0,0,1,10160,857,1,671,672,0,0,0,0,0,0,0,0,0x29F00,0x00,0x00
3671,0x27AB60,0x35100,0x0,0,1,10163,857,1,671,672,0,0,0,0,0,0,0,0,0x29F00,0x00,0x00
3672,0x27AE24,0x35100,0x0,0,1,10166,857,1,671,672,0,0,0,0,0,0,0,0,0x29F00,0x00,0x00
3673,0x27B0E8,0x35100,0x0,0,1,10168,857,1,671,672,0,0,0,0,0,0,0,0,0x29F00,0x00,0x00
3674,0x27B3AC,0x35100,0x0,0,1,10171,857,1,671,672,0,0,0,0,0,0,0,0,0x29F00,0x00,0x00
3675,0x27B670,0x35100,0x0,0,1,10174,857,1,671,672,0,0,0,0,0,0,0,0,0x29F00,0x00,0x00
3676,0x27B934,0x35100,0x0,0,1,10177,857,1,671,672,0,0,0,0,0,0,0,0,0x29F00,0x00,0x00
3677,0x27BBF8,0x35100,0x0,0,1,10179,857,1,671,672,0,0,0,0,0,0,0,0,0x29F00,0x00,0x00
3678,0x27BEBC,0x35100,0xFFFFFA70,1,1,10182,857,0,671,672,0,0,0,0,0,0,0,0,0x29F00,0x00,0x00
3679,0x27C180,0x34BDB,0xFFFFFADB,0,1,10185,851,0,671,672,0,0,0,0,0,0,0,0,0x29F00,0xDB,0x00
3680,0x27C444,0x34721,0xFFFFFB46,0,1,10188,847,0,671,672,0,0,0,0,0,0,0,0,0x29F00,0x21,0x00
3681,0x27C708,0x342D2,0xFFFFFBB1,0,1,10191,842,0,671,672,0,0,0,0,0,0,0,0,0x29F00,0xD2,0x00
3682,0x27C9CC,0x33EEE,0xFFFFFC1C,0,1,10193,838,0,671,672,0,0,0,0,0,0,0,0,0x29F00,0xEE,0x00
3683,0x27CC90,0x33B75,0xFFFFFC87,0,1,10196,835,0,671,672,0,0,0,0,0,0,0,0,0x29F00,0x75,0x00
3684,0x27CF54,0x33867,0xFFFFFCF2,0,1,10199,832,0,671,672,0,0,0,0,0,0,0,0,0x29F00,0x67,0x00
3685,0x27D218,0x335C4,0xFFFFFD5D,0,1,10202,829,0,671,672,0,0,0,0,0,0,0,0,0x29F00,0xC4,0x00
3686,0x27D4DC,0x3338C,0xFFFFFDC8,0,1,10204,827,0,671,672,0,0,0,0,0,0,0,0,0x29F00,0x8C,0x00
3687,0x27D7A0,0x331BF,0xFFFFFE33,0,1,10207,825,0,671,672,0,0,0,0,0,0,0,0,0x29F00,0xBF,0x00
3688,0x27DA64,0x3305D,0xFFFFFE9E,0,1,10210,824,0,671,672,0,0,0,0,0,0,0,0,0x29F00,0x5D,0x00
3689,0x27DD28,0x32F66,0xFFFFFF09,0,1,10213,823,0,671,672,0,0,0,0,0,0,0,0,0x29F00,0x66,0x00
3690,0x27DFEC,0x32EDA,0xFFFFFF74,0,1,10215,822,0,671,672,0,0,0,0,0,0,0,0,0x29F00,0xDA,0x00
3691,0x27E2B0,0x32EB9,0xFFFFFFDF,0,1,10218,822,0,671,672,0,0,0,0,0,0,0,0,0x29F00,0xB9,0x00
3692,0x27E574,0x32F03,0x4A,0,1,10221,823,0,671,672,0,0,0,0,0,0,0,0,0x29F00,0x03,0x00
3693,0x27E838,0x32FB8,0xB5,0,1,10224,823,0,671,672,0,0,0,0,0,0,0,0,0x29F00,0xB8,0x00
3694,0x27EAFC,0x330D8,0x120,0,1,10226,824,0,671,672,0,0,0,0,0,0,0,0,0x29F00,0xD8,0x00
3695,0x27EDC0,0x33263,0x18B,0,1,10229,826,0,671,672,0,0,0,0,0,0,0,0,0x29F00,0x63,0x00
3696,0x27F084,0x33459,0x1F6,0,1,10232,828,0,671,672,0,0,0,0,0,0,0,0,0x29F00,0x59,0x00
3697,0x27F348,0x336BA,0x261,0,1,10235,830,0,671,672,0,0,0,0,0,0,0,0,0x29F00,0xBA,0x00
3698,0x27F60C,0x33986,0x2CC,0,1,10238,833,0,671,672,0,0,0,0,0,0,0,0,0x29F00,0x86,0x00
3699,0x27F8D0,0x33CBD,0x337,0,1,10240,836,0,671,672,0,0,0,0,0,0,0,0,0x29F00,0xBD,0x00
3700,0x27FB94,0x3405F,0x3A2,0,1,10243,840,0,671,672,0,0,0,0,0,0,0,0,0x29F00,0x5F,0x00
3701,0x27FE58,0x3446C,0x40D,0,1,10246,844,0,671,672,0,0,0,0,0,0,0,0,0x29F00,0x6C,0x00
3702,0x28011C,0x348E4,0x478,0,1,10249,848,0,671,672,0,0,0,0,0,0,0,0,0x29F00,0xE4,0x00
3703,0x2803E0,0x34DC7,0x4E3,0,1,10251,853,0,671,672,0,0,0,0,0,0,0,0,0x29F00,0xC7,0x00
3704,0x2806A4,0x35100,0x0,0,1,10254,857,1,671,672,0,0,0,0,0,0,0,0,0x29F00,0x00,0x00
3705,0x280968,0x35100,0x0,0,1,10257,857,1,671,672,0,0,0,0,0,0,0,0,0x29F00,0x00,0x00
3706,0x280C2C,0x35100,0x0,0,1,10260,857,1,671,672,0,0,0,0,0,0,0,0,0x29F00,0x00,0x00
3707,0x280EF0,0x35100,0x0,0,1,10262,857,1,671,672,0,0,0,0,0,0,0,0,0x29F00,0x00,0x00
3708,0x2811B4,0x35100,0x0,0,1,10265,857,1,671,672,0,0,0,0,0,0,0,0,0x29F00,0x00,0x00
3709,0x281478,0x35100,0x0,0,1,10268,857,1,671,672,0,0,0,0,0,0,0,0,0x29F00,0x00,0x00
3710,0x28173C,0x35100,0x0,0,1,10271,857,1,671,672,0,0,0,0,0,0,0,0,0x29F00,0x00,0x00
3711,0x281A00,0x35100,0x0,0,1,10274,857,1,671,672,0,0,0,0,0,0,0,0,0x29F00,0x00,0x00
3712,0x281CC4,0x35100,0x0,0,1,10276,857,1,671,672,0,0,0,0,0,0,0,0,0x29F00,0x00,0x00
3713,0x281F88,0x35100,0x0,0,1,10279,857,1,671,672,0,0,0,0,0,0,0,0,0x29F00,0x00,0x00
3714,0x28224C,0x35100,0x0,0,1,10282,857,1,671,672,0,0,0,0,0,0,0,0,0x29F00,0x00,0x00
3715,0x282510,0x35100,0x0,0,1,10285,857,1,671,672,0,0,0,0,0,0,0,0,0x29F00,0x00,0x00
3716,0x2827D4,0x35100,0x0,0,1,10287,857,1,671,672,0,0,0,0,0,0,0,0,0x29F00,0x00,0x00
3717,0x282A98,0x35100,0x0,0,1,10290,857,1,671,672,0,0,0,0,0,0,0,0,0x29F00,0x00,0x00
3718,0x282D5C,0x35100,0x0,0,1,10293,857,1,671,672,0,0,0,0,0,0,0,0,0x29F00,0x00,0x00
3719,0x283020,0x35100,0x0,0,1,10296,857,1,671,672,0,0,0,0,0,0,0,0,0x29F00,0x00,0x00
3720,0x2832E4,0x35100,0x0,0,1,10298,857,1,671,672,0,0,0,0,0,0,0,0,0x29F00,0x00,0x00
3721,0x2835A8,0x35100,0x0,0,1,10301,857,1,671,672,0,0,0,0,0,0,0,0,0x29F00,0x00,0x00
3722,0x28386C,0x35100,0x0,0,1,10304,857,1,671,672,0,0,0,0,0,0,0,0,0x29F00,0x00,0x00
3723,0x283B30,0x35100,0x0,0,1,10307,857,1,671,672,0,0,0,0,0,0,0,0,0x29F00,0x00,0x00
3724,0x283DF4,0x35100,0x0,0,1,10309,857,1,671,672,0,0,0,0,0,0,0,0,0x29F00,0x00,0x00
3725,0x2840B8,0x35100,0x0,0,1,10312,857,1,671,672,0,0,0,0,0,0,0,0,0x29F00,0x00,0x00
3726,0x28437C,0x35100,0x0,0,1,10315,857,1,671,672,0,0,0,0,0,0,0,0,0x29F00,0x00,0x00
3727,0x284640,0x35100,0x0,0,1,10318,857,1,671,672,0,0,0,0,0,0,0,0,0x29F00,0x00,0x00
3728,0x284904,0x35100,0x0,0,1,10321,857,1,671,672,0,0,0,0,0,0,0,0,0x29F00,0x00,0x00
3729,0x284BC8,0x35100,0x0,0,1,10323,857,1,671,672,0,0,0,0,0,0,0,0,0x29F00,0x00,0x00
3730,0x284E8C,0x35100,0x0,0,1,10326,857,1,671,672,0,0,0,0,0,0,0,0,0x29F00,0x00,0x00
3731,0x285150,0x35100,0x0,0,1,10329,857,1,671,672,0,0,0,0,0,0,0,0,0x29F00,0x00,0x00
3732,0x285414,0x35100,0xFFFFFA70,1,1,10332,857,0,671,672,0,0,0,0,0,0,0,0,0x29F00,0x00,0x00
3733,0x2856D8,0x34BDB,0xFFFFFADB,0,1,10334,851,0,671,672,0,0,0,0,0,0,0,0,0x29F00,0xDB,0x00
3734,0x28599C,0x34721,0xFFFFFB46,0,1,10337,847,0,671,672,0,0,0,0,0,0,0,0,0x29F00,0x21,0x00
3735,0x285C60,0x342D2,0xFFFFFBB1,0,1,10340,842,0,671,672,0,0,0,0,0,0,0,0,0x29F00,0xD2,0x00
3736,0x285F24,0x33EEE,0xFFFFFC1C,0,1,10343,838,0,671,672,0,0,0,0,0,0,0,0,0x29F00,0xEE,0x00
3737,0x2861E8,0x33B75,0xFFFFFC87,0,1,10345,835,0,671,672,0,0,0,0,0,0,0,0,0x29F00,0x75,0x00
3738,0x2864AC,0x33867,0xFFFFFCF2,0,1,10348,832,0,671,672,0,0,0,0,0,0,0,0,0x29F00,0x67,0x00
3739,0x286770,0x335C4,0xFFFFFD5D,0,1,10351,829,0,671,672,0,0,0,0,0,0,0,0,0x29F00,0xC4,0x00
3740,0x286A34,0x3338C,0xFFFFFDC8,0,1,10354,827,0,671,672,0,0,0,0,0,0,0,0,0x29F00,0x8C,0x00
3741,0x286CF8,0x331BF,0xFFFFFE33,0,1,10356,825,0,671,672,0,0,0,0,0,0,0,0,0x29F00,0xBF,0x00
3742,0x286FBC,0x3305D,0xFFFFFE9E,0,1,10359,824,0,671,672,0,0,0,0,0,0,0,0,0x29F00,0x5D,0x00
3743,0x287280,0x32F66,0xFFFFFF09,0,1,10362,823,0,671,672,0,0,0,0,0,0,0,0,0x29F00,0x66,0x00
3744,0x287544,0x32EDA,0xFFFFFF74,0,1,10365,822,0,671,672,0,0,0,0,0,0,0,0,0x29F00,0xDA,0x00
3745,0x287808,0x32EB9,0xFFFFFFDF,0,1,10368,822,0,671,672,0,0,0,0,0,0,0,0,0x29F00,0xB9,0x00
3746,0x287ACC,0x32F03,0x4A,0,1,10370,823,0,671,672,0,0,0,0,0,0,0,0,0x29F00,0x03,0x00
3747,0x287D90,0x32FB8,0xB5,0,1,10373,823,0,671,672,0,0,0,0,0,0,0,0,0x29F00,0xB8,0x00
3748,0x288054,0x330D8,0x120,0,1,10376,824,0,671,672,0,0,0,0,0,0,0,0,0x29F00,0xD8,0x00
3749,0x288318,0x33263,0x18B,0,1,10379,826,0,671,672,0,0,0,0,0,0,0,0,0x29F00,0x63,0x00
3750,0x2885DC,0x33459,0x1F6,0,1,10381,828,0,671,672,0,0,0,0,0,0,0,0,0x29F00,0x59,0x00
3751,0x2888A0,0x336BA,0x261,0,1,10384,830,0,671,672,0,0,0,0,0,0,0,0,0x29F00,0xBA,0x00
3752,0x288B64,0x33986,0x2CC,0,1,10387,833,0,671,672,0,0,0,0,0,0,0,0,0x29F00,0x86,0x00
3753,0x288E28,0x33CBD,0x337,0,1,10390,836,0,671,672,0,0,0,0,0,0,0,0,0x29F00,0xBD,0x00
3754,0x2890EC,0x3405F,0x3A2,0,1,10392,840,0,671,672,0,0,0,0,0,0,0,0,0x29F00,0x5F,0x00
3755,0x2893B0,0x3446C,0x40D,0,1,10395,844,0,671,672,0,0,0,0,0,0,0,0,0x29F00,0x6C,0x00
3756,0x289674,0x348E4,0x478,0,1,10398,848,0,671,672,0,0,0,0,0,0,0,0,0x29F00,0xE4,0x00
3757,0x289938,0x34DC7,0x4E3,0,1,10401,853,0,671,672,0,0,0,0,0,0,0,0,0x29F00,0xC7,0x00
3758,0x289BFC,0x35100,0x0,0,1,10403,857,1,671,672,0,0,0,0,0,0,0,0,0x29F00,0x00,0x00
3759,0x289EC0,0x35100,0x0,0,1,10406,857,1,671,672,0,0,0,0,0,0,0,0,0x29F00,0x00,0x00
3760,0x28A184,0x35100,0x0,0,1,10409,857,1,671,672,0,0,0,0,0,0,0,0,0x29F00,0x00,0x00
3761,0x28A448,0x35100,0x0,0,1,10412,857,1,671,672,0,0,0,0,0,0,0,0,0x29F00,0x00,0x00
3762,0x28A70C,0x35100,0x0,0,1,10415,857,1,671,672,0,0,0,0,0,0,0,0,0x29F00,0x00,0x00
3763,0x28A9D0,0x35100,0x0,0,1,10417,857,1,671,672,0,0,0,0,0,0,0,0,0x29F00,0x00,0x00
3764,0x28AC94,0x35100,0x0,0,1,10420,857,1,671,672,0,0,0,0,0,0,0,0,0x29F00,0x00,0x00
3765,0x28AF58,0x35100,0x0,0,1,10423,857,1,671,672,0,0,0,0,0,0,0,0,0x29F00,0x00,0x00
3766,0x28B21C,0x35100,0x0,0,1,10426,857,1,671,672,0,0,0,0,0,0,0,0,0x29F00,0x00,0x00
3767,0x28B4E0,0x35100,0x0,0,1,10428,857,1,671,672,0,0,0,0,0,0,0,0,0x29F00,0x00,0x00
3768,0x28B7A4,0x35100,0x0,0,1,10431,857,1,671,672,0,0,0,0,0,0,0,0,0x29F00,0x00,0x00
3769,0x28BA68,0x35100,0x0,0,1,10434,857,1,671,672,0,0,0,0,0,0,0,0,0x29F00,0x00,0x00
3770,0x28BD2C,0x35100,0x0,0,1,10437,857,1,671,672,0,0,0,0,0,0,0,0,0x29F00,0x00,0x00
3771,0x28BFF0,0x35100,0x0,0,1,10439,857,1,671,672,0,0,0,0,0,0,0,0,0x29F00,0x00,0x00
3772,0x28C2B4,0x35100,0x0,0,1,10442,857,1,671,672,0,0,0,0,0,0,0,0,0x29F00,0x00,0x00
3773,0x28C578,0x35100,0x0,0,1,10445,857,1,671,672,0,0,0,0,0,0,0,0,0x29F00,0x00,0x00
3774,0x28C83C,0x35100,0x0,0,1,10448,857,1,671,672,0,0,0,0,0,0,0,0,0x29F00,0x00,0x00
3775,0x28CB00,0x35100,0x0,0,1,10451,857,1,671,672,0,0,0,0,0,0,0,0,0x29F00,0x00,0x00
3776,0x28CDC4,0x35100,0x0,0,1,10453,857,1,671,672,0,0,0,0,0,0,0,0,0x29F00,0x00,0x00
3777,0x28D088,0x35100,0x0,0,1,10456,857,1,671,672,0,0,0,0,0,0,0,0,0x29F00,0x00,0x00
3778,0x28D34C,0x35100,0xFFFFFA70,1,1,10459,857,0,671,672,0,0,0,0,0,0,0,0,0x29F00,0x00,0x00
3779,0x28D610,0x34BDB,0xFFFFFADB,0,1,10462,851,0,671,672,0,0,0,0,0,0,0,0,0x29F00,0xDB,0x00
3780,0x28D8D4,0x34721,0xFFFFFB46,0,1,10464,847,0,671,672,0,0,0,0,0,0,0,0,0x29F00,0x21,0x00
3781,0x28DB98,0x342D2,0xFFFFFBB1,0,1,10467,842,0,671,672,0,0,0,0,0,0,0,0,0x29F00,0xD2,0x00
3782,0x28DE5C,0x33EEE,0xFFFFFC1C,0,1,10470,838,0,671,672,0,0,0,0,0,0,0,0,0x29F00,0xEE,0x00
3783,0x28E120,0x33B75,0xFFFFFC87,0,1,10473,835,0,671,672,0,0,0,0,0,0,0,0,0x29F00,0x75,0x00
3784,0x28E3E4,0x33867,0xFFFFFCF2,0,1,10475,832,0,671,672,0,0,0,0,0,0,0,0,0x29F00,0x67,0x00
3785,0x28E6A8,0x335C4,0xFFFFFD5D,0,1,10478,829,0,671,672,0,0,0,0,0,0,0,0,0x29F00,0xC4,0x00
3786,0x28E96C,0x3338C,0xFFFFFDC8,0,1,10481,827,0,671,672,0,0,0,0,0,0,0,0,0x29F00,0x8C,0x00
3787,0x28EC30,0x331BF,0xFFFFFE33,0,1,10484,825,0,671,672,0,0,0,0,0,0,0,0,0x29F00,0xBF,0x00
3788,0x28EEF4,0x3305D,0xFFFFFE9E,0,1,10486,824,0,671,672,0,0,0,0,0,0,0,0,0x29F00,0x5D,0x00
3789,0x28F1B8,0x32F66,0xFFFFFF09,0,1,10489,823,0,671,672,0,0,0,0,0,0,0,0,0x29F00,0x66,0x00
3790,0x28F47C,0x32EDA,0xFFFFFF74,0,1,10492,822,0,671,672,0,0,0,0,0,0,0,0,0x29F00,0xDA,0x00
3791,0x28F740,0x32EB9,0xFFFFFFDF,0,1,10495,822,0,671,672,0,0,0,0,0,0,0,0,0x29F00,0xB9,0x00
3792,0x28FA04,0x32F03,0x4A,0,1,10498,823,0,671,672,0,0,0,0,0,0,0,0,0x29F00,0x03,0x00
3793,0x28FCC8,0x32FB8,0xB5,0,1,10500,823,0,671,672,0,0,0,0,0,0,0,0,0x29F00,0xB8,0x00
3794,0x28FF8C,0x330D8,0x120,0,1,10503,824,0,671,672,0,0,0,0,0,0,0,0,0x29F00,0xD8,0x00
3795,0x290250,0x33263,0x18B,0,1,10506,826,0,671,672,0,0,0,0,0,0,0,0,0x29F00,0x63,0x00
3796,0x290514,0x33459,0x1F6,0,1,10509,828,0,671,672,0,0,0,0,0,0,0,0,0x29F00,0x59,0x00
3797,0x2907D8,0x336BA,0x261,0,1,10511,830,0,671,672,0,0,0,0,0,0,0,0,0x29F00,0xBA,0x00
3798,0x290A9C,0x33986,0x2CC,0,1,10514,833,0,671,672,0,0,0,0,0,0,0,0,0x29F00,0x86,0x00
3799,0x290D60,0x33CBD,0x337,0,1,10517,836,0,671,672,0,0,0,0,0,0,0,0,0x29F00,0xBD,0x00
3800,0x291024,0x3405F,0x3A2,0,1,10520,840,0,671,672,0,0,0,0,0,0,0,0,0x29F00,0x5F,0x00
3801,0x2912E8,0x3446C,0x40D,0,1,10522,844,0,671,672,0,0,0,0,0,0,0,0,0x29F00,0x6C,0x00
3802,0x2915AC,0x348E4,0x478,0,1,10525,848,0,671,672,0,0,0,0,0,0,0,0,0x29F00,0xE4,0x00
3803,0x291870,0x34DC7,0x4E3,0,1,10528,853,0,671,672,0,0,0,0,0,0,0,0,0x29F00,0xC7,0x00
3804,0x291B34,0x35100,0x0,0,1,10531,857,1,671,672,0,0,0,0,0,0,0,0,0x29F00,0x00,0x00
3805,0x291DF8,0x35100,0x0,0,1,10533,857,1,671,672,0,0,0,0,0,0,0,0,0x29F00,0x00,0x00
3806,0x2920BC,0x35100,0x0,0,1,10536,857,1,671,672,0,0,0,0,0,0,0,0,0x29F00,0x00,0x00
3807,0x292380,0x35100,0x0,0,1,10539,857,1,671,672,0,0,0,0,0,0,0,0,0x29F00,0x00,0x00
3808,0x292644,0x35100,0x0,0,1,10542,857,1,671,672,0,0,0,0,0,0,0,0,0x29F00,0x00,0x00
3809,0x292908,0x35100,0x0,0,1,10545,857,1,671,672,0,0,0,0,0,0,0,0,0x29F00,0x00,0x00
3810,0x292BCC,0x35100,0x0,0,1,10547,857,1,671,672,0,0,0,0,0,0,0,0,0x29F00,0x00,0x00
3811,0x292E90,0x35100,0x0,0,1,10550,857,1,671,672,0,0,0,0,0,0,0,0,0x29F00,0x00,0x00
3812,0x293154,0x35100,0x0,0,1,10553,857,1,671,672,0,0,0,0,0,0,0,0,0x29F00,0x00,0x00
3813,0x293418,0x35100,0x0,0,1,10556,857,1,671,672,0,0,0,0,0,0,0,0,0x29F00,0x00,0x00
3814,0x2936DC,0x35100,0x0,0,1,10558,857,1,671,672,0,0,0,0,0,0,0,0,0x29F00,0x00,0x00
3815,0x2939A0,0x35100,0x0,0,1,10561,857,1,671,672,0,0,0,0,0,0,0,0,0x29F00,0x00,0x00
3816,0x293C64,0x35100,0x0,0,1,10564,857,1,671,672,0,0,0,0,0,0,0,0,0x29F00,0x00,0x00
3817,0x293F28,0x35100,0x0,0,1,10567,857,1,671,672,0,0,0,0,0,0,0,0,0x29F00,0x00,0x00
3818,0x2941EC,0x35100,0x0,0,1,10569,857,1,671,672,0,0,0,0,0,0,0,0,0x29F00,0x00,0x00
3819,0x2944B0,0x35100,0x0,0,1,10572,857,1,671,672,0,0,0,0,0,0,0,0,0x29F00,0x00,0x00
3820,0x294774,0x35100,0x0,0,1,10575,857,1,671,672,0,0,0,0,0,0,0,0,0x29F00,0x00,0x00
3821,0x294A38,0x35100,0x0,0,1,10578,857,1,671,672,0,0,0,0,0,0,0,0,0x29F00,0x00,0x00
3822,0x294CFC,0x35100,0x0,0,1,10580,857,1,671,672,0,0,0,0,0,0,0,0,0x29F00,0x00,0x00
3823,0x294FC0,0x35100,0x0,0,1,10583,857,1,671,672,0,0,0,0,0,0,0,0,0x29F00,0x00,0x00
3824,0x295284,0x35100,0xFFFFFA70,1,1,10586,857,0,671,672,0,0,0,0,0,0,0,0,0x29F00,0x00,0x00
3825,0x295548,0x34BDB,0xFFFFFADB,0,1,10589,851,0,671,672,0,0,0,0,0,0,0,0,0x29F00,0xDB,0x00
3826,0x29580C,0x34721,0xFFFFFB46,0,1,10592,847,0,671,672,0,0,0,0,0,0,0,0,0x29F00,0x21,0x00
3827,0x295AD0,0x342D2,0xFFFFFBB1,0,1,10594,842,0,671,672,0,0,0,0,0,0,0,0,0x29F00,0xD2,0x00
3828,0x295D94,0x33EEE,0xFFFFFC1C,0,1,10597,838,0,671,672,0,0,0,0,0,0,0,0,0x29F00,0xEE,0x00
3829,0x296058,0x33B75,0xFFFFFC87,0,1,10600,835,0,671,672,0,0,0,0,0,0,0,0,0x29F00,0x75,0x00
3830,0x29631C,0x33867,0xFFFFFCF2,0,1,10603,832,0,671,672,0,0,0,0,0,0,0,0,0x29F00,0x67,0x00
3831,0x2965E0,0x335C4,0xFFFFFD5D,0,1,10605,829,0,671,672,0,0,0,0,0,0,0,0,0x29F00,0xC4,0x00
3832,0x2968A4,0x3338C,0xFFFFFDC8,0,1,10608,827,0,671,672,0,0,0,0,0,0,0,0,0x29F00,0x8C,0x00
3833,0x296B68,0x331BF,0xFFFFFE33,0,1,10611,825,0,671,672,0,0,0,0,0,0,0,0,0x29F00,0xBF,0x00
3834,0x296E2C,0x3305D,0xFFFFFE9E,0,1,10614,824,0,671,672,0,0,0,0,0,0,0,0,0x29F00,0x5D,0x00
3835,0x2970F0,0x32F66,0xFFFFFF09,0,1,10616,823,0,671,672,0,0,0,0,0,0,0,0,0x29F00,0x66,0x00
3836,0x2973B4,0x32EDA,0xFFFFFF74,0,1,10619,822,0,671,672,0,0,0,0,0,0,0,0,0x29F00,0xDA,0x00
3837,0x297678,0x32EB9,0xFFFFFFDF,0,1,10622,822,0,671,672,0,0,0,0,0,0,0,0,0x29F00,0xB9,0x00
3838,0x29793C,0x32F03,0x4A,0,1,10625,823,0,671,672,0,0,0,0,0,0,0,0,0x29F00,0x03,0x00
3839,0x297C00,0x32FB8,0xB5,0,1,10628,823,0,671,672,0,0,0,0,0,0,0,0,0x29F00,0xB8,0x00
3840,0x297EC4,0x330D8,0x120,0,1,10630,824,0,671,672,0,0,0,0,0,0,0,0,0x29F00,0xD8,0x00
3841,0x298188,0x33263,0x18B,0,1,10633,826,0,671,672,0,0,0,0,0,0,0,0,0x29F00,0x63,0x00
3842,0x29844C,0x33459,0x1F6,0,1,10636,828,0,671,672,0,0,0,0,0,0,0,0,0x29F00,0x59,0x00
3843,0x298710,0x336BA,0x261,0,1,10639,830,0,671,672,0,0,0,0,0,0,0,0,0x29F00,0xBA,0x00
3844,0x2989D4,0x33986,0x2CC,0,1,10641,833,0,671,672,0,0,0,0,0,0,0,0,0x29F00,0x86,0x00
3845,0x298C98,0x33CBD,0x337,0,1,10644,836,0,671,672,0,0,0,0,0,0,0,0,0x29F00,0xBD,0x00
3846,0x298F5C,0x3405F,0x3A2,0,1,10647,840,0,671,672,0,0,0,0,0,0,0,0,0x29F00,0x5F,0x00
3847,0x299220,0x3446C,0x40D,0,1,10650,844,0,671,672,0,0,0,0,0,0,0,0,0x29F00,0x6C,0x00
3848,0x2994E4,0x348E4,0x478,0,1,10652,848,0,671,672,0,0,0,0,0,0,0,0,0x29F00,0xE4,0x00
3849,0x2997A8,0x34DC7,0x4E3,0,1,10655,853,0,671,672,0,0,0,0,0,0,0,0,0x29F00,0xC7,0x00
3850,0x299A6C,0x35100,0x0,0,1,10658,857,1,671,672,0,0,0,0,0,0,0,0,0x29F00,0x00,0x00
3851,0x299D30,0x35100,0x0,0,1,10661,857,1,671,672,0,0,0,0,0,0,0,0,0x29F00,0x00,0x00
3852,0x299FF4,0x35100,0x0,0,1,10663,857,1,671,672,0,0,0,0,0,0,0,0,0x29F00,0x00,0x00
3853,0x29A2B8,0x35100,0x0,0,1,10666,857,1,671,672,0,0,0,0,0,0,0,0,0x29F00,0x00,0x00
3854,0x29A57C,0x35100,0x0,0,1,10669,857,1,671,672,0,0,0,0,0,0,0,0,0x29F00,0x00,0x00
3855,0x29A840,0x35100,0x0,0,1,10672,857,1,671,672,0,0,0,0,0,0,0,0,0x29F00,0x00,0x00
3856,0x29AB04,0x35100,0x0,0,1,10675,857,1,671,672,0,0,0,0,0,0,0,0,0x29F00,0x00,0x00
3857,0x29ADC8,0x35100,0x0,0,1,10677,857,1,671,672,0,0,0,0,0,0,0,0,0x29F00,0x00,0x00
3858,0x29B08C,0x35100,0x0,0,1,10680,857,1,671,672,0,0,0,0,0,0,0,0,0x29F00,0x00,0x00
3859,0x29B350,0x35100,0x0,0,1,10683,857,1,671,672,0,0,0,0,0,0,0,0,0x29F00,0x00,0x00
3860,0x29B614,0x35100,0x0,0,1,10686,857,1,671,672,0,0,0,0,0,0,0,0,0x29F00,0x00,0x00
3861,0x29B8D8,0x35100,0x0,0,1,10688,857,1,671,672,0,0,0,0,0,0,0,0,0x29F00,0x00,0x00
3862,0x29BB9C,0x35100,0x0,0,1,10691,857,1,671,672,0,0,0,0,0,0,0,0,0x29F00,0x00,0x00
3863,0x29BE60,0x35100,0x0,0,1,10694,857,1,671,672,0,0,0,0,0,0,0,0,0x29F00,0x00,0x00
3864,0x29C124,0x35100,0x0,0,1,10697,857,1,671,672,0,0,0,0,0,0,0,0,0x29F00,0x00,0x00
3865,0x29C3E8,0x35100,0x0,0,1,10699,857,1,671,672,0,0,0,0,0,0,0,0,0x29F00,0x00,0x00
3866,0x29C6AC,0x35100,0x0,0,1,10702,857,1,671,672,0,0,0,0,0,0,0,0,0x29F00,0x00,0x00
3867,0x29C970,0x35100,0x0,0,1,10705,857,1,671,672,0,0,0,0,0,0,0,0,0x29F00,0x00,0x00
3868,0x29CC34,0x35100,0x0,0,1,10708,857,1,671,672,0,0,0,0,0,0,0,0,0x29F00,0x00,0x00
3869,0x29CEF8,0x35100,0xFFFFFA70,1,1,10710,857,0,671,672,0,0,0,0,0,0,0,0,0x29F00,0x00,0x00
3870,0x29D1BC,0x34BDB,0xFFFFFADB,0,1,10713,851,0,671,672,0,0,0,0,0,0,0,0,0x29F00,0xDB,0x00
3871,0x29D480,0x34721,0xFFFFFB46,0,1,10716,847,0,671,672,0,0,0,0,0,0,0,0,0x29F00,0x21,0x00
3872,0x29D744,0x342D2,0xFFFFFBB1,0,1,10719,842,0,671,672,0,0,0,0,0,0,0,0,0x29F00,0xD2,0x00
3873,0x29DA08,0x33EEE,0xFFFFFC1C,0,1,10722,838,0,671,672,0,0,0,0,0,0,0,0,0x29F00,0xEE,0x00
3874,0x29DCCC,0x33B75,0xFFFFFC87,0,1,10724,835,0,671,672,0,0,0,0,0,0,0,0,0x29F00,0x75,0x00
3875,0x29DF90,0x33867,0xFFFFFCF2,0,1,10727,832,0,671,672,0,0,0,0,0,0,0,0,0x29F00,0x67,0x00
3876,0x29E254,0x335C4,0xFFFFFD5D,0,1,10730,829,0,671,672,0,0,0,0,0,0,0,0,0x29F00,0xC4,0x00
3877,0x29E518,0x3338C,0xFFFFFDC8,0,1,10733,827,0,671,672,0,0,0,0,0,0,0,0,0x29F00,0x8C,0x00
3878,0x29E7DC,0x331BF,0xFFFFFE33,0,1,10735,825,0,671,672,0,0,0,0,0,0,0,0,0x29F00,0xBF,0x00
3879,0x29EAA0,0x3305D,0xFFFFFE9E,0,1,10738,824,0,671,672,0,0,0,0,0,0,0,0,0x29F00,0x5D,0x00
3880,0x29ED64,0x32F66,0xFFFFFF09,0,1,10741,823,0,671,672,0,0,0,0,0,0,0,0,0x29F00,0x66,0x00
3881,0x29F028,0x32EDA,0xFFFFFF74,0,1,10744,822,0,671,672,0,0,0,0,0,0,0,0,0x29F00,0xDA,0x00
3882,0x29F2EC,0x32EB9,0xFFFFFFDF,0,1,10746,822,0,671,672,0,0,0,0,0,0,0,0,0x29F00,0xB9,0x00
3883,0x29F5B0,0x32F03,0x4A,0,1,10749,823,0,671,672,0,0,0,0,0,0,0,0,0x29F00,0x03,0x00
3884,0x29F874,0x32FB8,0xB5,0,1,10752,823,0,671,672,0,0,0,0,0,0,0,0,0x29F00,0xB8,0x00
3885,0x29FB38,0x330D8,0x120,0,1,10755,824,0,671,672,0,0,0,0,0,0,0,0,0x29F00,0xD8,0x00
3886,0x29FDFC,0x33263,0x18B,0,1,10757,826,0,671,672,0,0,0,0,0,0,0,0,0x29F00,0x63,0x00
3887,0x2A00C0,0x33459,0x1F6,0,1,10760,828,0,671,672,0,0,0,0,0,0,0,0,0x29F00,0x59,0x00
3888,0x2A0384,0x336BA,0x261,0,1,10763,830,0,671,672,0,0,0,0,0,0,0,0,0x29F00,0xBA,0x00
3889,0x2A0648,0x33986,0x2CC,0,1,10766,833,0,671,672,0,0,0,0,0,0,0,0,0x29F00,0x86,0x00
3890,0x2A090C,0x33CBD,0x337,0,1,10769,836,0,671,672,0,0,0,0,0,0,0,0,0x29F00,0xBD,0x00
3891,0x2A0BD0,0x3405F,0x3A2,0,1,10771,840,0,671,672,0,0,0,0,0,0,0,0,0x29F00,0x5F,0x00
3892,0x2A0E94,0x3446C,0x40D,0,1,10774,844,0,671,672,0,0,0,0,0,0,0,0,0x29F00,0x6C,0x00
3893,0x2A1158,0x348E4,0x478,0,1,10777,848,0,671,672,0,0,0,0,0,0,0,0,0x29F00,0xE4,0x00
3894,0x2A141C,0x34DC7,0x4E3,0,1,10780,853,0,671,672,0,0,0,0,0,0,0,0,0x29F00,0xC7,0x00
3895,0x2A16E0,0x35100,0x0,0,1,10782,857,1,671,672,0,0,0,0,0,0,0,0,0x29F00,0x00,0x00
3896,0x2A19A4,0x35100,0x0,0,1,10785,857,1,671,672,0,0,0,0,0,0,0,0,0x29F00,0x00,0x00
3897,0x2A1C68,0x35100,0x0,0,1,10788,857,1,671,672,0,0,0,0,0,0,0,0,0x29F00,0x00,0x00
3898,0x2A1F2C,0x35100,0x0,0,1,10791,857,1,671,672,0,0,0,0,0,0,0,0,0x29F00,0x00,0x00
3899,0x2A21F0,0x35100,0x0,0,1,10793,857,1,671,672,0,0,0,0,0,0,0,0,0x29F00,0x00,0x00
3900,0x2A24B4,0x35100,0x0,0,1,10796,857,1,671,672,0,0,0,0,0,0,0,0,0x29F00,0x00,0x00
3901,0x2A2778,0x35100,0x0,0,1,10799,857,1,671,672,0,0,0,0,0,0,0,0,0x29F00,0x00,0x00
3902,0x2A2A3C,0x35100,0x0,0,1,10802,857,1,671,672,0,0,0,0,0,0,0,0,0x29F00,0x00,0x00
3903,0x2A2D00,0x35100,0x0,0,1,10805,857,1,671,672,0,0,0,0,0,0,0,0,0x29F00,0x00,0x00
3904,0x2A2FC4,0x35100,0x0,0,1,10807,857,1,671,672,0,0,0,0,0,0,0,0,0x29F00,0x00,0x00
3905,0x2A3288,0x35100,0x0,0,1,10810,857,1,671,672,0,0,0,0,0,0,0,0,0x29F00,0x00,0x00
3906,0x2A354C,0x35100,0x0,0,1,10813,857,1,671,672,0,0,0,0,0,0,0,0,0x29F00,0x00,0x00
3907,0x2A3810,0x35100,0x0,0,1,10816,857,1,671,672,0,0,0,0,0,0,0,0,0x29F00,0x00,0x00
3908,0x2A3AD4,0x35100,0x0,0,1,10818,857,1,671,672,0,0,0,0,0,0,0,0,0x29F00,0x00,0x00
3909,0x2A3D98,0x35100,0x0,0,1,10821,857,1,671,672,0,0,0,0,0,0,0,0,0x29F00,0x00,0x00
3910,0x2A405C,0x35100,0x0,0,1,10824,857,1,671,672,0,0,0,0,0,0,0,0,0x29F00,0x00,0x00
3911,0x2A4320,0x35100,0x0,0,1,10827,857,1,671,672,0,0,0,0,0,0,0,0,0x29F00,0x00,0x00
3912,0x2A45E4,0x35100,0x0,0,1,10829,857,1,671,672,0,0,0,0,0,0,0,0,0x29F00,0x00,0x00
3913,0x2A48A8,0x35100,0x0,0,1,10832,857,1,671,672,0,0,0,0,0,0,0,0,0x29F00,0x00,0x00
3914,0x2A4B6C,0x35100,0x0,0,1,10835,857,1,671,672,0,0,0,0,0,0,0,0,0x29F00,0x00,0x00
3915,0x2A4E30,0x35100,0x0,0,1,10838,857,1,671,672,0,0,0,0,0,0,0,0,0x29F00,0x00,0x00
3916,0x2A50F4,0x35100,0x0,0,1,10840,857,1,671,672,0,0,0,0,0,0,0,0,0x29F00,0x00,0x00
3917,0x2A53B8,0x35100,0x0,0,1,10843,857,1,671,672,0,0,0,0,0,0,0,0,0x29F00,0x00,0x00
3918,0x2A567C,0x35100,0x0,0,1,10846,857,1,671,672,0,0,0,0,0,0,0,0,0x29F00,0x00,0x00
3919,0x2A5940,0x35100,0x0,0,1,10849,857,1,671,672,0,0,0,0,0,0,0,0,0x29F00,0x00,0x00
3920,0x2A5C04,0x35100,0x0,0,1,10852,857,1,671,672,0,0,0,0,0,0,0,0,0x29F00,0x00,0x00
3921,0x2A5EC8,0x35100,0x0,0,1,10854,857,1,671,672,0,0,0,0,0,0,0,0,0x29F00,0x00,0x00
3922,0x2A618C,0x35100,0x0,0,1,10857,857,1,671,672,0,0,0,0,0,0,0,0,0x29F00,0x00,0x00
3923,0x2A6450,0x35100,0x0,0,1,10860,857,1,671,672,0,0,0,0,0,0,0,0,0x29F00,0x00,0x00
3924,0x2A6714,0x35100,0x0,0,1,10863,857,1,671,672,0,0,0,0,0,0,0,0,0x29F00,0x00,0x00
3925,0x2A69D8,0x35100,0x0,0,1,10865,857,1,671,672,0,0,0,0,0,0,0,0,0x29F00,0x00,0x00
3926,0x2A6C9C,0x35100,0x0,0,1,10868,857,1,671,672,0,0,0,0,0,0,0,0,0x29F00,0x00,0x00
3927,0x2A6F60,0x35100,0x0,0,1,10871,857,1,671,672,0,0,0,0,0,0,0,0,0x29F00,0x00,0x00
3928,0x2A7224,0x35100,0x0,0,1,10874,857,1,671,672,0,0,0,0,0,0,0,0,0x29F00,0x00,0x00
3929,0x2A74E8,0x35100,0x0,0,1,10876,857,1,671,672,0,0,0,0,0,0,0,0,0x29F00,0x00,0x00
3930,0x2A77AC,0x35100,0x0,0,1,10879,857,1,671,672,0,0,0,0,0,0,0,0,0x29F00,0x00,0x00
3931,0x2A7A70,0x35100,0x0,0,1,10882,857,1,671,672,0,0,0,0,0,0,0,0,0x29F00,0x00,0x00
3932,0x2A7D34,0x35100,0x0,0,1,10885,857,1,671,672,0,0,0,0,0,0,0,0,0x29F00,0x00,0x00
3933,0x2A7FF8,0x35100,0x0,0,1,10887,857,1,671,672,0,0,0,0,0,0,0,0,0x29F00,0x00,0x00
3934,0x2A82BC,0x35100,0x0,0,1,10890,857,1,671,672,0,0,0,0,0,0,0,0,0x29F00,0x00,0x00
3935,0x2A8580,0x35100,0x0,0,1,10893,857,1,671,672,0,0,0,0,0,0,0,0,0x29F00,0x00,0x00
3936,0x2A8844,0x35100,0x0,0,1,10896,857,1,671,672,0,0,0,0,0,0,0,0,0x29F00,0x00,0x00
3937,0x2A8B08,0x35100,0x0,0,1,10899,857,1,671,672,0,0,0,0,0,0,0,0,0x29F00,0x00,0x00
3938,0x2A8DCC,0x35100,0x0,0,1,10901,857,1,671,672,0,0,0,0,0,0,0,0,0x29F00,0x00,0x00
3939,0x2A9090,0x35100,0x0,0,1,10904,857,1,671,672,0,0,0,0,0,0,0,0,0x29F00,0x00,0x00
3940,0x2A9354,0x35100,0x0,0,1,10907,857,1,671,672,0,0,0,0,0,0,0,0,0x29F00,0x00,0x00
3941,0x2A9618,0x35100,0x0,0,1,10910,857,1,671,672,0,0,0,0,0,0,0,0,0x29F00,0x00,0x00
3942,0x2A98DC,0x35100,0x0,0,1,10912,857,1,671,672,0,0,0,0,0,0,0,0,0x29F00,0x00,0x00
3943,0x2A9BA0,0x35100,0x0,0,1,10915,857,1,671,672,0,0,0,0,0,0,0,0,0x29F00,0x00,0x00
3944,0x2A9E64,0x35100,0x0,0,1,10918,857,1,671,672,0,0,0,0,0,0,0,0,0x29F00,0x00,0x00
3945,0x2AA128,0x35100,0x0,0,1,10921,857,1,671,672,0,0,0,0,0,0,0,0,0x29F00,0x00,0x00
3946,0x2AA3EC,0x35100,0x0,0,1,10923,857,1,671,672,0,0,0,0,0,0,0,0,0x29F00,0x00,0x00
3947,0x2AA6B0,0x35100,0x0,0,1,10926,857,1,671,672,0,0,0,0,0,0,0,0,0x29F00,0x00,0x00
3948,0x2AA974,0x35100,0x0,0,1,10929,857,1,671,672,0,0,0,0,0,0,0,0,0x29F00,0x00,0x00
3949,0x2AAC38,0x35100,0x0,0,1,10932,857,1,671,672,0,0,0,0,0,0,0,0,0x29F00,0x00,0x00
3950,0x2AAEFC,0x35100,0x0,0,1,10934,857,1,671,672,0,0,0,0,0,0,0,0,0x29F00,0x00,0x00
3951,0x2AB1C0,0x35100,0x0,0,1,10937,857,1,671,672,0,0,0,0,0,0,0,0,0x29F00,0x00,0x00
3952,0x2AB484,0x35100,0x0,0,1,10940,857,1,671,672,0,0,0,0,0,0,0,0,0x29F00,0x00,0x00
3953,0x2AB748,0x35100,0x0,0,1,10943,857,1,671,672,0,0,0,0,0,0,0,0,0x29F00,0x00,0x00
3954,0x2ABA0C,0x35100,0x0,0,1,10946,857,1,671,672,0,0,0,0,0,0,0,0,0x29F00,0x00,0x00
3955,0x2ABCD0,0x35100,0x0,0,1,10948,857,1,671,672,0,0,0,0,0,0,0,0,0x29F00,0x00,0x00
3956,0x2ABF94,0x35100,0x0,0,1,10951,857,1,671,672,0,0,0,0,0,0,0,0,0x29F00,0x00,0x00
3957,0x2AC258,0x35100,0x0,0,1,10954,857,1,671,672,0,0,0,0,0,0,0,0,0x29F00,0x00,0x00
3958,0x2AC51C,0x35100,0x0,0,1,10957,857,1,671,672,0,0,0,0,0,0,0,0,0x29F00,0x00,0x00
3959,0x2AC7E0,0x35100,0x0,0,1,10959,857,1,671,672,0,0,0,0,0,0,0,0,0x29F00,0x00,0x00
3960,0x2ACAA4,0x35100,0x0,0,1,10962,857,1,671,672,0,0,0,0,0,0,0,0,0x29F00,0x00,0x00
3961,0x2ACD68,0x35100,0x0,0,1,10965,857,1,671,672,0,0,0,0,0,0,0,0,0x29F00,0x00,0x00
3962,0x2AD02C,0x35100,0x0,0,1,10968,857,1,671,672,0,0,0,0,0,0,0,0,0x29F00,0x00,0x00
3963,0x2AD2F0,0x35100,0x0,0,1,10970,857,1,671,672,0,0,0,0,0,0,0,0,0x29F00,0x00,0x00
3964,0x2AD5B4,0x35100,0x0,0,1,10973,857,1,671,672,0,0,0,0,0,0,0,0,0x29F00,0x00,0x00
3965,0x2AD878,0x35100,0xFFFFFA70,1,1,10976,857,0,671,672,0,0,0,0,0,0,0,0,0x29F00,0x00,0x00
3966,0x2ADB3C,0x34BDB,0xFFFFFADB,0,1,10979,851,0,671,672,0,0,0,0,0,0,0,0,0x29F00,0xDB,0x00
3967,0x2ADE00,0x34721,0xFFFFFB46,0,1,10982,847,0,671,672,0,0,0,0,0,0,0,0,0x29F00,0x21,0x00
3968,0x2AE0C4,0x342D2,0xFFFFFBB1,0,1,10984,842,0,671,672,0,0,0,0,0,0,0,0,0x29F00,0xD2,0x00
3969,0x2AE388,0x33EEE,0xFFFFFC1C,0,1,10987,838,0,671,672,0,0,0,0,0,0,0,0,0x29F00,0xEE,0x00
3970,0x2AE64C,0x33B75,0xFFFFFC87,0,1,10990,835,0,671,672,0,0,0,0,0,0,0,0,0x29F00,0x75,0x00
3971,0x2AE910,0x33867,0xFFFFFCF2,0,1,10993,832,0,671,672,0,0,0,0,0,0,0,0,0x29F00,0x67,0x00
3972,0x2AEBD4,0x335C4,0xFFFFFD5D,0,1,10995,829,0,671,672,0,0,0,0,0,0,0,0,0x29F00,0xC4,0x00
3973,0x2AEE98,0x3338C,0xFFFFFDC8,0,1,10998,827,0,671,672,0,0,0,0,0,0,0,0,0x29F00,0x8C,0x00
3974,0x2AF15C,0x331BF,0xFFFFFE33,0,1,11001,825,0,671,672,0,0,0,0,0,0,0,0,0x29F00,0xBF,0x00
3975,0x2AF420,0x3305D,0xFFFFFE9E,0,1,11004,824,0,671,672,0,0,0,0,0,0,0,0,0x29F00,0x5D,0x00
3976,0x2AF6E4,0x32F66,0xFFFFFF09,0,1,11006,823,0,671,672,0,0,0,0,0,0,0,0,0x29F00,0x66,0x00
3977,0x2AF9A8,0x32EDA,0xFFFFFF74,0,1,11009,822,0,671,672,0,0,0,0,0,0,0,0,0x29F00,0xDA,0x00
3978,0x2AFC6C,0x32EB9,0xFFFFFFDF,0,1,11012,822,0,671,672,0,0,0,0,0,0,0,0,0x29F00,0xB9,0x00
3979,0x2AFF30,0x32F03,0x4A,0,1,11015,823,0,671,672,0,0,0,0,0,0,0,0,0x29F00,0x03,0x00
3980,0x2B01F4,0x32FB8,0xB5,0,1,11017,823,0,671,672,0,0,0,0,0,0,0,0,0x29F00,0xB8,0x00
3981,0x2B04B8,0x330D8,0x120,0,1,11020,824,0,671,672,0,0,0,0,0,0,0,0,0x29F00,0xD8,0x00
3982,0x2B077C,0x33100,0x0,0,1,11023,825,1,671,672,0,0,0,0,0,0,0,0,0x29F00,0x00,0x00
3983,0x2B0A40,0x33100,0x0,0,1,11026,825,1,671,672,0,0,0,0,0,0,0,0,0x29F00,0x00,0x00
3984,0x2B0D04,0x33100,0x0,0,1,11029,825,1,671,672,0,0,0,0,0,0,0,0,0x29F00,0x00,0x00
3985,0x2B0FC8,0x33100,0x0,0,1,11031,825,0,671,672,0,0,0,0,0,0,0,0,0x29F00,0x00,0x00
3986,0x2B128C,0x33100,0x0,0,1,11034,825,0,671,672,0,0,0,0,0,0,0,0,0x29F00,0x00,0x00
3987,0x2B1550,0x3316B,0x6B,0,1,11037,825,0,671,672,0,0,0,0,0,0,0,0,0x29F00,0x6B,0x00
3988,0x2B1814,0x33241,0xD6,0,1,11040,826,0,671,672,0,0,0,0,0,0,0,0,0x29F00,0x41,0x00
3989,0x2B1AD8,0x33382,0x141,0,1,11042,827,0,671,672,0,0,0,0,0,0,0,0,0x29F00,0x82,0x00
3990,0x2B1D9C,0x3352E,0x1AC,0,1,11045,829,0,671,672,0,0,0,0,0,0,0,0,0x29F00,0x2E,0x00
3991,0x2B2060,0x33745,0x217,0,1,11048,831,0,671,672,0,0,0,0,0,0,0,0,0x29F00,0x45,0x00
3992,0x2B2324,0x339C7,0x282,0,1,11051,833,0,671,672,0,0,0,0,0,0,0,0,0x29F00,0xC7,0x00
3993,0x2B25E8,0x33CB4,0x2ED,0,1,11053,836,0,671,672,0,0,0,0,0,0,0,0,0x29F00,0xB4,0x00
3994,0x2B28AC,0x3400C,0x358,0,1,11056,840,0,671,672,0,0,0,0,0,0,0,0,0x29F00,0x0C,0x00
3995,0x2B2B70,0x34100,0x0,0,1,11059,841,1,671,672,0,0,0,0,0,0,0,0,0x29F00,0x00,0x00
3996,0x2B2E34,0x34100,0x0,0,1,11062,841,1,671,672,0,0,0,0,0,0,0,0,0x29F00,0x00,0x00
3997,0x2B30F8,0x34100,0x0,0,1,11064,841,1,671,672,0,0,0,0,0,0,0,0,0x29F00,0x00,0x00
3998,0x2B33BC,0x34100,0x0,0,1,11067,841,1,671,672,0,0,0,0,0,0,0,0,0x29F00,0x00,0x00
3999,0x2B3680,0x34100,0x0,0,1,11070,841,1,671,672,0,0,0,0,0,0,0,0,0x29F00,0x00,0x00
4000,0x2B3944,0x34100,0x0,0,1,11073,841,1,671,672,0,0,0,0,0,0,0,0,0x29F00,0x00,0x00
4001,0x2B3C08,0x34100,0x0,0,1,11076,841,1,671,672,0,0,0,0,0,0,0,0,0x29F00,0x00,0x00
4002,0x2B3ECC,0x34100,0x0,0,1,11078,841,1,671,672,0,0,0,0,0,0,0,0,0x29F00,0x00,0x00
4003,0x2B4190,0x34100,0xFFFFFA70,1,1,11081,841,0,671,672,0,0,0,0,0,0,0,0,0x29F00,0x00,0x00
4004,0x2B4454,0x33BDB,0xFFFFFADB,0,1,11084,835,0,671,672,0,0,0,0,0,0,0,0,0x29F00,0xDB,0x00
4005,0x2B4718,0x33721,0xFFFFFB46,0,1,11087,831,0,671,672,0,0,0,0,0,0,0,0,0x29F00,0x21,0x00
4006,0x2B49DC,0x332D2,0xFFFFFBB1,0,1,11089,826,0,671,672,0,0,0,0,0,0,0,0,0x29F00,0xD2,0x00
4007,0x2B4CA0,0x32EEE,0xFFFFFC1C,0,1,11092,822,0,671,672,0,0,0,0,0,0,0,0,0x29F00,0xEE,0x00
4008,0x2B4F64,0x32B75,0xFFFFFC87,0,1,11095,819,0,671,672,0,0,0,0,0,0,0,0,0x29F00,0x75,0x00
4009,0x2B5228,0x32867,0xFFFFFCF2,0,1,11098,816,0,671,672,0,0,0,0,0,0,0,0,0x29F00,0x67,0x00
4010,0x2B54EC,0x325C4,0xFFFFFD5D,0,1,11100,813,0,671,672,0,0,0,0,0,0,0,0,0x29F00,0xC4,0x00
4011,0x2B57B0,0x3238C,0xFFFFFDC8,0,1,11103,811,0,671,672,0,0,0,0,0,0,0,0,0x29F00,0x8C,0x00
4012,0x2B5A74,0x321BF,0xFFFFFE33,0,1,11106,809,0,671,672,0,0,0,0,0,0,0,0,0x29F00,0xBF,0x00
4013,0x2B5D38,0x3205D,0xFFFFFE9E,0,1,11109,808,0,671,672,0,0,0,0,0,0,0,0,0x29F00,0x5D,0x00
4014,0x2B5FFC,0x31F66,0xFFFFFF09,0,1,11111,807,0,671,672,0,0,0,0,0,0,0,0,0x29F00,0x66,0x00
4015,0x2B62C0,0x31EDA,0xFFFFFF74,0,1,11114,806,0,671,672,0,0,0,0,0,0,0,0,0x29F00,0xDA,0x00
4016,0x2B6584,0x31EB9,0xFFFFFFDF,0,1,11117,806,0,671,672,0,0,0,0,0,0,0,0,0x29F00,0xB9,0x00
4017,0x2B6848,0x31F03,0x4A,0,1,11120,807,0,671,672,0,0,0,0,0,0,0,0,0x29F00,0x03,0x00
4018,0x2B6B0C,0x31FB8,0xB5,0,1,11123,807,0,671,672,0,0,0,0,0,0,0,0,0x29F00,0xB8,0x00
4019,0x2B6DD0,0x320D8,0x120,0,1,11125,808,0,671,672,0,0,0,0,0,0,0,0,0x29F00,0xD8,0x00
4020,0x2B7094,0x32100,0x0,0,1,11128,809,1,671,672,0,0,0,0,0,0,0,0,0x29F00,0x00,0x00
4021,0x2B7358,0x32100,0xFFFFFA70,1,1,11131,809,0,671,672,0,0,0,0,0,0,0,0,0x29F00,0x00,0x00
4022,0x2B761C,0x31BDB,0xFFFFFADB,0,1,11134,803,0,671,672,0,0,0,0,0,0,0,0,0x29F00,0xDB,0x00
4023,0x2B78E0,0x31721,0xFFFFFB46,0,1,11136,799,0,671,672,0,0,0,0,0,0,0,0,0x29F00,0x21,0x00
4024,0x2B7BA4,0x312D2,0xFFFFFBB1,0,1,11139,794,0,671,672,0,0,0,0,0,0,0,0,0x29F00,0xD2,0x00
4025,0x2B7E68,0x30EEE,0xFFFFFC1C,0,1,11142,790,0,671,672,0,0,0,0,0,0,0,0,0x29F00,0xEE,0x00
4026,0x2B812C,0x30B75,0xFFFFFC87,0,1,11145,787,0,671,672,0,0,0,0,0,0,0,0,0x29F00,0x75,0x00
4027,0x2B83F0,0x30867,0xFFFFFCF2,0,1,11147,784,0,671,672,0,0,0,0,0,0,0,0,0x29F00,0x67,0x00
4028,0x2B86B4,0x305C4,0xFFFFFD5D,0,1,11150,781,0,671,672,0,0,0,0,0,0,0,0,0x29F00,0xC4,0x00
4029,0x2B8978,0x3038C,0xFFFFFDC8,0,1,11153,779,0,671,672,0,0,0,0,0,0,0,0,0x29F00,0x8C,0x00
4030,0x2B8C3C,0x301BF,0xFFFFFE33,0,1,11156,777,0,671,672,0,0,0,0,0,0,0,0,0x29F00,0xBF,0x00
4031,0x2B8F00,0x3005D,0xFFFFFE9E,0,1,11159,776,0,671,672,0,0,0,0,0,0,0,0,0x29F00,0x5D,0x00
4032,0x2B91C4,0x2FF66,0xFFFFFF09,0,1,11161,775,0,671,672,0,0,0,0,0,0,0,0,0x29F00,0x66,0x00
4033,0x2B9488,0x2FEDA,0xFFFFFF74,0,1,11164,774,0,671,672,0,0,0,0,0,0,0,0,0x29F00,0xDA,0x00
4034,0x2B974C,0x2FEB9,0xFFFFFFDF,0,1,11167,774,0,671,672,0,0,0,0,0,0,0,0,0x29F00,0xB9,0x00
4035,0x2B9A10,0x2FF03,0x4A,0,1,11170,775,0,671,672,0,0,0,0,0,0,0,0,0x29F00,0x03,0x00
4036,0x2B9CD4,0x2FFB8,0xB5,0,1,11172,775,0,671,672,0,0,0,0,0,0,0,0,0x29F00,0xB8,0x00
4037,0x2B9F98,0x300D8,0x120,0,1,11175,776,0,671,672,0,0,0,0,0,0,0,0,0x29F00,0xD8,0x00
4038,0x2BA25C,0x30100,0xFFFFFA70,1,1,11178,777,0,671,672,0,0,0,0,0,0,0,0,0x29F00,0x00,0x00
4039,0x2BA520,0x2FBDB,0xFFFFFADB,0,1,11181,771,0,671,672,0,0,0,0,0,0,0,0,0x29F00,0xDB,0x00
4040,0x2BA7E4,0x2F721,0xFFFFFB46,0,1,11183,767,0,671,672,0,0,0,0,0,0,0,0,0x29F00,0x21,0x00
4041,0x2BAAA8,0x2F2D2,0xFFFFFBB1,0,1,11186,762,0,671,672,0,0,0,0,0,0,0,0,0x29F00,0xD2,0x00
4042,0x2BAD6C,0x2EEEE,0xFFFFFC1C,0,1,11189,758,0,671,672,0,0,0,0,0,0,0,0,0x29F00,0xEE,0x00
4043,0x2BB030,0x2EB75,0xFFFFFC87,0,1,11192,755,0,671,672,0,0,0,0,0,0,0,0,0x29F00,0x75,0x00
4044,0x2BB2F4,0x2E867,0xFFFFFCF2,0,1,11194,752,0,671,672,0,0,0,0,0,0,0,0,0x29F00,0x67,0x00
4045,0x2BB5B8,0x2E5C4,0xFFFFFD5D,0,1,11197,749,0,671,672,0,0,0,0,0,0,0,0,0x29F00,0xC4,0x00
4046,0x2BB87C,0x2E38C,0xFFFFFDC8,0,1,11200,747,0,671,672,0,0,0,0,0,0,0,0,0x29F00,0x8C,0x00
4047,0x2BBB40,0x2E1BF,0xFFFFFE33,0,1,11203,745,0,671,672,0,0,0,0,0,0,0,0,0x29F00,0xBF,0x00
4048,0x2BBE04,0x2E05D,0xFFFFFE9E,0,1,11206,744,0,671,672,0,0,0,0,0,0,0,0,0x29F00,0x5D,0x00
4049,0x2BC0C8,0x2DF66,0xFFFFFF09,0,1,11208,743,0,671,672,0,0,0,0,0,0,0,0,0x29F00,0x66,0x00
4050,0x2BC38C,0x2DEDA,0xFFFFFF74,0,1,11211,742,0,670,672,0,0,0,0,0,0,0,0,0x29EDA,0xDA,0xDA
4051,0x2BC650,0x2DEB9,0xFFFFFFDF,0,1,11214,742,0,670,672,0,0,0,0,0,0,0,0,0x29EB9,0xB9,0xB9
4052,0x2BC914,0x2DF03,0x4A,0,1,11217,742,0,670,672,0,0,0,0,0,0,0,0,0x29EB9,0x03,0xB9
4053,0x2BCBD8,0x2DFB8,0xB5,0,1,11219,742,0,670,672,0,0,0,0,0,0,0,0,0x29EB9,0xB8,0xB9
4054,0x2BCE9C,0x2E0D8,0x120,0,1,11222,744,0,670,672,0,0,0,0,0,0,0,0,0x29EB9,0xD8,0xB9
4055,0x2BD160,0x2E1B9,0x0,0,1,11225,745,1,670,672,0,0,0,0,0,0,0,0,0x29EB9,0xB9,0xB9
4056,0x2BD424,0x2E1B9,0x0,0,1,11228,745,1,670,672,0,0,0,0,0,0,0,0,0x29EB9,0xB9,0xB9
4057,0x2BD6E8,0x2E1B9,0x0,0,1,11230,745,1,670,672,0,0,0,0,0,0,0,0,0x29EB9,0xB9,0xB9
4058,0x2BD9AC,0x2E1B9,0x0,0,1,11233,745,1,670,672,0,0,0,0,0,0,0,0,0x29EB9,0xB9,0xB9
4059,0x2BDC70,0x2E1B9,0x0,0,1,11236,745,1,670,672,0,0,0,0,0,0,0,0,0x29EB9,0xB9,0xB9
4060,0x2BDF34,0x2E1B9,0x0,0,1,11239,745,0,670,672,0,0,0,0,0,0,0,0,0x29EB9,0xB9,0xB9
4061,0x2BE1F8,0x2E1B9,0x0,0,1,11241,745,0,670,672,0,0,0,0,0,0,0,0,0x29EB9,0xB9,0xB9
4062,0x2BE4BC,0x2E224,0x6B,0,1,11244,745,0,670,672,0,0,0,0,0,0,0,0,0x29EB9,0x24,0xB9
4063,0x2BE780,0x2E2FA,0xD6,0,1,11247,746,0,670,672,0,0,0,0,0,0,0,0,0x29EB9,0xFA,0xB9
4064,0x2BEA44,0x2E43B,0x141,0,1,11250,747,0,670,672,0,0,0,0,0,0,0,0,0x29EB9,0x3B,0xB9
4065,0x2BED08,0x2E5E7,0x1AC,0,1,11253,749,0,670,672,0,0,0,0,0,0,0,0,0x29EB9,0xE7,0xB9
4066,0x2BEFCC,0x2E7FE,0x217,0,1,11255,751,0,670,672,0,0,0,0,0,0,0,0,0x29EB9,0xFE,0xB9
4067,0x2BF290,0x2EA80,0x282,0,1,11258,753,0,670,672,0,0,0,0,0,0,0,0,0x29EB9,0x80,0xB9
4068,0x2BF554,0x2ED6D,0x2ED,0,1,11261,756,0,670,672,0,0,0,0,0,0,0,0,0x29EB9,0x6D,0xB9
4069,0x2BF818,0x2F0C5,0x358,0,1,11264,760,0,670,672,0,0,0,0,0,0,0,0,0x29EB9,0xC5,0xB9
4070,0x2BFADC,0x2F1B9,0x0,0,1,11266,761,1,670,672,0,0,0,0,0,0,0,0,0x29EB9,0xB9,0xB9
4071,0x2BFDA0,0x2F1B9,0x0,0,1,11269,761,1,670,672,0,0,0,0,0,0,0,0,0x29EB9,0xB9,0xB9
4072,0x2C0064,0x2F1B9,0x0,0,1,11272,761,1,670,672,0,0,0,0,0,0,0,0,0x29EB9,0xB9,0xB9
4073,0x2C0328,0x2F1B9,0x0,0,1,11275,761,1,670,672,0,0,0,0,0,0,0,0,0x29EB9,0xB9,0xB9
4074,0x2C05EC,0x2F1B9,0x0,0,1,11277,761,1,670,672,0,0,0,0,0,0,0,0,0x29EB9,0xB9,0xB9
4075,0x2C08B0,0x2F1B9,0x0,0,1,11280,761,1,670,672,0,0,0,0,0,0,0,0,0x29EB9,0xB9,0xB9
4076,0x2C0B74,0x2F1B9,0x0,0,1,11283,761,1,670,672,0,0,0,0,0,0,0,0,0x29EB9,0xB9,0xB9
4077,0x2C0E38,0x2F1B9,0x0,0,1,11286,761,1,670,672,0,0,0,0,0,0,0,0,0x29EB9,0xB9,0xB9
4078,0x2C10FC,0x2F1B9,0x0,0,1,11288,761,1,670,672,0,0,0,0,0,0,0,0,0x29EB9,0xB9,0xB9
4079,0x2C13C0,0x2F1B9,0x0,0,1,11291,761,1,670,672,0,0,0,0,0,0,0,0,0x29EB9,0xB9,0xB9
4080,0x2C1684,0x2F1B9,0x0,0,1,11294,761,1,670,672,0,0,0,0,0,0,0,0,0x29EB9,0xB9,0xB9
4081,0x2C1948,0x2F1B9,0x0,0,1,11297,761,1,670,672,0,0,0,0,0,0,0,0,0x29EB9,0xB9,0xB9
4082,0x2C1C0C,0x2F1B9,0x0,0,1,11300,761,1,670,672,0,0,0,0,0,0,0,0,0x29EB9,0xB9,0xB9
4083,0x2C1ED0,0x2F1B9,0x0,0,1,11302,761,1,670,672,0,0,0,0,0,0,0,0,0x29EB9,0xB9,0xB9
4084,0x2C2194,0x2F1B9,0xFFFFFA70,1,1,11305,761,0,670,672,0,0,0,0,0,0,0,0,0x29EB9,0xB9,0xB9
4085,0x2C2458,0x2EC94,0xFFFFFADB,0,1,11308,755,0,670,672,0,0,0,0,0,0,0,0,0x29EB9,0x94,0xB9
4086,0x2C271C,0x2E7DA,0xFFFFFB46,0,1,11311,751,0,670,672,0,0,0,0,0,0,0,0,0x29EB9,0xDA,0xB9
4087,0x2C29E0,0x2E38B,0xFFFFFBB1,0,1,11313,746,0,670,672,0,0,0,0,0,0,0,0,0x29EB9,0x8B,0xB9
4088,0x2C2CA4,0x2DFA7,0xFFFFFC1C,0,1,11316,742,0,670,672,0,0,0,0,0,0,0,0,0x29EB9,0xA7,0xB9
4089,0x2C2F68,0x2DC2E,0xFFFFFC87,0,1,11319,740,0,668,672,0,0,0,0,0,0,0,0,0x29C2E,0x2E,0x2E
4090,0x2C322C,0x2D920,0xFFFFFCF2,0,1,11322,737,0,665,672,0,0,0,0,0,0,0,0,0x29920,0x20,0x20
4091,0x2C34F0,0x2D67D,0xFFFFFD5D,0,1,11324,734,0,662,672,0,0,0,0,0,0,0,0,0x2967D,0x7D,0x7D
4092,0x2C37B4,0x2D445,0xFFFFFDC8,0,1,11327,732,0,660,672,0,0,0,0,0,0,0,0,0x29445,0x45,0x45
4093,0x2C3A78,0x2D278,0xFFFFFE33,0,1,11330,730,0,658,672,0,0,0,0,0,0,0,0,0x29278,0x78,0x78
4094,0x2C3D3C,0x2D116,0xFFFFFE9E,0,1,11333,729,0,657,672,0,0,0,0,0,0,0,0,0x29116,0x16,0x16
4095,0x2C4000,0x2D01F,0xFFFFFF09,0,1,11336,728,0,656,672,0,0,0,0,0,0,0,0,0x2901F,0x1F,0x1F
4096,0x2C42C4,0x2CF93,0xFFFFFF74,0,1,11338,727,0,655,672,0,0,0,0,0,0,0,0,0x28F93,0x93,0x93
4097,0x2C4588,0x2CF72,0xFFFFFFDF,0,1,11341,727,0,655,672,0,0,0,0,0,0,0,0,0x28F72,0x72,0x72
4098,0x2C484C,0x2CFBC,0x4A,0,1,11344,727,0,655,672,0,0,0,0,0,0,0,0,0x28F72,0xBC,0x72
4099,0x2C4B10,0x2D071,0xB5,0,1,11347,727,0,655,672,0,0,0,0,0,0,0,0,0x28F72,0x71,0x72
4100,0x2C4DD4,0x2D191,0x120,0,1,11349,729,0,655,672,0,0,0,0,0,0,0,0,0x28F72,0x91,0x72
4101,0x2C5098,0x2D31C,0x18B,0,1,11352,730,0,655,672,0,0,0,0,0,0,0,0,0x28F72,0x1C,0x72
4102,0x2C535C,0x2D512,0x1F6,0,1,11355,732,0,655,672,0,0,0,0,0,0,0,0,0x28F72,0x12,0x72
4103,0x2C5620,0x2D773,0x261,0,1,11358,735,0,655,672,0,0,0,0,0,0,0,0,0x28F72,0x73,0x72
4104,0x2C58E4,0x2DA3F,0x2CC,0,1,11360,737,0,655,672,0,0,0,0,0,0,0,0,0x28F72,0x3F,0x72
4105,0x2C5BA8,0x2DD76,0x337,0,1,11363,741,0,655,672,0,0,0,0,0,0,0,0,0x28F72,0x76,0x72
4106,0x2C5E6C,0x2E118,0x3A2,0,1,11366,744,0,655,672,0,0,0,0,0,0,0,0,0x28F72,0x18,0x72
4107,0x2C6130,0x2E525,0x40D,0,1,11369,748,0,655,672,0,0,0,0,0,0,0,0,0x28F72,0x25,0x72
4108,0x2C63F4,0x2E99D,0x478,0,1,11371,753,0,655,672,0,0,0,0,0,0,0,0,0x28F72,0x9D,0x72
4109,0x2C66B8,0x2EE80,0x4E3,0,1,11374,758,0,655,672,0,0,0,0,0,0,0,0,0x28F72,0x80,0x72
4110,0x2C697C,0x2F172,0x0,0,1,11377,761,1,655,672,0,0,0,0,0,0,0,0,0x28F72,0x72,0x72
4111,0x2C6C40,0x2F172,0x0,0,1,11380,761,1,655,672,0,0,0,0,0,0,0,0,0x28F72,0x72,0x72
4112,0x2C6F04,0x2F172,0x0,0,1,11383,761,1,655,672,0,0,0,0,0,0,0,0,0x28F72,0x72,0x72
4113,0x2C71C8,0x2F172,0x0,0,1,11385,761,1,655,672,0,0,0,0,0,0,0,0,0x28F72,0x72,0x72
4114,0x2C748C,0x2F172,0x0,0,1,11388,761,1,655,672,0,0,0,0,0,0,0,0,0x28F72,0x72,0x72
4115,0x2C7750,0x2F172,0x0,0,1,11391,761,1,655,672,0,0,0,0,0,0,0,0,0x28F72,0x72,0x72
4116,0x2C7A14,0x2F172,0x0,0,1,11394,761,1,655,672,0,0,0,0,0,0,0,0,0x28F72,0x72,0x72
4117,0x2C7CD8,0x2F172,0x0,0,1,11396,761,1,655,672,0,0,0,0,0,0,0,0,0x28F72,0x72,0x72
4118,0x2C7F9C,0x2F172,0x0,0,1,11399,761,0,655,672,0,0,0,0,0,0,0,0,0x28F72,0x72,0x72
4119,0x2C8260,0x2F172,0xFFFFFA70,1,1,11402,761,0,655,672,0,0,0,0,0,0,0,0,0x28F72,0x72,0x72
4120,0x2C8524,0x2EC4D,0xFFFFFADB,0,1,11405,755,0,655,672,0,0,0,0,0,0,0,0,0x28F72,0x4D,0x72
4121,0x2C87E8,0x2E793,0xFFFFFB46,0,1,11407,751,0,655,672,0,0,0,0,0,0,0,0,0x28F72,0x93,0x72
4122,0x2C8AAC,0x2E344,0xFFFFFBB1,0,1,11410,746,0,655,672,0,0,0,0,0,0,0,0,0x28F72,0x44,0x72
4123,0x2C8D70,0x2DF60,0xFFFFFC1C,0,1,11413,742,0,655,672,0,0,0,0,0,0,0,0,0x28F72,0x60,0x72
4124,0x2C9034,0x2DBE7,0xFFFFFC87,0,1,11416,739,0,655,672,0,0,0,0,0,0,0,0,0x28F72,0xE7,0x72
4125,0x2C92F8,0x2D8D9,0xFFFFFCF2,0,1,11418,736,0,655,672,0,0,0,0,0,0,0,0,0x28F72,0xD9,0x72
4126,0x2C95BC,0x2D636,0xFFFFFD5D,0,1,11421,733,0,655,672,0,0,0,0,0,0,0,0,0x28F72,0x36,0x72
4127,0x2C9880,0x2D3FE,0xFFFFFDC8,0,1,11424,731,0,655,672,0,0,0,0,0,0,0,0,0x28F72,0xFE,0x72
4128,0x2C9B44,0x2D231,0xFFFFFE33,0,1,11427,729,0,655,672,0,0,0,0,0,0,0,0,0x28F72,0x31,0x72
4129,0x2C9E08,0x2D0CF,0xFFFFFE9E,0,1,11430,728,0,655,672,0,0,0,0,0,0,0,0,0x28F72,0xCF,0x72
4130,0x2CA0CC,0x2CFD8,0xFFFFFF09,0,1,11432,727,0,655,672,0,0,0,0,0,0,0,0,0x28F72,0xD8,0x72
4131,0x2CA390,0x2CF4C,0xFFFFFF74,0,1,11435,727,0,655,672,0,0,0,0,0,0,0,0,0x28F4C,0x4C,0x4C
4132,0x2CA654,0x2CF2B,0xFFFFFFDF,0,1,11438,727,0,655,672,0,0,0,0,0,0,0,0,0x28F2B,0x2B,0x2B
4133,0x2CA918,0x2CF75,0x4A,0,1,11441,727,0,655,672,0,0,0,0,0,0,0,0,0x28F2B,0x75,0x2B
4134,0x2CABDC,0x2D02A,0xB5,0,1,11443,727,0,655,672,0,0,0,0,0,0,0,0,0x28F2B,0x2A,0x2B
4135,0x2CAEA0,0x2D14A,0x120,0,1,11446,729,0,655,672,0,0,0,0,0,0,0,0,0x28F2B,0x4A,0x2B
4136,0x2CB164,0x2D2D5,0x18B,0,1,11449,730,0,655,672,0,0,0,0,0,0,0,0,0x28F2B,0xD5,0x2B
4137,0x2CB428,0x2D4CB,0x1F6,0,1,11452,732,0,655,672,0,0,0,0,0,0,0,0,0x28F2B,0xCB,0x2B
4138,0x2CB6EC,0x2D72C,0x261,0,1,11454,735,0,655,672,0,0,0,0,0,0,0,0,0x28F2B,0x2C,0x2B
4139,0x2CB9B0,0x2D9F8,0x2CC,0,1,11457,737,0,655,672,0,0,0,0,0,0,0,0,0x28F2B,0xF8,0x2B
4140,0x2CBC74,0x2DD2F,0x337,0,1,11460,741,0,655,672,0,0,0,0,0,0,0,0,0x28F2B,0x2F,0x2B
4141,0x2CBF38,0x2E0D1,0x3A2,0,1,11463,744,0,655,672,0,0,0,0,0,0,0,0,0x28F2B,0xD1,0x2B
4142,0x2CC1FC,0x2E4DE,0x40D,0,1,11465,748,0,655,672,0,0,0,0,0,0,0,0,0x28F2B,0xDE,0x2B
4143,0x2CC4C0,0x2E956,0x478,0,1,11468,753,0,655,672,0,0,0,0,0,0,0,0,0x28F2B,0x56,0x2B
4144,0x2CC784,0x2EE39,0x4E3,0,1,11471,758,0,655,672,0,0,0,0,0,0,0,0,0x28F2B,0x39,0x2B
4145,0x2CCA48,0x2F387,0x54E,0,1,11474,763,0,655,672,0,0,0,0,0,0,0,0,0x28F2B,0x87,0x2B
4146,0x2CCD0C,0x2F940,0x5B9,0,1,11477,769,0,655,672,0,0,0,0,0,0,0,0,0x28F2B,0x40,0x2B
4147,0x2CCFD0,0x2FF64,0x624,0,1,11479,775,0,655,672,0,0,0,0,0,0,0,0,0x28F2B,0x64,0x2B
4148,0x2CD294,0x3012B,0x0,0,1,11482,777,1,655,672,0,0,0,0,0,0,0,0,0x28F2B,0x2B,0x2B
4149,0x2CD558,0x3012B,0x0,0,1,11485,777,1,655,672,0,0,0,0,0,0,0,0,0x28F2B,0x2B,0x2B
4150,0x2CD81C,0x3012B,0x0,0,1,11488,777,1,655,672,0,0,0,0,0,0,0,0,0x28F2B,0x2B,0x2B
4151,0x2CDAE0,0x3012B,0x0,0,1,11490,777,1,655,672,0,0,0,0,0,0,0,0,0x28F2B,0x2B,0x2B
4152,0x2CDDA4,0x3012B,0x0,0,1,11493,777,1,655,672,0,0,0,0,0,0,0,0,0x28F2B,0x2B,0x2B
4153,0x2CE068,0x3012B,0x0,0,1,11496,777,0,655,672,0,0,0,0,0,0,0,0,0x28F2B,0x2B,0x2B
4154,0x2CE32C,0x30196,0x6B,0,1,11499,777,0,655,672,0,0,0,0,0,0,0,0,0x28F2B,0x96,0x2B
4155,0x2CE5F0,0x3012B,0x0,0,1,11501,777,1,655,672,0,0,0,0,0,0,0,0,0x28F2B,0x2B,0x2B
4156,0x2CE8B4,0x3012B,0x0,0,1,11504,777,1,655,672,0,0,0,0,0,0,0,0,0x28F2B,0x2B,0x2B
4157,0x2CEB78,0x3012B,0x0,0,1,11507,777,1,655,672,0,0,0,0,0,0,0,0,0x28F2B,0x2B,0x2B
4158,0x2CEE3C,0x3012B,0x0,0,1,11510,777,1,655,672,0,0,0,0,0,0,0,0,0x28F2B,0x2B,0x2B
4159,0x2CF100,0x3012B,0x0,0,1,11513,777,1,655,672,0,0,0,0,0,0,0,0,0x28F2B,0x2B,0x2B
4160,0x2CF3C4,0x3012B,0x0,0,1,11515,777,1,655,672,0,0,0,0,0,0,0,0,0x28F2B,0x2B,0x2B
4161,0x2CF688,0x3012B,0x0,0,1,11518,777,1,655,672,0,0,0,0,0,0,0,0,0x28F2B,0x2B,0x2B
4162,0x2CF94C,0x3012B,0x0,0,1,11521,777,1,655,672,0,0,0,0,0,0,0,0,0x28F2B,0x2B,0x2B
4163,0x2CFC10,0x3012B,0x0,0,1,11524,777,1,655,672,0,0,0,0,0,0,0,0,0x28F2B,0x2B,0x2B
4164,0x2CFED4,0x3012B,0x0,0,1,11526,777,1,655,672,0,0,0,0,0,0,0,0,0x28F2B,0x2B,0x2B
4165,0x2D0198,0x3012B,0xFFFFFA70,1,1,11529,777,0,655,672,0,0,0,0,0,0,0,0,0x28F2B,0x2B,0x2B
4166,0x2D045C,0x2FC06,0xFFFFFADB,0,1,11532,771,0,655,672,0,0,0,0,0,0,0,0,0x28F2B,0x06,0x2B
4167,0x2D0720,0x2F74C,0xFFFFFB46,0,1,11535,767,0,655,672,0,0,0,0,0,0,0,0,0x28F2B,0x4C,0x2B
4168,0x2D09E4,0x2F2FD,0xFFFFFBB1,0,1,11537,762,0,655,672,0,0,0,0,0,0,0,0,0x28F2B,0xFD,0x2B
4169,0x2D0CA8,0x2EF19,0xFFFFFC1C,0,1,11540,758,0,655,672,0,0,0,0,0,0,0,0,0x28F2B,0x19,0x2B
4170,0x2D0F6C,0x2EBA0,0xFFFFFC87,0,1,11543,755,0,655,672,0,0,0,0,0,0,0,0,0x28F2B,0xA0,0x2B
4171,0x2D1230,0x2E892,0xFFFFFCF2,0,1,11546,752,0,655,672,0,0,0,0,0,0,0,0,0x28F2B,0x92,0x2B
4172,0x2D14F4,0x2E5EF,0xFFFFFD5D,0,1,11548,749,0,655,672,0,0,0,0,0,0,0,0,0x28F2B,0xEF,0x2B
4173,0x2D17B8,0x2E3B7,0xFFFFFDC8,0,1,11551,747,0,655,672,0,0,0,0,0,0,0,0,0x28F2B,0xB7,0x2B
4174,0x2D1A7C,0x2E1EA,0xFFFFFE33,0,1,11554,745,0,655,672,0,0,0,0,0,0,0,0,0x28F2B,0xEA,0x2B
4175,0x2D1D40,0x2E088,0xFFFFFE9E,0,1,11557,744,0,655,672,0,0,0,0,0,0,0,0,0x28F2B,0x88,0x2B
4176,0x2D2004,0x2DF91,0xFFFFFF09,0,1,11560,743,0,655,672,0,0,0,0,0,0,0,0,0x28F2B,0x91,0x2B
4177,0x2D22C8,0x2DF05,0xFFFFFF74,0,1,11562,742,0,655,672,0,0,0,0,0,0,0,0,0x28F2B,0x05,0x2B
4178,0x2D258C,0x2DEE4,0xFFFFFFDF,0,1,11565,742,0,655,672,0,0,0,0,0,0,0,0,0x28F2B,0xE4,0x2B
4179,0x2D2850,0x2DF2E,0x4A,0,1,11568,743,0,655,672,0,0,0,0,0,0,0,0,0x28F2B,0x2E,0x2B
4180,0x2D2B14,0x2DFE3,0xB5,0,1,11571,743,0,655,672,0,0,0,0,0,0,0,0,0x28F2B,0xE3,0x2B
4181,0x2D2DD8,0x2E103,0x120,0,1,11573,744,0,655,672,0,0,0,0,0,0,0,0,0x28F2B,0x03,0x2B
4182,0x2D309C,0x2E28E,0x18B,0,1,11576,746,0,655,672,0,0,0,0,0,0,0,0,0x28F2B,0x8E,0x2B
4183,0x2D3360,0x2E484,0x1F6,0,1,11579,748,0,655,672,0,0,0,0,0,0,0,0,0x28F2B,0x84,0x2B
4184,0x2D3624,0x2E6E5,0x261,0,1,11582,750,0,655,672,0,0,0,0,0,0,0,0,0x28F2B,0xE5,0x2B
4185,0x2D38E8,0x2E9B1,0x2CC,0,1,11584,753,0,655,672,0,0,0,0,0,0,0,0,0x28F2B,0xB1,0x2B
4186,0x2D3BAC,0x2ECE8,0x337,0,1,11587,756,0,655,672,0,0,0,0,0,0,0,0,0x28F2B,0xE8,0x2B
4187,0x2D3E70,0x2F08A,0x3A2,0,1,11590,760,0,655,672,0,0,0,0,0,0,0,0,0x28F2B,0x8A,0x2B
4188,0x2D4134,0x2F12B,0x0,0,1,11593,761,1,655,672,0,0,0,0,0,0,0,0,0x28F2B,0x2B,0x2B
4189,0x2D43F8,0x2F12B,0x0,0,1,11595,761,1,655,672,0,0,0,0,0,0,0,0,0x28F2B,0x2B,0x2B
4190,0x2D46BC,0x2F12B,0x0,0,1,11598,761,1,655,672,0,0,0,0,0,0,0,0,0x28F2B,0x2B,0x2B
4191,0x2D4980,0x2F12B,0x0,0,1,11601,761,1,655,672,0,0,0,0,0,0,0,0,0x28F2B,0x2B,0x2B
4192,0x2D4C44,0x2F12B,0x0,0,1,11604,761,1,655,672,0,0,0,0,0,0,0,0,0x28F2B,0x2B,0x2B
4193,0x2D4F08,0x2F12B,0x0,0,1,11607,761,0,655,672,0,0,0,0,0,0,0,0,0x28F2B,0x2B,0x2B
4194,0x2D51CC,0x2F12B,0xFFFFFA70,1,1,11609,761,0,655,672,0,0,0,0,0,0,0,0,0x28F2B,0x2B,0x2B
4195,0x2D5490,0x2EC06,0xFFFFFADB,0,1,11612,755,0,655,672,0,0,0,0,0,0,0,0,0x28F2B,0x06,0x2B
4196,0x2D5754,0x2E74C,0xFFFFFB46,0,1,11615,751,0,655,672,0,0,0,0,0,0,0,0,0x28F2B,0x4C,0x2B
4197,0x2D5A18,0x2E2FD,0xFFFFFBB1,0,1,11618,746,0,655,672,0,0,0,0,0,0,0,0,0x28F2B,0xFD,0x2B
4198,0x2D5CDC,0x2DF19,0xFFFFFC1C,0,1,11620,742,0,655,672,0,0,0,0,0,0,0,0,0x28F2B,0x19,0x2B
4199,0x2D5FA0,0x2DBA0,0xFFFFFC87,0,1,11623,739,0,655,672,0,0,0,0,0,0,0,0,0x28F2B,0xA0,0x2B
4200,0x2D6264,0x2D892,0xFFFFFCF2,0,1,11626,736,0,655,672,0,0,0,0,0,0,0,0,0x28F2B,0x92,0x2B
4201,0x2D6528,0x2D5EF,0xFFFFFD5D,0,1,11629,733,0,655,672,0,0,0,0,0,0,0,0,0x28F2B,0xEF,0x2B
4202,0x2D67EC,0x2D3B7,0xFFFFFDC8,0,1,11631,731,0,655,672,0,0,0,0,0,0,0,0,0x28F2B,0xB7,0x2B
4203,0x2D6AB0,0x2D1EA,0xFFFFFE33,0,1,11634,729,0,655,672,0,0,0,0,0,0,0,0,0x28F2B,0xEA,0x2B
4204,0x2D6D74,0x2D088,0xFFFFFE9E,0,1,11637,728,0,655,672,0,0,0,0,0,0,0,0,0x28F2B,0x88,0x2B
4205,0x2D7038,0x2CF91,0xFFFFFF09,0,1,11640,727,0,655,672,0,0,0,0,0,0,0,0,0x28F2B,0x91,0x2B
4206,0x2D72FC,0x2CF05,0xFFFFFF74,0,1,11642,727,0,655,672,0,0,0,0,0,0,0,0,0x28F05,0x05,0x05
4207,0x2D75C0,0x2CEE4,0xFFFFFFDF,0,1,11645,726,0,654,672,0,0,0,0,0,0,0,0,0x28EE4,0xE4,0xE4
4208,0x2D7884,0x2CF2E,0x4A,0,1,11648,726,0,654,672,0,0,0,0,0,0,0,0,0x28EE4,0x2E,0xE4
4209,0x2D7B48,0x2CFE3,0xB5,0,1,11651,726,0,654,672,0,0,0,0,0,0,0,0,0x28EE4,0xE3,0xE4
4210,0x2D7E0C,0x2D103,0x120,0,1,11654,728,0,654,672,0,0,0,0,0,0,0,0,0x28EE4,0x03,0xE4
4211,0x2D80D0,0x2D1E4,0x0,0,1,11656,729,1,654,672,0,0,0,0,0,0,0,0,0x28EE4,0xE4,0xE4
4212,0x2D8394,0x2D1E4,0x0,0,1,11659,729,1,654,672,0,0,0,0,0,0,0,0,0x28EE4,0xE4,0xE4
4213,0x2D8658,0x2D1E4,0x0,0,1,11662,729,1,654,672,0,0,0,0,0,0,0,0,0x28EE4,0xE4,0xE4
4214,0x2D891C,0x2D1E4,0x0,0,1,11665,729,1,654,672,0,0,0,0,0,0,0,0,0x28EE4,0xE4,0xE4
4215,0x2D8BE0,0x2D1E4,0x0,0,1,11667,729,1,654,672,0,0,0,0,0,0,0,0,0x28EE4,0xE4,0xE4
4216,0x2D8EA4,0x2D1E4,0x0,0,1,11670,729,1,654,672,0,0,0,0,0,0,0,0,0x28EE4,0xE4,0xE4
4217,0x2D9168,0x2D1E4,0x0,0,1,11673,729,0,654,672,0,0,0,0,0,0,0,0,0x28EE4,0xE4,0xE4
4218,0x2D942C,0x2D24F,0x6B,0,1,11676,729,0,654,672,0,0,0,0,0,0,0,0,0x28EE4,0x4F,0xE4
4219,0x2D96F0,0x2D325,0xD6,0,1,11678,730,0,654,672,0,0,0,0,0,0,0,0,0x28EE4,0x25,0xE4
4220,0x2D99B4,0x2D466,0x141,0,1,11681,731,0,654,672,0,0,0,0,0,0,0,0,0x28EE4,0x66,0xE4
4221,0x2D9C78,0x2D612,0x1AC,0,1,11684,733,0,654,672,0,0,0,0,0,0,0,0,0x28EE4,0x12,0xE4
4222,0x2D9F3C,0x2D829,0x217,0,1,11687,735,0,654,672,0,0,0,0,0,0,0,0,0x28EE4,0x29,0xE4
4223,0x2DA200,0x2DAAB,0x282,0,1,11690,737,0,654,672,0,0,0,0,0,0,0,0,0x28EE4,0xAB,0xE4
4224,0x2DA4C4,0x2DD98,0x2ED,0,1,11692,740,0,654,672,0,0,0,0,0,0,0,0,0x28EE4,0x98,0xE4
4225,0x2DA788,0x2E0F0,0x358,0,1,11695,744,0,654,672,0,0,0,0,0,0,0,0,0x28EE4,0xF0,0xE4
4226,0x2DAA4C,0x2E4B3,0x3C3,0,1,11698,747,0,654,672,0,0,0,0,0,0,0,0,0x28EE4,0xB3,0xE4
4227,0x2DAD10,0x2E8E1,0x42E,0,1,11701,751,0,654,672,0,0,0,0,0,0,0,0,0x28EE4,0xE1,0xE4
4228,0x2DAFD4,0x2ED7A,0x499,0,1,11703,756,0,654,672,0,0,0,0,0,0,0,0,0x28EE4,0x7A,0xE4
4229,0x2DB298,0x2F1E4,0x0,0,1,11706,761,1,654,672,0,0,0,0,0,0,0,0,0x28EE4,0xE4,0xE4
4230,0x2DB55C,0x2F1E4,0x0,0,1,11709,761,1,654,672,0,0,0,0,0,0,0,0,0x28EE4,0xE4,0xE4
4231,0x2DB820,0x2F1E4,0x0,0,1,11712,761,1,654,672,0,0,0,0,0,0,0,0,0x28EE4,0xE4,0xE4
4232,0x2DBAE4,0x2F1E4,0x0,0,1,11714,761,1,654,672,0,0,0,0,0,0,0,0,0x28EE4,0xE4,0xE4
4233,0x2DBDA8,0x2F1E4,0x0,0,1,11717,761,1,654,672,0,0,0,0,0,0,0,0,0x28EE4,0xE4,0xE4
4234,0x2DC06C,0x2F1E4,0x0,0,1,11720,761,0,654,672,0,0,0,0,0,0,0,0,0x28EE4,0xE4,0xE4
4235,0x2DC330,0x2F24F,0x6B,0,1,11723,761,0,654,672,0,0,0,0,0,0,0,0,0x28EE4,0x4F,0xE4
4236,0x2DC5F4,0x2F325,0xD6,0,1,11725,762,0,654,672,0,0,0,0,0,0,0,0,0x28EE4,0x25,0xE4
4237,0x2DC8B8,0x2F466,0x141,0,1,11728,763,0,654,672,0,0,0,0,0,0,0,0,0x28EE4,0x66,0xE4
4238,0x2DCB7C,0x2F612,0x1AC,0,1,11731,765,0,654,672,0,0,0,0,0,0,0,0,0x28EE4,0x12,0xE4
4239,0x2DCE40,0x2F829,0x217,0,1,11734,767,0,654,672,0,0,0,0,0,0,0,0,0x28EE4,0x29,0xE4
4240,0x2DD104,0x2FAAB,0x282,0,1,11737,769,0,654,672,0,0,0,0,0,0,0,0,0x28EE4,0xAB,0xE4
4241,0x2DD3C8,0x2FD98,0x2ED,0,1,11739,772,0,654,672,0,0,0,0,0,0,0,0,0x28EE4,0x98,0xE4
4242,0x2DD68C,0x300F0,0x358,0,1,11742,776,0,654,672,0,0,0,0,0,0,0,0,0x28EE4,0xF0,0xE4
4243,0x2DD950,0x304B3,0x3C3,0,1,11745,779,0,654,672,0,0,0,0,0,0,0,0,0x28EE4,0xB3,0xE4
4244,0x2DDC14,0x308E1,0x42E,0,1,11748,783,0,654,672,0,0,0,0,0,0,0,0,0x28EE4,0xE1,0xE4
4245,0x2DDED8,0x30D7A,0x499,0,1,11750,788,0,654,672,0,0,0,0,0,0,0,0,0x28EE4,0x7A,0xE4
4246,0x2DE19C,0x3127E,0x504,0,1,11753,793,0,654,672,0,0,0,0,0,0,0,0,0x28EE4,0x7E,0xE4
4247,0x2DE460,0x311E4,0x0,0,1,11756,793,1,654,672,0,0,0,0,0,0,0,0,0x28EE4,0xE4,0xE4
4248,0x2DE724,0x311E4,0x0,0,1,11759,793,1,654,672,0,0,0,0,0,0,0,0,0x28EE4,0xE4,0xE4
4249,0x2DE9E8,0x311E4,0x0,0,1,11761,793,1,654,672,0,0,0,0,0,0,0,0,0x28EE4,0xE4,0xE4
4250,0x2DECAC,0x311E4,0x0,0,1,11764,793,1,654,672,0,0,0,0,0,0,0,0,0x28EE4,0xE4,0xE4
4251,0x2DEF70,0x311E4,0xFFFFFA70,1,1,11767,793,0,654,672,0,0,0,0,0,0,0,0,0x28EE4,0xE4,0xE4
4252,0x2DF234,0x30CBF,0xFFFFFADB,0,1,11770,787,0,654,672,0,0,0,0,0,0,0,0,0x28EE4,0xBF,0xE4
4253,0x2DF4F8,0x30805,0xFFFFFB46,0,1,11772,783,0,654,672,0,0,0,0,0,0,0,0,0x28EE4,0x05,0xE4
4254,0x2DF7BC,0x303B6,0xFFFFFBB1,0,1,11775,778,0,654,672,0,0,0,0,0,0,0,0,0x28EE4,0xB6,0xE4
4255,0x2DFA80,0x2FFD2,0xFFFFFC1C,0,1,11778,774,0,654,672,0,0,0,0,0,0,0,0,0x28EE4,0xD2,0xE4
4256,0x2DFD44,0x2FC59,0xFFFFFC87,0,1,11781,771,0,654,672,0,0,0,0,0,0,0,0,0x28EE4,0x59,0xE4
4257,0x2E0008,0x2F94B,0xFFFFFCF2,0,1,11784,768,0,654,672,0,0,0,0,0,0,0,0,0x28EE4,0x4B,0xE4
4258,0x2E02CC,0x2F6A8,0xFFFFFD5D,0,1,11786,765,0,654,672,0,0,0,0,0,0,0,0,0x28EE4,0xA8,0xE4
4259,0x2E0590,0x2F470,0xFFFFFDC8,0,1,11789,763,0,654,672,0,0,0,0,0,0,0,0,0x28EE4,0x70,0xE4
4260,0x2E0854,0x2F2A3,0xFFFFFE33,0,1,11792,761,0,654,672,0,0,0,0,0,0,0,0,0x28EE4,0xA3,0xE4
4261,0x2E0B18,0x2F141,0xFFFFFE9E,0,1,11795,760,0,654,672,0,0,0,0,0,0,0,0,0x28EE4,0x41,0xE4
4262,0x2E0DDC,0x2F04A,0xFFFFFF09,0,1,11797,759,0,654,672,0,0,0,0,0,0,0,0,0x28EE4,0x4A,0xE4
4263,0x2E10A0,0x2EFBE,0xFFFFFF74,0,1,11800,758,0,654,672,0,0,0,0,0,0,0,0,0x28EE4,0xBE,0xE4
4264,0x2E1364,0x2EF9D,0xFFFFFFDF,0,1,11803,758,0,654,672,0,0,0,0,0,0,0,0,0x28EE4,0x9D,0xE4
4265,0x2E1628,0x2EFE7,0x4A,0,1,11806,759,0,654,672,0,0,0,0,0,0,0,0,0x28EE4,0xE7,0xE4
4266,0x2E18EC,0x2F09C,0xB5,0,1,11808,759,0,654,672,0,0,0,0,0,0,0,0,0x28EE4,0x9C,0xE4
4267,0x2E1BB0,0x2F1BC,0x120,0,1,11811,760,0,654,672,0,0,0,0,0,0,0,0,0x28EE4,0xBC,0xE4
4268,0x2E1E74,0x2F347,0x18B,0,1,11814,762,0,654,672,0,0,0,0,0,0,0,0,0x28EE4,0x47,0xE4
4269,0x2E2138,0x2F53D,0x1F6,0,1,11817,764,0,654,672,0,0,0,0,0,0,0,0,0x28EE4,0x3D,0xE4
4270,0x2E23FC,0x2F79E,0x261,0,1,11819,766,0,654,672,0,0,0,0,0,0,0,0,0x28EE4,0x9E,0xE4
4271,0x2E26C0,0x2FA6A,0x2CC,0,1,11822,769,0,654,672,0,0,0,0,0,0,0,0,0x28EE4,0x6A,0xE4
4272,0x2E2984,0x2FDA1,0x337,0,1,11825,772,0,654,672,0,0,0,0,0,0,0,0,0x28EE4,0xA1,0xE4
4273,0x2E2C48,0x30143,0x3A2,0,1,11828,776,0,654,672,0,0,0,0,0,0,0,0,0x28EE4,0x43,0xE4
4274,0x2E2F0C,0x30550,0x40D,0,1,11831,780,0,654,672,0,0,0,0,0,0,0,0,0x28EE4,0x50,0xE4
4275,0x2E31D0,0x309C8,0x478,0,1,11833,784,0,654,672,0,0,0,0,0,0,0,0,0x28EE4,0xC8,0xE4
4276,0x2E3494,0x30EAB,0x4E3,0,1,11836,789,0,654,672,0,0,0,0,0,0,0,0,0x28EE4,0xAB,0xE4
4277,0x2E3758,0x313F9,0x54E,0,1,11839,795,0,654,672,0,0,0,0,0,0,0,0,0x28EE4,0xF9,0xE4
4278,0x2E3A1C,0x319B2,0x5B9,0,1,11842,800,0,654,672,0,0,0,0,0,0,0,0,0x28EE4,0xB2,0xE4
4279,0x2E3CE0,0x31FD6,0x624,0,1,11844,806,0,654,672,0,0,0,0,0,0,0,0,0x28EE4,0xD6,0xE4
4280,0x2E3FA4,0x321E4,0xFFFFFA70,1,1,11847,809,0,654,672,0,0,0,0,0,0,0,0,0x28EE4,0xE4,0xE4
4281,0x2E4268,0x31CBF,0xFFFFFADB,0,1,11850,803,0,654,672,0,0,0,0,0,0,0,0,0x28EE4,0xBF,0xE4
4282,0x2E452C,0x31805,0xFFFFFB46,0,1,11853,799,0,654,672,0,0,0,0,0,0,0,0,0x28EE4,0x05,0xE4
4283,0x2E47F0,0x313B6,0xFFFFFBB1,0,1,11855,794,0,654,672,0,0,0,0,0,0,0,0,0x28EE4,0xB6,0xE4
4284,0x2E4AB4,0x30FD2,0xFFFFFC1C,0,1,11858,790,0,654,672,0,0,0,0,0,0,0,0,0x28EE4,0xD2,0xE4
4285,0x2E4D78,0x30C59,0xFFFFFC87,0,1,11861,787,0,654,672,0,0,0,0,0,0,0,0,0x28EE4,0x59,0xE4
4286,0x2E503C,0x3094B,0xFFFFFCF2,0,1,11864,784,0,654,672,0,0,0,0,0,0,0,0,0x28EE4,0x4B,0xE4
4287,0x2E5300,0x306A8,0xFFFFFD5D,0,1,11867,781,0,654,672,0,0,0,0,0,0,0,0,0x28EE4,0xA8,0xE4
4288,0x2E55C4,0x30470,0xFFFFFDC8,0,1,11869,779,0,654,672,0,0,0,0,0,0,0,0,0x28EE4,0x70,0xE4
4289,0x2E5888,0x302A3,0xFFFFFE33,0,1,11872,777,0,654,672,0,0,0,0,0,0,0,0,0x28EE4,0xA3,0xE4
4290,0x2E5B4C,0x30141,0xFFFFFE9E,0,1,11875,776,0,654,672,0,0,0,0,0,0,0,0,0x28EE4,0x41,0xE4
4291,0x2E5E10,0x3004A,0xFFFFFF09,0,1,11878,775,0,654,672,0,0,0,0,0,0,0,0,0x28EE4,0x4A,0xE4
4292,0x2E60D4,0x2FFBE,0xFFFFFF74,0,1,11880,774,0,654,672,0,0,0,0,0,0,0,0,0x28EE4,0xBE,0xE4
4293,0x2E6398,0x2FF9D,0xFFFFFFDF,0,1,11883,774,0,654,672,0,0,0,0,0,0,0,0,0x28EE4,0x9D,0xE4
4294,0x2E665C,0x2F1E4,0x0,0,1,11886,761,1,654,672,0,0,0,0,0,0,0,0,0x28EE4,0xE4,0xE4
4295,0x2E6920,0x2F1E4,0x0,0,1,11889,761,1,654,672,0,0,0,0,0,0,0,0,0x28EE4,0xE4,0xE4
4296,0x2E6BE4,0x2F1E4,0x0,0,1,11891,761,1,654,672,0,0,0,0,0,0,0,0,0x28EE4,0xE4,0xE4
4297,0x2E6EA8,0x2F1E4,0xFFFFFA70,1,1,11894,761,0,654,672,0,0,0,0,0,0,0,0,0x28EE4,0xE4,0xE4
4298,0x2E716C,0x2ECBF,0xFFFFFADB,0,1,11897,755,0,654,672,0,0,0,0,0,0,0,0,0x28EE4,0xBF,0xE4
4299,0x2E7430,0x2E805,0xFFFFFB46,0,1,11900,751,0,654,672,0,0,0,0,0,0,0,0,0x28EE4,0x05,0xE4
4300,0x2E76F4,0x2E3B6,0xFFFFFBB1,0,1,11902,746,0,654,672,0,0,0,0,0,0,0,0,0x28EE4,0xB6,0xE4
4301,0x2E79B8,0x2DFD2,0xFFFFFC1C,0,1,11905,742,0,654,672,0,0,0,0,0,0,0,0,0x28EE4,0xD2,0xE4
4302,0x2E7C7C,0x2DC59,0xFFFFFC87,0,1,11908,739,0,654,672,0,0,0,0,0,0,0,0,0x28EE4,0x59,0xE4
4303,0x2E7F40,0x2D94B,0xFFFFFCF2,0,1,11911,736,0,654,672,0,0,0,0,0,0,0,0,0x28EE4,0x4B,0xE4
4304,0x2E8204,0x2D6A8,0xFFFFFD5D,0,1,11914,733,0,654,672,0,0,0,0,0,0,0,0,0x28EE4,0xA8,0xE4
4305,0x2E84C8,0x2D470,0xFFFFFDC8,0,1,11916,731,0,654,672,0,0,0,0,0,0,0,0,0x28EE4,0x70,0xE4
4306,0x2E878C,0x2D2A3,0xFFFFFE33,0,1,11919,729,0,654,672,0,0,0,0,0,0,0,0,0x28EE4,0xA3,0xE4
4307,0x2E8A50,0x2D141,0xFFFFFE9E,0,1,11922,728,0,654,672,0,0,0,0,0,0,0,0,0x28EE4,0x41,0xE4
4308,0x2E8D14,0x2D04A,0xFFFFFF09,0,1,11925,727,0,654,672,0,0,0,0,0,0,0,0,0x28EE4,0x4A,0xE4
4309,0x2E8FD8,0x2CFBE,0xFFFFFF74,0,1,11927,726,0,654,672,0,0,0,0,0,0,0,0,0x28EE4,0xBE,0xE4
4310,0x2E929C,0x2CF9D,0xFFFFFFDF,0,1,11930,726,0,654,672,0,0,0,0,0,0,0,0,0x28EE4,0x9D,0xE4
4311,0x2E9560,0x2CFE7,0x4A,0,1,11933,727,0,654,672,0,0,0,0,0,0,0,0,0x28EE4,0xE7,0xE4
4312,0x2E9824,0x2D09C,0xB5,0,1,11936,727,0,654,672,0,0,0,0,0,0,0,0,0x28EE4,0x9C,0xE4
4313,0x2E9AE8,0x2D1BC,0x120,0,1,11938,728,0,654,672,0,0,0,0,0,0,0,0,0x28EE4,0xBC,0xE4
4314,0x2E9DAC,0x2D347,0x18B,0,1,11941,730,0,654,672,0,0,0,0,0,0,0,0,0x28EE4,0x47,0xE4
4315,0x2EA070,0x2D53D,0x1F6,0,1,11944,732,0,654,672,0,0,0,0,0,0,0,0,0x28EE4,0x3D,0xE4
4316,0x2EA334,0x2D79E,0x261,0,1,11947,734,0,654,672,0,0,0,0,0,0,0,0,0x28EE4,0x9E,0xE4
4317,0x2EA5F8,0x2DA6A,0x2CC,0,1,11949,737,0,654,672,0,0,0,0,0,0,0,0,0x28EE4,0x6A,0xE4
4318,0x2EA8BC,0x2DDA1,0x337,0,1,11952,740,0,654,672,0,0,0,0,0,0,0,0,0x28EE4,0xA1,0xE4
4319,0x2EAB80,0x2E143,0x3A2,0,1,11955,744,0,654,672,0,0,0,0,0,0,0,0,0x28EE4,0x43,0xE4
4320,0x2EAE44,0x2E550,0x40D,0,1,11958,748,0,654,672,0,0,0,0,0,0,0,0,0x28EE4,0x50,0xE4
4321,0x2EB108,0x2E9C8,0x478,0,1,11961,752,0,654,672,0,0,0,0,0,0,0,0,0x28EE4,0xC8,0xE4
4322,0x2EB3CC,0x2EEAB,0x4E3,0,1,11963,757,0,654,672,0,0,0,0,0,0,0,0,0x28EE4,0xAB,0xE4
4323,0x2EB690,0x2F1E4,0x0,0,1,11966,761,1,654,672,0,0,0,0,0,0,0,0,0x28EE4,0xE4,0xE4
4324,0x2EB954,0x2F1E4,0x0,0,1,11969,761,1,654,672,0,0,0,0,0,0,0,0,0x28EE4,0xE4,0xE4
4325,0x2EBC18,0x2F1E4,0x0,0,1,11972,761,1,654,672,0,0,0,0,0,0,0,0,0x28EE4,0xE4,0xE4
4326,0x2EBEDC,0x2F1E4,0x0,0,1,11974,761,1,654,672,0,0,0,0,0,0,0,0,0x28EE4,0xE4,0xE4
4327,0x2EC1A0,0x2F1E4,0x0,0,1,11977,761,1,654,672,0,0,0,0,0,0,0,0,0x28EE4,0xE4,0xE4
4328,0x2EC464,0x2F1E4,0x0,0,1,11980,761,1,654,672,0,0,0,0,0,0,0,0,0x28EE4,0xE4,0xE4
4329,0x2EC728,0x2F1E4,0x0,0,1,11983,761,1,654,672,0,0,0,0,0,0,0,0,0x28EE4,0xE4,0xE4
4330,0x2EC9EC,0x2F1E4,0x0,0,1,11985,761,1,654,672,0,0,0,0,0,0,0,0,0x28EE4,0xE4,0xE4
4331,0x2ECCB0,0x2F1E4,0xFFFFFA70,1,1,11988,761,0,654,672,0,0,0,0,0,0,0,0,0x28EE4,0xE4,0xE4
4332,0x2ECF74,0x2ECBF,0xFFFFFADB,0,1,11991,755,0,654,672,0,0,0,0,0,0,0,0,0x28EE4,0xBF,0xE4
4333,0x2ED238,0x2E805,0xFFFFFB46,0,1,11994,751,0,654,672,0,0,0,0,0,0,0,0,0x28EE4,0x05,0xE4
4334,0x2ED4FC,0x2E3B6,0xFFFFFBB1,0,1,11996,746,0,654,672,0,0,0,0,0,0,0,0,0x28EE4,0xB6,0xE4
4335,0x2ED7C0,0x2DFD2,0xFFFFFC1C,0,1,11999,742,0,654,672,0,0,0,0,0,0,0,0,0x28EE4,0xD2,0xE4
4336,0x2EDA84,0x2DC59,0xFFFFFC87,0,1,12002,739,0,654,672,0,0,0,0,0,0,0,0,0x28EE4,0x59,0xE4
4337,0x2EDD48,0x2D94B,0xFFFFFCF2,0,1,12005,736,0,654,672,0,0,0,0,0,0,0,0,0x28EE4,0x4B,0xE4
4338,0x2EE00C,0x2D6A8,0xFFFFFD5D,0,1,12008,733,0,654,672,0,0,0,0,0,0,0,0,0x28EE4,0xA8,0xE4
4339,0x2EE2D0,0x2D470,0xFFFFFDC8,0,1,12010,731,0,654,672,0,0,0,0,0,0,0,0,0x28EE4,0x70,0xE4
4340,0x2EE594,0x2D2A3,0xFFFFFE33,0,1,12013,729,0,654,672,0,0,0,0,0,0,0,0,0x28EE4,0xA3,0xE4
4341,0x2EE858,0x2D141,0xFFFFFE9E,0,1,12016,728,0,654,672,0,0,0,0,0,0,0,0,0x28EE4,0x41,0xE4
4342,0x2EEB1C,0x2D04A,0xFFFFFF09,0,1,12019,727,0,654,672,0,0,0,0,0,0,0,0,0x28EE4,0x4A,0xE4
4343,0x2EEDE0,0x2CFBE,0xFFFFFF74,0,1,12021,726,0,654,672,0,0,0,0,0,0,0,0,0x28EE4,0xBE,0xE4
4344,0x2EF0A4,0x2CF9D,0xFFFFFFDF,0,1,12024,726,0,654,672,0,0,0,0,0,0,0,0,0x28EE4,0x9D,0xE4
4345,0x2EF368,0x2CFE7,0x4A,0,1,12027,727,0,654,672,0,0,0,0,0,0,0,0,0x28EE4,0xE7,0xE4
4346,0x2EF62C,0x2D09C,0xB5,0,1,12030,727,0,654,672,0,0,0,0,0,0,0,0,0x28EE4,0x9C,0xE4
4347,0x2EF8F0,0x2D1BC,0x120,0,1,12032,728,0,654,672,0,0,0,0,0,0,0,0,0x28EE4,0xBC,0xE4
4348,0x2EFBB4,0x2D347,0x18B,0,1,12035,730,0,654,672,0,0,0,0,0,0,0,0,0x28EE4,0x47,0xE4
4349,0x2EFE78,0x2D53D,0x1F6,0,1,12038,732,0,654,672,0,0,0,0,0,0,0,0,0x28EE4,0x3D,0xE4
4350,0x2F013C,0x2D79E,0x261,0,1,12041,734,0,654,672,0,0,0,0,0,0,0,0,0x28EE4,0x9E,0xE4
4351,0x2F0400,0x2DA6A,0x2CC,0,1,12044,737,0,654,672,0,0,0,0,0,0,0,0,0x28EE4,0x6A,0xE4
4352,0x2F06C4,0x2DDA1,0x337,0,1,12046,740,0,654,672,0,0,0,0,0,0,0,0,0x28EE4,0xA1,0xE4
4353,0x2F0988,0x2E143,0x3A2,0,1,12049,744,0,654,672,0,0,0,0,0,0,0,0,0x28EE4,0x43,0xE4
4354,0x2F0C4C,0x2E1E4,0x0,0,1,12052,745,1,654,672,0,0,0,0,0,0,0,0,0x28EE4,0xE4,0xE4
4355,0x2F0F10,0x2E1E4,0x0,0,1,12055,745,1,654,672,0,0,0,0,0,0,0,0,0x28EE4,0xE4,0xE4
4356,0x2F11D4,0x2E1E4,0x0,0,1,12057,745,1,654,672,0,0,0,0,0,0,0,0,0x28EE4,0xE4,0xE4
4357,0x2F1498,0x2E1E4,0x0,0,1,12060,745,1,654,672,0,0,0,0,0,0,0,0,0x28EE4,0xE4,0xE4
4358,0x2F175C,0x2E1E4,0x0,0,1,12063,745,1,654,672,0,0,0,0,0,0,0,0,0x28EE4,0xE4,0xE4
4359,0x2F1A20,0x2E1E4,0x0,0,1,12066,745,1,654,672,0,0,0,0,0,0,0,0,0x28EE4,0xE4,0xE4
4360,0x2F1CE4,0x2E1E4,0x0,0,1,12068,745,1,654,672,0,0,0,0,0,0,0,0,0x28EE4,0xE4,0xE4
4361,0x2F1FA8,0x2E1E4,0x0,0,1,12071,745,0,654,672,0,0,0,0,0,0,0,0,0x28EE4,0xE4,0xE4
4362,0x2F226C,0x2E1E4,0xFFFFFA70,1,1,12074,745,0,654,672,0,0,0,0,0,0,0,0,0x28EE4,0xE4,0xE4
4363,0x2F2530,0x2DCBF,0xFFFFFADB,0,1,12077,739,0,654,672,0,0,0,0,0,0,0,0,0x28EE4,0xBF,0xE4
4364,0x2F27F4,0x2D805,0xFFFFFB46,0,1,12079,735,0,654,672,0,0,0,0,0,0,0,0,0x28EE4,0x05,0xE4
4365,0x2F2AB8,0x2D3B6,0xFFFFFBB1,0,1,12082,730,0,654,672,0,0,0,0,0,0,0,0,0x28EE4,0xB6,0xE4
4366,0x2F2D7C,0x2CFD2,0xFFFFFC1C,0,1,12085,726,0,654,672,0,0,0,0,0,0,0,0,0x28EE4,0xD2,0xE4
4367,0x2F3040,0x2CC59,0xFFFFFC87,0,1,12088,724,0,652,672,0,0,0,0,0,0,0,0,0x28C59,0x59,0x59
4368,0x2F3304,0x2C94B,0xFFFFFCF2,0,1,12091,721,0,649,672,0,0,0,0,0,0,0,0,0x2894B,0x4B,0x4B
4369,0x2F35C8,0x2C6A8,0xFFFFFD5D,0,1,12093,718,0,646,672,0,0,0,0,0,0,0,0,0x286A8,0xA8,0xA8
4370,0x2F388C,0x2C470,0xFFFFFDC8,0,1,12096,716,0,644,672,0,0,0,0,0,0,0,0,0x28470,0x70,0x70
4371,0x2F3B50,0x2C2A3,0xFFFFFE33,0,1,12099,714,0,642,672,0,0,0,0,0,0,0,0,0x282A3,0xA3,0xA3
4372,0x2F3E14,0x2C141,0xFFFFFE9E,0,1,12102,713,0,641,672,0,0,0,0,0,0,0,0,0x28141,0x41,0x41
4373,0x2F40D8,0x2C04A,0xFFFFFF09,0,1,12104,712,0,640,672,0,0,0,0,0,0,0,0,0x2804A,0x4A,0x4A
4374,0x2F439C,0x2BFBE,0xFFFFFF74,0,1,12107,711,0,639,672,0,0,0,0,0,0,0,0,0x27FBE,0xBE,0xBE
4375,0x2F4660,0x2BF9D,0xFFFFFFDF,0,1,12110,711,0,639,672,0,0,0,0,0,0,0,0,0x27F9D,0x9D,0x9D
4376,0x2F4924,0x2BFE7,0x4A,0,1,12113,711,0,639,672,0,0,0,0,0,0,0,0,0x27F9D,0xE7,0x9D
4377,0x2F4BE8,0x2C09C,0xB5,0,1,12115,711,0,639,672,0,0,0,0,0,0,0,0,0x27F9D,0x9C,0x9D
4378,0x2F4EAC,0x2C1BC,0x120,0,1,12118,713,0,639,672,0,0,0,0,0,0,0,0,0x27F9D,0xBC,0x9D
4379,0x2F5170,0x2C347,0x18B,0,1,12121,714,0,639,672,0,0,0,0,0,0,0,0,0x27F9D,0x47,0x9D
4380,0x2F5434,0x2C53D,0x1F6,0,1,12124,716,0,639,672,0,0,0,0,0,0,0,0,0x27F9D,0x3D,0x9D
4381,0x2F56F8,0x2C79E,0x261,0,1,12126,719,0,639,672,0,0,0,0,0,0,0,0,0x27F9D,0x9E,0x9D
4382,0x2F59BC,0x2CA6A,0x2CC,0,1,12129,721,0,639,672,0,0,0,0,0,0,0,0,0x27F9D,0x6A,0x9D
4383,0x2F5C80,0x2CDA1,0x337,0,1,12132,725,0,639,672,0,0,0,0,0,0,0,0,0x27F9D,0xA1,0x9D
4384,0x2F5F44,0x2D143,0x3A2,0,1,12135,728,0,639,672,0,0,0,0,0,0,0,0,0x27F9D,0x43,0x9D
4385,0x2F6208,0x2D550,0x40D,0,1,12138,732,0,639,672,0,0,0,0,0,0,0,0,0x27F9D,0x50,0x9D
4386,0x2F64CC,0x2D9C8,0x478,0,1,12140,737,0,639,672,0,0,0,0,0,0,0,0,0x27F9D,0xC8,0x9D
4387,0x2F6790,0x2DEAB,0x4E3,0,1,12143,742,0,639,672,0,0,0,0,0,0,0,0,0x27F9D,0xAB,0x9D
4388,0x2F6A54,0x2E3F9,0x54E,0,1,12146,747,0,639,672,0,0,0,0,0,0,0,0,0x27F9D,0xF9,0x9D
4389,0x2F6D18,0x2E9B2,0x5B9,0,1,12149,753,0,639,672,0,0,0,0,0,0,0,0,0x27F9D,0xB2,0x9D
4390,0x2F6FDC,0x2EFD6,0x624,0,1,12151,759,0,639,672,0,0,0,0,0,0,0,0,0x27F9D,0xD6,0x9D
4391,0x2F72A0,0x2F19D,0xFFFFFA70,1,1,12154,761,0,639,672,0,0,0,0,0,0,0,0,0x27F9D,0x9D,0x9D
4392,0x2F7564,0x2EC78,0xFFFFFADB,0,1,12157,755,0,639,672,0,0,0,0,0,0,0,0,0x27F9D,0x78,0x9D
4393,0x2F7828,0x2E7BE,0xFFFFFB46,0,1,12160,751,0,639,672,0,0,0,0,0,0,0,0,0x27F9D,0xBE,0x9D
4394,0x2F7AEC,0x2E36F,0xFFFFFBB1,0,1,12162,746,0,639,672,0,0,0,0,0,0,0,0,0x27F9D,0x6F,0x9D
4395,0x2F7DB0,0x2DF8B,0xFFFFFC1C,0,1,12165,742,0,639,672,0,0,0,0,0,0,0,0,0x27F9D,0x8B,0x9D
4396,0x2F8074,0x2DC12,0xFFFFFC87,0,1,12168,739,0,639,672,0,0,0,0,0,0,0,0,0x27F9D,0x12,0x9D
4397,0x2F8338,0x2D904,0xFFFFFCF2,0,1,12171,736,0,639,672,0,0,0,0,0,0,0,0,0x27F9D,0x04,0x9D
4398,0x2F85FC,0x2D661,0xFFFFFD5D,0,1,12173,733,0,639,672,0,0,0,0,0,0,0,0,0x27F9D,0x61,0x9D
4399,0x2F88C0,0x2D429,0xFFFFFDC8,0,1,12176,731,0,639,672,0,0,0,0,0,0,0,0,0x27F9D,0x29,0x9D
4400,0x2F8B84,0x2D25C,0xFFFFFE33,0,1,12179,729,0,639,672,0,0,0,0,0,0,0,0,0x27F9D,0x5C,0x9D
4401,0x2F8E48,0x2D0FA,0xFFFFFE9E,0,1,12182,728,0,639,672,0,0,0,0,0,0,0,0,0x27F9D,0xFA,0x9D
4402,0x2F910C,0x2D003,0xFFFFFF09,0,1,12185,727,0,639,672,0,0,0,0,0,0,0,0,0x27F9D,0x03,0x9D
4403,0x2F93D0,0x2CF77,0xFFFFFF74,0,1,12187,726,0,639,672,0,0,0,0,0,0,0,0,0x27F9D,0x77,0x9D
4404,0x2F9694,0x2CF56,0xFFFFFFDF,0,1,12190,726,0,639,672,0,0,0,0,0,0,0,0,0x27F9D,0x56,0x9D
4405,0x2F9958,0x2CFA0,0x4A,0,1,12193,727,0,639,672,0,0,0,0,0,0,0,0,0x27F9D,0xA0,0x9D
4406,0x2F9C1C,0x2D055,0xB5,0,1,12196,727,0,639,672,0,0,0,0,0,0,0,0,0x27F9D,0x55,0x9D
4407,0x2F9EE0,0x2D175,0x120,0,1,12198,728,0,639,672,0,0,0,0,0,0,0,0,0x27F9D,0x75,0x9D
4408,0x2FA1A4,0x2D300,0x18B,0,1,12201,730,0,639,672,0,0,0,0,0,0,0,0,0x27F9D,0x00,0x9D
4409,0x2FA468,0x2D19D,0x0,0,1,12204,729,1,639,672,0,0,0,0,0,0,0,0,0x27F9D,0x9D,0x9D
4410,0x2FA72C,0x2D19D,0x0,0,1,12207,729,1,639,672,0,0,0,0,0,0,0,0,0x27F9D,0x9D,0x9D
4411,0x2FA9F0,0x2D19D,0x0,0,1,12209,729,1,639,672,0,0,0,0,0,0,0,0,0x27F9D,0x9D,0x9D
4412,0x2FACB4,0x2D19D,0x0,0,1,12212,729,1,639,672,0,0,0,0,0,0,0,0,0x27F9D,0x9D,0x9D
4413,0x2FAF78,0x2D19D,0x0,0,1,12215,729,1,639,672,0,0,0,0,0,0,0,0,0x27F9D,0x9D,0x9D
4414,0x2FB23C,0x2D19D,0x0,0,1,12218,729,1,639,672,0,0,0,0,0,0,0,0,0x27F9D,0x9D,0x9D
4415,0x2FB500,0x2D19D,0x0,0,1,12221,729,1,639,672,0,0,0,0,0,0,0,0,0x27F9D,0x9D,0x9D
4416,0x2FB7C4,0x2D19D,0x0,0,1,12223,729,1,639,672,0,0,0,0,0,0,0,0,0x27F9D,0x9D,0x9D
4417,0x2FBA88,0x2D19D,0x0,0,1,12226,729,1,639,672,0,0,0,0,0,0,0,0,0x27F9D,0x9D,0x9D
4418,0x2FBD4C,0x2D19D,0x0,0,1,12229,729,1,639,672,0,0,0,0,0,0,0,0,0x27F9D,0x9D,0x9D
4419,0x2FC010,0x2D19D,0xFFFFFA70,1,1,12232,729,0,639,672,0,0,0,0,0,0,0,0,0x27F9D,0x9D,0x9D
4420,0x2FC2D4,0x2CC78,0xFFFFFADB,0,1,12234,723,0,639,672,0,0,0,0,0,0,0,0,0x27F9D,0x78,0x9D
4421,0x2FC598,0x2C7BE,0xFFFFFB46,0,1,12237,719,0,639,672,0,0,0,0,0,0,0,0,0x27F9D,0xBE,0x9D
4422,0x2FC85C,0x2C36F,0xFFFFFBB1,0,1,12240,714,0,639,672,0,0,0,0,0,0,0,0,0x27F9D,0x6F,0x9D
4423,0x2FCB20,0x2BF8B,0xFFFFFC1C,0,1,12243,711,0,639,672,0,0,0,0,0,0,0,0,0x27F8B,0x8B,0x8B
4424,0x2FCDE4,0x2BC12,0xFFFFFC87,0,1,12245,708,0,636,672,0,0,0,0,0,0,0,0,0x27C12,0x12,0x12
4425,0x2FD0A8,0x2B904,0xFFFFFCF2,0,1,12248,705,0,633,672,0,0,0,0,0,0,0,0,0x27904,0x04,0x04
4426,0x2FD36C,0x2B661,0xFFFFFD5D,0,1,12251,702,0,630,672,0,0,0,0,0,0,0,0,0x27661,0x61,0x61
4427,0x2FD630,0x2B429,0xFFFFFDC8,0,1,12254,700,0,628,672,0,0,0,0,0,0,0,0,0x27429,0x29,0x29
4428,0x2FD8F4,0x2B25C,0xFFFFFE33,0,1,12256,698,0,626,672,0,0,0,0,0,0,0,0,0x2725C,0x5C,0x5C
4429,0x2FDBB8,0x2B0FA,0xFFFFFE9E,0,1,12259,696,0,624,672,0,0,0,0,0,0,0,0,0x270FA,0xFA,0xFA
4430,0x2FDE7C,0x2B003,0xFFFFFF09,0,1,12262,696,0,624,672,0,0,0,0,0,0,0,0,0x27003,0x03,0x03
4431,0x2FE140,0x2AF77,0xFFFFFF74,0,1,12265,695,0,623,672,0,0,0,0,0,0,0,0,0x26F77,0x77,0x77
4432,0x2FE404,0x2AF56,0xFFFFFFDF,0,1,12268,695,0,623,672,0,0,0,0,0,0,0,0,0x26F56,0x56,0x56
4433,0x2FE6C8,0x2AFA0,0x4A,0,1,12270,695,0,623,672,0,0,0,0,0,0,0,0,0x26F56,0xA0,0x56
4434,0x2FE98C,0x2B055,0xB5,0,1,12273,695,0,623,672,0,0,0,0,0,0,0,0,0x26F56,0x55,0x56
4435,0x2FEC50,0x2B175,0x120,0,1,12276,697,0,623,672,0,0,0,0,0,0,0,0,0x26F56,0x75,0x56
4436,0x2FEF14,0x2B300,0x18B,0,1,12279,698,0,623,672,0,0,0,0,0,0,0,0,0x26F56,0x00,0x56
4437,0x2FF1D8,0x2B4F6,0x1F6,0,1,12281,700,0,623,672,0,0,0,0,0,0,0,0,0x26F56,0xF6,0x56
4438,0x2FF49C,0x2B757,0x261,0,1,12284,703,0,623,672,0,0,0,0,0,0,0,0,0x26F56,0x57,0x56
4439,0x2FF760,0x2BA23,0x2CC,0,1,12287,705,0,623,672,0,0,0,0,0,0,0,0,0x26F56,0x23,0x56
4440,0x2FFA24,0x2BD5A,0x337,0,1,12290,709,0,623,672,0,0,0,0,0,0,0,0,0x26F56,0x5A,0x56
4441,0x2FFCE8,0x2C0FC,0x3A2,0,1,12292,712,0,623,672,0,0,0,0,0,0,0,0,0x26F56,0xFC,0x56
4442,0x2FFFAC,0x2C509,0x40D,0,1,12295,716,0,623,672,0,0,0,0,0,0,0,0,0x26F56,0x09,0x56
4443,0x300270,0x2C981,0x478,0,1,12298,721,0,623,672,0,0,0,0,0,0,0,0,0x26F56,0x81,0x56
4444,0x300534,0x2CE64,0x4E3,0,1,12301,726,0,623,672,0,0,0,0,0,0,0,0,0x26F56,0x64,0x56
4445,0x3007F8,0x2D3B2,0x54E,0,1,12303,731,0,623,672,0,0,0,0,0,0,0,0,0x26F56,0xB2,0x56
4446,0x300ABC,0x2D96B,0x5B9,0,1,12306,737,0,623,672,0,0,0,0,0,0,0,0,0x26F56,0x6B,0x56
4447,0x300D80,0x2DF8F,0x624,0,1,12309,743,0,623,672,0,0,0,0,0,0,0,0,0x26F56,0x8F,0x56
4448,0x301044,0x2E61E,0x68F,0,1,12312,749,0,623,672,0,0,0,0,0,0,0,0,0x26F56,0x1E,0x56
4449,0x301308,0x2ED18,0x6FA,0,1,12315,756,0,623,672,0,0,0,0,0,0,0,0,0x26F56,0x18,0x56
4450,0x3015CC,0x2F47D,0x765,0,1,12317,764,0,623,672,0,0,0,0,0,0,0,0,0x26F56,0x7D,0x56
4451,0x301890,0x2FB77,0x6FA,0,1,12320,771,0,623,672,0,0,0,0,0,0,0,0,0x26F56,0x77,0x56
4452,0x301B54,0x30156,0x0,0,1,12323,777,1,623,672,0,0,0,0,0,0,0,0,0x26F56,0x56,0x56
4453,0x301E18,0x30156,0x0,0,1,12326,777,1,623,672,0,0,0,0,0,0,0,0,0x26F56,0x56,0x56
4454,0x3020DC,0x30156,0x0,0,1,12328,777,1,623,672,0,0,0,0,0,0,0,0,0x26F56,0x56,0x56
4455,0x3023A0,0x30156,0x0,0,1,12331,777,1,623,672,0,0,0,0,0,0,0,0,0x26F56,0x56,0x56
4456,0x302664,0x30156,0x0,0,1,12334,777,1,623,672,0,0,0,0,0,0,0,0,0x26F56,0x56,0x56
4457,0x302928,0x30156,0x0,0,1,12337,777,1,623,672,0,0,0,0,0,0,0,0,0x26F56,0x56,0x56
4458,0x302BEC,0x30156,0x0,0,1,12339,777,1,623,672,0,0,0,0,0,0,0,0,0x26F56,0x56,0x56
4459,0x302EB0,0x30156,0x0,0,1,12342,777,1,623,672,0,0,0,0,0,0,0,0,0x26F56,0x56,0x56
4460,0x303174,0x30156,0x0,0,1,12345,777,0,623,672,0,0,0,0,0,0,0,0,0x26F56,0x56,0x56
4461,0x303438,0x301C1,0x6B,0,1,12348,777,0,623,672,0,0,0,0,0,0,0,0,0x26F56,0xC1,0x56
4462,0x3036FC,0x30297,0xD6,0,1,12350,778,0,623,672,0,0,0,0,0,0,0,0,0x26F56,0x97,0x56
4463,0x3039C0,0x303D8,0x141,0,1,12353,779,0,623,672,0,0,0,0,0,0,0,0,0x26F56,0xD8,0x56
4464,0x303C84,0x30584,0x1AC,0,1,12356,781,0,623,672,0,0,0,0,0,0,0,0,0x26F56,0x84,0x56
4465,0x303F48,0x3079B,0x217,0,1,12359,783,0,623,672,0,0,0,0,0,0,0,0,0x26F56,0x9B,0x56
4466,0x30420C,0x30A1D,0x282,0,1,12362,785,0,623,672,0,0,0,0,0,0,0,0,0x26F56,0x1D,0x56
4467,0x3044D0,0x30D0A,0x2ED,0,1,12364,788,0,623,672,0,0,0,0,0,0,0,0,0x26F56,0x0A,0x56
4468,0x304794,0x31062,0x358,0,1,12367,792,0,624,672,0,0,0,0,0,0,0,0,0x27062,0x62,0x62
4469,0x304A58,0x31425,0x3C3,0,1,12370,796,0,628,672,0,0,0,0,0,0,0,0,0x27425,0x25,0x25
4470,0x304D1C,0x31853,0x42E,0,1,12373,800,0,632,672,0,0,0,0,0,0,0,0,0x27853,0x53,0x53
4471,0x304FE0,0x31CEC,0x499,0,1,12375,804,0,636,672,0,0,0,0,0,0,0,0,0x27CEC,0xEC,0xEC
4472,0x3052A4,0x321F0,0x504,0,1,12378,809,0,641,672,0,0,0,0,0,0,0,0,0x281F0,0xF0,0xF0
4473,0x305568,0x321F0,0x0,0,1,12381,809,1,641,672,0,0,0,0,0,0,0,0,0x281F0,0xF0,0xF0
4474,0x30582C,0x321F0,0x0,0,1,12384,809,1,641,672,0,0,0,0,0,0,0,0,0x281F0,0xF0,0xF0
4475,0x305AF0,0x321F0,0x0,0,1,12386,809,1,641,672,0,0,0,0,0,0,0,0,0x281F0,0xF0,0xF0
4476,0x305DB4,0x321F0,0x0,0,1,12389,809,1,641,672,0,0,0,0,0,0,0,0,0x281F0,0xF0,0xF0
4477,0x306078,0x321F0,0x0,0,1,12392,809,1,641,672,0,0,0,0,0,0,0,0,0x281F0,0xF0,0xF0
4478,0x30633C,0x321F0,0x0,0,1,12395,809,1,641,672,0,0,0,0,0,0,0,0,0x281F0,0xF0,0xF0
4479,0x306600,0x321F0,0x0,0,1,12398,809,1,641,672,0,0,0,0,0,0,0,0,0x281F0,0xF0,0xF0
4480,0x3068C4,0x321F0,0x0,0,1,12400,809,1,641,672,0,0,0,0,0,0,0,0,0x281F0,0xF0,0xF0
4481,0x306B88,0x321F0,0x0,0,1,12403,809,1,641,672,0,0,0,0,0,0,0,0,0x281F0,0xF0,0xF0
4482,0x306E4C,0x321F0,0x0,0,1,12406,809,1,641,672,0,0,0,0,0,0,0,0,0x281F0,0xF0,0xF0
4483,0x307110,0x321F0,0xFFFFFA70,1,1,12409,809,0,641,672,0,0,0,0,0,0,0,0,0x281F0,0xF0,0xF0
4484,0x3073D4,0x31CCB,0xFFFFFADB,0,1,12411,803,0,641,672,0,0,0,0,0,0,0,0,0x281F0,0xCB,0xF0
4485,0x307698,0x31811,0xFFFFFB46,0,1,12414,799,0,641,672,0,0,0,0,0,0,0,0,0x281F0,0x11,0xF0
4486,0x30795C,0x313C2,0xFFFFFBB1,0,1,12417,794,0,641,672,0,0,0,0,0,0,0,0,0x281F0,0xC2,0xF0
4487,0x307C20,0x30FDE,0xFFFFFC1C,0,1,12420,790,0,641,672,0,0,0,0,0,0,0,0,0x281F0,0xDE,0xF0
4488,0x307EE4,0x30C65,0xFFFFFC87,0,1,12422,787,0,641,672,0,0,0,0,0,0,0,0,0x281F0,0x65,0xF0
4489,0x3081A8,0x30957,0xFFFFFCF2,0,1,12425,784,0,641,672,0,0,0,0,0,0,0,0,0x281F0,0x57,0xF0
4490,0x30846C,0x306B4,0xFFFFFD5D,0,1,12428,781,0,641,672,0,0,0,0,0,0,0,0,0x281F0,0xB4,0xF0
4491,0x308730,0x3047C,0xFFFFFDC8,0,1,12431,779,0,641,672,0,0,0,0,0,0,0,0,0x281F0,0x7C,0xF0
4492,0x3089F4,0x302AF,0xFFFFFE33,0,1,12433,777,0,641,672,0,0,0,0,0,0,0,0,0x281F0,0xAF,0xF0
4493,0x308CB8,0x3014D,0xFFFFFE9E,0,1,12436,776,0,641,672,0,0,0,0,0,0,0,0,0x281F0,0x4D,0xF0
4494,0x308F7C,0x30056,0xFFFFFF09,0,1,12439,775,0,641,672,0,0,0,0,0,0,0,0,0x281F0,0x56,0xF0
4495,0x309240,0x2FFCA,0xFFFFFF74,0,1,12442,774,0,641,672,0,0,0,0,0,0,0,0,0x281F0,0xCA,0xF0
4496,0x309504,0x2FFA9,0xFFFFFFDF,0,1,12445,774,0,641,672,0,0,0,0,0,0,0,0,0x281F0,0xA9,0xF0
4497,0x3097C8,0x2FFF3,0x4A,0,1,12447,775,0,641,672,0,0,0,0,0,0,0,0,0x281F0,0xF3,0xF0
4498,0x309A8C,0x300A8,0xB5,0,1,12450,775,0,641,672,0,0,0,0,0,0,0,0,0x281F0,0xA8,0xF0
4499,0x309D50,0x301C8,0x120,0,1,12453,776,0,641,672,0,0,0,0,0,0,0,0,0x281F0,0xC8,0xF0
4500,0x30A014,0x30353,0x18B,0,1,12456,778,0,641,672,0,0,0,0,0,0,0,0,0x281F0,0x53,0xF0
4501,0x30A2D8,0x30549,0x1F6,0,1,12458,780,0,641,672,0,0,0,0,0,0,0,0,0x281F0,0x49,0xF0
4502,0x30A59C,0x301F0,0x0,0,1,12461,777,1,641,672,0,0,0,0,0,0,0,0,0x281F0,0xF0,0xF0
4503,0x30A860,0x301F0,0x0,0,1,12464,777,1,641,672,0,0,0,0,0,0,0,0,0x281F0,0xF0,0xF0
4504,0x30AB24,0x301F0,0xFFFFFA70,1,1,12467,777,0,641,672,0,0,0,0,0,0,0,0,0x281F0,0xF0,0xF0
4505,0x30ADE8,0x2FCCB,0xFFFFFADB,0,1,12469,771,0,641,672,0,0,0,0,0,0,0,0,0x281F0,0xCB,0xF0
4506,0x30B0AC,0x2F811,0xFFFFFB46,0,1,12472,767,0,641,672,0,0,0,0,0,0,0,0,0x281F0,0x11,0xF0
4507,0x30B370,0x2F3C2,0xFFFFFBB1,0,1,12475,762,0,641,672,0,0,0,0,0,0,0,0,0x281F0,0xC2,0xF0
4508,0x30B634,0x2EFDE,0xFFFFFC1C,0,1,12478,758,0,641,672,0,0,0,0,0,0,0,0,0x281F0,0xDE,0xF0
4509,0x30B8F8,0x2EC65,0xFFFFFC87,0,1,12480,755,0,641,672,0,0,0,0,0,0,0,0,0x281F0,0x65,0xF0
4510,0x30BBBC,0x2E957,0xFFFFFCF2,0,1,12483,752,0,641,672,0,0,0,0,0,0,0,0,0x281F0,0x57,0xF0
4511,0x30BE80,0x2E6B4,0xFFFFFD5D,0,1,12486,749,0,641,672,0,0,0,0,0,0,0,0,0x281F0,0xB4,0xF0
4512,0x30C144,0x2E47C,0xFFFFFDC8,0,1,12489,747,0,641,672,0,0,0,0,0,0,0,0,0x281F0,0x7C,0xF0
4513,0x30C408,0x2E2AF,0xFFFFFE33,0,1,12492,745,0,641,672,0,0,0,0,0,0,0,0,0x281F0,0xAF,0xF0
4514,0x30C6CC,0x2E14D,0xFFFFFE9E,0,1,12494,744,0,641,672,0,0,0,0,0,0,0,0,0x281F0,0x4D,0xF0
4515,0x30C990,0x2E056,0xFFFFFF09,0,1,12497,743,0,641,672,0,0,0,0,0,0,0,0,0x281F0,0x56,0xF0
4516,0x30CC54,0x2DFCA,0xFFFFFF74,0,1,12500,742,0,641,672,0,0,0,0,0,0,0,0,0x281F0,0xCA,0xF0
4517,0x30CF18,0x2DFA9,0xFFFFFFDF,0,1,12503,742,0,641,672,0,0,0,0,0,0,0,0,0x281F0,0xA9,0xF0
4518,0x30D1DC,0x2DFF3,0x4A,0,1,12505,743,0,641,672,0,0,0,0,0,0,0,0,0x281F0,0xF3,0xF0
4519,0x30D4A0,0x2E0A8,0xB5,0,1,12508,743,0,641,672,0,0,0,0,0,0,0,0,0x281F0,0xA8,0xF0
4520,0x30D764,0x2E1C8,0x120,0,1,12511,744,0,641,672,0,0,0,0,0,0,0,0,0x281F0,0xC8,0xF0
4521,0x30DA28,0x2E353,0x18B,0,1,12514,746,0,641,672,0,0,0,0,0,0,0,0,0x281F0,0x53,0xF0
4522,0x30DCEC,0x2E549,0x1F6,0,1,12516,748,0,641,672,0,0,0,0,0,0,0,0,0x281F0,0x49,0xF0
4523,0x30DFB0,0x2E7AA,0x261,0,1,12519,750,0,641,672,0,0,0,0,0,0,0,0,0x281F0,0xAA,0xF0
4524,0x30E274,0x2EA76,0x2CC,0,1,12522,753,0,641,672,0,0,0,0,0,0,0,0,0x281F0,0x76,0xF0
4525,0x30E538,0x2EDAD,0x337,0,1,12525,756,0,641,672,0,0,0,0,0,0,0,0,0x281F0,0xAD,0xF0
4526,0x30E7FC,0x2F14F,0x3A2,0,1,12527,760,0,641,672,0,0,0,0,0,0,0,0,0x281F0,0x4F,0xF0
4527,0x30EAC0,0x2F55C,0x40D,0,1,12530,764,0,641,672,0,0,0,0,0,0,0,0,0x281F0,0x5C,0xF0
4528,0x30ED84,0x2F9D4,0x478,0,1,12533,768,0,641,672,0,0,0,0,0,0,0,0,0x281F0,0xD4,0xF0
4529,0x30F048,0x2FEB7,0x4E3,0,1,12536,773,0,641,672,0,0,0,0,0,0,0,0,0x281F0,0xB7,0xF0
4530,0x30F30C,0x30405,0x54E,0,1,12539,779,0,641,672,0,0,0,0,0,0,0,0,0x281F0,0x05,0xF0
4531,0x30F5D0,0x309BE,0x5B9,0,1,12541,784,0,641,672,0,0,0,0,0,0,0,0,0x281F0,0xBE,0xF0
4532,0x30F894,0x30FE2,0x624,0,1,12544,790,0,641,672,0,0,0,0,0,0,0,0,0x281F0,0xE2,0xF0
4533,0x30FB58,0x31671,0x68F,0,1,12547,797,0,641,672,0,0,0,0,0,0,0,0,0x281F0,0x71,0xF0
4534,0x30FE1C,0x31D6B,0x6FA,0,1,12550,804,0,641,672,0,0,0,0,0,0,0,0,0x281F0,0x6B,0xF0
4535,0x3100E0,0x324D0,0x765,0,1,12552,812,0,644,672,0,0,0,0,0,0,0,0,0x284D0,0xD0,0xD0
4536,0x3103A4,0x32BCA,0x6FA,0,1,12555,819,0,651,672,0,0,0,0,0,0,0,0,0x28BCA,0xCA,0xCA
4537,0x310668,0x3332F,0x765,0,1,12558,827,0,659,672,0,0,0,0,0,0,0,0,0x2932F,0x2F,0x2F
4538,0x31092C,0x33A29,0x6FA,0,1,12561,834,0,666,672,0,0,0,0,0,0,0,0,0x29A29,0x29,0x29
4539,0x310BF0,0x3418E,0x765,0,1,12563,841,0,671,672,0,0,0,0,0,0,0,0,0x29F00,0x8E,0x00
4540,0x310EB4,0x34888,0x6FA,0,1,12566,848,0,671,672,0,0,0,0,0,0,0,0,0x29F00,0x88,0x00
