frame,X_fixed,Y_fixed,VelY_fixed,VelX_fixed,X_px,Y_px,gravity,mini,gamemode,onGround
1,0x0000,0x0000,0x0000,0x0000,0,0,0,0,0,1
2,0x0000,0x0000,0x0000,0x0000,0,0,0,0,0,1
3,0x0000,0x0000,0x0000,0x0000,0,0,0,0,0,1
4,0x0000,0x0000,0x0000,0x0000,0,0,0,0,0,1
5,0x0000,0x0000,0x0000,0x0000,0,0,0,0,0,1
6,0x0000,0x0000,0x0000,0x0000,0,0,0,0,0,1
7,0x0000,0x0000,0x0000,0x0000,0,0,0,0,0,1
8,0x0000,0x0000,0x0000,0x0000,0,0,0,0,0,1
9,0x0000,0x0000,0x0000,0x0000,0,0,0,0,0,1
10,0x0000,0x0000,0x0000,0x0000,0,0,0,0,0,1
11,0x0000,0xB000,0x0000,0x0000,0,176,0,0,0,1
12,0x0000,0xB000,0x0000,0x0000,0,176,0,0,0,1
13,0x0000,0xB000,0x0000,0x0000,0,176,0,0,0,1
14,0x0000,0xB000,0x0000,0x0000,0,176,0,0,0,1
15,0x0000,0xB000,0x0000,0x0000,0,176,0,0,0,1
16,0x0000,0xB000,0x0000,0x0000,0,176,0,0,0,1
17,0x0000,0xB000,0x0000,0x0000,0,176,0,0,0,1
18,0x0000,0xB000,0x0000,0x0000,0,176,0,0,0,1
19,0x0000,0xB000,0x0000,0x0000,0,176,0,0,0,1
20,0x0000,0xB000,0x0000,0x0000,0,176,0,0,0,1
21,0x0000,0xB000,0x0000,0x0000,0,176,0,0,0,1
22,0x0000,0xB000,0x0000,0x0000,0,176,0,0,0,1
23,0x0000,0xB000,0x0000,0x0000,0,176,0,0,0,1
24,0x0000,0xB000,0x0000,0x0000,0,176,0,0,0,1
25,0x0000,0xB000,0x0000,0x0000,0,176,0,0,0,1
26,0x0000,0xB000,0x0000,0x0000,0,176,0,0,0,1
27,0x0000,0xB000,0x0000,0x0000,0,176,0,0,0,1
28,0x0000,0xB000,0x0000,0x0000,0,176,0,0,0,1
29,0x0000,0xB000,0x0000,0x0000,0,176,0,0,0,1
30,0x0000,0xB000,0x0000,0x0000,0,176,0,0,0,1
31,0x0000,0xB000,0x0000,0x0000,0,176,0,0,0,1
32,0x02C4,0xB06B,0x006B,0x02C4,2,176,0,0,0,0
33,0x0588,0xB141,0x00D6,0x02C4,5,177,0,0,0,0
34,0x084C,0xB200,0x0000,0x02C4,8,178,0,0,0,1
35,0x0B10,0xB200,0x0000,0x02C4,11,178,0,0,0,1
36,0x0DD4,0xB200,0x0000,0x02C4,13,178,0,0,0,1
37,0x1098,0xB200,0x0000,0x02C4,16,178,0,0,0,1
38,0x135C,0xB200,0x0000,0x02C4,19,178,0,0,0,1
39,0x1620,0xB200,0x0000,0x02C4,22,178,0,0,0,1
40,0x18E4,0xB200,0x0000,0x02C4,24,178,0,0,0,1
41,0x1BA8,0xB200,0x0000,0x02C4,27,178,0,0,0,1
42,0x1E6C,0xB200,0x0000,0x02C4,30,178,0,0,0,1
43,0x2130,0xB200,0x0000,0x02C4,33,178,0,0,0,1
44,0x23F4,0xB200,0x0000,0x02C4,35,178,0,0,0,1
45,0x26B8,0xB200,0x0000,0x02C4,38,178,0,0,0,1
46,0x297C,0xB200,0x0000,0x02C4,41,178,0,0,0,1
47,0x2C40,0xB200,0x0000,0x02C4,44,178,0,0,0,1
48,0x2F04,0xB200,0x0000,0x02C4,47,178,0,0,0,1
49,0x31C8,0xB200,0x0000,0x02C4,49,178,0,0,0,1
50,0x348C,0xB200,0x0000,0x02C4,52,178,0,0,0,1
51,0x3750,0xB200,0x0000,0x02C4,55,178,0,0,0,1
52,0x3A14,0xB200,0x0000,0x02C4,58,178,0,0,0,1
53,0x3CD8,0xB200,0x0000,0x02C4,60,178,0,0,0,1
54,0x3F9C,0xB200,0x0000,0x02C4,63,178,0,0,0,1
55,0x4260,0xB200,0x0000,0x02C4,66,178,0,0,0,1
56,0x4524,0xB200,0x0000,0x02C4,69,178,0,0,0,1
57,0x47E8,0xB200,0x0000,0x02C4,71,178,0,0,0,1
58,0x4AAC,0xB200,0x0000,0x02C4,74,178,0,0,0,1
59,0x4D70,0xB200,0x0000,0x02C4,77,178,0,0,0,1
60,0x5034,0xB200,0x0000,0x02C4,80,178,0,0,0,1
61,0x50F8,0xB200,0x0000,0x02C4,80,178,0,0,0,1
62,0x50BC,0xB200,0x0000,0x02C4,80,178,0,0,0,1
63,0x5080,0xB200,0x0000,0x02C4,80,178,0,0,0,1
64,0x5044,0xB200,0x0000,0x02C4,80,178,0,0,0,1
65,0x5008,0xB200,0x0000,0x02C4,80,178,0,0,0,1
66,0x50CC,0xB200,0x0000,0x02C4,80,178,0,0,0,1
67,0x5090,0xB200,0x0000,0x02C4,80,178,0,0,0,1
68,0x5054,0xB200,0x0000,0x02C4,80,178,0,0,0,1
69,0x5018,0xB200,0x0000,0x02C4,80,178,0,0,0,1
70,0x50DC,0xB200,0x0000,0x02C4,80,178,0,0,0,1
71,0x50A0,0xB200,0x0000,0x02C4,80,178,0,0,0,1
72,0x5064,0xB200,0x0000,0x02C4,80,178,0,0,0,1
73,0x5028,0xB200,0x0000,0x02C4,80,178,0,0,0,1
74,0x50EC,0xB200,0x0000,0x02C4,80,178,0,0,0,1
75,0x50B0,0xB200,0x0000,0x02C4,80,178,0,0,0,1
76,0x5074,0xB200,0x0000,0x02C4,80,178,0,0,0,1
77,0x5038,0xB200,0x0000,0x02C4,80,178,0,0,0,1
78,0x50FC,0xB200,0x0000,0x02C4,80,178,0,0,0,1
79,0x50C0,0xB200,0x0000,0x02C4,80,178,0,0,0,1
80,0x5084,0xB200,0x0000,0x02C4,80,178,0,0,0,1
81,0x5048,0xB200,0x0000,0x02C4,80,178,0,0,0,1
82,0x500C,0xB200,0x0000,0x02C4,80,178,0,0,0,1
83,0x50D0,0xB200,0x0000,0x02C4,80,178,0,0,0,1
84,0x5094,0xB200,0x0000,0x02C4,80,178,0,0,0,1
85,0x5058,0xB200,0x0000,0x02C4,80,178,0,0,0,1
86,0x501C,0xB200,0x0000,0x02C4,80,178,0,0,0,1
87,0x50E0,0xB200,0x0000,0x02C4,80,178,0,0,0,1
88,0x50A4,0xB200,0x0000,0x02C4,80,178,0,0,0,1
89,0x5068,0xB200,0x0000,0x02C4,80,178,0,0,0,1
90,0x502C,0xB200,0x0000,0x02C4,80,178,0,0,0,1
91,0x50F0,0xB200,0x0000,0x02C4,80,178,0,0,0,1
92,0x50B4,0xB200,0x0000,0x02C4,80,178,0,0,0,1
93,0x5078,0xB200,0x0000,0x02C4,80,178,0,0,0,1
94,0x503C,0xB200,0x0000,0x02C4,80,178,0,0,0,1
95,0x5000,0xB200,0x0000,0x02C4,80,178,0,0,0,1
96,0x50C4,0xB200,0x0000,0x02C4,80,178,0,0,0,1
97,0x5088,0xB200,0x0000,0x02C4,80,178,0,0,0,1
98,0x504C,0xB200,0x0000,0x02C4,80,178,0,0,0,1
99,0x5010,0xB200,0x0000,0x02C4,80,178,0,0,0,1
100,0x50D4,0xB200,0x0000,0x02C4,80,178,0,0,0,1
101,0x5098,0xB200,0x0000,0x02C4,80,178,0,0,0,1
102,0x505C,0xB200,0x0000,0x02C4,80,178,0,0,0,1
103,0x5020,0xB200,0x0000,0x02C4,80,178,0,0,0,1
104,0x50E4,0xB200,0x0000,0x02C4,80,178,0,0,0,1
105,0x50A8,0xB200,0x0000,0x02C4,80,178,0,0,0,1
106,0x506C,0xB200,0x0000,0x02C4,80,178,0,0,0,1
107,0x5030,0xB200,0x0000,0x02C4,80,178,0,0,0,1
108,0x50F4,0xB200,0x0000,0x02C4,80,178,0,0,0,1
109,0x50B8,0xB200,0x0000,0x02C4,80,178,0,0,0,1
110,0x507C,0xB200,0x0000,0x02C4,80,178,0,0,0,1
111,0x5040,0xB200,0x0000,0x02C4,80,178,0,0,0,1
112,0x5004,0xB200,0x0000,0x02C4,80,178,0,0,0,1
113,0x50C8,0xB200,0x0000,0x02C4,80,178,0,0,0,1
114,0x508C,0xB200,0x0000,0x02C4,80,178,0,0,0,1
115,0x5050,0xB200,0x0000,0x02C4,80,178,0,0,0,1
116,0x5014,0xB200,0x0000,0x02C4,80,178,0,0,0,1
117,0x50D8,0xB200,0x0000,0x02C4,80,178,0,0,0,1
118,0x509C,0xB200,0x0000,0x02C4,80,178,0,0,0,1
119,0x5060,0xB200,0x0000,0x02C4,80,178,0,0,0,1
120,0x5024,0xB200,0x0000,0x02C4,80,178,0,0,0,1
121,0x50E8,0xB200,0x0000,0x02C4,80,178,0,0,0,1
122,0x50AC,0xB200,0x0000,0x02C4,80,178,0,0,0,1
123,0x5070,0xB200,0x0000,0x02C4,80,178,0,0,0,1
124,0x5034,0xB200,0x0000,0x02C4,80,178,0,0,0,1
125,0x50F8,0xB200,0x0000,0x02C4,80,178,0,0,0,1
126,0x50BC,0xB200,0x0000,0x02C4,80,178,0,0,0,1
127,0x5080,0xB200,0x0000,0x02C4,80,178,0,0,0,1
128,0x5044,0xB200,0x0000,0x02C4,80,178,0,0,0,1
129,0x5008,0xB200,0x0000,0x02C4,80,178,0,0,0,1
130,0x50CC,0xB200,0x0000,0x02C4,80,178,0,0,0,1
131,0x5090,0xB200,0xFA70,0x02C4,80,178,0,0,0,0
132,0x5054,0xACDB,0xFADB,0x02C4,80,172,0,0,0,0
133,0x5018,0xA821,0xFB46,0x02C4,80,168,0,0,0,0
134,0x50DC,0xA3D2,0xFBB1,0x02C4,80,163,0,0,0,0
135,0x50A0,0x9FEE,0xFC1C,0x02C4,80,159,0,0,0,0
136,0x5064,0x9C75,0xFC87,0x02C4,80,156,0,0,0,0
137,0x5028,0x9967,0xFCF2,0x02C4,80,153,0,0,0,0
138,0x50EC,0x96C4,0xFD5D,0x02C4,80,150,0,0,0,0
139,0x50B0,0x948C,0xFDC8,0x02C4,80,148,0,0,0,0
140,0x5074,0x92BF,0xFE33,0x02C4,80,146,0,0,0,0
141,0x5038,0x915D,0xFE9E,0x02C4,80,145,0,0,0,0
142,0x50FC,0x9066,0xFF09,0x02C4,80,144,0,0,0,0
143,0x50C0,0x8FDA,0xFF74,0x02C4,80,143,0,0,0,0
144,0x5084,0x8FB9,0xFFDF,0x02C4,80,143,0,0,0,0
145,0x5048,0x9003,0x004A,0x02C4,80,144,0,0,0,0
146,0x500C,0x90B8,0x00B5,0x02C4,80,144,0,0,0,0
147,0x50D0,0x91D8,0x0120,0x02C4,80,145,0,0,0,0
148,0x5094,0x9363,0x018B,0x02C4,80,147,0,0,0,0
149,0x5058,0x9559,0x01F6,0x02C4,80,149,0,0,0,0
150,0x501C,0x97BA,0x0261,0x02C4,80,151,0,0,0,0
151,0x50E0,0x9A86,0x02CC,0x02C4,80,154,0,0,0,0
152,0x50A4,0x9DBD,0x0337,0x02C4,80,157,0,0,0,0
153,0x5068,0xA15F,0x03A2,0x02C4,80,161,0,0,0,0
154,0x502C,0xA56C,0x040D,0x02C4,80,165,0,0,0,0
155,0x50F0,0xA9E4,0x0478,0x02C4,80,169,0,0,0,0
156,0x50B4,0xAEC7,0x04E3,0x02C4,80,174,0,0,0,0
157,0x5078,0xB200,0x0000,0x02C4,80,178,0,0,0,1
158,0x503C,0xB200,0x0000,0x02C4,80,178,0,0,0,1
159,0x5000,0xB200,0x0000,0x02C4,80,178,0,0,0,1
160,0x50C4,0xB200,0x0000,0x02C4,80,178,0,0,0,1
161,0x5088,0xB200,0x0000,0x02C4,80,178,0,0,0,1
162,0x504C,0xB200,0x0000,0x02C4,80,178,0,0,0,1
163,0x5010,0xB200,0x0000,0x02C4,80,178,0,0,0,1
164,0x50D4,0xB200,0x0000,0x02C4,80,178,0,0,0,1
165,0x5098,0xB200,0x0000,0x02C4,80,178,0,0,0,1
166,0x505C,0xB200,0x0000,0x02C4,80,178,0,0,0,1
167,0x5020,0xB200,0x0000,0x02C4,80,178,0,0,0,1
168,0x50E4,0xB200,0x0000,0x02C4,80,178,0,0,0,1
169,0x50A8,0xB200,0x0000,0x02C4,80,178,0,0,0,1
170,0x506C,0xB200,0x0000,0x02C4,80,178,0,0,0,1
171,0x5030,0xB200,0x0000,0x02C4,80,178,0,0,0,1
172,0x50F4,0xB200,0x0000,0x02C4,80,178,0,0,0,1
173,0x50B8,0xB200,0x0000,0x02C4,80,178,0,0,0,1
174,0x507C,0xB200,0x0000,0x02C4,80,178,0,0,0,1
175,0x5040,0xB200,0x0000,0x02C4,80,178,0,0,0,1
176,0x5004,0xB200,0x0000,0x02C4,80,178,0,0,0,1
177,0x50C8,0xB200,0x0000,0x02C4,80,178,0,0,0,1
178,0x508C,0xB200,0x0000,0x02C4,80,178,0,0,0,1
179,0x5050,0xB200,0x0000,0x02C4,80,178,0,0,0,1
180,0x5014,0xB200,0x0000,0x02C4,80,178,0,0,0,1
181,0x50D8,0xB200,0x0000,0x02C4,80,178,0,0,0,1
182,0x509C,0xB200,0x0000,0x02C4,80,178,0,0,0,1
183,0x5060,0xB200,0x0000,0x02C4,80,178,0,0,0,1
184,0x5024,0xB200,0x0000,0x02C4,80,178,0,0,0,1
185,0x50E8,0xB200,0x0000,0x02C4,80,178,0,0,0,1
186,0x50AC,0xB200,0x0000,0x02C4,80,178,0,0,0,1
187,0x5070,0xB200,0x0000,0x02C4,80,178,0,0,0,1
188,0x5034,0xB200,0x0000,0x02C4,80,178,0,0,0,1
189,0x50F8,0xB200,0x0000,0x02C4,80,178,0,0,0,1
190,0x50BC,0xB200,0x0000,0x02C4,80,178,0,0,0,1
191,0x5080,0xB200,0x0000,0x02C4,80,178,0,0,0,1
192,0x5044,0xB200,0x0000,0x02C4,80,178,0,0,0,1
193,0x5008,0xB200,0x0000,0x02C4,80,178,0,0,0,1
194,0x50CC,0xB200,0x0000,0x02C4,80,178,0,0,0,1
195,0x5090,0xB200,0x0000,0x02C4,80,178,0,0,0,1
196,0x5054,0xB200,0x0000,0x02C4,80,178,0,0,0,1
197,0x5018,0xB200,0x0000,0x02C4,80,178,0,0,0,1
198,0x50DC,0xB200,0x0000,0x02C4,80,178,0,0,0,1
199,0x50A0,0xB200,0x0000,0x02C4,80,178,0,0,0,1
200,0x5064,0xB200,0x0000,0x02C4,80,178,0,0,0,1
201,0x5028,0xB200,0x0000,0x02C4,80,178,0,0,0,1
202,0x50EC,0xB200,0x0000,0x02C4,80,178,0,0,0,1
203,0x50B0,0xB200,0x0000,0x02C4,80,178,0,0,0,1
204,0x5074,0xB200,0x0000,0x02C4,80,178,0,0,0,1
205,0x5038,0xB200,0x0000,0x02C4,80,178,0,0,0,1
206,0x50FC,0xB200,0x0000,0x02C4,80,178,0,0,0,1
207,0x50C0,0xB200,0x0000,0x02C4,80,178,0,0,0,1
208,0x5084,0xB200,0x0000,0x02C4,80,178,0,0,0,1
209,0x5048,0xB200,0x0000,0x02C4,80,178,0,0,0,1
210,0x500C,0xB200,0x0000,0x02C4,80,178,0,0,0,1
211,0x50D0,0xB200,0x0000,0x02C4,80,178,0,0,0,1
212,0x5094,0xB200,0x0000,0x02C4,80,178,0,0,0,1
213,0x5058,0xB200,0x0000,0x02C4,80,178,0,0,0,1
214,0x501C,0xB200,0x0000,0x02C4,80,178,0,0,0,1
215,0x50E0,0xB200,0x0000,0x02C4,80,178,0,0,0,1
216,0x50A4,0xB200,0x0000,0x02C4,80,178,0,0,0,1
217,0x5068,0xB200,0x0000,0x02C4,80,178,0,0,0,1
218,0x502C,0xB200,0x0000,0x02C4,80,178,0,0,0,1
219,0x50F0,0xB200,0x0000,0x02C4,80,178,0,0,0,1
220,0x50B4,0xB200,0x0000,0x02C4,80,178,0,0,0,1
221,0x5078,0xB200,0x0000,0x02C4,80,178,0,0,0,1
222,0x503C,0xB200,0x0000,0x02C4,80,178,0,0,0,1
223,0x5000,0xB200,0x0000,0x02C4,80,178,0,0,0,1
224,0x50C4,0xB200,0x0000,0x02C4,80,178,0,0,0,1
225,0x5088,0xB200,0xFA70,0x02C4,80,178,0,0,0,0
226,0x504C,0xACDB,0xFADB,0x02C4,80,172,0,0,0,0
227,0x5010,0xA821,0xFB46,0x02C4,80,168,0,0,0,0
228,0x50D4,0xA3D2,0xFBB1,0x02C4,80,163,0,0,0,0
229,0x5098,0x9FEE,0xFC1C,0x02C4,80,159,0,0,0,0
230,0x505C,0x9C75,0xFC87,0x02C4,80,156,0,0,0,0
231,0x5020,0x9967,0xFCF2,0x02C4,80,153,0,0,0,0
232,0x50E4,0x96C4,0xFD5D,0x02C4,80,150,0,0,0,0
233,0x50A8,0x948C,0xFDC8,0x02C4,80,148,0,0,0,0
234,0x506C,0x92BF,0xFE33,0x02C4,80,146,0,0,0,0
235,0x5030,0x915D,0xFE9E,0x02C4,80,145,0,0,0,0
236,0x50F4,0x9066,0xFF09,0x02C4,80,144,0,0,0,0
237,0x50B8,0x8FDA,0xFF74,0x02C4,80,143,0,0,0,0
238,0x507C,0x8FB9,0xFFDF,0x02C4,80,143,0,0,0,0
239,0x5040,0x9003,0x004A,0x02C4,80,144,0,0,0,0
240,0x5004,0x90B8,0x00B5,0x02C4,80,144,0,0,0,0
241,0x50C8,0x91D8,0x0120,0x02C4,80,145,0,0,0,0
242,0x508C,0x9363,0x018B,0x02C4,80,147,0,0,0,0
243,0x5050,0x9559,0x01F6,0x02C4,80,149,0,0,0,0
244,0x5014,0x97BA,0x0261,0x02C4,80,151,0,0,0,0
245,0x50D8,0x9A86,0x02CC,0x02C4,80,154,0,0,0,0
246,0x509C,0x9DBD,0x0337,0x02C4,80,157,0,0,0,0
247,0x5060,0xA15F,0x03A2,0x02C4,80,161,0,0,0,0
248,0x5024,0xA56C,0x040D,0x02C4,80,165,0,0,0,0
249,0x50E8,0xA9E4,0x0478,0x02C4,80,169,0,0,0,0
250,0x50AC,0xAEC7,0x04E3,0x02C4,80,174,0,0,0,0
251,0x5070,0xB200,0x0000,0x02C4,80,178,0,0,0,1
252,0x5034,0xB200,0x0000,0x02C4,80,178,0,0,0,1
253,0x50F8,0xB200,0x0000,0x02C4,80,178,0,0,0,1
254,0x50BC,0xB200,0x0000,0x02C4,80,178,0,0,0,1
255,0x5080,0xB200,0x0000,0x02C4,80,178,0,0,0,1
256,0x5044,0xB200,0x0000,0x02C4,80,178,0,0,0,1
257,0x5008,0xB200,0x0000,0x02C4,80,178,0,0,0,1
258,0x50CC,0xB200,0x0000,0x02C4,80,178,0,0,0,1
259,0x5090,0xB200,0x0000,0x02C4,80,178,0,0,0,1
260,0x5054,0xB200,0x0000,0x02C4,80,178,0,0,0,1
261,0x5018,0xB200,0x0000,0x02C4,80,178,0,0,0,1
262,0x50DC,0xB200,0x0000,0x02C4,80,178,0,0,0,1
263,0x50A0,0xB200,0x0000,0x02C4,80,178,0,0,0,1
264,0x5064,0xB200,0x0000,0x02C4,80,178,0,0,0,1
265,0x5028,0xB200,0x0000,0x02C4,80,178,0,0,0,1
266,0x50EC,0xB200,0x0000,0x02C4,80,178,0,0,0,1
267,0x50B0,0xB200,0x0000,0x02C4,80,178,0,0,0,1
268,0x5074,0xB200,0x0000,0x02C4,80,178,0,0,0,1
269,0x5038,0xB200,0x0000,0x02C4,80,178,0,0,0,1
270,0x50FC,0xB200,0x0000,0x02C4,80,178,0,0,0,1
271,0x50C0,0xB200,0x0000,0x02C4,80,178,0,0,0,1
272,0x5084,0xB200,0x0000,0x02C4,80,178,0,0,0,1
273,0x5048,0xB200,0x0000,0x02C4,80,178,0,0,0,1
274,0x500C,0xB200,0x0000,0x02C4,80,178,0,0,0,1
275,0x50D0,0xB200,0x0000,0x02C4,80,178,0,0,0,1
276,0x5094,0xB200,0x0000,0x02C4,80,178,0,0,0,1
277,0x5058,0xB200,0x0000,0x02C4,80,178,0,0,0,1
278,0x501C,0xB200,0x0000,0x02C4,80,178,0,0,0,1
279,0x50E0,0xB200,0x0000,0x02C4,80,178,0,0,0,1
280,0x50A4,0xB200,0x0000,0x02C4,80,178,0,0,0,1
281,0x5068,0xB200,0x0000,0x02C4,80,178,0,0,0,1
282,0x502C,0xB200,0x0000,0x02C4,80,178,0,0,0,1
283,0x50F0,0xB200,0x0000,0x02C4,80,178,0,0,0,1
284,0x50B4,0xB200,0x0000,0x02C4,80,178,0,0,0,1
285,0x5078,0xB200,0x0000,0x02C4,80,178,0,0,0,1
286,0x503C,0xB200,0x0000,0x02C4,80,178,0,0,0,1
287,0x5000,0xB200,0x0000,0x02C4,80,178,0,0,0,1
288,0x50C4,0xB200,0x0000,0x02C4,80,178,0,0,0,1
289,0x5088,0xB200,0x0000,0x02C4,80,178,0,0,0,1
290,0x504C,0xB200,0x0000,0x02C4,80,178,0,0,0,1
291,0x5010,0xB200,0x0000,0x02C4,80,178,0,0,0,1
292,0x50D4,0xB200,0x0000,0x02C4,80,178,0,0,0,1
293,0x5098,0xB200,0x0000,0x02C4,80,178,0,0,0,1
294,0x505C,0xB200,0x0000,0x02C4,80,178,0,0,0,1
295,0x5020,0xB200,0x0000,0x02C4,80,178,0,0,0,1
296,0x50E4,0xB200,0x0000,0x02C4,80,178,0,0,0,1
297,0x50A8,0xB200,0x0000,0x02C4,80,178,0,0,0,1
298,0x506C,0xB200,0x0000,0x02C4,80,178,0,0,0,1
299,0x5030,0xB200,0x0000,0x02C4,80,178,0,0,0,1
300,0x50F4,0xB200,0x0000,0x02C4,80,178,0,0,0,1
301,0x50B8,0xB200,0x0000,0x02C4,80,178,0,0,0,1
302,0x507C,0xB200,0x0000,0x02C4,80,178,0,0,0,1
303,0x5040,0xB200,0x0000,0x02C4,80,178,0,0,0,1
304,0x5004,0xB200,0x0000,0x02C4,80,178,0,0,0,1
305,0x50C8,0xB200,0x0000,0x02C4,80,178,0,0,0,1
306,0x508C,0xB200,0x0000,0x02C4,80,178,0,0,0,1
307,0x5050,0xB200,0x0000,0x02C4,80,178,0,0,0,1
308,0x5014,0xB200,0x0000,0x02C4,80,178,0,0,0,1
309,0x50D8,0xB200,0x0000,0x02C4,80,178,0,0,0,1
310,0x509C,0xB200,0x0000,0x02C4,80,178,0,0,0,1
311,0x5060,0xB200,0x0000,0x02C4,80,178,0,0,0,1
312,0x5024,0xB200,0x0000,0x02C4,80,178,0,0,0,1
313,0x50E8,0xB200,0x0000,0x02C4,80,178,0,0,0,1
314,0x50AC,0xB200,0x0000,0x02C4,80,178,0,0,0,1
315,0x5070,0xB200,0x0000,0x02C4,80,178,0,0,0,1
316,0x5034,0xB200,0xFA70,0x02C4,80,178,0,0,0,0
317,0x50F8,0xACDB,0xFADB,0x02C4,80,172,0,0,0,0
318,0x50BC,0xA821,0xFB46,0x02C4,80,168,0,0,0,0
319,0x5080,0xA3D2,0xFBB1,0x02C4,80,163,0,0,0,0
320,0x5044,0x9FEE,0xFC1C,0x02C4,80,159,0,0,0,0
321,0x5008,0x9C75,0xFC87,0x02C4,80,156,0,0,0,0
322,0x50CC,0x9967,0xFCF2,0x02C4,80,153,0,0,0,0
323,0x5090,0x96C4,0xFD5D,0x02C4,80,150,0,0,0,0
324,0x5054,0x948C,0xFDC8,0x02C4,80,148,0,0,0,0
325,0x5018,0x92BF,0xFE33,0x02C4,80,146,0,0,0,0
326,0x50DC,0x915D,0xFE9E,0x02C4,80,145,0,0,0,0
327,0x50A0,0x9066,0xFF09,0x02C4,80,144,0,0,0,0
328,0x5064,0x8FDA,0xFF74,0x02C4,80,143,0,0,0,0
329,0x5028,0x8FB9,0xFFDF,0x02C4,80,143,0,0,0,0
330,0x50EC,0x9003,0x004A,0x02C4,80,144,0,0,0,0
331,0x50B0,0x90B8,0x00B5,0x02C4,80,144,0,0,0,0
332,0x5074,0x91D8,0x0120,0x02C4,80,145,0,0,0,0
333,0x5038,0x9363,0x018B,0x02C4,80,147,0,0,0,0
334,0x50FC,0x9559,0x01F6,0x02C4,80,149,0,0,0,0
335,0x50C0,0x97BA,0x0261,0x02C4,80,151,0,0,0,0
336,0x5084,0x9A86,0x02CC,0x02C4,80,154,0,0,0,0
337,0x5048,0x9DBD,0x0337,0x02C4,80,157,0,0,0,0
338,0x500C,0xA15F,0x03A2,0x02C4,80,161,0,0,0,0
339,0x50D0,0xA56C,0x040D,0x02C4,80,165,0,0,0,0
340,0x5094,0xA9E4,0x0478,0x02C4,80,169,0,0,0,0
341,0x5058,0xAEC7,0x04E3,0x02C4,80,174,0,0,0,0
342,0x501C,0xB200,0x0000,0x02C4,80,178,0,0,0,1
343,0x50E0,0xB200,0x0000,0x02C4,80,178,0,0,0,1
344,0x50A4,0xB200,0x0000,0x02C4,80,178,0,0,0,1
345,0x5068,0xB200,0x0000,0x02C4,80,178,0,0,0,1
346,0x502C,0xB200,0x0000,0x02C4,80,178,0,0,0,1
347,0x50F0,0xB200,0x0000,0x02C4,80,178,0,0,0,1
348,0x50B4,0xB200,0x0000,0x02C4,80,178,0,0,0,1
349,0x5078,0xB200,0x0000,0x02C4,80,178,0,0,0,1
350,0x503C,0xB200,0x0000,0x02C4,80,178,0,0,0,1
351,0x5000,0xB200,0x0000,0x02C4,80,178,0,0,0,1
352,0x50C4,0xB200,0x0000,0x02C4,80,178,0,0,0,1
353,0x5088,0xB200,0x0000,0x02C4,80,178,0,0,0,1
354,0x504C,0xB200,0x0000,0x02C4,80,178,0,0,0,1
355,0x5010,0xB200,0x0000,0x02C4,80,178,0,0,0,1
356,0x50D4,0xB200,0x0000,0x02C4,80,178,0,0,0,1
357,0x5098,0xB200,0x0000,0x02C4,80,178,0,0,0,1
358,0x505C,0xB200,0x0000,0x02C4,80,178,0,0,0,1
359,0x5020,0xB200,0x0000,0x02C4,80,178,0,0,0,1
360,0x50E4,0xB200,0xFA70,0x02C4,80,178,0,0,0,0
361,0x50A8,0xACDB,0xFADB,0x02C4,80,172,0,0,0,0
362,0x506C,0xA821,0xFB46,0x02C4,80,168,0,0,0,0
363,0x5030,0xA3D2,0xFBB1,0x02C4,80,163,0,0,0,0
364,0x50F4,0x9FEE,0xFC1C,0x02C4,80,159,0,0,0,0
365,0x50B8,0x9C75,0xFC87,0x02C4,80,156,0,0,0,0
366,0x507C,0x9967,0xFCF2,0x02C4,80,153,0,0,0,0
367,0x5040,0x96C4,0xFD5D,0x02C4,80,150,0,0,0,0
368,0x5004,0x948C,0xFDC8,0x02C4,80,148,0,0,0,0
369,0x50C8,0x92BF,0xFE33,0x02C4,80,146,0,0,0,0
370,0x508C,0x915D,0xFE9E,0x02C4,80,145,0,0,0,0
371,0x5050,0x9066,0xFF09,0x02C4,80,144,0,0,0,0
372,0x5014,0x8FDA,0xFF74,0x02C4,80,143,0,0,0,0
373,0x50D8,0x8FB9,0xFFDF,0x02C4,80,143,0,0,0,0
374,0x509C,0x9003,0x004A,0x02C4,80,144,0,0,0,0
375,0x5060,0x90B8,0x00B5,0x02C4,80,144,0,0,0,0
376,0x5024,0x91D8,0x0120,0x02C4,80,145,0,0,0,0
377,0x50E8,0x9363,0x018B,0x02C4,80,147,0,0,0,0
378,0x50AC,0x9559,0x01F6,0x02C4,80,149,0,0,0,0
379,0x5070,0x97BA,0x0261,0x02C4,80,151,0,0,0,0
380,0x5034,0x9A86,0x02CC,0x02C4,80,154,0,0,0,0
381,0x50F8,0x9DBD,0x0337,0x02C4,80,157,0,0,0,0
382,0x50BC,0xA15F,0x03A2,0x02C4,80,161,0,0,0,0
383,0x5080,0xA56C,0x040D,0x02C4,80,165,0,0,0,0
384,0x5044,0xA9E4,0x0478,0x02C4,80,169,0,0,0,0
385,0x5008,0xAEC7,0x04E3,0x02C4,80,174,0,0,0,0
386,0x50CC,0xB200,0x0000,0x02C4,80,178,0,0,0,1
387,0x5090,0xB200,0x0000,0x02C4,80,178,0,0,0,1
388,0x5054,0xB200,0xFA70,0x02C4,80,178,0,0,0,0
389,0x5018,0xACDB,0xFADB,0x02C4,80,172,0,0,0,0
390,0x50DC,0xA821,0xFB46,0x02C4,80,168,0,0,0,0
391,0x50A0,0xA3D2,0xFBB1,0x02C4,80,163,0,0,0,0
392,0x5064,0x9FEE,0xFC1C,0x02C4,80,159,0,0,0,0
393,0x5028,0x9C75,0xFC87,0x02C4,80,156,0,0,0,0
394,0x50EC,0x9967,0xFCF2,0x02C4,80,153,0,0,0,0
395,0x50B0,0x96C4,0xFD5D,0x02C4,80,150,0,0,0,0
396,0x5074,0x948C,0xFDC8,0x02C4,80,148,0,0,0,0
397,0x5038,0x92BF,0xFE33,0x02C4,80,146,0,0,0,0
398,0x50FC,0x915D,0xFE9E,0x02C4,80,145,0,0,0,0
399,0x50C0,0x9066,0xFF09,0x02C4,80,144,0,0,0,0
400,0x5084,0x8FDA,0xFF74,0x02C4,80,143,0,0,0,0
401,0x5048,0x8FB9,0xFFDF,0x02C4,80,143,0,0,0,0
402,0x500C,0x9003,0x004A,0x02C4,80,144,0,0,0,0
403,0x50D0,0x90B8,0x00B5,0x02C4,80,144,0,0,0,0
404,0x5094,0x91D8,0x0120,0x02C4,80,145,0,0,0,0
405,0x5058,0x9363,0x018B,0x02C4,80,147,0,0,0,0
406,0x501C,0x9559,0x01F6,0x02C4,80,149,0,0,0,0
407,0x50E0,0x97BA,0x0261,0x02C4,80,151,0,0,0,0
408,0x50A4,0x9A86,0x02CC,0x02C4,80,154,0,0,0,0
409,0x5068,0x9DBD,0x0337,0x02C4,80,157,0,0,0,0
410,0x502C,0xA15F,0x03A2,0x02C4,80,161,0,0,0,0
411,0x50F0,0xA56C,0x040D,0x02C4,80,165,0,0,0,0
412,0x50B4,0xA9E4,0x0478,0x02C4,80,169,0,0,0,0
413,0x5078,0xAEC7,0x04E3,0x02C4,80,174,0,0,0,0
414,0x503C,0xB200,0xFA70,0x02C4,80,178,0,0,0,0
415,0x5000,0xACDB,0xFADB,0x02C4,80,172,0,0,0,0
416,0x50C4,0xA821,0xFB46,0x02C4,80,168,0,0,0,0
417,0x5088,0xA3D2,0xFBB1,0x02C4,80,163,0,0,0,0
418,0x504C,0x9FEE,0xFC1C,0x02C4,80,159,0,0,0,0
419,0x5010,0x9C75,0xFC87,0x02C4,80,156,0,0,0,0
420,0x50D4,0x9967,0xFCF2,0x02C4,80,153,0,0,0,0
421,0x5098,0x96C4,0xFD5D,0x02C4,80,150,0,0,0,0
422,0x505C,0x948C,0xFDC8,0x02C4,80,148,0,0,0,0
423,0x5020,0x92BF,0xFE33,0x02C4,80,146,0,0,0,0
424,0x50E4,0x915D,0xFE9E,0x02C4,80,145,0,0,0,0
425,0x50A8,0x9066,0xFF09,0x02C4,80,144,0,0,0,0
426,0x506C,0x8FDA,0xFF74,0x02C4,80,143,0,0,0,0
427,0x5030,0x8FB9,0xFFDF,0x02C4,80,143,0,0,0,0
428,0x50F4,0x9003,0x004A,0x02C4,80,144,0,0,0,0
429,0x50B8,0x90B8,0x00B5,0x02C4,80,144,0,0,0,0
430,0x507C,0x91D8,0x0120,0x02C4,80,145,0,0,0,0
431,0x5040,0x9200,0x0000,0x02C4,80,146,0,0,0,1
432,0x5004,0x9200,0x0000,0x02C4,80,146,0,0,0,1
433,0x50C8,0x9200,0x0000,0x02C4,80,146,0,0,0,1
434,0x508C,0x9200,0x0000,0x02C4,80,146,0,0,0,1
435,0x5050,0x9200,0x0000,0x02C4,80,146,0,0,0,1
436,0x5014,0x9200,0xFA70,0x02C4,80,146,0,0,0,0
437,0x50D8,0x8CDB,0xFADB,0x02C4,80,140,0,0,0,0
438,0x509C,0x8821,0xFB46,0x02C4,80,136,0,0,0,0
439,0x5060,0x83D2,0xFBB1,0x02C4,80,131,0,0,0,0
440,0x5024,0x7FEE,0xFC1C,0x02C4,80,127,0,0,0,0
441,0x50E8,0x7C75,0xFC87,0x02C4,80,124,0,0,0,0
442,0x50AC,0x7967,0xFCF2,0x02C4,80,121,0,0,0,0
443,0x5070,0x76C4,0xFD5D,0x02C4,80,118,0,0,0,0
444,0x5034,0x748C,0xFDC8,0x02C4,80,116,0,0,0,0
445,0x50F8,0x72BF,0xFE33,0x02C4,80,114,0,0,0,0
446,0x50BC,0x715D,0xFE9E,0x02C4,80,113,0,0,0,0
447,0x5080,0x7066,0xFF09,0x02C4,80,112,0,0,0,0
448,0x5044,0x6FDA,0xFF74,0x02C4,80,111,0,0,0,0
449,0x5008,0x6FB9,0xFFDF,0x02C4,80,111,0,0,0,0
450,0x50CC,0x7003,0x004A,0x02C4,80,112,0,0,0,0
451,0x5090,0x70B8,0x00B5,0x02C4,80,112,0,0,0,0
452,0x5054,0x71D8,0x0120,0x02C4,80,113,0,0,0,0
453,0x5018,0x7363,0x018B,0x02C4,80,115,0,0,0,0
454,0x50DC,0x7559,0x01F6,0x02C4,80,117,0,0,0,0
455,0x50A0,0x7200,0x0000,0x02C4,80,114,0,0,0,1
456,0x5064,0x7200,0x0000,0x02C4,80,114,0,0,0,1
457,0x5028,0x7200,0x0000,0x02C4,80,114,0,0,0,1
458,0x50EC,0x7200,0x0000,0x02C4,80,114,0,0,0,1
459,0x50B0,0x7200,0x0000,0x02C4,80,114,0,0,0,1
460,0x5074,0x7200,0x0000,0x02C4,80,114,0,0,0,1
461,0x5038,0x7200,0x0000,0x02C4,80,114,0,0,0,1
462,0x50FC,0x7200,0x0000,0x02C4,80,114,0,0,0,1
463,0x50C0,0x7200,0xFA70,0x02C4,80,114,0,0,0,0
464,0x5084,0x6CDB,0xFADB,0x02C4,80,108,0,0,0,0
465,0x5048,0x6821,0xFB46,0x02C4,80,104,0,0,0,0
466,0x500C,0x63D2,0xFBB1,0x02C4,80,99,0,0,0,0
467,0x50D0,0x5FEE,0xFC1C,0x02C4,80,95,0,0,0,0
468,0x5094,0x5C75,0xFC87,0x02C4,80,92,0,0,0,0
469,0x5058,0x5967,0xFCF2,0x02C4,80,89,0,0,0,0
470,0x501C,0x56C4,0xFD5D,0x02C4,80,86,0,0,0,0
471,0x50E0,0x548C,0xFDC8,0x02C4,80,84,0,0,0,0
472,0x50A4,0x52BF,0xFE33,0x02C4,80,82,0,0,0,0
473,0x5068,0x515D,0xFE9E,0x02C4,80,81,0,0,0,0
474,0x502C,0x5066,0xFF09,0x02C4,80,80,0,0,0,0
475,0x50F0,0x4FDA,0xFF74,0x02C4,80,79,0,0,0,0
476,0x50B4,0x4FB9,0xFFDF,0x02C4,80,79,0,0,0,0
477,0x5078,0x5003,0x004A,0x02C4,80,80,0,0,0,0
478,0x503C,0x50B8,0x00B5,0x02C4,80,80,0,0,0,0
479,0x5000,0x51D8,0x0120,0x02C4,80,81,0,0,0,0
480,0x50C4,0x5363,0x018B,0x02C4,80,83,0,0,0,0
481,0x5088,0x5559,0x01F6,0x02C4,80,85,0,0,0,0
482,0x504C,0x57BA,0x0261,0x02C4,80,87,0,0,0,0
483,0x5010,0x5A86,0x02CC,0x02C4,80,90,0,0,0,0
484,0x50D4,0x5200,0x0000,0x02C4,80,82,0,0,0,1
485,0x5098,0x5200,0x0000,0x02C4,80,82,0,0,0,1
486,0x505C,0x5200,0x0000,0x02C4,80,82,0,0,0,1
487,0x5020,0x5200,0x0000,0x02C4,80,82,0,0,0,1
488,0x50E4,0x5200,0xFA70,0x02C4,80,82,0,0,0,0
489,0x50A8,0x4CDB,0xFADB,0x02C4,80,76,0,0,0,0
490,0x506C,0x4821,0xFB46,0x02C4,80,72,0,0,0,0
491,0x5030,0x43D2,0xFBB1,0x02C4,80,67,0,0,0,0
492,0x50F4,0x4000,0xFC1C,0x02C4,80,64,0,0,0,0
493,0x50B8,0x4000,0xFC87,0x02C4,80,64,0,0,0,0
494,0x507C,0x4000,0xFCF2,0x02C4,80,64,0,0,0,0
495,0x5040,0x4000,0xFD5D,0x02C4,80,64,0,0,0,0
496,0x5004,0x4000,0xFDC8,0x02C4,80,64,0,0,0,0
497,0x50C8,0x4000,0xFE33,0x02C4,80,64,0,0,0,0
498,0x508C,0x4000,0xFE9E,0x02C4,80,64,0,0,0,0
499,0x5050,0x4000,0xFF09,0x02C4,80,64,0,0,0,0
500,0x5014,0x4000,0xFF74,0x02C4,80,64,0,0,0,0
501,0x50D8,0x4000,0xFFDF,0x02C4,80,64,0,0,0,0
502,0x509C,0x404A,0x004A,0x02C4,80,64,0,0,0,0
503,0x5060,0x40FF,0x00B5,0x02C4,80,64,0,0,0,0
504,0x5024,0x421F,0x0120,0x02C4,80,66,0,0,0,0
505,0x50E8,0x43AA,0x018B,0x02C4,80,67,0,0,0,0
506,0x50AC,0x45A0,0x01F6,0x02C4,80,69,0,0,0,0
507,0x5070,0x4801,0x0261,0x02C4,80,72,0,0,0,0
508,0x5034,0x4ACD,0x02CC,0x02C4,80,74,0,0,0,0
509,0x50F8,0x4E04,0x0337,0x02C4,80,78,0,0,0,0
510,0x50BC,0x51A6,0x03A2,0x02C4,80,81,0,0,0,0
511,0x5080,0x55B3,0x040D,0x02C4,80,85,0,0,0,0
512,0x5044,0x5A2B,0x0478,0x02C4,80,90,0,0,0,0
513,0x5008,0x5F0E,0x04E3,0x02C4,80,95,0,0,0,0
514,0x50CC,0x645C,0x054E,0x02C4,80,100,0,0,0,0
515,0x5090,0x6A15,0x05B9,0x02C4,80,106,0,0,0,0
516,0x5054,0x7039,0x0624,0x02C4,80,112,0,0,0,0
517,0x5018,0x76C8,0x068F,0x02C4,80,118,0,0,0,0
518,0x50DC,0x7DC2,0x06FA,0x02C4,80,125,0,0,0,0
519,0x50A0,0x8527,0x0765,0x02C4,80,133,0,0,0,0
520,0x5064,0x8C21,0x06FA,0x02C4,80,140,0,0,0,0
521,0x5028,0x9300,0x0000,0x02C4,80,147,0,0,0,1
522,0x50EC,0x9300,0x0000,0x02C4,80,147,0,0,0,1
523,0x50B0,0x9300,0x0000,0x02C4,80,147,0,0,0,1
524,0x5074,0x936B,0x006B,0x02C4,80,147,0,0,0,0
525,0x5038,0x9441,0x00D6,0x02C4,80,148,0,0,0,0
526,0x50FC,0x9582,0x0141,0x02C4,80,149,0,0,0,0
527,0x50C0,0x972E,0x01AC,0x02C4,80,151,0,0,0,0
528,0x5084,0x9945,0x0217,0x02C4,80,153,0,0,0,0
529,0x5048,0x9BC7,0x0282,0x02C4,80,155,0,0,0,0
530,0x500C,0x9EB4,0x02ED,0x02C4,80,158,0,0,0,0
531,0x50D0,0xA000,0x0358,0x02C4,80,160,0,0,0,0
532,0x5094,0xA000,0x03C3,0x02C4,80,160,0,0,0,0
533,0x5058,0xA000,0x042E,0x02C4,80,160,0,0,0,0
534,0x501C,0xA000,0x0499,0x02C4,80,160,0,0,0,0
535,0x50E0,0xA353,0x0504,0x02C4,80,163,0,0,0,0
536,0x50A4,0xA8C2,0x056F,0x02C4,80,168,0,0,0,0
537,0x5068,0xAE9C,0x05DA,0x02C4,80,174,0,0,0,0
538,0x502C,0xB200,0x0000,0x02C4,80,178,0,0,0,1
539,0x50F0,0xB200,0x0000,0x02C4,80,178,0,0,0,1
540,0x50B4,0xB200,0x0000,0x02C4,80,178,0,0,0,1
541,0x5078,0xB200,0x0000,0x02C4,80,178,0,0,0,1
542,0x503C,0xB200,0xFA70,0x02C4,80,178,0,0,0,0
543,0x5000,0xACDB,0xFADB,0x02C4,80,172,0,0,0,0
544,0x50C4,0xA821,0xFB46,0x02C4,80,168,0,0,0,0
545,0x5088,0xA3D2,0xFBB1,0x02C4,80,163,0,0,0,0
546,0x504C,0x9FEE,0xFC1C,0x02C4,80,159,0,0,0,0
547,0x5010,0x9C75,0xFC87,0x02C4,80,156,0,0,0,0
548,0x50D4,0x9967,0xFCF2,0x02C4,80,153,0,0,0,0
549,0x5098,0x96C4,0xFD5D,0x02C4,80,150,0,0,0,0
550,0x505C,0x948C,0xFDC8,0x02C4,80,148,0,0,0,0
551,0x5020,0x92BF,0xFE33,0x02C4,80,146,0,0,0,0
552,0x50E4,0x915D,0xFE9E,0x02C4,80,145,0,0,0,0
553,0x50A8,0x9066,0xFF09,0x02C4,80,144,0,0,0,0
554,0x506C,0x8FDA,0xFF74,0x02C4,80,143,0,0,0,0
555,0x5030,0x8FB9,0xFFDF,0x02C4,80,143,0,0,0,0
556,0x50F4,0x9003,0x004A,0x02C4,80,144,0,0,0,0
557,0x50B8,0x90B8,0x00B5,0x02C4,80,144,0,0,0,0
558,0x507C,0x91D8,0x0120,0x02C4,80,145,0,0,0,0
559,0x5040,0x9200,0x0000,0x02C4,80,146,0,0,0,1
560,0x5004,0x9200,0x0000,0x02C4,80,146,0,0,0,1
561,0x50C8,0x9200,0x0000,0x02C4,80,146,0,0,0,1
562,0x508C,0x9200,0x0000,0x02C4,80,146,0,0,0,1
563,0x5050,0x9200,0xFA70,0x02C4,80,146,0,0,0,0
564,0x5014,0x8CDB,0xFADB,0x02C4,80,140,0,0,0,0
565,0x50D8,0x8821,0xFB46,0x02C4,80,136,0,0,0,0
566,0x509C,0x83D2,0xFBB1,0x02C4,80,131,0,0,0,0
567,0x5060,0x7FEE,0xFC1C,0x02C4,80,127,0,0,0,0
568,0x5024,0x7C75,0xFC87,0x02C4,80,124,0,0,0,0
569,0x50E8,0x7967,0xFCF2,0x02C4,80,121,0,0,0,0
570,0x50AC,0x76C4,0xFD5D,0x02C4,80,118,0,0,0,0
571,0x5070,0x748C,0xFDC8,0x02C4,80,116,0,0,0,0
572,0x5034,0x72BF,0xFE33,0x02C4,80,114,0,0,0,0
573,0x50F8,0x715D,0xFE9E,0x02C4,80,113,0,0,0,0
574,0x50BC,0x7066,0xFF09,0x02C4,80,112,0,0,0,0
575,0x5080,0x6FDA,0xFF74,0x02C4,80,111,0,0,0,0
576,0x5044,0x6FB9,0xFFDF,0x02C4,80,111,0,0,0,0
577,0x5008,0x7003,0x004A,0x02C4,80,112,0,0,0,0
578,0x50CC,0x70B8,0x00B5,0x02C4,80,112,0,0,0,0
579,0x5090,0x71D8,0x0120,0x02C4,80,113,0,0,0,0
580,0x5054,0x7363,0x018B,0x02C4,80,115,0,0,0,0
581,0x5018,0x7559,0x01F6,0x02C4,80,117,0,0,0,0
582,0x50DC,0x77BA,0x0261,0x02C4,80,119,0,0,0,0
583,0x50A0,0x7A86,0x02CC,0x02C4,80,122,0,0,0,0
584,0x5064,0x7DBD,0x0337,0x02C4,80,125,0,0,0,0
585,0x5028,0x815F,0x03A2,0x02C4,80,129,0,0,0,0
586,0x50EC,0x856C,0x040D,0x02C4,80,133,0,0,0,0
587,0x50B0,0x89E4,0x0478,0x02C4,80,137,0,0,0,0
588,0x5074,0x8EC7,0x04E3,0x02C4,80,142,0,0,0,0
589,0x5038,0x9415,0x054E,0x02C4,80,148,0,0,0,0
590,0x50FC,0x99CE,0x05B9,0x02C4,80,153,0,0,0,0
591,0x50C0,0x9FF2,0x0624,0x02C4,80,159,0,0,0,0
592,0x5084,0xA681,0x068F,0x02C4,80,166,0,0,0,0
593,0x5048,0xAD7B,0x06FA,0x02C4,80,173,0,0,0,0
594,0x500C,0xB200,0x0000,0x02C4,80,178,0,0,0,1
595,0x50D0,0xB200,0x0000,0x02C4,80,178,0,0,0,1
596,0x5094,0xB200,0x0000,0x02C4,80,178,0,0,0,1
597,0x5058,0xB200,0x0000,0x02C4,80,178,0,0,0,1
598,0x501C,0xB200,0x0000,0x02C4,80,178,0,0,0,1
599,0x50E0,0xB200,0x0000,0x02C4,80,178,0,0,0,1
600,0x50A4,0xB200,0x0000,0x02C4,80,178,0,0,0,1
601,0x5068,0xB200,0x0000,0x02C4,80,178,0,0,0,1
602,0x502C,0xB200,0x0000,0x02C4,80,178,0,0,0,1
603,0x50F0,0xB200,0xFA70,0x02C4,80,178,0,0,0,0
604,0x50B4,0xACDB,0xFADB,0x02C4,80,172,0,0,0,0
605,0x5078,0xA821,0xFB46,0x02C4,80,168,0,0,0,0
606,0x503C,0xA3D2,0xFBB1,0x02C4,80,163,0,0,0,0
607,0x5000,0x9FEE,0xFC1C,0x02C4,80,159,0,0,0,0
608,0x50C4,0x9C75,0xFC87,0x02C4,80,156,0,0,0,0
609,0x5088,0x9967,0xFCF2,0x02C4,80,153,0,0,0,0
610,0x504C,0x96C4,0xFD5D,0x02C4,80,150,0,0,0,0
611,0x5010,0x948C,0xFDC8,0x02C4,80,148,0,0,0,0
612,0x50D4,0x92BF,0xFE33,0x02C4,80,146,0,0,0,0
613,0x5098,0x915D,0xFE9E,0x02C4,80,145,0,0,0,0
614,0x505C,0x9066,0xFF09,0x02C4,80,144,0,0,0,0
615,0x5020,0x8FDA,0xFF74,0x02C4,80,143,0,0,0,0
616,0x50E4,0x8FB9,0xFFDF,0x02C4,80,143,0,0,0,0
617,0x50A8,0x9003,0x004A,0x02C4,80,144,0,0,0,0
618,0x506C,0x90B8,0x00B5,0x02C4,80,144,0,0,0,0
619,0x5030,0x91D8,0x0120,0x02C4,80,145,0,0,0,0
620,0x50F4,0x9363,0x018B,0x02C4,80,147,0,0,0,0
621,0x50B8,0x9559,0x01F6,0x02C4,80,149,0,0,0,0
622,0x507C,0x97BA,0x0261,0x02C4,80,151,0,0,0,0
623,0x5040,0x9A86,0x02CC,0x02C4,80,154,0,0,0,0
624,0x5004,0x9DBD,0x0337,0x02C4,80,157,0,0,0,0
625,0x50C8,0xA15F,0x03A2,0x02C4,80,161,0,0,0,0
626,0x508C,0xA56C,0x040D,0x02C4,80,165,0,0,0,0
627,0x5050,0xA9E4,0x0478,0x02C4,80,169,0,0,0,0
628,0x5014,0xAEC7,0x04E3,0x02C4,80,174,0,0,0,0
629,0x50D8,0xB200,0x0000,0x02C4,80,178,0,0,0,1
630,0x509C,0xB200,0x0000,0x02C4,80,178,0,0,0,1
631,0x5060,0xB200,0x0000,0x02C4,80,178,0,0,0,1
632,0x5024,0xB200,0x0000,0x02C4,80,178,0,0,0,1
633,0x50E8,0xB200,0x0000,0x02C4,80,178,0,0,0,1
634,0x50AC,0xB200,0x0000,0x02C4,80,178,0,0,0,1
635,0x5070,0xB200,0x0000,0x02C4,80,178,0,0,0,1
636,0x5034,0xB200,0x0000,0x02C4,80,178,0,0,0,1
637,0x50F8,0xB200,0x0000,0x02C4,80,178,0,0,0,1
638,0x50BC,0xB200,0xFA70,0x02C4,80,178,0,0,0,0
639,0x5080,0xACDB,0xFADB,0x02C4,80,172,0,0,0,0
640,0x5044,0xA821,0xFB46,0x02C4,80,168,0,0,0,0
641,0x5008,0xA3D2,0xFBB1,0x02C4,80,163,0,0,0,0
642,0x50CC,0x9FEE,0xFC1C,0x02C4,80,159,0,0,0,0
643,0x5090,0x9C75,0xFC87,0x02C4,80,156,0,0,0,0
644,0x5054,0x9967,0xFCF2,0x02C4,80,153,0,0,0,0
645,0x5018,0x96C4,0xFD5D,0x02C4,80,150,0,0,0,0
646,0x50DC,0x948C,0xFDC8,0x02C4,80,148,0,0,0,0
647,0x50A0,0x92BF,0xFE33,0x02C4,80,146,0,0,0,0
648,0x5064,0x915D,0xFE9E,0x02C4,80,145,0,0,0,0
649,0x5028,0x9066,0xFF09,0x02C4,80,144,0,0,0,0
650,0x50EC,0x8FDA,0xFF74,0x02C4,80,143,0,0,0,0
651,0x50B0,0x8FB9,0xFFDF,0x02C4,80,143,0,0,0,0
652,0x5074,0x9003,0x004A,0x02C4,80,144,0,0,0,0
653,0x5038,0x90B8,0x00B5,0x02C4,80,144,0,0,0,0
654,0x50FC,0x91D8,0x0120,0x02C4,80,145,0,0,0,0
655,0x50C0,0x9200,0x0000,0x02C4,80,146,0,0,0,1
656,0x5084,0x9200,0x0000,0x02C4,80,146,0,0,0,1
657,0x5048,0x9200,0x0000,0x02C4,80,146,0,0,0,1
658,0x500C,0x9200,0x0000,0x02C4,80,146,0,0,0,1
659,0x50D0,0x9200,0x0000,0x02C4,80,146,0,0,0,1
660,0x5094,0x9200,0x0000,0x02C4,80,146,0,0,0,1
661,0x5058,0x9200,0x0000,0x02C4,80,146,0,0,0,1
662,0x501C,0x9200,0x0000,0x02C4,80,146,0,0,0,1
663,0x50E0,0x926B,0x006B,0x02C4,80,146,0,0,0,0
664,0x50A4,0x9341,0x00D6,0x02C4,80,147,0,0,0,0
665,0x5068,0x9482,0x0141,0x02C4,80,148,0,0,0,0
666,0x502C,0x962E,0x01AC,0x02C4,80,150,0,0,0,0
667,0x50F0,0x9845,0x0217,0x02C4,80,152,0,0,0,0
668,0x50B4,0x9AC7,0x0282,0x02C4,80,154,0,0,0,0
669,0x5078,0x9DB4,0x02ED,0x02C4,80,157,0,0,0,0
670,0x503C,0xA10C,0x0358,0x02C4,80,161,0,0,0,0
671,0x5000,0xA200,0x0000,0x02C4,80,162,0,0,0,1
672,0x50C4,0xA200,0x0000,0x02C4,80,162,0,0,0,1
673,0x5088,0xA200,0x0000,0x02C4,80,162,0,0,0,1
674,0x504C,0xA200,0x0000,0x02C4,80,162,0,0,0,1
675,0x5010,0xA200,0x0000,0x02C4,80,162,0,0,0,1
676,0x50D4,0xA200,0x0000,0x02C4,80,162,0,0,0,1
677,0x5098,0xA200,0x0000,0x02C4,80,162,0,0,0,1
678,0x505C,0xA200,0xFA70,0x02C4,80,162,0,0,0,0
679,0x5020,0x9CDB,0xFADB,0x02C4,80,156,0,0,0,0
680,0x50E4,0x9821,0xFB46,0x02C4,80,152,0,0,0,0
681,0x50A8,0x93D2,0xFBB1,0x02C4,80,147,0,0,0,0
682,0x506C,0x8FEE,0xFC1C,0x02C4,80,143,0,0,0,0
683,0x5030,0x8C75,0xFC87,0x02C4,80,140,0,0,0,0
684,0x50F4,0x8967,0xFCF2,0x02C4,80,137,0,0,0,0
685,0x50B8,0x86C4,0xFD5D,0x02C4,80,134,0,0,0,0
686,0x507C,0x848C,0xFDC8,0x02C4,80,132,0,0,0,0
687,0x5040,0x82BF,0xFE33,0x02C4,80,130,0,0,0,0
688,0x5004,0x815D,0xFE9E,0x02C4,80,129,0,0,0,0
689,0x50C8,0x8066,0xFF09,0x02C4,80,128,0,0,0,0
690,0x508C,0x7FDA,0xFF74,0x02C4,80,127,0,0,0,0
691,0x5050,0x7FB9,0xFFDF,0x02C4,80,127,0,0,0,0
692,0x5014,0x8003,0x004A,0x02C4,80,128,0,0,0,0
693,0x50D8,0x80B8,0x00B5,0x02C4,80,128,0,0,0,0
694,0x509C,0x81D8,0x0120,0x02C4,80,129,0,0,0,0
695,0x5060,0x8363,0x018B,0x02C4,80,131,0,0,0,0
696,0x5024,0x8559,0x01F6,0x02C4,80,133,0,0,0,0
697,0x50E8,0x87BA,0x0261,0x02C4,80,135,0,0,0,0
698,0x50AC,0x8A86,0x02CC,0x02C4,80,138,0,0,0,0
699,0x5070,0x8DBD,0x0337,0x02C4,80,141,0,0,0,0
700,0x5034,0x915F,0x03A2,0x02C4,80,145,0,0,0,0
701,0x50F8,0x956C,0x040D,0x02C4,80,149,0,0,0,0
702,0x50BC,0x99E4,0x0478,0x02C4,80,153,0,0,0,0
703,0x5080,0x9EC7,0x04E3,0x02C4,80,158,0,0,0,0
704,0x5044,0xA200,0x0000,0x02C4,80,162,0,0,0,1
705,0x5008,0xA200,0x0000,0x02C4,80,162,0,0,0,1
706,0x50CC,0xA200,0x0000,0x02C4,80,162,0,0,0,1
707,0x5090,0xA200,0x0000,0x02C4,80,162,0,0,0,1
708,0x5054,0xA200,0x0000,0x02C4,80,162,0,0,0,1
709,0x5018,0xA200,0x0000,0x02C4,80,162,0,0,0,1
710,0x50DC,0xA200,0x0000,0x02C4,80,162,0,0,0,1
711,0x50A0,0xA200,0x0000,0x02C4,80,162,0,0,0,1
712,0x5064,0xA200,0x0000,0x02C4,80,162,0,0,0,1
713,0x5028,0xA200,0x0000,0x02C4,80,162,0,0,0,1
714,0x50EC,0xA200,0xFA70,0x02C4,80,162,0,0,0,0
715,0x50B0,0x9CDB,0xFADB,0x02C4,80,156,0,0,0,0
716,0x5074,0x9821,0xFB46,0x02C4,80,152,0,0,0,0
717,0x5038,0x93D2,0xFBB1,0x02C4,80,147,0,0,0,0
718,0x50FC,0x8FEE,0xFC1C,0x02C4,80,143,0,0,0,0
719,0x50C0,0x8C75,0xFC87,0x02C4,80,140,0,0,0,0
720,0x5084,0x8967,0xFCF2,0x02C4,80,137,0,0,0,0
721,0x5048,0x86C4,0xFD5D,0x02C4,80,134,0,0,0,0
722,0x500C,0x848C,0xFDC8,0x02C4,80,132,0,0,0,0
723,0x50D0,0x82BF,0xFE33,0x02C4,80,130,0,0,0,0
724,0x5094,0x815D,0xFE9E,0x02C4,80,129,0,0,0,0
725,0x5058,0x8066,0xFF09,0x02C4,80,128,0,0,0,0
726,0x501C,0x7FDA,0xFF74,0x02C4,80,127,0,0,0,0
727,0x50E0,0x7FB9,0xFFDF,0x02C4,80,127,0,0,0,0
728,0x50A4,0x8003,0x004A,0x02C4,80,128,0,0,0,0
729,0x5068,0x80B8,0x00B5,0x02C4,80,128,0,0,0,0
730,0x502C,0x81D8,0x0120,0x02C4,80,129,0,0,0,0
731,0x50F0,0x8200,0x0000,0x02C4,80,130,0,0,0,1
732,0x50B4,0x8200,0x0000,0x02C4,80,130,0,0,0,1
733,0x5078,0x8200,0x0000,0x02C4,80,130,0,0,0,1
734,0x503C,0x8200,0x0000,0x02C4,80,130,0,0,0,1
735,0x5000,0x8200,0xFA70,0x02C4,80,130,0,0,0,0
736,0x50C4,0x7CDB,0xFADB,0x02C4,80,124,0,0,0,0
737,0x5088,0x7821,0xFB46,0x02C4,80,120,0,0,0,0
738,0x504C,0x73D2,0xFBB1,0x02C4,80,115,0,0,0,0
739,0x5010,0x6FEE,0xFC1C,0x02C4,80,111,0,0,0,0
740,0x50D4,0x6C75,0xFC87,0x02C4,80,108,0,0,0,0
741,0x5098,0x6967,0xFCF2,0x02C4,80,105,0,0,0,0
742,0x505C,0x66C4,0xFD5D,0x02C4,80,102,0,0,0,0
743,0x5020,0x648C,0xFDC8,0x02C4,80,100,0,0,0,0
744,0x50E4,0x62BF,0xFE33,0x02C4,80,98,0,0,0,0
745,0x50A8,0x615D,0xFE9E,0x02C4,80,97,0,0,0,0
746,0x506C,0x6066,0xFF09,0x02C4,80,96,0,0,0,0
747,0x5030,0x5FDA,0xFF74,0x02C4,80,95,0,0,0,0
748,0x50F4,0x5FB9,0xFFDF,0x02C4,80,95,0,0,0,0
749,0x50B8,0x6003,0x004A,0x02C4,80,96,0,0,0,0
750,0x507C,0x60B8,0x00B5,0x02C4,80,96,0,0,0,0
751,0x5040,0x61D8,0x0120,0x02C4,80,97,0,0,0,0
752,0x5004,0x6363,0x018B,0x02C4,80,99,0,0,0,0
753,0x50C8,0x6559,0x01F6,0x02C4,80,101,0,0,0,0
754,0x508C,0x67BA,0x0261,0x02C4,80,103,0,0,0,0
755,0x5050,0x6A86,0x02CC,0x02C4,80,106,0,0,0,0
756,0x5014,0x6DBD,0x0337,0x02C4,80,109,0,0,0,0
757,0x50D8,0x715F,0x03A2,0x02C4,80,113,0,0,0,0
758,0x509C,0x756C,0x040D,0x02C4,80,117,0,0,0,0
759,0x5060,0x79E4,0x0478,0x02C4,80,121,0,0,0,0
760,0x5024,0x7EC7,0x04E3,0x02C4,80,126,0,0,0,0
761,0x50E8,0x8200,0x0000,0x02C4,80,130,0,0,0,1
762,0x50AC,0x8200,0x0000,0x02C4,80,130,0,0,0,1
763,0x5070,0x8200,0x0000,0x02C4,80,130,0,0,0,1
764,0x5034,0x8200,0xFA70,0x02C4,80,130,0,0,0,0
765,0x50F8,0x7CDB,0xFADB,0x02C4,80,124,0,0,0,0
766,0x50BC,0x7821,0xFB46,0x02C4,80,120,0,0,0,0
767,0x5080,0x73D2,0xFBB1,0x02C4,80,115,0,0,0,0
768,0x5044,0x6FEE,0xFC1C,0x02C4,80,111,0,0,0,0
769,0x5008,0x6C75,0xFC87,0x02C4,80,108,0,0,0,0
770,0x50CC,0x6967,0xFCF2,0x02C4,80,105,0,0,0,0
771,0x5090,0x66C4,0xFD5D,0x02C4,80,102,0,0,0,0
772,0x5054,0x648C,0xFDC8,0x02C4,80,100,0,0,0,0
773,0x5018,0x62BF,0xFE33,0x02C4,80,98,0,0,0,0
774,0x50DC,0x615D,0xFE9E,0x02C4,80,97,0,0,0,0
775,0x50A0,0x6066,0xFF09,0x02C4,80,96,0,0,0,0
776,0x5064,0x5FDA,0xFF74,0x02C4,80,95,0,0,0,0
777,0x5028,0x5FB9,0xFFDF,0x02C4,80,95,0,0,0,0
778,0x50EC,0x6003,0x004A,0x02C4,80,96,0,0,0,0
779,0x50B0,0x60B8,0x00B5,0x02C4,80,96,0,0,0,0
780,0x5074,0x61D8,0x0120,0x02C4,80,97,0,0,0,0
781,0x5038,0x6363,0x018B,0x02C4,80,99,0,0,0,0
782,0x50FC,0x6559,0x01F6,0x02C4,80,101,0,0,0,0
783,0x50C0,0x67BA,0x0261,0x02C4,80,103,0,0,0,0
784,0x5084,0x6A86,0x02CC,0x02C4,80,106,0,0,0,0
785,0x5048,0x6DBD,0x0337,0x02C4,80,109,0,0,0,0
786,0x500C,0x715F,0x03A2,0x02C4,80,113,0,0,0,0
787,0x50D0,0x756C,0x040D,0x02C4,80,117,0,0,0,0
788,0x5094,0x79E4,0x0478,0x02C4,80,121,0,0,0,0
789,0x5058,0x7EC7,0x04E3,0x02C4,80,126,0,0,0,0
790,0x501C,0x8415,0x054E,0x02C4,80,132,0,0,0,0
791,0x50E0,0x89CE,0x05B9,0x02C4,80,137,0,0,0,0
792,0x50A4,0x8FF2,0x0624,0x02C4,80,143,0,0,0,0
793,0x5068,0x9200,0x0000,0x02C4,80,146,0,0,0,1
794,0x502C,0x9200,0x0000,0x02C4,80,146,0,0,0,1
795,0x50F0,0x9200,0x0000,0x02C4,80,146,0,0,0,1
796,0x50B4,0x9200,0xFA70,0x02C4,80,146,0,0,0,0
797,0x5078,0x8CDB,0xFADB,0x02C4,80,140,0,0,0,0
798,0x503C,0x8821,0xFB46,0x02C4,80,136,0,0,0,0
799,0x5000,0x83D2,0xFBB1,0x02C4,80,131,0,0,0,0
800,0x50C4,0x7FEE,0xFC1C,0x02C4,80,127,0,0,0,0
801,0x5088,0x7C75,0xFC87,0x02C4,80,124,0,0,0,0
802,0x504C,0x7967,0xFCF2,0x02C4,80,121,0,0,0,0
803,0x5010,0x76C4,0xFD5D,0x02C4,80,118,0,0,0,0
804,0x50D4,0x748C,0xFDC8,0x02C4,80,116,0,0,0,0
805,0x5098,0x72BF,0xFE33,0x02C4,80,114,0,0,0,0
806,0x505C,0x715D,0xFE9E,0x02C4,80,113,0,0,0,0
807,0x5020,0x7066,0xFF09,0x02C4,80,112,0,0,0,0
808,0x50E4,0x6FDA,0xFF74,0x02C4,80,111,0,0,0,0
809,0x50A8,0x6FB9,0xFFDF,0x02C4,80,111,0,0,0,0
810,0x506C,0x7003,0x004A,0x02C4,80,112,0,0,0,0
811,0x5030,0x70B8,0x00B5,0x02C4,80,112,0,0,0,0
812,0x50F4,0x71D8,0x0120,0x02C4,80,113,0,0,0,0
813,0x50B8,0x7363,0x018B,0x02C4,80,115,0,0,0,0
814,0x507C,0x7200,0x0000,0x02C4,80,114,0,0,0,1
815,0x5040,0x7200,0x0000,0x02C4,80,114,0,0,0,1
816,0x5004,0x7200,0x0000,0x02C4,80,114,0,0,0,1
817,0x50C8,0x7200,0x0000,0x02C4,80,114,0,0,0,1
818,0x508C,0x7200,0x0000,0x02C4,80,114,0,0,0,1
819,0x5050,0x7200,0x0000,0x02C4,80,114,0,0,0,1
820,0x5014,0x7200,0x0000,0x02C4,80,114,0,0,0,1
821,0x50D8,0x7200,0x0000,0x02C4,80,114,0,0,0,1
822,0x509C,0x7200,0x0000,0x02C4,80,114,0,0,0,1
823,0x5060,0x7200,0x0000,0x02C4,80,114,0,0,0,1
824,0x5024,0x7200,0x0000,0x02C4,80,114,0,0,0,1
825,0x50E8,0x726B,0x006B,0x02C4,80,114,0,0,0,0
826,0x50AC,0x7341,0x00D6,0x02C4,80,115,0,0,0,0
827,0x5070,0x7482,0x0141,0x02C4,80,116,0,0,0,0
828,0x5034,0x762E,0x01AC,0x02C4,80,118,0,0,0,0
829,0x50F8,0x7845,0x0217,0x02C4,80,120,0,0,0,0
830,0x50BC,0x7AC7,0x0282,0x02C4,80,122,0,0,0,0
831,0x5080,0x7DB4,0x02ED,0x02C4,80,125,0,0,0,0
832,0x5044,0x810C,0x0358,0x02C4,80,129,0,0,0,0
833,0x5008,0x8200,0x0000,0x02C4,80,130,0,0,0,1
834,0x50CC,0x8200,0x0000,0x02C4,80,130,0,0,0,1
835,0x5090,0x8200,0x0000,0x02C4,80,130,0,0,0,1
836,0x5054,0x8200,0x0000,0x02C4,80,130,0,0,0,1
837,0x5018,0x826B,0x006B,0x02C4,80,130,0,0,0,0
838,0x50DC,0x8341,0x00D6,0x02C4,80,131,0,0,0,0
839,0x50A0,0x8482,0x0141,0x02C4,80,132,0,0,0,0
840,0x5064,0x862E,0x01AC,0x02C4,80,134,0,0,0,0
841,0x5028,0x8845,0x0217,0x02C4,80,136,0,0,0,0
842,0x50EC,0x8AC7,0x0282,0x02C4,80,138,0,0,0,0
843,0x50B0,0x8DB4,0x02ED,0x02C4,80,141,0,0,0,0
844,0x5074,0x910C,0x0358,0x02C4,80,145,0,0,0,0
845,0x5038,0x9200,0x0000,0x02C4,80,146,0,0,0,1
846,0x50FC,0x9200,0xFA70,0x02C4,80,146,0,0,0,0
847,0x50C0,0x8CDB,0xFADB,0x02C4,80,140,0,0,0,0
848,0x5084,0x8821,0xFB46,0x02C4,80,136,0,0,0,0
849,0x5048,0x83D2,0xFBB1,0x02C4,80,131,0,0,0,0
850,0x500C,0x7FEE,0xFC1C,0x02C4,80,127,0,0,0,0
851,0x50D0,0x7C75,0xFC87,0x02C4,80,124,0,0,0,0
852,0x5094,0x7967,0xFCF2,0x02C4,80,121,0,0,0,0
853,0x5058,0x76C4,0xFD5D,0x02C4,80,118,0,0,0,0
854,0x501C,0x748C,0xFDC8,0x02C4,80,116,0,0,0,0
855,0x50E0,0x72BF,0xFE33,0x02C4,80,114,0,0,0,0
856,0x50A4,0x715D,0xFE9E,0x02C4,80,113,0,0,0,0
857,0x5068,0x7066,0xFF09,0x02C4,80,112,0,0,0,0
858,0x502C,0x6FDA,0xFF74,0x02C4,80,111,0,0,0,0
859,0x50F0,0x6FB9,0xFFDF,0x02C4,80,111,0,0,0,0
860,0x50B4,0x7003,0x004A,0x02C4,80,112,0,0,0,0
861,0x5078,0x70B8,0x00B5,0x02C4,80,112,0,0,0,0
862,0x503C,0x71D8,0x0120,0x02C4,80,113,0,0,0,0
863,0x5000,0x7200,0x0000,0x02C4,80,114,0,0,0,1
864,0x50C4,0x7200,0x0000,0x02C4,80,114,0,0,0,1
865,0x5088,0x7200,0x0000,0x02C4,80,114,0,0,0,1
866,0x504C,0x726B,0x006B,0x02C4,80,114,0,0,0,0
867,0x5010,0x7341,0x00D6,0x02C4,80,115,0,0,0,0
868,0x50D4,0x7482,0x0141,0x02C4,80,116,0,0,0,0
869,0x5098,0x762E,0x01AC,0x02C4,80,118,0,0,0,0
870,0x505C,0x7845,0x0217,0x02C4,80,120,0,0,0,0
871,0x5020,0x7AC7,0x0282,0x02C4,80,122,0,0,0,0
872,0x50E4,0x7DB4,0x02ED,0x02C4,80,125,0,0,0,0
873,0x50A8,0x810C,0x0358,0x02C4,80,129,0,0,0,0
874,0x506C,0x8200,0x0000,0x02C4,80,130,0,0,0,1
875,0x5030,0x8200,0x0000,0x02C4,80,130,0,0,0,1
876,0x50F4,0x8200,0x0000,0x02C4,80,130,0,0,0,1
877,0x50B8,0x826B,0x006B,0x02C4,80,130,0,0,0,0
878,0x507C,0x8341,0x00D6,0x02C4,80,131,0,0,0,0
879,0x5040,0x8482,0x0141,0x02C4,80,132,0,0,0,0
880,0x5004,0x862E,0x01AC,0x02C4,80,134,0,0,0,0
881,0x50C8,0x8845,0x0217,0x02C4,80,136,0,0,0,0
882,0x508C,0x8AC7,0x0282,0x02C4,80,138,0,0,0,0
883,0x5050,0x8DB4,0x02ED,0x02C4,80,141,0,0,0,0
884,0x5014,0x910C,0x0358,0x02C4,80,145,0,0,0,0
885,0x50D8,0x9200,0x0000,0x02C4,80,146,0,0,0,1
886,0x509C,0x9200,0x0000,0x02C4,80,146,0,0,0,1
887,0x5060,0x9200,0x0000,0x02C4,80,146,0,0,0,1
888,0x5024,0x9200,0x0000,0x02C4,80,146,0,0,0,1
889,0x50E8,0x9200,0x0000,0x02C4,80,146,0,0,0,1
890,0x50AC,0x9200,0x0000,0x02C4,80,146,0,0,0,1
891,0x5070,0x9200,0x0000,0x02C4,80,146,0,0,0,1
892,0x5034,0x9200,0x0000,0x02C4,80,146,0,0,0,1
893,0x50F8,0x9200,0x0000,0x02C4,80,146,0,0,0,1
894,0x50BC,0x9200,0x0000,0x02C4,80,146,0,0,0,1
895,0x5080,0x9200,0x0000,0x02C4,80,146,0,0,0,1
896,0x5044,0x9200,0x0000,0x02C4,80,146,0,0,0,1
897,0x5008,0x9200,0x0000,0x02C4,80,146,0,0,0,1
898,0x50CC,0x9200,0xFA70,0x02C4,80,146,0,0,0,0
899,0x5090,0x8CDB,0xFADB,0x02C4,80,140,0,0,0,0
900,0x5054,0x8821,0xFB46,0x02C4,80,136,0,0,0,0
901,0x5018,0x83D2,0xFBB1,0x02C4,80,131,0,0,0,0
902,0x50DC,0x7FEE,0xFC1C,0x02C4,80,127,0,0,0,0
903,0x50A0,0x7C75,0xFC87,0x02C4,80,124,0,0,0,0
904,0x5064,0x7967,0xFCF2,0x02C4,80,121,0,0,0,0
905,0x5028,0x76C4,0xFD5D,0x02C4,80,118,0,0,0,0
906,0x50EC,0x748C,0xFDC8,0x02C4,80,116,0,0,0,0
907,0x50B0,0x72BF,0xFE33,0x02C4,80,114,0,0,0,0
908,0x5074,0x715D,0xFE9E,0x02C4,80,113,0,0,0,0
909,0x5038,0x7066,0xFF09,0x02C4,80,112,0,0,0,0
910,0x50FC,0x6FDA,0xFF74,0x02C4,80,111,0,0,0,0
911,0x50C0,0x6FB9,0xFFDF,0x02C4,80,111,0,0,0,0
912,0x5084,0x7003,0x004A,0x02C4,80,112,0,0,0,0
913,0x5048,0x70B8,0x00B5,0x02C4,80,112,0,0,0,0
914,0x500C,0x71D8,0x0120,0x02C4,80,113,0,0,0,0
915,0x50D0,0x7200,0x0000,0x02C4,80,114,0,0,0,1
916,0x5094,0x7200,0x0000,0x02C4,80,114,0,0,0,1
917,0x5058,0x7200,0x0000,0x02C4,80,114,0,0,0,1
918,0x501C,0x7200,0x0000,0x02C4,80,114,0,0,0,1
919,0x50E0,0x7200,0x0000,0x02C4,80,114,0,0,0,1
920,0x50A4,0x7200,0x0000,0x02C4,80,114,0,0,0,1
921,0x5068,0x7200,0xFA70,0x02C4,80,114,0,0,0,0
922,0x502C,0x6CDB,0xFADB,0x02C4,80,108,0,0,0,0
923,0x50F0,0x6821,0xFB46,0x02C4,80,104,0,0,0,0
924,0x50B4,0x63D2,0xFBB1,0x02C4,80,99,0,0,0,0
925,0x5078,0x5FEE,0xFC1C,0x02C4,80,95,0,0,0,0
926,0x503C,0x5C75,0xFC87,0x02C4,80,92,0,0,0,0
927,0x5000,0x5967,0xFCF2,0x02C4,80,89,0,0,0,0
928,0x50C4,0x56C4,0xFD5D,0x02C4,80,86,0,0,0,0
929,0x5088,0x548C,0xFDC8,0x02C4,80,84,0,0,0,0
930,0x504C,0x52BF,0xFE33,0x02C4,80,82,0,0,0,0
931,0x5010,0x515D,0xFE9E,0x02C4,80,81,0,0,0,0
932,0x50D4,0x5066,0xFF09,0x02C4,80,80,0,0,0,0
933,0x5098,0x4FDA,0xFF74,0x02C4,80,79,0,0,0,0
934,0x505C,0x4FB9,0xFFDF,0x02C4,80,79,0,0,0,0
935,0x5020,0x5003,0x004A,0x02C4,80,80,0,0,0,0
936,0x50E4,0x50B8,0x00B5,0x02C4,80,80,0,0,0,0
937,0x50A8,0x51D8,0x0120,0x02C4,80,81,0,0,0,0
938,0x506C,0x5200,0xFA70,0x02C4,80,82,0,0,0,0
939,0x5030,0x4CDB,0xFADB,0x02C4,80,76,0,0,0,0
940,0x50F4,0x4821,0xFB46,0x02C4,80,72,0,0,0,0
941,0x50B8,0x43D2,0xFBB1,0x02C4,80,67,0,0,0,0
942,0x507C,0x4000,0xFC1C,0x02C4,80,64,0,0,0,0
943,0x5040,0x4000,0xFC87,0x02C4,80,64,0,0,0,0
944,0x5004,0x4000,0xFCF2,0x02C4,80,64,0,0,0,0
945,0x50C8,0x4000,0xFD5D,0x02C4,80,64,0,0,0,0
946,0x508C,0x4000,0xFDC8,0x02C4,80,64,0,0,0,0
947,0x5050,0x4000,0xFE33,0x02C4,80,64,0,0,0,0
948,0x5014,0x4000,0xFE9E,0x02C4,80,64,0,0,0,0
949,0x50D8,0x4000,0xFF09,0x02C4,80,64,0,0,0,0
950,0x509C,0x4000,0xFF74,0x02C4,80,64,0,0,0,0
951,0x5060,0x4000,0xFFDF,0x02C4,80,64,0,0,0,0
952,0x5024,0x404A,0x004A,0x02C4,80,64,0,0,0,0
953,0x50E8,0x40FF,0x00B5,0x02C4,80,64,0,0,0,0
954,0x50AC,0x421F,0x0120,0x02C4,80,66,0,0,0,0
955,0x5070,0x43AA,0x018B,0x02C4,80,67,0,0,0,0
956,0x5034,0x45A0,0x01F6,0x02C4,80,69,0,0,0,0
957,0x50F8,0x4801,0x0261,0x02C4,80,72,0,0,0,0
958,0x50BC,0x4ACD,0x02CC,0x02C4,80,74,0,0,0,0
959,0x5080,0x4E04,0x0337,0x02C4,80,78,0,0,0,0
960,0x5044,0x51A6,0x03A2,0x02C4,80,81,0,0,0,0
961,0x5008,0x55B3,0x040D,0x02C4,80,85,0,0,0,0
962,0x50CC,0x5A2B,0x0478,0x02C4,80,90,0,0,0,0
963,0x5090,0x5F0E,0x04E3,0x02C4,80,95,0,0,0,0
964,0x5054,0x6300,0x0000,0x02C4,80,99,0,0,0,1
965,0x5018,0x6300,0x0000,0x02C4,80,99,0,0,0,1
966,0x50DC,0x6300,0xFA70,0x02C4,80,99,0,0,0,0
967,0x50A0,0x5DDB,0xFADB,0x02C4,80,93,0,0,0,0
968,0x5064,0x5921,0xFB46,0x02C4,80,89,0,0,0,0
969,0x5028,0x54D2,0xFBB1,0x02C4,80,84,0,0,0,0
970,0x50EC,0x50EE,0xFC1C,0x02C4,80,80,0,0,0,0
971,0x50B0,0x4D75,0xFC87,0x02C4,80,77,0,0,0,0
972,0x5074,0x4A67,0xFCF2,0x02C4,80,74,0,0,0,0
973,0x5038,0x47C4,0xFD5D,0x02C4,80,71,0,0,0,0
974,0x50FC,0x458C,0xFDC8,0x02C4,80,69,0,0,0,0
975,0x50C0,0x43BF,0xFE33,0x02C4,80,67,0,0,0,0
976,0x5084,0x425D,0xFE9E,0x02C4,80,66,0,0,0,0
977,0x5048,0x4166,0xFF09,0x02C4,80,65,0,0,0,0
978,0x500C,0x40DA,0xFF74,0x02C4,80,64,0,0,0,0
979,0x50D0,0x40B9,0xFFDF,0x02C4,80,64,0,0,0,0
980,0x5094,0x4103,0x004A,0x02C4,80,65,0,0,0,0
981,0x5058,0x41B8,0x00B5,0x02C4,80,65,0,0,0,0
982,0x501C,0x42D8,0x0120,0x02C4,80,66,0,0,0,0
983,0x50E0,0x4463,0x018B,0x02C4,80,68,0,0,0,0
984,0x50A4,0x4659,0x01F6,0x02C4,80,70,0,0,0,0
985,0x5068,0x48BA,0x0261,0x02C4,80,72,0,0,0,0
986,0x502C,0x4B86,0x02CC,0x02C4,80,75,0,0,0,0
987,0x50F0,0x4EBD,0x0337,0x02C4,80,78,0,0,0,0
988,0x50B4,0x525F,0x03A2,0x02C4,80,82,0,0,0,0
989,0x5078,0x5300,0x0000,0x02C4,80,83,0,0,0,1
990,0x503C,0x5300,0x0000,0x02C4,80,83,0,0,0,1
991,0x5000,0x5300,0x0000,0x02C4,80,83,0,0,0,1
992,0x50C4,0x5300,0x0000,0x02C4,80,83,0,0,0,1
993,0x5088,0x5300,0x0000,0x02C4,80,83,0,0,0,1
994,0x504C,0x5300,0x0000,0x02C4,80,83,0,0,0,1
995,0x5010,0x5300,0x0000,0x02C4,80,83,0,0,0,1
996,0x50D4,0x5300,0x0000,0x02C4,80,83,0,0,0,1
997,0x5098,0x5300,0x0000,0x02C4,80,83,0,0,0,1
998,0x505C,0x5300,0x0000,0x02C4,80,83,0,0,0,1
999,0x5020,0x536B,0x006B,0x02C4,80,83,0,0,0,0
1000,0x50E4,0x5441,0x00D6,0x02C4,80,84,0,0,0,0
1001,0x50A8,0x5582,0x0141,0x02C4,80,85,0,0,0,0
1002,0x506C,0x572E,0x01AC,0x02C4,80,87,0,0,0,0
1003,0x5030,0x5945,0x0217,0x02C4,80,89,0,0,0,0
1004,0x50F4,0x5BC7,0x0282,0x02C4,80,91,0,0,0,0
1005,0x50B8,0x5EB4,0x02ED,0x02C4,80,94,0,0,0,0
1006,0x507C,0x620C,0x0358,0x02C4,80,98,0,0,0,0
1007,0x5040,0x65CF,0x03C3,0x02C4,80,101,0,0,0,0
1008,0x5004,0x69FD,0x042E,0x02C4,80,105,0,0,0,0
1009,0x50C8,0x6E96,0x0499,0x02C4,80,110,0,0,0,0
1010,0x508C,0x739A,0x0504,0x02C4,80,115,0,0,0,0
1011,0x5050,0x7300,0x0000,0x02C4,80,115,0,0,0,1
1012,0x5014,0x7300,0x0000,0x02C4,80,115,0,0,0,1
1013,0x50D8,0x7300,0x0000,0x02C4,80,115,0,0,0,1
1014,0x509C,0x7300,0x0000,0x02C4,80,115,0,0,0,1
1015,0x5060,0x7300,0x0000,0x02C4,80,115,0,0,0,1
1016,0x5024,0x7300,0x0000,0x02C4,80,115,0,0,0,1
1017,0x50E8,0x7300,0x0000,0x02C4,80,115,0,0,0,1
1018,0x50AC,0x7300,0xFA70,0x02C4,80,115,0,0,0,0
1019,0x5070,0x6DDB,0xFADB,0x02C4,80,109,0,0,0,0
1020,0x5034,0x6921,0xFB46,0x02C4,80,105,0,0,0,0
1021,0x50F8,0x64D2,0xFBB1,0x02C4,80,100,0,0,0,0
1022,0x50BC,0x60EE,0xFC1C,0x02C4,80,96,0,0,0,0
1023,0x5080,0x5D75,0xFC87,0x02C4,80,93,0,0,0,0
1024,0x5044,0x5A67,0xFCF2,0x02C4,80,90,0,0,0,0
1025,0x5008,0x57C4,0xFD5D,0x02C4,80,87,0,0,0,0
1026,0x50CC,0x558C,0xFDC8,0x02C4,80,85,0,0,0,0
1027,0x5090,0x53BF,0xFE33,0x02C4,80,83,0,0,0,0
1028,0x5054,0x525D,0xFE9E,0x02C4,80,82,0,0,0,0
1029,0x5018,0x5166,0xFF09,0x02C4,80,81,0,0,0,0
1030,0x50DC,0x50DA,0xFF74,0x02C4,80,80,0,0,0,0
1031,0x50A0,0x50B9,0xFFDF,0x02C4,80,80,0,0,0,0
1032,0x5064,0x5103,0x004A,0x02C4,80,81,0,0,0,0
1033,0x5028,0x51B8,0x00B5,0x02C4,80,81,0,0,0,0
1034,0x50EC,0x52D8,0x0120,0x02C4,80,82,0,0,0,0
1035,0x50B0,0x5463,0x018B,0x02C4,80,84,0,0,0,0
1036,0x5074,0x5659,0x01F6,0x02C4,80,86,0,0,0,0
1037,0x5038,0x58BA,0x0261,0x02C4,80,88,0,0,0,0
1038,0x50FC,0x5B86,0x02CC,0x02C4,80,91,0,0,0,0
1039,0x50C0,0x5EBD,0x0337,0x02C4,80,94,0,0,0,0
1040,0x5084,0x625F,0x03A2,0x02C4,80,98,0,0,0,0
1041,0x5048,0x666C,0x040D,0x02C4,80,102,0,0,0,0
1042,0x500C,0x6AE4,0x0478,0x02C4,80,106,0,0,0,0
1043,0x50D0,0x6FC7,0x04E3,0x02C4,80,111,0,0,0,0
1044,0x5094,0x7515,0x054E,0x02C4,80,117,0,0,0,0
1045,0x5058,0x7ACE,0x05B9,0x02C4,80,122,0,0,0,0
1046,0x501C,0x80F2,0x0624,0x02C4,80,128,0,0,0,0
1047,0x50E0,0x8781,0x068F,0x02C4,80,135,0,0,0,0
1048,0x50A4,0x8E7B,0x06FA,0x02C4,80,142,0,0,0,0
1049,0x5068,0x9300,0x0000,0x02C4,80,147,0,0,0,1
1050,0x502C,0x9300,0x0000,0x02C4,80,147,0,0,0,1
1051,0x50F0,0x9300,0x0000,0x02C4,80,147,0,0,0,1
1052,0x50B4,0x9300,0x0000,0x02C4,80,147,0,0,0,1
1053,0x5078,0x9300,0x0000,0x02C4,80,147,0,0,0,1
1054,0x503C,0x9300,0x0000,0x02C4,80,147,0,0,0,1
1055,0x5000,0x9300,0x0000,0x02C4,80,147,0,0,0,1
1056,0x50C4,0x9300,0x0000,0x02C4,80,147,0,0,0,1
1057,0x5088,0x9300,0x0000,0x02C4,80,147,0,0,0,1
1058,0x504C,0x9300,0x0000,0x02C4,80,147,0,0,0,1
1059,0x5010,0x9300,0x0000,0x02C4,80,147,0,0,0,1
1060,0x50D4,0x9300,0x0000,0x02C4,80,147,0,0,0,1
1061,0x5098,0x9300,0x0000,0x02C4,80,147,0,0,0,1
1062,0x505C,0x9300,0x0000,0x02C4,80,147,0,0,0,1
1063,0x5020,0x9300,0x0000,0x02C4,80,147,0,0,0,1
1064,0x50E4,0x9300,0x0000,0x02C4,80,147,0,0,0,1
1065,0x50A8,0x9300,0xFA70,0x02C4,80,147,0,0,0,0
1066,0x506C,0x8DDB,0xFADB,0x02C4,80,141,0,0,0,0
1067,0x5030,0x8921,0xFB46,0x02C4,80,137,0,0,0,0
1068,0x50F4,0x84D2,0xFBB1,0x02C4,80,132,0,0,0,0
1069,0x50B8,0x80EE,0xFC1C,0x02C4,80,128,0,0,0,0
1070,0x507C,0x7D75,0xFC87,0x02C4,80,125,0,0,0,0
1071,0x5040,0x7A67,0xFCF2,0x02C4,80,122,0,0,0,0
1072,0x5004,0x77C4,0xFD5D,0x02C4,80,119,0,0,0,0
1073,0x50C8,0x758C,0xFDC8,0x02C4,80,117,0,0,0,0
1074,0x508C,0x73BF,0xFE33,0x02C4,80,115,0,0,0,0
1075,0x5050,0x725D,0xFE9E,0x02C4,80,114,0,0,0,0
1076,0x5014,0x7166,0xFF09,0x02C4,80,113,0,0,0,0
1077,0x50D8,0x70DA,0xFF74,0x02C4,80,112,0,0,0,0
1078,0x509C,0x70B9,0xFFDF,0x02C4,80,112,0,0,0,0
1079,0x5060,0x7103,0x004A,0x02C4,80,113,0,0,0,0
1080,0x5024,0x71B8,0x00B5,0x02C4,80,113,0,0,0,0
1081,0x50E8,0x72D8,0x0120,0x02C4,80,114,0,0,0,0
1082,0x50AC,0x7463,0x018B,0x02C4,80,116,0,0,0,0
1083,0x5070,0x7659,0x01F6,0x02C4,80,118,0,0,0,0
1084,0x5034,0x78BA,0x0261,0x02C4,80,120,0,0,0,0
1085,0x50F8,0x7B86,0x02CC,0x02C4,80,123,0,0,0,0
1086,0x50BC,0x7EBD,0x0337,0x02C4,80,126,0,0,0,0
1087,0x5080,0x825F,0x03A2,0x02C4,80,130,0,0,0,0
1088,0x5044,0x8300,0x0000,0x02C4,80,131,0,0,0,1
1089,0x5008,0x8300,0x0000,0x02C4,80,131,0,0,0,1
1090,0x50CC,0x8300,0x0000,0x02C4,80,131,0,0,0,1
1091,0x5090,0x8300,0x0000,0x02C4,80,131,0,0,0,1
1092,0x5054,0x8300,0x0000,0x02C4,80,131,0,0,0,1
1093,0x5018,0x8300,0x0000,0x02C4,80,131,0,0,0,1
1094,0x50DC,0x8300,0x0000,0x02C4,80,131,0,0,0,1
1095,0x50A0,0x8300,0x0000,0x02C4,80,131,0,0,0,1
1096,0x5064,0x8300,0x0000,0x02C4,80,131,0,0,0,1
1097,0x5028,0x8300,0x0000,0x02C4,80,131,0,0,0,1
1098,0x50EC,0x8300,0x0000,0x02C4,80,131,0,0,0,1
1099,0x50B0,0x8300,0xFA70,0x02C4,80,131,0,0,0,0
1100,0x5074,0x7DDB,0xFADB,0x02C4,80,125,0,0,0,0
1101,0x5038,0x7921,0xFB46,0x02C4,80,121,0,0,0,0
1102,0x50FC,0x74D2,0xFBB1,0x02C4,80,116,0,0,0,0
1103,0x50C0,0x70EE,0xFC1C,0x02C4,80,112,0,0,0,0
1104,0x5084,0x6D75,0xFC87,0x02C4,80,109,0,0,0,0
1105,0x5048,0x6A67,0xFCF2,0x02C4,80,106,0,0,0,0
1106,0x500C,0x67C4,0xFD5D,0x02C4,80,103,0,0,0,0
1107,0x50D0,0x658C,0xFDC8,0x02C4,80,101,0,0,0,0
1108,0x5094,0x63BF,0xFE33,0x02C4,80,99,0,0,0,0
1109,0x5058,0x625D,0xFE9E,0x02C4,80,98,0,0,0,0
1110,0x501C,0x6166,0xFF09,0x02C4,80,97,0,0,0,0
1111,0x50E0,0x60DA,0xFF74,0x02C4,80,96,0,0,0,0
1112,0x50A4,0x60B9,0xFFDF,0x02C4,80,96,0,0,0,0
1113,0x5068,0x6103,0x004A,0x02C4,80,97,0,0,0,0
1114,0x502C,0x61B8,0x00B5,0x02C4,80,97,0,0,0,0
1115,0x50F0,0x62D8,0x0120,0x02C4,80,98,0,0,0,0
1116,0x50B4,0x6463,0x018B,0x02C4,80,100,0,0,0,0
1117,0x5078,0x6659,0x01F6,0x02C4,80,102,0,0,0,0
1118,0x503C,0x68BA,0x0261,0x02C4,80,104,0,0,0,0
1119,0x5000,0x6B86,0x02CC,0x02C4,80,107,0,0,0,0
1120,0x50C4,0x6EBD,0x0337,0x02C4,80,110,0,0,0,0
1121,0x5088,0x725F,0x03A2,0x02C4,80,114,0,0,0,0
1122,0x504C,0x7300,0x0000,0x02C4,80,115,0,0,0,1
1123,0x5010,0x7300,0x0000,0x02C4,80,115,0,0,0,1
1124,0x50D4,0x7300,0x0000,0x02C4,80,115,0,0,0,1
1125,0x5098,0x7300,0x0000,0x02C4,80,115,0,0,0,1
1126,0x505C,0x7300,0x0000,0x02C4,80,115,0,0,0,1
1127,0x5020,0x7300,0xFA70,0x02C4,80,115,0,0,0,0
1128,0x50E4,0x6DDB,0xFADB,0x02C4,80,109,0,0,0,0
1129,0x50A8,0x6921,0xFB46,0x02C4,80,105,0,0,0,0
1130,0x506C,0x64D2,0xFBB1,0x02C4,80,100,0,0,0,0
1131,0x5030,0x60EE,0xFC1C,0x02C4,80,96,0,0,0,0
1132,0x50F4,0x5D75,0xFC87,0x02C4,80,93,0,0,0,0
1133,0x50B8,0x5A67,0xFCF2,0x02C4,80,90,0,0,0,0
1134,0x507C,0x57C4,0xFD5D,0x02C4,80,87,0,0,0,0
1135,0x5040,0x558C,0xFDC8,0x02C4,80,85,0,0,0,0
1136,0x5004,0x53BF,0xFE33,0x02C4,80,83,0,0,0,0
1137,0x50C8,0x525D,0xFE9E,0x02C4,80,82,0,0,0,0
1138,0x508C,0x5166,0xFF09,0x02C4,80,81,0,0,0,0
1139,0x5050,0x50DA,0xFF74,0x02C4,80,80,0,0,0,0
1140,0x5014,0x50B9,0xFFDF,0x02C4,80,80,0,0,0,0
1141,0x50D8,0x5103,0x004A,0x02C4,80,81,0,0,0,0
1142,0x509C,0x51B8,0x00B5,0x02C4,80,81,0,0,0,0
1143,0x5060,0x52D8,0x0120,0x02C4,80,82,0,0,0,0
1144,0x5024,0x5300,0x0000,0x02C4,80,83,0,0,0,1
1145,0x50E8,0x5300,0x0000,0x02C4,80,83,0,0,0,1
1146,0x50AC,0x5300,0xFA70,0x02C4,80,83,0,0,0,0
1147,0x5070,0x4DDB,0xFADB,0x02C4,80,77,0,0,0,0
1148,0x5034,0x4921,0xFB46,0x02C4,80,73,0,0,0,0
1149,0x50F8,0x44D2,0xFBB1,0x02C4,80,68,0,0,0,0
1150,0x50BC,0x40EE,0xFC1C,0x02C4,80,64,0,0,0,0
1151,0x5080,0x4000,0xFC87,0x02C4,80,64,0,0,0,0
1152,0x5044,0x4000,0xFCF2,0x02C4,80,64,0,0,0,0
1153,0x5008,0x4000,0xFD5D,0x02C4,80,64,0,0,0,0
1154,0x50CC,0x4000,0xFDC8,0x02C4,80,64,0,0,0,0
1155,0x5090,0x4000,0xFE33,0x02C4,80,64,0,0,0,0
1156,0x5054,0x4000,0xFE9E,0x02C4,80,64,0,0,0,0
1157,0x5018,0x4000,0xFF09,0x02C4,80,64,0,0,0,0
1158,0x50DC,0x4000,0xFF74,0x02C4,80,64,0,0,0,0
1159,0x50A0,0x4000,0xFFDF,0x02C4,80,64,0,0,0,0
1160,0x5064,0x404A,0x004A,0x02C4,80,64,0,0,0,0
1161,0x5028,0x40FF,0x00B5,0x02C4,80,64,0,0,0,0
1162,0x50EC,0x421F,0x0120,0x02C4,80,66,0,0,0,0
1163,0x50B0,0x43AA,0x018B,0x02C4,80,67,0,0,0,0
1164,0x5074,0x45A0,0x01F6,0x02C4,80,69,0,0,0,0
1165,0x5038,0x4801,0x0261,0x02C4,80,72,0,0,0,0
1166,0x50FC,0x4ACD,0x02CC,0x02C4,80,74,0,0,0,0
1167,0x50C0,0x4E04,0x0337,0x02C4,80,78,0,0,0,0
1168,0x5084,0x51A6,0x03A2,0x02C4,80,81,0,0,0,0
1169,0x5048,0x55B3,0x040D,0x02C4,80,85,0,0,0,0
1170,0x500C,0x5A2B,0x0478,0x02C4,80,90,0,0,0,0
1171,0x50D0,0x5F0E,0x04E3,0x02C4,80,95,0,0,0,0
1172,0x5094,0x6200,0x0000,0x02C4,80,98,0,0,0,1
1173,0x5058,0x6200,0x0000,0x02C4,80,98,0,0,0,1
1174,0x501C,0x6200,0x0000,0x02C4,80,98,0,0,0,1
1175,0x50E0,0x6200,0x0000,0x02C4,80,98,0,0,0,1
1176,0x50A4,0x6200,0x0000,0x02C4,80,98,0,0,0,1
1177,0x5068,0x6200,0x0000,0x02C4,80,98,0,0,0,1
1178,0x502C,0x626B,0x006B,0x02C4,80,98,0,0,0,0
1179,0x50F0,0x6341,0x00D6,0x02C4,80,99,0,0,0,0
1180,0x50B4,0x6482,0x0141,0x02C4,80,100,0,0,0,0
1181,0x5078,0x662E,0x01AC,0x02C4,80,102,0,0,0,0
1182,0x503C,0x6845,0x0217,0x02C4,80,104,0,0,0,0
1183,0x5000,0x6AC7,0x0282,0x02C4,80,106,0,0,0,0
1184,0x50C4,0x6DB4,0x02ED,0x02C4,80,109,0,0,0,0
1185,0x5088,0x710C,0x0358,0x02C4,80,113,0,0,0,0
1186,0x504C,0x7200,0x0000,0x02C4,80,114,0,0,0,1
1187,0x5010,0x7200,0xFA70,0x02C4,80,114,0,0,0,0
1188,0x50D4,0x6CDB,0xFADB,0x02C4,80,108,0,0,0,0
1189,0x5098,0x6821,0xFB46,0x02C4,80,104,0,0,0,0
1190,0x505C,0x63D2,0xFBB1,0x02C4,80,99,0,0,0,0
1191,0x5020,0x5FEE,0xFC1C,0x02C4,80,95,0,0,0,0
1192,0x50E4,0x5C75,0xFC87,0x02C4,80,92,0,0,0,0
1193,0x50A8,0x5967,0xFCF2,0x02C4,80,89,0,0,0,0
1194,0x506C,0x56C4,0xFD5D,0x02C4,80,86,0,0,0,0
1195,0x5030,0x548C,0xFDC8,0x02C4,80,84,0,0,0,0
1196,0x50F4,0x52BF,0xFE33,0x02C4,80,82,0,0,0,0
1197,0x50B8,0x515D,0xFE9E,0x02C4,80,81,0,0,0,0
1198,0x507C,0x5066,0xFF09,0x02C4,80,80,0,0,0,0
1199,0x5040,0x4FDA,0xFF74,0x02C4,80,79,0,0,0,0
1200,0x5004,0x4FB9,0xFFDF,0x02C4,80,79,0,0,0,0
1201,0x50C8,0x5003,0x004A,0x02C4,80,80,0,0,0,0
1202,0x508C,0x50B8,0x00B5,0x02C4,80,80,0,0,0,0
1203,0x5050,0x51D8,0x0120,0x02C4,80,81,0,0,0,0
1204,0x5014,0x5363,0x018B,0x02C4,80,83,0,0,0,0
1205,0x50D8,0x5559,0x01F6,0x02C4,80,85,0,0,0,0
1206,0x509C,0x57BA,0x0261,0x02C4,80,87,0,0,0,0
1207,0x5060,0x5A86,0x02CC,0x02C4,80,90,0,0,0,0
1208,0x5024,0x5DBD,0x0337,0x02C4,80,93,0,0,0,0
1209,0x50E8,0x615F,0x03A2,0x02C4,80,97,0,0,0,0
1210,0x50AC,0x656C,0x040D,0x02C4,80,101,0,0,0,0
1211,0x5070,0x69E4,0x0478,0x02C4,80,105,0,0,0,0
1212,0x5034,0x6EC7,0x04E3,0x02C4,80,110,0,0,0,0
1213,0x50F8,0x7200,0x0000,0x02C4,80,114,0,0,0,1
1214,0x50BC,0x7200,0x0000,0x02C4,80,114,0,0,0,1
1215,0x5080,0x7200,0x0000,0x02C4,80,114,0,0,0,1
1216,0x5044,0x7200,0x0000,0x02C4,80,114,0,0,0,1
1217,0x5008,0x7200,0xFA70,0x02C4,80,114,0,0,0,0
1218,0x50CC,0x6CDB,0xFADB,0x02C4,80,108,0,0,0,0
1219,0x5090,0x6821,0xFB46,0x02C4,80,104,0,0,0,0
1220,0x5054,0x63D2,0xFBB1,0x02C4,80,99,0,0,0,0
1221,0x5018,0x5FEE,0xFC1C,0x02C4,80,95,0,0,0,0
1222,0x50DC,0x5C75,0xFC87,0x02C4,80,92,0,0,0,0
1223,0x50A0,0x5967,0xFCF2,0x02C4,80,89,0,0,0,0
1224,0x5064,0x56C4,0xFD5D,0x02C4,80,86,0,0,0,0
1225,0x5028,0x548C,0xFDC8,0x02C4,80,84,0,0,0,0
1226,0x50EC,0x52BF,0xFE33,0x02C4,80,82,0,0,0,0
1227,0x50B0,0x515D,0xFE9E,0x02C4,80,81,0,0,0,0
1228,0x5074,0x5066,0xFF09,0x02C4,80,80,0,0,0,0
1229,0x5038,0x4FDA,0xFF74,0x02C4,80,79,0,0,0,0
1230,0x50FC,0x4FB9,0xFFDF,0x02C4,80,79,0,0,0,0
1231,0x50C0,0x5003,0x004A,0x02C4,80,80,0,0,0,0
1232,0x5084,0x50B8,0x00B5,0x02C4,80,80,0,0,0,0
1233,0x5048,0x51D8,0x0120,0x02C4,80,81,0,0,0,0
1234,0x500C,0x5363,0x018B,0x02C4,80,83,0,0,0,0
1235,0x50D0,0x5559,0x01F6,0x02C4,80,85,0,0,0,0
1236,0x5094,0x57BA,0x0261,0x02C4,80,87,0,0,0,0
1237,0x5058,0x5A86,0x02CC,0x02C4,80,90,0,0,0,0
1238,0x501C,0x5DBD,0x0337,0x02C4,80,93,0,0,0,0
1239,0x50E0,0x615F,0x03A2,0x02C4,80,97,0,0,0,0
1240,0x50A4,0x656C,0x040D,0x02C4,80,101,0,0,0,0
1241,0x5068,0x69E4,0x0478,0x02C4,80,105,0,0,0,0
1242,0x502C,0x6EC7,0x04E3,0x02C4,80,110,0,0,0,0
1243,0x50F0,0x7415,0x054E,0x02C4,80,116,0,0,0,0
1244,0x50B4,0x79CE,0x05B9,0x02C4,80,121,0,0,0,0
1245,0x5078,0x7FF2,0x0624,0x02C4,80,127,0,0,0,0
1246,0x503C,0x8681,0x068F,0x02C4,80,134,0,0,0,0
1247,0x5000,0x8D7B,0x06FA,0x02C4,80,141,0,0,0,0
1248,0x50C4,0x9200,0x0000,0x02C4,80,146,0,0,0,1
1249,0x5088,0x9200,0x0000,0x02C4,80,146,0,0,0,1
1250,0x504C,0x9200,0x0000,0x02C4,80,146,0,0,0,1
1251,0x5010,0x9200,0x0000,0x02C4,80,146,0,0,0,1
1252,0x50D4,0x9200,0x0000,0x02C4,80,146,0,0,0,1
1253,0x5098,0x9200,0x0000,0x02C4,80,146,0,0,0,1
1254,0x505C,0x9200,0x0000,0x02C4,80,146,0,0,0,1
1255,0x5020,0x9200,0x0000,0x02C4,80,146,0,0,0,1
1256,0x50E4,0x9200,0x0000,0x02C4,80,146,0,0,0,1
1257,0x50A8,0x9200,0x0000,0x02C4,80,146,0,0,0,1
1258,0x506C,0x9200,0xFA70,0x02C4,80,146,0,0,0,0
1259,0x5030,0x8CDB,0xFADB,0x02C4,80,140,0,0,0,0
1260,0x50F4,0x8821,0xFB46,0x02C4,80,136,0,0,0,0
1261,0x50B8,0x83D2,0xFBB1,0x02C4,80,131,0,0,0,0
1262,0x507C,0x7FEE,0xFC1C,0x02C4,80,127,0,0,0,0
1263,0x5040,0x7C75,0xFC87,0x02C4,80,124,0,0,0,0
1264,0x5004,0x7967,0xFCF2,0x02C4,80,121,0,0,0,0
1265,0x50C8,0x76C4,0xFD5D,0x02C4,80,118,0,0,0,0
1266,0x508C,0x748C,0xFDC8,0x02C4,80,116,0,0,0,0
1267,0x5050,0x72BF,0xFE33,0x02C4,80,114,0,0,0,0
1268,0x5014,0x715D,0xFE9E,0x02C4,80,113,0,0,0,0
1269,0x50D8,0x7066,0xFF09,0x02C4,80,112,0,0,0,0
1270,0x509C,0x6FDA,0xFF74,0x02C4,80,111,0,0,0,0
1271,0x5060,0x6FB9,0xFFDF,0x02C4,80,111,0,0,0,0
1272,0x5024,0x7003,0x004A,0x02C4,80,112,0,0,0,0
1273,0x50E8,0x70B8,0x00B5,0x02C4,80,112,0,0,0,0
1274,0x50AC,0x71D8,0x0120,0x02C4,80,113,0,0,0,0
1275,0x5070,0x7363,0x018B,0x02C4,80,115,0,0,0,0
1276,0x5034,0x7559,0x01F6,0x02C4,80,117,0,0,0,0
1277,0x50F8,0x77BA,0x0261,0x02C4,80,119,0,0,0,0
1278,0x50BC,0x7A86,0x02CC,0x02C4,80,122,0,0,0,0
1279,0x5080,0x7DBD,0x0337,0x02C4,80,125,0,0,0,0
1280,0x5044,0x815F,0x03A2,0x02C4,80,129,0,0,0,0
1281,0x5008,0x8200,0x0000,0x02C4,80,130,0,0,0,1
1282,0x50CC,0x8200,0x0000,0x02C4,80,130,0,0,0,1
1283,0x5090,0x8200,0x0000,0x02C4,80,130,0,0,0,1
1284,0x5054,0x8200,0xFA70,0x02C4,80,130,0,0,0,0
1285,0x5018,0x7CDB,0xFADB,0x02C4,80,124,0,0,0,0
1286,0x50DC,0x7821,0xFB46,0x02C4,80,120,0,0,0,0
1287,0x50A0,0x73D2,0xFBB1,0x02C4,80,115,0,0,0,0
1288,0x5064,0x6FEE,0xFC1C,0x02C4,80,111,0,0,0,0
1289,0x5028,0x6C75,0xFC87,0x02C4,80,108,0,0,0,0
1290,0x50EC,0x6967,0xFCF2,0x02C4,80,105,0,0,0,0
1291,0x50B0,0x66C4,0xFD5D,0x02C4,80,102,0,0,0,0
1292,0x5074,0x648C,0xFDC8,0x02C4,80,100,0,0,0,0
1293,0x5038,0x62BF,0xFE33,0x02C4,80,98,0,0,0,0
1294,0x50FC,0x615D,0xFE9E,0x02C4,80,97,0,0,0,0
1295,0x50C0,0x6066,0xFF09,0x02C4,80,96,0,0,0,0
1296,0x5084,0x5FDA,0xFF74,0x02C4,80,95,0,0,0,0
1297,0x5048,0x5FB9,0xFFDF,0x02C4,80,95,0,0,0,0
1298,0x500C,0x6003,0x004A,0x02C4,80,96,0,0,0,0
1299,0x50D0,0x60B8,0x00B5,0x02C4,80,96,0,0,0,0
1300,0x5094,0x61D8,0x0120,0x02C4,80,97,0,0,0,0
1301,0x5058,0x6200,0x0000,0x02C4,80,98,0,0,0,1
1302,0x501C,0x6200,0x0000,0x02C4,80,98,0,0,0,1
1303,0x50E0,0x6200,0x0000,0x02C4,80,98,0,0,0,1
1304,0x50A4,0x6200,0xFA70,0x02C4,80,98,0,0,0,0
1305,0x5068,0x5CDB,0xFADB,0x02C4,80,92,0,0,0,0
1306,0x502C,0x5821,0xFB46,0x02C4,80,88,0,0,0,0
1307,0x50F0,0x53D2,0xFBB1,0x02C4,80,83,0,0,0,0
1308,0x50B4,0x4FEE,0xFC1C,0x02C4,80,79,0,0,0,0
1309,0x5078,0x4C75,0xFC87,0x02C4,80,76,0,0,0,0
1310,0x503C,0x4967,0xFCF2,0x02C4,80,73,0,0,0,0
1311,0x5000,0x46C4,0xFD5D,0x02C4,80,70,0,0,0,0
1312,0x50C4,0x448C,0xFDC8,0x02C4,80,68,0,0,0,0
1313,0x5088,0x42BF,0xFE33,0x02C4,80,66,0,0,0,0
1314,0x504C,0x415D,0xFE9E,0x02C4,80,65,0,0,0,0
1315,0x5010,0x4066,0xFF09,0x02C4,80,64,0,0,0,0
1316,0x50D4,0x4000,0xFF74,0x02C4,80,64,0,0,0,0
1317,0x5098,0x4000,0xFFDF,0x02C4,80,64,0,0,0,0
1318,0x505C,0x404A,0x004A,0x02C4,80,64,0,0,0,0
1319,0x5020,0x40FF,0x00B5,0x02C4,80,64,0,0,0,0
1320,0x50E4,0x421F,0x0120,0x02C4,80,66,0,0,0,0
1321,0x50A8,0x43AA,0x018B,0x02C4,80,67,0,0,0,0
1322,0x506C,0x45A0,0x01F6,0x02C4,80,69,0,0,0,0
1323,0x5030,0x4801,0x0261,0x02C4,80,72,0,0,0,0
1324,0x50F4,0x4ACD,0x02CC,0x02C4,80,74,0,0,0,0
1325,0x50B8,0x4E04,0x0337,0x02C4,80,78,0,0,0,0
1326,0x507C,0x51A6,0x03A2,0x02C4,80,81,0,0,0,0
1327,0x5040,0x55B3,0x040D,0x02C4,80,85,0,0,0,0
1328,0x5004,0x5A2B,0x0478,0x02C4,80,90,0,0,0,0
1329,0x50C8,0x5F0E,0x04E3,0x02C4,80,95,0,0,0,0
1330,0x508C,0x6200,0x0000,0x02C4,80,98,0,0,0,1
1331,0x5050,0x6200,0x0000,0x02C4,80,98,0,0,0,1
1332,0x5014,0x6200,0x0000,0x02C4,80,98,0,0,0,1
1333,0x50D8,0x6200,0x0000,0x02C4,80,98,0,0,0,1
1334,0x509C,0x626B,0x006B,0x02C4,80,98,0,0,0,0
1335,0x5060,0x6341,0x00D6,0x02C4,80,99,0,0,0,0
1336,0x5024,0x6482,0x0141,0x02C4,80,100,0,0,0,0
1337,0x50E8,0x662E,0x01AC,0x02C4,80,102,0,0,0,0
1338,0x50AC,0x6845,0x0217,0x02C4,80,104,0,0,0,0
1339,0x5070,0x6AC7,0x0282,0x02C4,80,106,0,0,0,0
1340,0x5034,0x6DB4,0x02ED,0x02C4,80,109,0,0,0,0
1341,0x50F8,0x710C,0x0358,0x02C4,80,113,0,0,0,0
1342,0x50BC,0x74CF,0x03C3,0x02C4,80,116,0,0,0,0
1343,0x5080,0x78FD,0x042E,0x02C4,80,120,0,0,0,0
1344,0x5044,0x7D96,0x0499,0x02C4,80,125,0,0,0,0
1345,0x5008,0x829A,0x0504,0x02C4,80,130,0,0,0,0
1346,0x50CC,0x8200,0x0000,0x02C4,80,130,0,0,0,1
1347,0x5090,0x8200,0x0000,0x02C4,80,130,0,0,0,1
1348,0x5054,0x8200,0x0000,0x02C4,80,130,0,0,0,1
1349,0x5018,0x8200,0xFA70,0x02C4,80,130,0,0,0,0
1350,0x50DC,0x7CDB,0xFADB,0x02C4,80,124,0,0,0,0
1351,0x50A0,0x7821,0xFB46,0x02C4,80,120,0,0,0,0
1352,0x5064,0x73D2,0xFBB1,0x02C4,80,115,0,0,0,0
1353,0x5028,0x6FEE,0xFC1C,0x02C4,80,111,0,0,0,0
1354,0x50EC,0x6C75,0xFC87,0x02C4,80,108,0,0,0,0
1355,0x50B0,0x6967,0xFCF2,0x02C4,80,105,0,0,0,0
1356,0x5074,0x66C4,0xFD5D,0x02C4,80,102,0,0,0,0
1357,0x5038,0x648C,0xFDC8,0x02C4,80,100,0,0,0,0
1358,0x50FC,0x62BF,0xFE33,0x02C4,80,98,0,0,0,0
1359,0x50C0,0x615D,0xFE9E,0x02C4,80,97,0,0,0,0
1360,0x5084,0x6066,0xFF09,0x02C4,80,96,0,0,0,0
1361,0x5048,0x5FDA,0xFF74,0x02C4,80,95,0,0,0,0
1362,0x500C,0x5FB9,0xFFDF,0x02C4,80,95,0,0,0,0
1363,0x50D0,0x6003,0x004A,0x02C4,80,96,0,0,0,0
1364,0x5094,0x60B8,0x00B5,0x02C4,80,96,0,0,0,0
1365,0x5058,0x61D8,0x0120,0x02C4,80,97,0,0,0,0
1366,0x501C,0x6363,0x018B,0x02C4,80,99,0,0,0,0
1367,0x50E0,0x6559,0x01F6,0x02C4,80,101,0,0,0,0
1368,0x50A4,0x67BA,0x0261,0x02C4,80,103,0,0,0,0
1369,0x5068,0x6A86,0x02CC,0x02C4,80,106,0,0,0,0
1370,0x502C,0x6DBD,0x0337,0x02C4,80,109,0,0,0,0
1371,0x50F0,0x715F,0x03A2,0x02C4,80,113,0,0,0,0
1372,0x50B4,0x756C,0x040D,0x02C4,80,117,0,0,0,0
1373,0x5078,0x79E4,0x0478,0x02C4,80,121,0,0,0,0
1374,0x503C,0x7EC7,0x04E3,0x02C4,80,126,0,0,0,0
1375,0x5000,0x8200,0x0000,0x02C4,80,130,0,0,0,1
1376,0x50C4,0x8200,0xFA70,0x02C4,80,130,0,0,0,0
1377,0x5088,0x7CDB,0xFADB,0x02C4,80,124,0,0,0,0
1378,0x504C,0x7821,0xFB46,0x02C4,80,120,0,0,0,0
1379,0x5010,0x73D2,0xFBB1,0x02C4,80,115,0,0,0,0
1380,0x50D4,0x6FEE,0xFC1C,0x02C4,80,111,0,0,0,0
1381,0x5098,0x6C75,0xFC87,0x02C4,80,108,0,0,0,0
1382,0x505C,0x6967,0xFCF2,0x02C4,80,105,0,0,0,0
1383,0x5020,0x66C4,0xFD5D,0x02C4,80,102,0,0,0,0
1384,0x50E4,0x648C,0xFDC8,0x02C4,80,100,0,0,0,0
1385,0x50A8,0x62BF,0xFE33,0x02C4,80,98,0,0,0,0
1386,0x506C,0x615D,0xFE9E,0x02C4,80,97,0,0,0,0
1387,0x5030,0x6066,0xFF09,0x02C4,80,96,0,0,0,0
1388,0x50F4,0x5FDA,0xFF74,0x02C4,80,95,0,0,0,0
1389,0x50B8,0x5FB9,0xFFDF,0x02C4,80,95,0,0,0,0
1390,0x507C,0x6003,0x004A,0x02C4,80,96,0,0,0,0
1391,0x5040,0x60B8,0x00B5,0x02C4,80,96,0,0,0,0
1392,0x5004,0x61D8,0x0120,0x02C4,80,97,0,0,0,0
1393,0x50C8,0x6363,0x018B,0x02C4,80,99,0,0,0,0
1394,0x508C,0x6559,0x01F6,0x02C4,80,101,0,0,0,0
1395,0x5050,0x67BA,0x0261,0x02C4,80,103,0,0,0,0
1396,0x5014,0x6A86,0x02CC,0x02C4,80,106,0,0,0,0
1397,0x50D8,0x6DBD,0x0337,0x02C4,80,109,0,0,0,0
1398,0x509C,0x715F,0x03A2,0x02C4,80,113,0,0,0,0
1399,0x5060,0x7200,0x0000,0x02C4,80,114,0,0,0,1
1400,0x5024,0x7200,0x0000,0x02C4,80,114,0,0,0,1
1401,0x50E8,0x7200,0x0000,0x02C4,80,114,0,0,0,1
1402,0x50AC,0x7200,0xFA70,0x02C4,80,114,0,0,0,0
1403,0x5070,0x6CDB,0xFADB,0x02C4,80,108,0,0,0,0
1404,0x5034,0x6821,0xFB46,0x02C4,80,104,0,0,0,0
1405,0x50F8,0x63D2,0xFBB1,0x02C4,80,99,0,0,0,0
1406,0x50BC,0x5FEE,0xFC1C,0x02C4,80,95,0,0,0,0
1407,0x5080,0x5C75,0xFC87,0x02C4,80,92,0,0,0,0
1408,0x5044,0x5967,0xFCF2,0x02C4,80,89,0,0,0,0
1409,0x5008,0x56C4,0xFD5D,0x02C4,80,86,0,0,0,0
1410,0x50CC,0x548C,0xFDC8,0x02C4,80,84,0,0,0,0
1411,0x5090,0x52BF,0xFE33,0x02C4,80,82,0,0,0,0
1412,0x5054,0x515D,0xFE9E,0x02C4,80,81,0,0,0,0
1413,0x5018,0x5066,0xFF09,0x02C4,80,80,0,0,0,0
1414,0x50DC,0x4FDA,0xFF74,0x02C4,80,79,0,0,0,0
1415,0x50A0,0x4FB9,0xFFDF,0x02C4,80,79,0,0,0,0
1416,0x5064,0x5003,0x004A,0x02C4,80,80,0,0,0,0
1417,0x5028,0x50B8,0x00B5,0x02C4,80,80,0,0,0,0
1418,0x50EC,0x51D8,0x0120,0x02C4,80,81,0,0,0,0
1419,0x50B0,0x5363,0x018B,0x02C4,80,83,0,0,0,0
1420,0x5074,0x5559,0x01F6,0x02C4,80,85,0,0,0,0
1421,0x5038,0x57BA,0x0261,0x02C4,80,87,0,0,0,0
1422,0x50FC,0x5A86,0x02CC,0x02C4,80,90,0,0,0,0
1423,0x50C0,0x5DBD,0x0337,0x02C4,80,93,0,0,0,0
1424,0x5084,0x615F,0x03A2,0x02C4,80,97,0,0,0,0
1425,0x5048,0x656C,0x040D,0x02C4,80,101,0,0,0,0
1426,0x500C,0x69E4,0x0478,0x02C4,80,105,0,0,0,0
1427,0x50D0,0x6EC7,0x04E3,0x02C4,80,110,0,0,0,0
1428,0x5094,0x7200,0x0000,0x02C4,80,114,0,0,0,1
1429,0x5058,0x7200,0x0000,0x02C4,80,114,0,0,0,1
1430,0x501C,0x7200,0x0000,0x02C4,80,114,0,0,0,1
1431,0x50E0,0x7200,0x0000,0x02C4,80,114,0,0,0,1
1432,0x50A4,0x7200,0x0000,0x02C4,80,114,0,0,0,1
1433,0x5068,0x7200,0x0000,0x02C4,80,114,0,0,0,1
1434,0x502C,0x7200,0x0000,0x02C4,80,114,0,0,0,1
1435,0x50F0,0x7200,0x0000,0x02C4,80,114,0,0,0,1
1436,0x50B4,0x7200,0x0000,0x02C4,80,114,0,0,0,1
1437,0x5078,0x7200,0xFA70,0x02C4,80,114,0,0,0,0
1438,0x503C,0x6CDB,0xFADB,0x02C4,80,108,0,0,0,0
1439,0x5000,0x6821,0xFB46,0x02C4,80,104,0,0,0,0
1440,0x50C4,0x63D2,0xFBB1,0x02C4,80,99,0,0,0,0
1441,0x5088,0x5FEE,0xFC1C,0x02C4,80,95,0,0,0,0
1442,0x504C,0x5C75,0xFC87,0x02C4,80,92,0,0,0,0
1443,0x5010,0x5967,0xFCF2,0x02C4,80,89,0,0,0,0
1444,0x50D4,0x56C4,0xFD5D,0x02C4,80,86,0,0,0,0
1445,0x5098,0x548C,0xFDC8,0x02C4,80,84,0,0,0,0
1446,0x505C,0x52BF,0xFE33,0x02C4,80,82,0,0,0,0
1447,0x5020,0x515D,0xFE9E,0x02C4,80,81,0,0,0,0
1448,0x50E4,0x5066,0xFF09,0x02C4,80,80,0,0,0,0
1449,0x50A8,0x4FDA,0xFF74,0x02C4,80,79,0,0,0,0
1450,0x506C,0x4FB9,0xFFDF,0x02C4,80,79,0,0,0,0
1451,0x5030,0x5003,0x004A,0x02C4,80,80,0,0,0,0
1452,0x50F4,0x50B8,0x00B5,0x02C4,80,80,0,0,0,0
1453,0x50B8,0x51D8,0x0120,0x02C4,80,81,0,0,0,0
1454,0x507C,0x5363,0x018B,0x02C4,80,83,0,0,0,0
1455,0x5040,0x5559,0x01F6,0x02C4,80,85,0,0,0,0
1456,0x5004,0x57BA,0x0261,0x02C4,80,87,0,0,0,0
1457,0x50C8,0x5A86,0x02CC,0x02C4,80,90,0,0,0,0
1458,0x508C,0x5DBD,0x0337,0x02C4,80,93,0,0,0,0
1459,0x5050,0x615F,0x03A2,0x02C4,80,97,0,0,0,0
1460,0x5014,0x656C,0x040D,0x02C4,80,101,0,0,0,0
1461,0x50D8,0x69E4,0x0478,0x02C4,80,105,0,0,0,0
1462,0x509C,0x6EC7,0x04E3,0x02C4,80,110,0,0,0,0
1463,0x5060,0x7415,0x054E,0x02C4,80,116,0,0,0,0
1464,0x5024,0x79CE,0x05B9,0x02C4,80,121,0,0,0,0
1465,0x50E8,0x7FF2,0x0624,0x02C4,80,127,0,0,0,0
1466,0x50AC,0x8200,0xFA70,0x02C4,80,130,0,0,0,0
1467,0x5070,0x7CDB,0xFADB,0x02C4,80,124,0,0,0,0
1468,0x5034,0x7821,0xFB46,0x02C4,80,120,0,0,0,0
1469,0x50F8,0x73D2,0xFBB1,0x02C4,80,115,0,0,0,0
1470,0x50BC,0x6FEE,0xFC1C,0x02C4,80,111,0,0,0,0
1471,0x5080,0x6C75,0xFC87,0x02C4,80,108,0,0,0,0
1472,0x5044,0x6967,0xFCF2,0x02C4,80,105,0,0,0,0
1473,0x5008,0x66C4,0xFD5D,0x02C4,80,102,0,0,0,0
1474,0x50CC,0x648C,0xFDC8,0x02C4,80,100,0,0,0,0
1475,0x5090,0x62BF,0xFE33,0x02C4,80,98,0,0,0,0
1476,0x5054,0x615D,0xFE9E,0x02C4,80,97,0,0,0,0
1477,0x5018,0x6066,0xFF09,0x02C4,80,96,0,0,0,0
1478,0x50DC,0x5FDA,0xFF74,0x02C4,80,95,0,0,0,0
1479,0x50A0,0x5FB9,0xFFDF,0x02C4,80,95,0,0,0,0
1480,0x5064,0x6003,0x004A,0x02C4,80,96,0,0,0,0
1481,0x5028,0x60B8,0x00B5,0x02C4,80,96,0,0,0,0
1482,0x50EC,0x61D8,0x0120,0x02C4,80,97,0,0,0,0
1483,0x50B0,0x6200,0xFA70,0x02C4,80,98,0,0,0,0
1484,0x5074,0x5CDB,0xFADB,0x02C4,80,92,0,0,0,0
1485,0x5038,0x5821,0xFB46,0x02C4,80,88,0,0,0,0
1486,0x50FC,0x53D2,0xFBB1,0x02C4,80,83,0,0,0,0
1487,0x50C0,0x4FEE,0xFC1C,0x02C4,80,79,0,0,0,0
1488,0x5084,0x4C75,0xFC87,0x02C4,80,76,0,0,0,0
1489,0x5048,0x4967,0xFCF2,0x02C4,80,73,0,0,0,0
1490,0x500C,0x46C4,0xFD5D,0x02C4,80,70,0,0,0,0
1491,0x50D0,0x448C,0xFDC8,0x02C4,80,68,0,0,0,0
1492,0x5094,0x42BF,0xFE33,0x02C4,80,66,0,0,0,0
1493,0x5058,0x415D,0xFE9E,0x02C4,80,65,0,0,0,0
1494,0x501C,0x4066,0xFF09,0x02C4,80,64,0,0,0,0
1495,0x50E0,0x4000,0xFF74,0x02C4,80,64,0,0,0,0
1496,0x50A4,0x4000,0xFFDF,0x02C4,80,64,0,0,0,0
1497,0x5068,0x404A,0x004A,0x02C4,80,64,0,0,0,0
1498,0x502C,0x40FF,0x00B5,0x02C4,80,64,0,0,0,0
1499,0x50F0,0x421F,0x0120,0x02C4,80,66,0,0,0,0
1500,0x50B4,0x43AA,0x018B,0x02C4,80,67,0,0,0,0
1501,0x5078,0x45A0,0x01F6,0x02C4,80,69,0,0,0,0
1502,0x503C,0x4801,0x0261,0x02C4,80,72,0,0,0,0
1503,0x5000,0x4ACD,0x02CC,0x02C4,80,74,0,0,0,0
1504,0x50C4,0x4E04,0x0337,0x02C4,80,78,0,0,0,0
1505,0x5088,0x51A6,0x03A2,0x02C4,80,81,0,0,0,0
1506,0x504C,0x55B3,0x040D,0x02C4,80,85,0,0,0,0
1507,0x5010,0x5A2B,0x0478,0x02C4,80,90,0,0,0,0
1508,0x50D4,0x5F0E,0x04E3,0x02C4,80,95,0,0,0,0
1509,0x5098,0x645C,0x054E,0x02C4,80,100,0,0,0,0
1510,0x505C,0x6A15,0x05B9,0x02C4,80,106,0,0,0,0
1511,0x5020,0x7039,0x0624,0x02C4,80,112,0,0,0,0
1512,0x50E4,0x76C8,0x068F,0x02C4,80,118,0,0,0,0
1513,0x50A8,0x7DC2,0x06FA,0x02C4,80,125,0,0,0,0
1514,0x506C,0x8527,0x0765,0x02C4,80,133,0,0,0,0
1515,0x5030,0x8C21,0x06FA,0x02C4,80,140,0,0,0,0
1516,0x50F4,0x9386,0x0765,0x02C4,80,147,0,0,0,0
1517,0x50B8,0x9A80,0x06FA,0x02C4,80,154,0,0,0,0
1518,0x507C,0xA000,0x0765,0x02C4,80,160,0,0,0,0
1519,0x5040,0xA000,0x0000,0x02C4,80,160,0,0,0,1
1520,0x5004,0xA000,0x0000,0x02C4,80,160,0,0,0,1
1521,0x50C8,0xA000,0xFA70,0x02C4,80,160,0,0,0,0
1522,0x508C,0x9ADB,0xFADB,0x02C4,80,154,0,0,0,0
1523,0x5050,0x9621,0xFB46,0x02C4,80,150,0,0,0,0
1524,0x5014,0x91D2,0xFBB1,0x02C4,80,145,0,0,0,0
1525,0x50D8,0x8DEE,0xFC1C,0x02C4,80,141,0,0,0,0
1526,0x509C,0x8A75,0xFC87,0x02C4,80,138,0,0,0,0
1527,0x5060,0x8767,0xFCF2,0x02C4,80,135,0,0,0,0
1528,0x5024,0x84C4,0xFD5D,0x02C4,80,132,0,0,0,0
1529,0x50E8,0x828C,0xFDC8,0x02C4,80,130,0,0,0,0
1530,0x50AC,0x80BF,0xFE33,0x02C4,80,128,0,0,0,0
1531,0x5070,0x7F5D,0xFE9E,0x02C4,80,127,0,0,0,0
1532,0x5034,0x7E66,0xFF09,0x02C4,80,126,0,0,0,0
1533,0x50F8,0x7DDA,0xFF74,0x02C4,80,125,0,0,0,0
1534,0x50BC,0x7DB9,0xFFDF,0x02C4,80,125,0,0,0,0
1535,0x5080,0x7E03,0x004A,0x02C4,80,126,0,0,0,0
1536,0x5044,0x7EB8,0x00B5,0x02C4,80,126,0,0,0,0
1537,0x5008,0x7FD8,0x0120,0x02C4,80,127,0,0,0,0
1538,0x50CC,0x8163,0x018B,0x02C4,80,129,0,0,0,0
1539,0x5090,0x8359,0x01F6,0x02C4,80,131,0,0,0,0
1540,0x5054,0x85BA,0x0261,0x02C4,80,133,0,0,0,0
1541,0x5018,0x8886,0x02CC,0x02C4,80,136,0,0,0,0
1542,0x50DC,0x8BBD,0x0337,0x02C4,80,139,0,0,0,0
1543,0x50A0,0x8F5F,0x03A2,0x02C4,80,143,0,0,0,0
1544,0x5064,0x936C,0x040D,0x02C4,80,147,0,0,0,0
1545,0x5028,0x97E4,0x0478,0x02C4,80,151,0,0,0,0
1546,0x50EC,0x9CC7,0x04E3,0x02C4,80,156,0,0,0,0
1547,0x50B0,0xA000,0xFA70,0x02C4,80,160,0,0,0,0
1548,0x5074,0x9ADB,0xFADB,0x02C4,80,154,0,0,0,0
1549,0x5038,0x9621,0xFB46,0x02C4,80,150,0,0,0,0
1550,0x50FC,0x91D2,0xFBB1,0x02C4,80,145,0,0,0,0
1551,0x50C0,0x8DEE,0xFC1C,0x02C4,80,141,0,0,0,0
1552,0x5084,0x8A75,0xFC87,0x02C4,80,138,0,0,0,0
1553,0x5048,0x8767,0xFCF2,0x02C4,80,135,0,0,0,0
1554,0x500C,0x84C4,0xFD5D,0x02C4,80,132,0,0,0,0
1555,0x50D0,0x828C,0xFDC8,0x02C4,80,130,0,0,0,0
1556,0x5094,0x80BF,0xFE33,0x02C4,80,128,0,0,0,0
1557,0x5058,0x7F5D,0xFE9E,0x02C4,80,127,0,0,0,0
1558,0x501C,0x7E66,0xFF09,0x02C4,80,126,0,0,0,0
1559,0x50E0,0x7DDA,0xFF74,0x02C4,80,125,0,0,0,0
1560,0x50A4,0x7DB9,0xFFDF,0x02C4,80,125,0,0,0,0
1561,0x5068,0x7E03,0x004A,0x02C4,80,126,0,0,0,0
1562,0x502C,0x7EB8,0x00B5,0x02C4,80,126,0,0,0,0
1563,0x50F0,0x7FD8,0x0120,0x02C4,80,127,0,0,0,0
1564,0x50B4,0x8163,0x018B,0x02C4,80,129,0,0,0,0
1565,0x5078,0x8359,0x01F6,0x02C4,80,131,0,0,0,0
1566,0x503C,0x85BA,0x0261,0x02C4,80,133,0,0,0,0
1567,0x5000,0x8886,0x02CC,0x02C4,80,136,0,0,0,0
1568,0x50C4,0x8BBD,0x0337,0x02C4,80,139,0,0,0,0
1569,0x5088,0x8F5F,0x03A2,0x02C4,80,143,0,0,0,0
1570,0x504C,0x936C,0x040D,0x02C4,80,147,0,0,0,0
1571,0x5010,0x97E4,0x0478,0x02C4,80,151,0,0,0,0
1572,0x50D4,0x9CC7,0x04E3,0x02C4,80,156,0,0,0,0
1573,0x5098,0xA000,0x054E,0x02C4,80,160,0,0,0,0
1574,0x505C,0xA000,0x05B9,0x02C4,80,160,0,0,0,0
1575,0x5020,0xA000,0x0624,0x02C4,80,160,0,0,0,0
1576,0x50E4,0xA000,0x068F,0x02C4,80,160,0,0,0,0
1577,0x50A8,0xA000,0x06FA,0x02C4,80,160,0,0,0,0
1578,0x506C,0xA5A9,0x0765,0x02C4,80,165,0,0,0,0
1579,0x5030,0xACA3,0x06FA,0x02C4,80,172,0,0,0,0
1580,0x50F4,0xB200,0x0000,0x02C4,80,178,0,0,0,1
1581,0x50B8,0xB200,0x0000,0x02C4,80,178,0,0,0,1
1582,0x507C,0xB200,0x0000,0x02C4,80,178,0,0,0,1
1583,0x5040,0xB200,0x0000,0x02C4,80,178,0,0,0,1
1584,0x5004,0xB200,0x0000,0x02C4,80,178,0,0,0,1
1585,0x50C8,0xB200,0x0000,0x02C4,80,178,0,0,0,1
1586,0x508C,0xB200,0x0000,0x02C4,80,178,0,0,0,1
1587,0x5050,0xB200,0x0000,0x02C4,80,178,0,0,0,1
1588,0x5014,0xB200,0x0000,0x02C4,80,178,0,0,0,1
1589,0x50D8,0xB200,0x0000,0x02C4,80,178,0,0,0,1
1590,0x509C,0xB200,0x0000,0x02C4,80,178,0,0,0,1
1591,0x5060,0xB200,0x0000,0x02C4,80,178,0,0,0,1
1592,0x5024,0xB200,0x0000,0x02C4,80,178,0,0,0,1
1593,0x50E8,0xB200,0xFA70,0x02C4,80,178,0,0,0,0
1594,0x50AC,0xACDB,0xFADB,0x02C4,80,172,0,0,0,0
1595,0x5070,0xA821,0xFB46,0x02C4,80,168,0,0,0,0
1596,0x5034,0xA3D2,0xFBB1,0x02C4,80,163,0,0,0,0
1597,0x50F8,0x9FEE,0xFC1C,0x02C4,80,159,0,0,0,0
1598,0x50BC,0x9C75,0xFC87,0x02C4,80,156,0,0,0,0
1599,0x5080,0x9967,0xFCF2,0x02C4,80,153,0,0,0,0
1600,0x5044,0x96C4,0xFD5D,0x02C4,80,150,0,0,0,0
1601,0x5008,0x948C,0xFDC8,0x02C4,80,148,0,0,0,0
1602,0x50CC,0x92BF,0xFE33,0x02C4,80,146,0,0,0,0
1603,0x5090,0x915D,0xFE9E,0x02C4,80,145,0,0,0,0
1604,0x5054,0x9066,0xFF09,0x02C4,80,144,0,0,0,0
1605,0x5018,0x8FDA,0xFF74,0x02C4,80,143,0,0,0,0
1606,0x50DC,0x8FB9,0xFFDF,0x02C4,80,143,0,0,0,0
1607,0x50A0,0x9003,0x004A,0x02C4,80,144,0,0,0,0
1608,0x5064,0x90B8,0x00B5,0x02C4,80,144,0,0,0,0
1609,0x5028,0x91D8,0x0120,0x02C4,80,145,0,0,0,0
1610,0x50EC,0x9363,0x018B,0x02C4,80,147,0,0,0,0
1611,0x50B0,0x9559,0x01F6,0x02C4,80,149,0,0,0,0
1612,0x5074,0x97BA,0x0261,0x02C4,80,151,0,0,0,0
1613,0x5038,0x9A86,0x02CC,0x02C4,80,154,0,0,0,0
1614,0x50FC,0x9DBD,0x0337,0x02C4,80,157,0,0,0,0
1615,0x50C0,0xA15F,0x03A2,0x02C4,80,161,0,0,0,0
1616,0x5084,0xA56C,0x040D,0x02C4,80,165,0,0,0,0
1617,0x5048,0xA9E4,0x0478,0x02C4,80,169,0,0,0,0
1618,0x500C,0xAEC7,0x04E3,0x02C4,80,174,0,0,0,0
1619,0x50D0,0xB200,0x0000,0x02C4,80,178,0,0,0,1
1620,0x5094,0xB200,0x0000,0x02C4,80,178,0,0,0,1
1621,0x5058,0xB200,0x0000,0x02C4,80,178,0,0,0,1
1622,0x501C,0xB200,0x0000,0x02C4,80,178,0,0,0,1
1623,0x50E0,0xB200,0x0000,0x02C4,80,178,0,0,0,1
1624,0x50A4,0xB200,0x0000,0x02C4,80,178,0,0,0,1
1625,0x5068,0xB200,0x0000,0x02C4,80,178,0,0,0,1
1626,0x502C,0xB200,0x0000,0x02C4,80,178,0,0,0,1
1627,0x50F0,0xB200,0x0000,0x02C4,80,178,0,0,0,1
1628,0x50B4,0xB200,0x0000,0x02C4,80,178,0,0,0,1
1629,0x5078,0xB200,0x0000,0x02C4,80,178,0,0,0,1
1630,0x503C,0xB200,0x0000,0x02C4,80,178,0,0,0,1
1631,0x5000,0xB200,0x0000,0x02C4,80,178,0,0,0,1
1632,0x50C4,0xB200,0x0000,0x02C4,80,178,0,0,0,1
1633,0x5088,0xB200,0x0000,0x02C4,80,178,0,0,0,1
1634,0x504C,0xB200,0x0000,0x02C4,80,178,0,0,0,1
1635,0x5010,0xB200,0x0000,0x02C4,80,178,0,0,0,1
1636,0x50D4,0xB200,0x0000,0x02C4,80,178,0,0,0,1
1637,0x5098,0xB200,0x0000,0x02C4,80,178,0,0,0,1
1638,0x505C,0xB200,0x0000,0x02C4,80,178,0,0,0,1
1639,0x5020,0xB200,0x0000,0x02C4,80,178,0,0,0,1
1640,0x50E4,0xB200,0xFA70,0x02C4,80,178,0,0,0,0
1641,0x50A8,0xACDB,0xFADB,0x02C4,80,172,0,0,0,0
1642,0x506C,0xA821,0xFB46,0x02C4,80,168,0,0,0,0
1643,0x5030,0xA3D2,0xFBB1,0x02C4,80,163,0,0,0,0
1644,0x50F4,0x9FEE,0xFC1C,0x02C4,80,159,0,0,0,0
1645,0x50B8,0x9C75,0xFC87,0x02C4,80,156,0,0,0,0
1646,0x507C,0x9967,0xFCF2,0x02C4,80,153,0,0,0,0
1647,0x5040,0x96C4,0xFD5D,0x02C4,80,150,0,0,0,0
1648,0x5004,0x948C,0xFDC8,0x02C4,80,148,0,0,0,0
1649,0x50C8,0x92BF,0xFE33,0x02C4,80,146,0,0,0,0
1650,0x508C,0x915D,0xFE9E,0x02C4,80,145,0,0,0,0
1651,0x5050,0x9066,0xFF09,0x02C4,80,144,0,0,0,0
1652,0x5014,0x8FDA,0xFF74,0x02C4,80,143,0,0,0,0
1653,0x50D8,0x8FB9,0xFFDF,0x02C4,80,143,0,0,0,0
1654,0x509C,0x9003,0x004A,0x02C4,80,144,0,0,0,0
1655,0x5060,0x90B8,0x00B5,0x02C4,80,144,0,0,0,0
1656,0x5024,0x91D8,0x0120,0x02C4,80,145,0,0,0,0
1657,0x50E8,0x9363,0x018B,0x02C4,80,147,0,0,0,0
1658,0x50AC,0x9559,0x01F6,0x02C4,80,149,0,0,0,0
1659,0x5070,0x97BA,0x0261,0x02C4,80,151,0,0,0,0
1660,0x5034,0x9A86,0x02CC,0x02C4,80,154,0,0,0,0
1661,0x50F8,0x9DBD,0x0337,0x02C4,80,157,0,0,0,0
1662,0x50BC,0xA15F,0x03A2,0x02C4,80,161,0,0,0,0
1663,0x5080,0xA56C,0x040D,0x02C4,80,165,0,0,0,0
1664,0x5044,0xA9E4,0x0478,0x02C4,80,169,0,0,0,0
1665,0x5008,0xAEC7,0x04E3,0x02C4,80,174,0,0,0,0
1666,0x50CC,0xB200,0x0000,0x02C4,80,178,0,0,0,1
1667,0x5090,0xB200,0x0000,0x02C4,80,178,0,0,0,1
1668,0x5054,0xB200,0x0000,0x02C4,80,178,0,0,0,1
1669,0x5018,0xB200,0x0000,0x02C4,80,178,0,0,0,1
1670,0x50DC,0xB200,0x0000,0x02C4,80,178,0,0,0,1
1671,0x50A0,0xB200,0x0000,0x02C4,80,178,0,0,0,1
1672,0x5064,0xB200,0x0000,0x02C4,80,178,0,0,0,1
1673,0x5028,0xB200,0x0000,0x02C4,80,178,0,0,0,1
1674,0x50EC,0xB200,0x0000,0x02C4,80,178,0,0,0,1
1675,0x50B0,0xB200,0x0000,0x02C4,80,178,0,0,0,1
1676,0x5074,0xB200,0x0000,0x02C4,80,178,0,0,0,1
1677,0x5038,0xB200,0x0000,0x02C4,80,178,0,0,0,1
1678,0x50FC,0xB200,0x0000,0x02C4,80,178,0,0,0,1
1679,0x50C0,0xB200,0x0000,0x02C4,80,178,0,0,0,1
1680,0x5084,0xB200,0x0000,0x02C4,80,178,0,0,0,1
1681,0x5048,0xB200,0x0000,0x02C4,80,178,0,0,0,1
1682,0x500C,0xB200,0x0000,0x02C4,80,178,0,0,0,1
1683,0x50D0,0xB200,0x0000,0x02C4,80,178,0,0,0,1
1684,0x5094,0xB200,0x0000,0x02C4,80,178,0,0,0,1
1685,0x5058,0xB200,0x0000,0x02C4,80,178,0,0,0,1
1686,0x501C,0xB200,0x0000,0x02C4,80,178,0,0,0,1
1687,0x50E0,0xB200,0x0000,0x02C4,80,178,0,0,0,1
1688,0x50A4,0xB200,0x0000,0x02C4,80,178,0,0,0,1
1689,0x5068,0xB200,0x0000,0x02C4,80,178,0,0,0,1
1690,0x502C,0xB200,0x0000,0x02C4,80,178,0,0,0,1
1691,0x50F0,0xB200,0xFA70,0x02C4,80,178,0,0,0,0
1692,0x50B4,0xACDB,0xFADB,0x02C4,80,172,0,0,0,0
1693,0x5078,0xA821,0xFB46,0x02C4,80,168,0,0,0,0
1694,0x503C,0xA3D2,0xFBB1,0x02C4,80,163,0,0,0,0
1695,0x5000,0x9FEE,0xFC1C,0x02C4,80,159,0,0,0,0
1696,0x50C4,0x9C75,0xFC87,0x02C4,80,156,0,0,0,0
1697,0x5088,0x9967,0xFCF2,0x02C4,80,153,0,0,0,0
1698,0x504C,0x96C4,0xFD5D,0x02C4,80,150,0,0,0,0
1699,0x5010,0x948C,0xFDC8,0x02C4,80,148,0,0,0,0
1700,0x50D4,0x92BF,0xFE33,0x02C4,80,146,0,0,0,0
1701,0x5098,0x915D,0xFE9E,0x02C4,80,145,0,0,0,0
1702,0x505C,0x9066,0xFF09,0x02C4,80,144,0,0,0,0
1703,0x5020,0x8FDA,0xFF74,0x02C4,80,143,0,0,0,0
1704,0x50E4,0x8FB9,0xFFDF,0x02C4,80,143,0,0,0,0
1705,0x50A8,0x9003,0x004A,0x02C4,80,144,0,0,0,0
1706,0x506C,0x90B8,0x00B5,0x02C4,80,144,0,0,0,0
1707,0x5030,0x91D8,0x0120,0x02C4,80,145,0,0,0,0
1708,0x50F4,0x9363,0x018B,0x02C4,80,147,0,0,0,0
1709,0x50B8,0x9559,0x01F6,0x02C4,80,149,0,0,0,0
1710,0x507C,0x97BA,0x0261,0x02C4,80,151,0,0,0,0
1711,0x5040,0x9A86,0x02CC,0x02C4,80,154,0,0,0,0
1712,0x5004,0x9DBD,0x0337,0x02C4,80,157,0,0,0,0
1713,0x50C8,0xA15F,0x03A2,0x02C4,80,161,0,0,0,0
1714,0x508C,0xA56C,0x040D,0x02C4,80,165,0,0,0,0
1715,0x5050,0xA9E4,0x0478,0x02C4,80,169,0,0,0,0
1716,0x5014,0xAEC7,0x04E3,0x02C4,80,174,0,0,0,0
1717,0x50D8,0xB200,0x0000,0x02C4,80,178,0,0,0,1
1718,0x509C,0xB200,0x0000,0x02C4,80,178,0,0,0,1
1719,0x5060,0xB200,0x0000,0x02C4,80,178,0,0,0,1
1720,0x5024,0xB200,0x0000,0x02C4,80,178,0,0,0,1
1721,0x50E8,0xB200,0x0000,0x02C4,80,178,0,0,0,1
1722,0x50AC,0xB200,0x0000,0x02C4,80,178,0,0,0,1
1723,0x5070,0xB200,0x0000,0x02C4,80,178,0,0,0,1
1724,0x5034,0xB200,0x0000,0x02C4,80,178,0,0,0,1
1725,0x50F8,0xB200,0x0000,0x02C4,80,178,0,0,0,1
1726,0x50BC,0xB200,0x0000,0x02C4,80,178,0,0,0,1
1727,0x5080,0xB200,0x0000,0x02C4,80,178,0,0,0,1
1728,0x5044,0xB200,0x0000,0x02C4,80,178,0,0,0,1
1729,0x5008,0xB200,0x0000,0x02C4,80,178,0,0,0,1
1730,0x50CC,0xB200,0x0000,0x02C4,80,178,0,0,0,1
1731,0x5090,0xB200,0x0000,0x02C4,80,178,0,0,0,1
1732,0x5054,0xB200,0x0000,0x02C4,80,178,0,0,0,1
1733,0x5018,0xB200,0x0000,0x02C4,80,178,0,0,0,1
1734,0x50DC,0xB200,0x0000,0x02C4,80,178,0,0,0,1
1735,0x50A0,0xB200,0xFA70,0x02C4,80,178,0,0,0,0
1736,0x5064,0xACDB,0xFADB,0x02C4,80,172,0,0,0,0
1737,0x5028,0xA821,0xFB46,0x02C4,80,168,0,0,0,0
1738,0x50EC,0xA3D2,0xFBB1,0x02C4,80,163,0,0,0,0
1739,0x50B0,0x9FEE,0xFC1C,0x02C4,80,159,0,0,0,0
1740,0x5074,0x9C75,0xFC87,0x02C4,80,156,0,0,0,0
1741,0x5038,0x9967,0xFCF2,0x02C4,80,153,0,0,0,0
1742,0x50FC,0x96C4,0xFD5D,0x02C4,80,150,0,0,0,0
1743,0x50C0,0x948C,0xFDC8,0x02C4,80,148,0,0,0,0
1744,0x5084,0x92BF,0xFE33,0x02C4,80,146,0,0,0,0
1745,0x5048,0x915D,0xFE9E,0x02C4,80,145,0,0,0,0
1746,0x500C,0x9066,0xFF09,0x02C4,80,144,0,0,0,0
1747,0x50D0,0x8FDA,0xFF74,0x02C4,80,143,0,0,0,0
1748,0x5094,0x8FB9,0xFFDF,0x02C4,80,143,0,0,0,0
1749,0x5058,0x9003,0x004A,0x02C4,80,144,0,0,0,0
1750,0x501C,0x90B8,0x00B5,0x02C4,80,144,0,0,0,0
1751,0x50E0,0x91D8,0x0120,0x02C4,80,145,0,0,0,0
1752,0x50A4,0x9363,0x018B,0x02C4,80,147,0,0,0,0
1753,0x5068,0x9559,0x01F6,0x02C4,80,149,0,0,0,0
1754,0x502C,0x97BA,0x0261,0x02C4,80,151,0,0,0,0
1755,0x50F0,0x9A86,0x02CC,0x02C4,80,154,0,0,0,0
1756,0x50B4,0x9DBD,0x0337,0x02C4,80,157,0,0,0,0
1757,0x5078,0xA15F,0x03A2,0x02C4,80,161,0,0,0,0
1758,0x503C,0xA200,0x0000,0x02C4,80,162,0,0,0,1
1759,0x5000,0xA200,0x0000,0x02C4,80,162,0,0,0,1
1760,0x50C4,0xA200,0x0000,0x02C4,80,162,0,0,0,1
1761,0x5088,0xA200,0xFA70,0x02C4,80,162,0,0,0,0
1762,0x504C,0x9CDB,0xFADB,0x02C4,80,156,0,0,0,0
1763,0x5010,0x9821,0xFB46,0x02C4,80,152,0,0,0,0
1764,0x50D4,0x93D2,0xFBB1,0x02C4,80,147,0,0,0,0
1765,0x5098,0x8FEE,0xFC1C,0x02C4,80,143,0,0,0,0
1766,0x505C,0x8C75,0xFC87,0x02C4,80,140,0,0,0,0
1767,0x5020,0x8967,0xFCF2,0x02C4,80,137,0,0,0,0
1768,0x50E4,0x86C4,0xFD5D,0x02C4,80,134,0,0,0,0
1769,0x50A8,0x848C,0xFDC8,0x02C4,80,132,0,0,0,0
1770,0x506C,0x82BF,0xFE33,0x02C4,80,130,0,0,0,0
1771,0x5030,0x815D,0xFE9E,0x02C4,80,129,0,0,0,0
1772,0x50F4,0x8066,0xFF09,0x02C4,80,128,0,0,0,0
1773,0x50B8,0x7FDA,0xFF74,0x02C4,80,127,0,0,0,0
1774,0x507C,0x7FB9,0xFFDF,0x02C4,80,127,0,0,0,0
1775,0x5040,0x8003,0x004A,0x02C4,80,128,0,0,0,0
1776,0x5004,0x80B8,0x00B5,0x02C4,80,128,0,0,0,0
1777,0x50C8,0x81D8,0x0120,0x02C4,80,129,0,0,0,0
1778,0x508C,0x8363,0x018B,0x02C4,80,131,0,0,0,0
1779,0x5050,0x8559,0x01F6,0x02C4,80,133,0,0,0,0
1780,0x5014,0x87BA,0x0261,0x02C4,80,135,0,0,0,0
1781,0x50D8,0x8A86,0x02CC,0x02C4,80,138,0,0,0,0
1782,0x509C,0x8DBD,0x0337,0x02C4,80,141,0,0,0,0
1783,0x5060,0x915F,0x03A2,0x02C4,80,145,0,0,0,0
1784,0x5024,0x956C,0x040D,0x02C4,80,149,0,0,0,0
1785,0x50E8,0x99E4,0x0478,0x02C4,80,153,0,0,0,0
1786,0x50AC,0x9EC7,0x04E3,0x02C4,80,158,0,0,0,0
1787,0x5070,0xA200,0x0000,0x02C4,80,162,0,0,0,1
1788,0x5034,0xA200,0x0000,0x02C4,80,162,0,0,0,1
1789,0x50F8,0xA200,0x0000,0x02C4,80,162,0,0,0,1
1790,0x50BC,0xA200,0x0000,0x02C4,80,162,0,0,0,1
1791,0x5080,0xA200,0x0000,0x02C4,80,162,0,0,0,1
1792,0x5044,0xA200,0x0000,0x02C4,80,162,0,0,0,1
1793,0x5008,0xA200,0x0000,0x02C4,80,162,0,0,0,1
1794,0x50CC,0xA200,0x0000,0x02C4,80,162,0,0,0,1
1795,0x5090,0xA200,0x0000,0x02C4,80,162,0,0,0,1
1796,0x5054,0xA200,0x0000,0x02C4,80,162,0,0,0,1
1797,0x5018,0xA200,0x0000,0x02C4,80,162,0,0,0,1
1798,0x50DC,0xA200,0x0000,0x02C4,80,162,0,0,0,1
1799,0x50A0,0xA200,0x0000,0x02C4,80,162,0,0,0,1
1800,0x5064,0xA200,0x0000,0x02C4,80,162,0,0,0,1
1801,0x5028,0xA200,0x0000,0x02C4,80,162,0,0,0,1
1802,0x50EC,0xA200,0x0000,0x02C4,80,162,0,0,0,1
1803,0x50B0,0xA200,0x0000,0x02C4,80,162,0,0,0,1
1804,0x5074,0xA200,0x0000,0x02C4,80,162,0,0,0,1
1805,0x5038,0xA200,0xFA70,0x02C4,80,162,0,0,0,0
1806,0x50FC,0x9CDB,0xFADB,0x02C4,80,156,0,0,0,0
1807,0x50C0,0x9821,0xFB46,0x02C4,80,152,0,0,0,0
1808,0x5084,0x93D2,0xFBB1,0x02C4,80,147,0,0,0,0
1809,0x5048,0x8FEE,0xFC1C,0x02C4,80,143,0,0,0,0
1810,0x500C,0x8C75,0xFC87,0x02C4,80,140,0,0,0,0
1811,0x50D0,0x8967,0xFCF2,0x02C4,80,137,0,0,0,0
1812,0x5094,0x86C4,0xFD5D,0x02C4,80,134,0,0,0,0
1813,0x5058,0x848C,0xFDC8,0x02C4,80,132,0,0,0,0
1814,0x501C,0x82BF,0xFE33,0x02C4,80,130,0,0,0,0
1815,0x50E0,0x815D,0xFE9E,0x02C4,80,129,0,0,0,0
1816,0x50A4,0x8066,0xFF09,0x02C4,80,128,0,0,0,0
1817,0x5068,0x7FDA,0xFF74,0x02C4,80,127,0,0,0,0
1818,0x502C,0x7FB9,0xFFDF,0x02C4,80,127,0,0,0,0
1819,0x50F0,0x8003,0x004A,0x02C4,80,128,0,0,0,0
1820,0x50B4,0x80B8,0x00B5,0x02C4,80,128,0,0,0,0
1821,0x5078,0x81D8,0x0120,0x02C4,80,129,0,0,0,0
1822,0x503C,0x8363,0x018B,0x02C4,80,131,0,0,0,0
1823,0x5000,0x8559,0x01F6,0x02C4,80,133,0,0,0,0
1824,0x50C4,0x87BA,0x0261,0x02C4,80,135,0,0,0,0
1825,0x5088,0x8A86,0x02CC,0x02C4,80,138,0,0,0,0
1826,0x504C,0x8DBD,0x0337,0x02C4,80,141,0,0,0,0
1827,0x5010,0x915F,0x03A2,0x02C4,80,145,0,0,0,0
1828,0x50D4,0x9200,0x0000,0x02C4,80,146,0,0,0,1
1829,0x5098,0x9200,0x0000,0x02C4,80,146,0,0,0,1
1830,0x505C,0x9200,0x0000,0x02C4,80,146,0,0,0,1
1831,0x5020,0x9200,0x0000,0x02C4,80,146,0,0,0,1
1832,0x50E4,0x9200,0x0000,0x02C4,80,146,0,0,0,1
1833,0x50A8,0x9200,0x0000,0x02C4,80,146,0,0,0,1
1834,0x506C,0x9200,0x0000,0x02C4,80,146,0,0,0,1
1835,0x5030,0x9200,0x0000,0x02C4,80,146,0,0,0,1
1836,0x50F4,0x9200,0x0000,0x02C4,80,146,0,0,0,1
1837,0x50B8,0x9200,0x0000,0x02C4,80,146,0,0,0,1
1838,0x507C,0x9200,0x0000,0x02C4,80,146,0,0,0,1
1839,0x5040,0x9200,0x0000,0x02C4,80,146,0,0,0,1
1840,0x5004,0x9200,0x0000,0x02C4,80,146,0,0,0,1
1841,0x50C8,0x9200,0x0000,0x02C4,80,146,0,0,0,1
1842,0x508C,0x9200,0x0000,0x02C4,80,146,0,0,0,1
1843,0x5050,0x9200,0x0000,0x02C4,80,146,0,0,0,1
1844,0x5014,0x9200,0x0000,0x02C4,80,146,0,0,0,1
1845,0x50D8,0x9200,0x0000,0x02C4,80,146,0,0,0,1
1846,0x509C,0x9200,0x0000,0x02C4,80,146,0,0,0,1
1847,0x5060,0x9200,0x0000,0x02C4,80,146,0,0,0,1
1848,0x5024,0x9200,0x0000,0x02C4,80,146,0,0,0,1
1849,0x50E8,0x9200,0x0000,0x02C4,80,146,0,0,0,1
1850,0x50AC,0x9200,0x0000,0x02C4,80,146,0,0,0,1
1851,0x5070,0x9200,0x0000,0x02C4,80,146,0,0,0,1
1852,0x5034,0x9200,0x0000,0x02C4,80,146,0,0,0,1
1853,0x50F8,0x9200,0xFA70,0x02C4,80,146,0,0,0,0
1854,0x50BC,0x8CDB,0xFADB,0x02C4,80,140,0,0,0,0
1855,0x5080,0x8821,0xFB46,0x02C4,80,136,0,0,0,0
1856,0x5044,0x83D2,0xFBB1,0x02C4,80,131,0,0,0,0
1857,0x5008,0x7FEE,0xFC1C,0x02C4,80,127,0,0,0,0
1858,0x50CC,0x7C75,0xFC87,0x02C4,80,124,0,0,0,0
1859,0x5090,0x7967,0xFCF2,0x02C4,80,121,0,0,0,0
1860,0x5054,0x76C4,0xFD5D,0x02C4,80,118,0,0,0,0
1861,0x5018,0x748C,0xFDC8,0x02C4,80,116,0,0,0,0
1862,0x50DC,0x72BF,0xFE33,0x02C4,80,114,0,0,0,0
1863,0x50A0,0x715D,0xFE9E,0x02C4,80,113,0,0,0,0
1864,0x5064,0x7066,0xFF09,0x02C4,80,112,0,0,0,0
1865,0x5028,0x6FDA,0xFF74,0x02C4,80,111,0,0,0,0
1866,0x50EC,0x6FB9,0xFFDF,0x02C4,80,111,0,0,0,0
1867,0x50B0,0x7003,0x004A,0x02C4,80,112,0,0,0,0
1868,0x5074,0x70B8,0x00B5,0x02C4,80,112,0,0,0,0
1869,0x5038,0x71D8,0x0120,0x02C4,80,113,0,0,0,0
1870,0x50FC,0x7363,0x018B,0x02C4,80,115,0,0,0,0
1871,0x50C0,0x7559,0x01F6,0x02C4,80,117,0,0,0,0
1872,0x5084,0x77BA,0x0261,0x02C4,80,119,0,0,0,0
1873,0x5048,0x7A86,0x02CC,0x02C4,80,122,0,0,0,0
1874,0x500C,0x7DBD,0x0337,0x02C4,80,125,0,0,0,0
1875,0x50D0,0x815F,0x03A2,0x02C4,80,129,0,0,0,0
1876,0x5094,0x8200,0x0000,0x02C4,80,130,0,0,0,1
1877,0x5058,0x8200,0x0000,0x02C4,80,130,0,0,0,1
1878,0x501C,0x8200,0x0000,0x02C4,80,130,0,0,0,1
1879,0x50E0,0x8200,0x0000,0x02C4,80,130,0,0,0,1
1880,0x50A4,0x8200,0x0000,0x02C4,80,130,0,0,0,1
1881,0x5068,0x8200,0x0000,0x02C4,80,130,0,0,0,1
1882,0x502C,0x8200,0x0000,0x02C4,80,130,0,0,0,1
1883,0x50F0,0x8200,0x0000,0x02C4,80,130,0,0,0,1
1884,0x50B4,0x8200,0x0000,0x02C4,80,130,0,0,0,1
1885,0x5078,0x8200,0x0000,0x02C4,80,130,0,0,0,1
1886,0x503C,0x8200,0x0000,0x02C4,80,130,0,0,0,1
1887,0x5000,0x8200,0x0000,0x02C4,80,130,0,0,0,1
1888,0x50C4,0x8200,0x0000,0x02C4,80,130,0,0,0,1
1889,0x5088,0x8200,0x0000,0x02C4,80,130,0,0,0,1
1890,0x504C,0x8200,0x0000,0x02C4,80,130,0,0,0,1
1891,0x5010,0x8200,0x0000,0x02C4,80,130,0,0,0,1
1892,0x50D4,0x8200,0x0000,0x02C4,80,130,0,0,0,1
1893,0x5098,0x8200,0x0000,0x02C4,80,130,0,0,0,1
1894,0x505C,0x8200,0x0000,0x02C4,80,130,0,0,0,1
1895,0x5020,0x8200,0x0000,0x02C4,80,130,0,0,0,1
1896,0x50E4,0x8200,0xFA70,0x02C4,80,130,0,0,0,0
1897,0x50A8,0x7CDB,0xFADB,0x02C4,80,124,0,0,0,0
1898,0x506C,0x7821,0xFB46,0x02C4,80,120,0,0,0,0
1899,0x5030,0x73D2,0xFBB1,0x02C4,80,115,0,0,0,0
1900,0x50F4,0x6FEE,0xFC1C,0x02C4,80,111,0,0,0,0
1901,0x50B8,0x6C75,0xFC87,0x02C4,80,108,0,0,0,0
1902,0x507C,0x6967,0xFCF2,0x02C4,80,105,0,0,0,0
1903,0x5040,0x66C4,0xFD5D,0x02C4,80,102,0,0,0,0
1904,0x5004,0x648C,0xFDC8,0x02C4,80,100,0,0,0,0
1905,0x50C8,0x62BF,0xFE33,0x02C4,80,98,0,0,0,0
1906,0x508C,0x615D,0xFE9E,0x02C4,80,97,0,0,0,0
1907,0x5050,0x6066,0xFF09,0x02C4,80,96,0,0,0,0
1908,0x5014,0x5FDA,0xFF74,0x02C4,80,95,0,0,0,0
1909,0x50D8,0x5FB9,0xFFDF,0x02C4,80,95,0,0,0,0
1910,0x509C,0x6003,0x004A,0x02C4,80,96,0,0,0,0
1911,0x5060,0x60B8,0x00B5,0x02C4,80,96,0,0,0,0
1912,0x5024,0x61D8,0x0120,0x02C4,80,97,0,0,0,0
1913,0x50E8,0x6363,0x018B,0x02C4,80,99,0,0,0,0
1914,0x50AC,0x6559,0x01F6,0x02C4,80,101,0,0,0,0
1915,0x5070,0x67BA,0x0261,0x02C4,80,103,0,0,0,0
1916,0x5034,0x6A86,0x02CC,0x02C4,80,106,0,0,0,0
1917,0x50F8,0x6DBD,0x0337,0x02C4,80,109,0,0,0,0
1918,0x50BC,0x715F,0x03A2,0x02C4,80,113,0,0,0,0
1919,0x5080,0x7200,0x0000,0x02C4,80,114,0,0,0,1
1920,0x5044,0x7200,0x0000,0x02C4,80,114,0,0,0,1
1921,0x5008,0x7200,0x0000,0x02C4,80,114,0,0,0,1
1922,0x50CC,0x7200,0x0000,0x02C4,80,114,0,0,0,1
1923,0x5090,0x7200,0x0000,0x02C4,80,114,0,0,0,1
1924,0x5054,0x7200,0x0000,0x02C4,80,114,0,0,0,1
1925,0x5018,0x7200,0xFA70,0x02C4,80,114,0,0,0,0
1926,0x50DC,0x6CDB,0xFADB,0x02C4,80,108,0,0,0,0
1927,0x50A0,0x6821,0xFB46,0x02C4,80,104,0,0,0,0
1928,0x5064,0x63D2,0xFBB1,0x02C4,80,99,0,0,0,0
1929,0x5028,0x5FEE,0xFC1C,0x02C4,80,95,0,0,0,0
1930,0x50EC,0x5C75,0xFC87,0x02C4,80,92,0,0,0,0
1931,0x50B0,0x5967,0xFCF2,0x02C4,80,89,0,0,0,0
1932,0x5074,0x56C4,0xFD5D,0x02C4,80,86,0,0,0,0
1933,0x5038,0x548C,0xFDC8,0x02C4,80,84,0,0,0,0
1934,0x50FC,0x52BF,0xFE33,0x02C4,80,82,0,0,0,0
1935,0x50C0,0x515D,0xFE9E,0x02C4,80,81,0,0,0,0
1936,0x5084,0x5066,0xFF09,0x02C4,80,80,0,0,0,0
1937,0x5048,0x4FDA,0xFF74,0x02C4,80,79,0,0,0,0
1938,0x500C,0x4FB9,0xFFDF,0x02C4,80,79,0,0,0,0
1939,0x50D0,0x5003,0x004A,0x02C4,80,80,0,0,0,0
1940,0x5094,0x50B8,0x00B5,0x02C4,80,80,0,0,0,0
1941,0x5058,0x51D8,0x0120,0x02C4,80,81,0,0,0,0
1942,0x501C,0x5363,0x018B,0x02C4,80,83,0,0,0,0
1943,0x50E0,0x5559,0x01F6,0x02C4,80,85,0,0,0,0
1944,0x50A4,0x57BA,0x0261,0x02C4,80,87,0,0,0,0
1945,0x5068,0x5A86,0x02CC,0x02C4,80,90,0,0,0,0
1946,0x502C,0x5DBD,0x0337,0x02C4,80,93,0,0,0,0
1947,0x50F0,0x615F,0x03A2,0x02C4,80,97,0,0,0,0
1948,0x50B4,0x6200,0x0000,0x02C4,80,98,0,0,0,1
1949,0x5078,0x6200,0x0000,0x02C4,80,98,0,0,0,1
1950,0x503C,0x6200,0x0000,0x02C4,80,98,0,0,0,1
1951,0x5000,0x6200,0x0000,0x02C4,80,98,0,0,0,1
1952,0x50C4,0x6200,0x0000,0x02C4,80,98,0,0,0,1
1953,0x5088,0x6200,0x0000,0x02C4,80,98,0,0,0,1
1954,0x504C,0x6200,0x0000,0x02C4,80,98,0,0,0,1
1955,0x5010,0x6200,0x0000,0x02C4,80,98,0,0,0,1
1956,0x50D4,0x6200,0x0000,0x02C4,80,98,0,0,0,1
1957,0x5098,0x6200,0x0000,0x02C4,80,98,0,0,0,1
1958,0x505C,0x6200,0x0000,0x02C4,80,98,0,0,0,1
1959,0x5020,0x6200,0xFA70,0x02C4,80,98,0,0,0,0
1960,0x50E4,0x5CDB,0xFADB,0x02C4,80,92,0,0,0,0
1961,0x50A8,0x5821,0xFB46,0x02C4,80,88,0,0,0,0
1962,0x506C,0x53D2,0xFBB1,0x02C4,80,83,0,0,0,0
1963,0x5030,0x4FEE,0xFC1C,0x02C4,80,79,0,0,0,0
1964,0x50F4,0x4C75,0xFC87,0x02C4,80,76,0,0,0,0
1965,0x50B8,0x4967,0xFCF2,0x02C4,80,73,0,0,0,0
1966,0x507C,0x46C4,0xFD5D,0x02C4,80,70,0,0,0,0
1967,0x5040,0x448C,0xFDC8,0x02C4,80,68,0,0,0,0
1968,0x5004,0x42BF,0xFE33,0x02C4,80,66,0,0,0,0
1969,0x50C8,0x415D,0xFE9E,0x02C4,80,65,0,0,0,0
1970,0x508C,0x4066,0xFF09,0x02C4,80,64,0,0,0,0
1971,0x5050,0x4000,0xFF74,0x02C4,80,64,0,0,0,0
1972,0x5014,0x4000,0xFFDF,0x02C4,80,64,0,0,0,0
1973,0x50D8,0x404A,0x004A,0x02C4,80,64,0,0,0,0
1974,0x509C,0x40FF,0x00B5,0x02C4,80,64,0,0,0,0
1975,0x5060,0x421F,0x0120,0x02C4,80,66,0,0,0,0
1976,0x5024,0x43AA,0x018B,0x02C4,80,67,0,0,0,0
1977,0x50E8,0x45A0,0x01F6,0x02C4,80,69,0,0,0,0
1978,0x50AC,0x4801,0x0261,0x02C4,80,72,0,0,0,0
1979,0x5070,0x4ACD,0x02CC,0x02C4,80,74,0,0,0,0
1980,0x5034,0x4E04,0x0337,0x02C4,80,78,0,0,0,0
1981,0x50F8,0x51A6,0x03A2,0x02C4,80,81,0,0,0,0
1982,0x50BC,0x5300,0xFA70,0x02C4,80,83,0,0,0,0
1983,0x5080,0x4DDB,0xFADB,0x02C4,80,77,0,0,0,0
1984,0x5044,0x4921,0xFB46,0x02C4,80,73,0,0,0,0
1985,0x5008,0x44D2,0xFBB1,0x02C4,80,68,0,0,0,0
1986,0x50CC,0x40EE,0xFC1C,0x02C4,80,64,0,0,0,0
1987,0x5090,0x4000,0xFC87,0x02C4,80,64,0,0,0,0
1988,0x5054,0x4000,0xFCF2,0x02C4,80,64,0,0,0,0
1989,0x5018,0x4000,0xFD5D,0x02C4,80,64,0,0,0,0
1990,0x50DC,0x4000,0xFDC8,0x02C4,80,64,0,0,0,0
1991,0x50A0,0x4000,0xFE33,0x02C4,80,64,0,0,0,0
1992,0x5064,0x4000,0xFE9E,0x02C4,80,64,0,0,0,0
1993,0x5028,0x4000,0xFF09,0x02C4,80,64,0,0,0,0
1994,0x50EC,0x4000,0xFF74,0x02C4,80,64,0,0,0,0
1995,0x50B0,0x4000,0xFFDF,0x02C4,80,64,0,0,0,0
1996,0x5074,0x404A,0x004A,0x02C4,80,64,0,0,0,0
1997,0x5038,0x40FF,0x00B5,0x02C4,80,64,0,0,0,0
1998,0x50FC,0x421F,0x0120,0x02C4,80,66,0,0,0,0
1999,0x50C0,0x43AA,0x018B,0x02C4,80,67,0,0,0,0
2000,0x5084,0x45A0,0x01F6,0x02C4,80,69,0,0,0,0
2001,0x5048,0x4801,0x0261,0x02C4,80,72,0,0,0,0
2002,0x500C,0x4ACD,0x02CC,0x02C4,80,74,0,0,0,0
2003,0x50D0,0x4E04,0x0337,0x02C4,80,78,0,0,0,0
2004,0x5094,0x51A6,0x03A2,0x02C4,80,81,0,0,0,0
2005,0x5058,0x5200,0xFA70,0x02C4,80,82,0,0,0,0
2006,0x501C,0x4CDB,0xFADB,0x02C4,80,76,0,0,0,0
2007,0x50E0,0x4821,0xFB46,0x02C4,80,72,0,0,0,0
2008,0x50A4,0x43D2,0xFBB1,0x02C4,80,67,0,0,0,0
2009,0x5068,0x4000,0xFC1C,0x02C4,80,64,0,0,0,0
2010,0x502C,0x4000,0xFC87,0x02C4,80,64,0,0,0,0
2011,0x50F0,0x4000,0xFCF2,0x02C4,80,64,0,0,0,0
2012,0x50B4,0x4000,0xFD5D,0x02C4,80,64,0,0,0,0
2013,0x5078,0x4000,0xFDC8,0x02C4,80,64,0,0,0,0
2014,0x503C,0x4000,0xFE33,0x02C4,80,64,0,0,0,0
2015,0x5000,0x4000,0xFE9E,0x02C4,80,64,0,0,0,0
2016,0x50C4,0x4000,0xFF09,0x02C4,80,64,0,0,0,0
2017,0x5088,0x4000,0xFF74,0x02C4,80,64,0,0,0,0
2018,0x504C,0x4000,0xFFDF,0x02C4,80,64,0,0,0,0
2019,0x5010,0x404A,0x004A,0x02C4,80,64,0,0,0,0
2020,0x50D4,0x40FF,0x00B5,0x02C4,80,64,0,0,0,0
2021,0x5098,0x421F,0x0120,0x02C4,80,66,0,0,0,0
2022,0x505C,0x43AA,0x018B,0x02C4,80,67,0,0,0,0
2023,0x5020,0x45A0,0x01F6,0x02C4,80,69,0,0,0,0
2024,0x50E4,0x4801,0x0261,0x02C4,80,72,0,0,0,0
2025,0x50A8,0x4ACD,0x02CC,0x02C4,80,74,0,0,0,0
2026,0x506C,0x4E04,0x0337,0x02C4,80,78,0,0,0,0
2027,0x5030,0x51A6,0x03A2,0x02C4,80,81,0,0,0,0
2028,0x50F4,0x5200,0x0000,0x02C4,80,82,0,0,0,1
2029,0x50B8,0x5200,0xFA70,0x02C4,80,82,0,0,0,0
2030,0x507C,0x4CDB,0xFADB,0x02C4,80,76,0,0,0,0
2031,0x5040,0x4821,0xFB46,0x02C4,80,72,0,0,0,0
2032,0x5004,0x43D2,0xFBB1,0x02C4,80,67,0,0,0,0
2033,0x50C8,0x4000,0xFC1C,0x02C4,80,64,0,0,0,0
2034,0x508C,0x4000,0xFC87,0x02C4,80,64,0,0,0,0
2035,0x5050,0x4000,0xFCF2,0x02C4,80,64,0,0,0,0
2036,0x5014,0x4000,0xFD5D,0x02C4,80,64,0,0,0,0
2037,0x50D8,0x4000,0xFDC8,0x02C4,80,64,0,0,0,0
2038,0x509C,0x4000,0xFE33,0x02C4,80,64,0,0,0,0
2039,0x5060,0x4000,0xFE9E,0x02C4,80,64,0,0,0,0
2040,0x5024,0x4000,0xFF09,0x02C4,80,64,0,0,0,0
2041,0x50E8,0x4000,0xFF74,0x02C4,80,64,0,0,0,0
2042,0x50AC,0x4000,0xFFDF,0x02C4,80,64,0,0,0,0
2043,0x5070,0x404A,0x004A,0x02C4,80,64,0,0,0,0
2044,0x5034,0x40FF,0x00B5,0x02C4,80,64,0,0,0,0
2045,0x50F8,0x421F,0x0120,0x02C4,80,66,0,0,0,0
2046,0x50BC,0x43AA,0x018B,0x02C4,80,67,0,0,0,0
2047,0x5080,0x45A0,0x01F6,0x02C4,80,69,0,0,0,0
2048,0x5044,0x4801,0x0261,0x02C4,80,72,0,0,0,0
2049,0x5008,0x4ACD,0x02CC,0x02C4,80,74,0,0,0,0
2050,0x50CC,0x4E04,0x0337,0x02C4,80,78,0,0,0,0
2051,0x5090,0x51A6,0x03A2,0x02C4,80,81,0,0,0,0
2052,0x5054,0x5300,0x0000,0x02C4,80,83,0,0,0,1
2053,0x5018,0x5300,0x0000,0x02C4,80,83,0,0,0,1
2054,0x50DC,0x5300,0x0000,0x02C4,80,83,0,0,0,1
2055,0x50A0,0x5300,0xFA70,0x02C4,80,83,0,0,0,0
2056,0x5064,0x4DDB,0xFADB,0x02C4,80,77,0,0,0,0
2057,0x5028,0x4921,0xFB46,0x02C4,80,73,0,0,0,0
2058,0x50EC,0x44D2,0xFBB1,0x02C4,80,68,0,0,0,0
2059,0x50B0,0x40EE,0xFC1C,0x02C4,80,64,0,0,0,0
2060,0x5074,0x4000,0xFC87,0x02C4,80,64,0,0,0,0
2061,0x5038,0x4000,0xFCF2,0x02C4,80,64,0,0,0,0
2062,0x50FC,0x4000,0xFD5D,0x02C4,80,64,0,0,0,0
2063,0x50C0,0x4000,0xFDC8,0x02C4,80,64,0,0,0,0
2064,0x5084,0x4000,0xFE33,0x02C4,80,64,0,0,0,0
2065,0x5048,0x4000,0xFE9E,0x02C4,80,64,0,0,0,0
2066,0x500C,0x4000,0xFF09,0x02C4,80,64,0,0,0,0
2067,0x50D0,0x4000,0xFF74,0x02C4,80,64,0,0,0,0
2068,0x5094,0x4000,0xFFDF,0x02C4,80,64,0,0,0,0
2069,0x5058,0x404A,0x004A,0x02C4,80,64,0,0,0,0
2070,0x501C,0x40FF,0x00B5,0x02C4,80,64,0,0,0,0
2071,0x50E0,0x421F,0x0120,0x02C4,80,66,0,0,0,0
2072,0x50A4,0x43AA,0x018B,0x02C4,80,67,0,0,0,0
2073,0x5068,0x45A0,0x01F6,0x02C4,80,69,0,0,0,0
2074,0x502C,0x4801,0x0261,0x02C4,80,72,0,0,0,0
2075,0x50F0,0x4ACD,0x02CC,0x02C4,80,74,0,0,0,0
2076,0x50B4,0x4E04,0x0337,0x02C4,80,78,0,0,0,0
2077,0x5078,0x51A6,0x03A2,0x02C4,80,81,0,0,0,0
2078,0x503C,0x5200,0x0000,0x02C4,80,82,0,0,0,1
2079,0x5000,0x5200,0x0000,0x02C4,80,82,0,0,0,1
2080,0x50C4,0x5200,0x0000,0x02C4,80,82,0,0,0,1
2081,0x5088,0x5200,0x0000,0x02C4,80,82,0,0,0,1
2082,0x504C,0x5200,0x0000,0x02C4,80,82,0,0,0,1
2083,0x5010,0x5200,0xFA70,0x02C4,80,82,0,0,0,0
2084,0x50D4,0x4CDB,0xFADB,0x02C4,80,76,0,0,0,0
2085,0x5098,0x4821,0xFB46,0x02C4,80,72,0,0,0,0
2086,0x505C,0x43D2,0xFBB1,0x02C4,80,67,0,0,0,0
2087,0x5020,0x4000,0xFC1C,0x02C4,80,64,0,0,0,0
2088,0x50E4,0x4000,0xFC87,0x02C4,80,64,0,0,0,0
2089,0x50A8,0x4000,0xFCF2,0x02C4,80,64,0,0,0,0
2090,0x506C,0x4000,0xFD5D,0x02C4,80,64,0,0,0,0
2091,0x5030,0x4000,0xFDC8,0x02C4,80,64,0,0,0,0
2092,0x50F4,0x4000,0xFE33,0x02C4,80,64,0,0,0,0
2093,0x50B8,0x4000,0xFE9E,0x02C4,80,64,0,0,0,0
2094,0x507C,0x4000,0xFF09,0x02C4,80,64,0,0,0,0
2095,0x5040,0x4000,0xFF74,0x02C4,80,64,0,0,0,0
2096,0x5004,0x4000,0xFFDF,0x02C4,80,64,0,0,0,0
2097,0x50C8,0x404A,0x004A,0x02C4,80,64,0,0,0,0
2098,0x508C,0x40FF,0x00B5,0x02C4,80,64,0,0,0,0
2099,0x5050,0x421F,0x0120,0x02C4,80,66,0,0,0,0
2100,0x5014,0x43AA,0x018B,0x02C4,80,67,0,0,0,0
2101,0x50D8,0x45A0,0x01F6,0x02C4,80,69,0,0,0,0
2102,0x509C,0x4801,0x0261,0x02C4,80,72,0,0,0,0
2103,0x5060,0x4ACD,0x02CC,0x02C4,80,74,0,0,0,0
2104,0x5024,0x4E04,0x0337,0x02C4,80,78,0,0,0,0
2105,0x50E8,0x51A6,0x03A2,0x02C4,80,81,0,0,0,0
2106,0x50AC,0x5200,0xFA70,0x02C4,80,82,0,0,0,0
2107,0x5070,0x4CDB,0xFADB,0x02C4,80,76,0,0,0,0
2108,0x5034,0x4821,0xFB46,0x02C4,80,72,0,0,0,0
2109,0x50F8,0x43D2,0xFBB1,0x02C4,80,67,0,0,0,0
2110,0x50BC,0x4000,0xFC1C,0x02C4,80,64,0,0,0,0
2111,0x5080,0x4000,0xFC87,0x02C4,80,64,0,0,0,0
2112,0x5044,0x4000,0xFCF2,0x02C4,80,64,0,0,0,0
2113,0x5008,0x4000,0xFD5D,0x02C4,80,64,0,0,0,0
2114,0x50CC,0x4000,0xFDC8,0x02C4,80,64,0,0,0,0
2115,0x5090,0x4000,0xFE33,0x02C4,80,64,0,0,0,0
2116,0x5054,0x4000,0xFE9E,0x02C4,80,64,0,0,0,0
2117,0x5018,0x4000,0xFF09,0x02C4,80,64,0,0,0,0
2118,0x50DC,0x4000,0xFF74,0x02C4,80,64,0,0,0,0
2119,0x50A0,0x4000,0xFFDF,0x02C4,80,64,0,0,0,0
2120,0x5064,0x404A,0x004A,0x02C4,80,64,0,0,0,0
2121,0x5028,0x40FF,0x00B5,0x02C4,80,64,0,0,0,0
2122,0x50EC,0x421F,0x0120,0x02C4,80,66,0,0,0,0
2123,0x50B0,0x43AA,0x018B,0x02C4,80,67,0,0,0,0
2124,0x5074,0x45A0,0x01F6,0x02C4,80,69,0,0,0,0
2125,0x5038,0x4801,0x0261,0x02C4,80,72,0,0,0,0
2126,0x50FC,0x4ACD,0x02CC,0x02C4,80,74,0,0,0,0
2127,0x50C0,0x4E04,0x0337,0x02C4,80,78,0,0,0,0
2128,0x5084,0x51A6,0x03A2,0x02C4,80,81,0,0,0,0
2129,0x5048,0x5200,0x0000,0x02C4,80,82,0,0,0,1
2130,0x500C,0x5200,0x0000,0x02C4,80,82,0,0,0,1
2131,0x50D0,0x5200,0x0000,0x02C4,80,82,0,0,0,1
2132,0x5094,0x5200,0xFA70,0x02C4,80,82,0,0,0,0
2133,0x5058,0x4CDB,0xFADB,0x02C4,80,76,0,0,0,0
2134,0x501C,0x4821,0xFB46,0x02C4,80,72,0,0,0,0
2135,0x50E0,0x43D2,0xFBB1,0x02C4,80,67,0,0,0,0
2136,0x50A4,0x4000,0xFC1C,0x02C4,80,64,0,0,0,0
2137,0x5068,0x4000,0xFC87,0x02C4,80,64,0,0,0,0
2138,0x502C,0x4000,0xFCF2,0x02C4,80,64,0,0,0,0
2139,0x50F0,0x4000,0xFD5D,0x02C4,80,64,0,0,0,0
2140,0x50B4,0x4000,0xFDC8,0x02C4,80,64,0,0,0,0
2141,0x5078,0x4000,0xFE33,0x02C4,80,64,0,0,0,0
2142,0x503C,0x4000,0xFE9E,0x02C4,80,64,0,0,0,0
2143,0x5000,0x4000,0xFF09,0x02C4,80,64,0,0,0,0
2144,0x50C4,0x4000,0xFF74,0x02C4,80,64,0,0,0,0
2145,0x5088,0x4000,0xFFDF,0x02C4,80,64,0,0,0,0
2146,0x504C,0x404A,0x004A,0x02C4,80,64,0,0,0,0
2147,0x5010,0x40FF,0x00B5,0x02C4,80,64,0,0,0,0
2148,0x50D4,0x421F,0x0120,0x02C4,80,66,0,0,0,0
2149,0x5098,0x43AA,0x018B,0x02C4,80,67,0,0,0,0
2150,0x505C,0x45A0,0x01F6,0x02C4,80,69,0,0,0,0
2151,0x5020,0x4801,0x0261,0x02C4,80,72,0,0,0,0
2152,0x50E4,0x4ACD,0x02CC,0x02C4,80,74,0,0,0,0
2153,0x50A8,0x4E04,0x0337,0x02C4,80,78,0,0,0,0
2154,0x506C,0x51A6,0x03A2,0x02C4,80,81,0,0,0,0
2155,0x5030,0x55B3,0x040D,0x02C4,80,85,0,0,0,0
2156,0x50F4,0x5A2B,0x0478,0x02C4,80,90,0,0,0,0
2157,0x50B8,0x5F0E,0x04E3,0x02C4,80,95,0,0,0,0
2158,0x507C,0x645C,0x054E,0x02C4,80,100,0,0,0,0
2159,0x5040,0x6A15,0x05B9,0x02C4,80,106,0,0,0,0
2160,0x5004,0x7039,0x0624,0x02C4,80,112,0,0,0,0
2161,0x50C8,0x7300,0x0000,0x02C4,80,115,0,0,0,1
2162,0x508C,0x7300,0x0000,0x02C4,80,115,0,0,0,1
2163,0x5050,0x7300,0x0000,0x02C4,80,115,0,0,0,1
2164,0x5014,0x7300,0x0000,0x02C4,80,115,0,0,0,1
2165,0x50D8,0x7300,0x0000,0x02C4,80,115,0,0,0,1
2166,0x509C,0x7300,0x0000,0x02C4,80,115,0,0,0,1
2167,0x5060,0x7300,0x0000,0x02C4,80,115,0,0,0,1
2168,0x5024,0x7300,0x0000,0x02C4,80,115,0,0,0,1
2169,0x50E8,0x7300,0x0000,0x02C4,80,115,0,0,0,1
2170,0x50AC,0x7300,0xFA70,0x02C4,80,115,0,0,0,0
2171,0x5070,0x6DDB,0xFADB,0x02C4,80,109,0,0,0,0
2172,0x5034,0x6921,0xFB46,0x02C4,80,105,0,0,0,0
2173,0x50F8,0x64D2,0xFBB1,0x02C4,80,100,0,0,0,0
2174,0x50BC,0x60EE,0xFC1C,0x02C4,80,96,0,0,0,0
2175,0x5080,0x5D75,0xFC87,0x02C4,80,93,0,0,0,0
2176,0x5044,0x5A67,0xFCF2,0x02C4,80,90,0,0,0,0
2177,0x5008,0x57C4,0xFD5D,0x02C4,80,87,0,0,0,0
2178,0x50CC,0x558C,0xFDC8,0x02C4,80,85,0,0,0,0
2179,0x5090,0x53BF,0xFE33,0x02C4,80,83,0,0,0,0
2180,0x5054,0x525D,0xFE9E,0x02C4,80,82,0,0,0,0
2181,0x5018,0x5166,0xFF09,0x02C4,80,81,0,0,0,0
2182,0x50DC,0x50DA,0xFF74,0x02C4,80,80,0,0,0,0
2183,0x50A0,0x50B9,0xFFDF,0x02C4,80,80,0,0,0,0
2184,0x5064,0x5103,0x004A,0x02C4,80,81,0,0,0,0
2185,0x5028,0x51B8,0x00B5,0x02C4,80,81,0,0,0,0
2186,0x50EC,0x52D8,0x0120,0x02C4,80,82,0,0,0,0
2187,0x50B0,0x5300,0x0000,0x02C4,80,83,0,0,0,1
2188,0x5074,0x5300,0x0000,0x02C4,80,83,0,0,0,1
2189,0x5038,0x5300,0x0000,0x02C4,80,83,0,0,0,1
2190,0x50FC,0x5300,0x0000,0x02C4,80,83,0,0,0,1
2191,0x50C0,0x5300,0x0000,0x02C4,80,83,0,0,0,1
2192,0x5084,0x5300,0x0000,0x02C4,80,83,0,0,0,1
2193,0x5048,0x5300,0xFA70,0x02C4,80,83,0,0,0,0
2194,0x500C,0x4DDB,0xFADB,0x02C4,80,77,0,0,0,0
2195,0x50D0,0x4921,0xFB46,0x02C4,80,73,0,0,0,0
2196,0x5094,0x44D2,0xFBB1,0x02C4,80,68,0,0,0,0
2197,0x5058,0x40EE,0xFC1C,0x02C4,80,64,0,0,0,0
2198,0x501C,0x4000,0xFC87,0x02C4,80,64,0,0,0,0
2199,0x50E0,0x4000,0xFCF2,0x02C4,80,64,0,0,0,0
2200,0x50A4,0x4000,0xFD5D,0x02C4,80,64,0,0,0,0
2201,0x5068,0x4000,0xFDC8,0x02C4,80,64,0,0,0,0
2202,0x502C,0x4000,0xFE33,0x02C4,80,64,0,0,0,0
2203,0x50F0,0x4000,0xFE9E,0x02C4,80,64,0,0,0,0
2204,0x50B4,0x4000,0xFF09,0x02C4,80,64,0,0,0,0
2205,0x5078,0x4000,0xFF74,0x02C4,80,64,0,0,0,0
2206,0x503C,0x4000,0xFFDF,0x02C4,80,64,0,0,0,0
2207,0x5000,0x404A,0x004A,0x02C4,80,64,0,0,0,0
2208,0x50C4,0x40FF,0x00B5,0x02C4,80,64,0,0,0,0
2209,0x5088,0x421F,0x0120,0x02C4,80,66,0,0,0,0
2210,0x504C,0x43AA,0x018B,0x02C4,80,67,0,0,0,0
2211,0x5010,0x45A0,0x01F6,0x02C4,80,69,0,0,0,0
2212,0x50D4,0x4801,0x0261,0x02C4,80,72,0,0,0,0
2213,0x5098,0x4ACD,0x02CC,0x02C4,80,74,0,0,0,0
2214,0x505C,0x4E04,0x0337,0x02C4,80,78,0,0,0,0
2215,0x5020,0x51A6,0x03A2,0x02C4,80,81,0,0,0,0
2216,0x50E4,0x5200,0xFA70,0x02C4,80,82,0,0,0,0
2217,0x50A8,0x4CDB,0xFADB,0x02C4,80,76,0,0,0,0
2218,0x506C,0x4821,0xFB46,0x02C4,80,72,0,0,0,0
2219,0x5030,0x43D2,0xFBB1,0x02C4,80,67,0,0,0,0
2220,0x50F4,0x4000,0xFC1C,0x02C4,80,64,0,0,0,0
2221,0x50B8,0x4000,0xFC87,0x02C4,80,64,0,0,0,0
2222,0x507C,0x4000,0xFCF2,0x02C4,80,64,0,0,0,0
2223,0x5040,0x4000,0xFD5D,0x02C4,80,64,0,0,0,0
2224,0x5004,0x4000,0xFDC8,0x02C4,80,64,0,0,0,0
2225,0x50C8,0x4000,0xFE33,0x02C4,80,64,0,0,0,0
2226,0x508C,0x4000,0xFE9E,0x02C4,80,64,0,0,0,0
2227,0x5050,0x4000,0xFF09,0x02C4,80,64,0,0,0,0
2228,0x5014,0x4000,0xFF74,0x02C4,80,64,0,0,0,0
2229,0x50D8,0x4000,0xFFDF,0x02C4,80,64,0,0,0,0
2230,0x509C,0x404A,0x004A,0x02C4,80,64,0,0,0,0
2231,0x5060,0x40FF,0x00B5,0x02C4,80,64,0,0,0,0
2232,0x5024,0x421F,0x0120,0x02C4,80,66,0,0,0,0
2233,0x50E8,0x43AA,0x018B,0x02C4,80,67,0,0,0,0
2234,0x50AC,0x45A0,0x01F6,0x02C4,80,69,0,0,0,0
2235,0x5070,0x4801,0x0261,0x02C4,80,72,0,0,0,0
2236,0x5034,0x4ACD,0x02CC,0x02C4,80,74,0,0,0,0
2237,0x50F8,0x4E04,0x0337,0x02C4,80,78,0,0,0,0
2238,0x50BC,0x51A6,0x03A2,0x02C4,80,81,0,0,0,0
2239,0x5080,0x5200,0x0000,0x02C4,80,82,0,0,0,1
2240,0x5044,0x5200,0x0000,0x02C4,80,82,0,0,0,1
2241,0x5008,0x5200,0x0000,0x02C4,80,82,0,0,0,1
2242,0x50CC,0x5200,0x0000,0x02C4,80,82,0,0,0,1
2243,0x5090,0x5200,0x0000,0x02C4,80,82,0,0,0,1
2244,0x5054,0x5200,0xFA70,0x02C4,80,82,0,0,0,0
2245,0x5018,0x4CDB,0xFADB,0x02C4,80,76,0,0,0,0
2246,0x50DC,0x4821,0xFB46,0x02C4,80,72,0,0,0,0
2247,0x50A0,0x43D2,0xFBB1,0x02C4,80,67,0,0,0,0
2248,0x5064,0x4000,0xFC1C,0x02C4,80,64,0,0,0,0
2249,0x5028,0x4000,0xFC87,0x02C4,80,64,0,0,0,0
2250,0x50EC,0x4000,0xFCF2,0x02C4,80,64,0,0,0,0
2251,0x50B0,0x4000,0xFD5D,0x02C4,80,64,0,0,0,0
2252,0x5074,0x4000,0xFDC8,0x02C4,80,64,0,0,0,0
2253,0x5038,0x4000,0xFE33,0x02C4,80,64,0,0,0,0
2254,0x50FC,0x4000,0xFE9E,0x02C4,80,64,0,0,0,0
2255,0x50C0,0x4000,0xFF09,0x02C4,80,64,0,0,0,0
2256,0x5084,0x4000,0xFF74,0x02C4,80,64,0,0,0,0
2257,0x5048,0x4000,0xFFDF,0x02C4,80,64,0,0,0,0
2258,0x500C,0x404A,0x004A,0x02C4,80,64,0,0,0,0
2259,0x50D0,0x40FF,0x00B5,0x02C4,80,64,0,0,0,0
2260,0x5094,0x421F,0x0120,0x02C4,80,66,0,0,0,0
2261,0x5058,0x4300,0x0000,0x02C4,80,67,0,0,0,1
2262,0x501C,0x4300,0x0000,0x02C4,80,67,0,0,0,1
2263,0x50E0,0x4300,0x0000,0x02C4,80,67,0,0,0,1
2264,0x50A4,0x4300,0x0000,0x02C4,80,67,0,0,0,1
2265,0x5068,0x4300,0x0000,0x02C4,80,67,0,0,0,1
2266,0x502C,0x4300,0x0000,0x02C4,80,67,0,0,0,1
2267,0x50F0,0x4300,0xFA70,0x02C4,80,67,0,0,0,0
2268,0x50B4,0x4000,0xFADB,0x02C4,80,64,0,0,0,0
2269,0x5078,0x4000,0xFB46,0x02C4,80,64,0,0,0,0
2270,0x503C,0x4000,0xFBB1,0x02C4,80,64,0,0,0,0
2271,0x5000,0x4000,0xFC1C,0x02C4,80,64,0,0,0,0
2272,0x50C4,0x4000,0xFC87,0x02C4,80,64,0,0,0,0
2273,0x5088,0x4000,0xFCF2,0x02C4,80,64,0,0,0,0
2274,0x504C,0x4000,0xFD5D,0x02C4,80,64,0,0,0,0
2275,0x5010,0x4000,0xFDC8,0x02C4,80,64,0,0,0,0
2276,0x50D4,0x4000,0xFE33,0x02C4,80,64,0,0,0,0
2277,0x5098,0x4000,0xFE9E,0x02C4,80,64,0,0,0,0
2278,0x505C,0x4000,0xFF09,0x02C4,80,64,0,0,0,0
2279,0x5020,0x4000,0xFF74,0x02C4,80,64,0,0,0,0
2280,0x50E4,0x4000,0xFFDF,0x02C4,80,64,0,0,0,0
2281,0x50A8,0x404A,0x004A,0x02C4,80,64,0,0,0,0
2282,0x506C,0x40FF,0x00B5,0x02C4,80,64,0,0,0,0
2283,0x5030,0x4200,0x0000,0x02C4,80,66,0,0,0,1
2284,0x50F4,0x4200,0x0000,0x02C4,80,66,0,0,0,1
2285,0x50B8,0x4200,0x0000,0x02C4,80,66,0,0,0,1
2286,0x507C,0x4200,0x0000,0x02C4,80,66,0,0,0,1
2287,0x5040,0x4200,0x0000,0x02C4,80,66,0,0,0,1
2288,0x5004,0x4200,0x0000,0x02C4,80,66,0,0,0,1
2289,0x50C8,0x4200,0x0000,0x02C4,80,66,0,0,0,1
2290,0x508C,0x4200,0x0000,0x02C4,80,66,0,0,0,1
2291,0x5050,0x4200,0x0000,0x02C4,80,66,0,0,0,1
2292,0x5014,0x4200,0xFA70,0x02C4,80,66,0,0,0,0
2293,0x50D8,0x4000,0xFADB,0x02C4,80,64,0,0,0,0
2294,0x509C,0x4000,0xFB46,0x02C4,80,64,0,0,0,0
2295,0x5060,0x4000,0xFBB1,0x02C4,80,64,0,0,0,0
2296,0x5024,0x4000,0xFC1C,0x02C4,80,64,0,0,0,0
2297,0x50E8,0x4000,0xFC87,0x02C4,80,64,0,0,0,0
2298,0x50AC,0x4000,0xFCF2,0x02C4,80,64,0,0,0,0
2299,0x5070,0x4000,0xFD5D,0x02C4,80,64,0,0,0,0
2300,0x5034,0x4000,0xFDC8,0x02C4,80,64,0,0,0,0
2301,0x50F8,0x4000,0xFE33,0x02C4,80,64,0,0,0,0
2302,0x50BC,0x4000,0xFE9E,0x02C4,80,64,0,0,0,0
2303,0x5080,0x4000,0xFF09,0x02C4,80,64,0,0,0,0
2304,0x5044,0x4000,0xFF74,0x02C4,80,64,0,0,0,0
2305,0x5008,0x4000,0xFFDF,0x02C4,80,64,0,0,0,0
2306,0x50CC,0x404A,0x004A,0x02C4,80,64,0,0,0,0
2307,0x5090,0x40FF,0x00B5,0x02C4,80,64,0,0,0,0
2308,0x5054,0x4200,0x0000,0x02C4,80,66,0,0,0,1
2309,0x5018,0x4200,0x0000,0x02C4,80,66,0,0,0,1
2310,0x50DC,0x4200,0x0000,0x02C4,80,66,0,0,0,1
2311,0x50A0,0x4200,0x0000,0x02C4,80,66,0,0,0,1
2312,0x5064,0x4200,0x0000,0x02C4,80,66,0,0,0,1
2313,0x5028,0x4200,0x0000,0x02C4,80,66,0,0,0,1
2314,0x50EC,0x4200,0x0000,0x02C4,80,66,0,0,0,1
2315,0x50B0,0x4200,0xFA70,0x02C4,80,66,0,0,0,0
2316,0x5074,0x4000,0xFADB,0x02C4,80,64,0,0,0,0
2317,0x5038,0x4000,0xFB46,0x02C4,80,64,0,0,0,0
2318,0x50FC,0x4000,0xFBB1,0x02C4,80,64,0,0,0,0
2319,0x50C0,0x4000,0xFC1C,0x02C4,80,64,0,0,0,0
2320,0x5084,0x4000,0xFC87,0x02C4,80,64,0,0,0,0
2321,0x5048,0x4000,0xFCF2,0x02C4,80,64,0,0,0,0
2322,0x500C,0x4000,0xFD5D,0x02C4,80,64,0,0,0,0
2323,0x50D0,0x4000,0xFDC8,0x02C4,80,64,0,0,0,0
2324,0x5094,0x4000,0xFE33,0x02C4,80,64,0,0,0,0
2325,0x5058,0x4000,0xFE9E,0x02C4,80,64,0,0,0,0
2326,0x501C,0x4000,0xFF09,0x02C4,80,64,0,0,0,0
2327,0x50E0,0x4000,0xFF74,0x02C4,80,64,0,0,0,0
2328,0x50A4,0x4000,0xFFDF,0x02C4,80,64,0,0,0,0
2329,0x5068,0x404A,0x004A,0x02C4,80,64,0,0,0,0
2330,0x502C,0x40FF,0x00B5,0x02C4,80,64,0,0,0,0
2331,0x50F0,0x4200,0x0000,0x02C4,80,66,0,0,0,1
2332,0x50B4,0x4200,0x0000,0x02C4,80,66,0,0,0,1
2333,0x5078,0x4200,0x0000,0x02C4,80,66,0,0,0,1
2334,0x503C,0x4200,0x0000,0x02C4,80,66,0,0,0,1
2335,0x5000,0x4200,0x0000,0x02C4,80,66,0,0,0,1
2336,0x50C4,0x4200,0x0000,0x02C4,80,66,0,0,0,1
2337,0x5088,0x4200,0x0000,0x02C4,80,66,0,0,0,1
2338,0x504C,0x4200,0x0000,0x02C4,80,66,0,0,0,1
2339,0x5010,0x4200,0x0000,0x02C4,80,66,0,0,0,1
2340,0x50D4,0x4200,0x0000,0x02C4,80,66,0,0,0,1
2341,0x5098,0x4200,0x0000,0x02C4,80,66,0,0,0,1
2342,0x505C,0x4200,0x0000,0x02C4,80,66,0,0,0,1
2343,0x5020,0x4200,0x0000,0x02C4,80,66,0,0,0,1
2344,0x50E4,0x4200,0x0000,0x02C4,80,66,0,0,0,1
2345,0x50A8,0x4200,0x0000,0x02C4,80,66,0,0,0,1
2346,0x506C,0x4200,0x0000,0x02C4,80,66,0,0,0,1
2347,0x5030,0x4200,0x0000,0x02C4,80,66,0,0,0,1
2348,0x50F4,0x4200,0x0000,0x02C4,80,66,0,0,0,1
2349,0x50B8,0x4200,0x0000,0x02C4,80,66,0,0,0,1
2350,0x507C,0x4200,0x0000,0x02C4,80,66,0,0,0,1
2351,0x5040,0x4200,0x0000,0x02C4,80,66,0,0,0,1
2352,0x5004,0x4200,0x0000,0x02C4,80,66,0,0,0,1
2353,0x50C8,0x4200,0x0000,0x02C4,80,66,0,0,0,1
2354,0x508C,0x4200,0x0000,0x02C4,80,66,0,0,0,1
2355,0x5050,0x4200,0x0000,0x02C4,80,66,0,0,0,1
2356,0x5014,0x4200,0x0000,0x02C4,80,66,0,0,0,1
2357,0x50D8,0x4200,0x0000,0x02C4,80,66,0,0,0,1
2358,0x509C,0x4200,0x0000,0x02C4,80,66,0,0,0,1
2359,0x5060,0x4200,0x0000,0x02C4,80,66,0,0,0,1
2360,0x5024,0x4200,0x0000,0x02C4,80,66,0,0,0,1
2361,0x50E8,0x4200,0x0000,0x02C4,80,66,0,0,0,1
2362,0x50AC,0x4200,0x0000,0x02C4,80,66,0,0,0,1
2363,0x5070,0x4200,0x0000,0x02C4,80,66,0,0,0,1
2364,0x5034,0x4200,0x0000,0x02C4,80,66,0,0,0,1
2365,0x50F8,0x4200,0x0000,0x02C4,80,66,0,0,0,1
2366,0x50BC,0x4200,0x0000,0x02C4,80,66,0,0,0,1
2367,0x5080,0x4200,0x0000,0x02C4,80,66,0,0,0,1
2368,0x5044,0x4200,0x0000,0x02C4,80,66,0,0,0,1
2369,0x5008,0x4200,0x0000,0x02C4,80,66,0,0,0,1
2370,0x50CC,0x4200,0x0000,0x02C4,80,66,0,0,0,1
2371,0x5090,0x4200,0x0000,0x02C4,80,66,0,0,0,1
2372,0x5054,0x4200,0x0000,0x02C4,80,66,0,0,0,1
2373,0x5018,0x4200,0x0000,0x02C4,80,66,0,0,0,1
2374,0x50DC,0x4200,0x0000,0x02C4,80,66,0,0,0,1
2375,0x50A0,0x4200,0x0000,0x02C4,80,66,0,0,0,1
2376,0x5064,0x4200,0xFA70,0x02C4,80,66,0,0,0,0
2377,0x5028,0x4000,0xFADB,0x02C4,80,64,0,0,0,0
2378,0x50EC,0x4000,0xFB46,0x02C4,80,64,0,0,0,0
2379,0x50B0,0x4000,0xFBB1,0x02C4,80,64,0,0,0,0
2380,0x5074,0x4000,0xFC1C,0x02C4,80,64,0,0,0,0
2381,0x5038,0x4000,0xFC87,0x02C4,80,64,0,0,0,0
2382,0x50FC,0x4000,0xFCF2,0x02C4,80,64,0,0,0,0
2383,0x50C0,0x4000,0xFD5D,0x02C4,80,64,0,0,0,0
2384,0x5084,0x4000,0xFDC8,0x02C4,80,64,0,0,0,0
2385,0x5048,0x4000,0xFE33,0x02C4,80,64,0,0,0,0
2386,0x500C,0x4000,0xFE9E,0x02C4,80,64,0,0,0,0
2387,0x50D0,0x4000,0xFF09,0x02C4,80,64,0,0,0,0
2388,0x5094,0x4000,0xFF74,0x02C4,80,64,0,0,0,0
2389,0x5058,0x4000,0xFFDF,0x02C4,80,64,0,0,0,0
2390,0x501C,0x404A,0x004A,0x02C4,80,64,0,0,0,0
2391,0x50E0,0x40FF,0x00B5,0x02C4,80,64,0,0,0,0
2392,0x50A4,0x421F,0x0120,0x02C4,80,66,0,0,0,0
2393,0x5068,0x43AA,0x018B,0x02C4,80,67,0,0,0,0
2394,0x502C,0x45A0,0x01F6,0x02C4,80,69,0,0,0,0
2395,0x50F0,0x4801,0x0261,0x02C4,80,72,0,0,0,0
2396,0x50B4,0x4ACD,0x02CC,0x02C4,80,74,0,0,0,0
2397,0x5078,0x4E04,0x0337,0x02C4,80,78,0,0,0,0
2398,0x503C,0x51A6,0x03A2,0x02C4,80,81,0,0,0,0
2399,0x5000,0x55B3,0x040D,0x02C4,80,85,0,0,0,0
2400,0x50C4,0x5A2B,0x0478,0x02C4,80,90,0,0,0,0
2401,0x5088,0x5F0E,0x04E3,0x02C4,80,95,0,0,0,0
2402,0x504C,0x645C,0x054E,0x02C4,80,100,0,0,0,0
2403,0x5010,0x6A15,0x05B9,0x02C4,80,106,0,0,0,0
2404,0x50D4,0x7039,0x0624,0x02C4,80,112,0,0,0,0
2405,0x5098,0x76C8,0x068F,0x02C4,80,118,0,0,0,0
2406,0x505C,0x7DC2,0x06FA,0x02C4,80,125,0,0,0,0
2407,0x5020,0x8527,0x0765,0x02C4,80,133,0,0,0,0
2408,0x50E4,0x8C21,0x06FA,0x02C4,80,140,0,0,0,0
2409,0x50A8,0x9386,0x0765,0x02C4,80,147,0,0,0,0
2410,0x506C,0x9A80,0x06FA,0x02C4,80,154,0,0,0,0
2411,0x5030,0xA000,0x0765,0x02C4,80,160,0,0,0,0
2412,0x50F4,0xA000,0x06FA,0x02C4,80,160,0,0,0,0
2413,0x50B8,0xA000,0x0765,0x02C4,80,160,0,0,0,0
2414,0x507C,0xA000,0x06FA,0x02C4,80,160,0,0,0,0
2415,0x5040,0xA000,0x0765,0x02C4,80,160,0,0,0,0
2416,0x5004,0xA000,0x06FA,0x02C4,80,160,0,0,0,0
2417,0x50C8,0xA000,0x0765,0x02C4,80,160,0,0,0,0
2418,0x508C,0xA000,0x06FA,0x02C4,80,160,0,0,0,0
2419,0x5050,0xA000,0x0765,0x02C4,80,160,0,0,0,0
2420,0x5014,0xA000,0x06FA,0x02C4,80,160,0,0,0,0
2421,0x50D8,0xA000,0x0765,0x02C4,80,160,0,0,0,0
2422,0x509C,0xA000,0x06FA,0x02C4,80,160,0,0,0,0
2423,0x5060,0xA000,0x0765,0x02C4,80,160,0,0,0,0
2424,0x5024,0xA000,0x06FA,0x02C4,80,160,0,0,0,0
2425,0x50E8,0xA000,0x0765,0x02C4,80,160,0,0,0,0
2426,0x50AC,0xA000,0x06FA,0x02C4,80,160,0,0,0,0
2427,0x5070,0xA000,0x0765,0x02C4,80,160,0,0,0,0
2428,0x5034,0xA000,0x06FA,0x02C4,80,160,0,0,0,0
2429,0x50F8,0xA000,0x0765,0x02C4,80,160,0,0,0,0
2430,0x50BC,0xA000,0x06FA,0x02C4,80,160,0,0,0,0
2431,0x5080,0xA000,0x0765,0x02C4,80,160,0,0,0,0
2432,0x5044,0xA000,0x06FA,0x02C4,80,160,0,0,0,0
2433,0x5008,0xA000,0x0765,0x02C4,80,160,0,0,0,0
2434,0x50CC,0xA000,0xFA70,0x02C4,80,160,0,0,0,0
2435,0x5090,0x9ADB,0xFADB,0x02C4,80,154,0,0,0,0
2436,0x5054,0x9621,0xFB46,0x02C4,80,150,0,0,0,0
2437,0x5018,0x91D2,0xFBB1,0x02C4,80,145,0,0,0,0
2438,0x50DC,0x8DEE,0xFC1C,0x02C4,80,141,0,0,0,0
2439,0x50A0,0x8A75,0xFC87,0x02C4,80,138,0,0,0,0
2440,0x5064,0x8767,0xFCF2,0x02C4,80,135,0,0,0,0
2441,0x5028,0x84C4,0xFD5D,0x02C4,80,132,0,0,0,0
2442,0x50EC,0x828C,0xFDC8,0x02C4,80,130,0,0,0,0
2443,0x50B0,0x80BF,0xFE33,0x02C4,80,128,0,0,0,0
2444,0x5074,0x7F5D,0xFE9E,0x02C4,80,127,0,0,0,0
2445,0x5038,0x7E66,0xFF09,0x02C4,80,126,0,0,0,0
2446,0x50FC,0x7DDA,0xFF74,0x02C4,80,125,0,0,0,0
2447,0x50C0,0x7DB9,0xFFDF,0x02C4,80,125,0,0,0,0
2448,0x5084,0x7E03,0x004A,0x02C4,80,126,0,0,0,0
2449,0x5048,0x7EB8,0x00B5,0x02C4,80,126,0,0,0,0
2450,0x500C,0x7FD8,0x0120,0x02C4,80,127,0,0,0,0
2451,0x50D0,0x8163,0x018B,0x02C4,80,129,0,0,0,0
2452,0x5094,0x8359,0x01F6,0x02C4,80,131,0,0,0,0
2453,0x5058,0x85BA,0x0261,0x02C4,80,133,0,0,0,0
2454,0x501C,0x8886,0x02CC,0x02C4,80,136,0,0,0,0
2455,0x50E0,0x8BBD,0x0337,0x02C4,80,139,0,0,0,0
2456,0x50A4,0x8F5F,0x03A2,0x02C4,80,143,0,0,0,0
2457,0x5068,0x936C,0x040D,0x02C4,80,147,0,0,0,0
2458,0x502C,0x97E4,0x0478,0x02C4,80,151,0,0,0,0
2459,0x50F0,0x9CC7,0x04E3,0x02C4,80,156,0,0,0,0
2460,0x50B4,0xA000,0x054E,0x02C4,80,160,0,0,0,0
2461,0x5078,0xA000,0x05B9,0x02C4,80,160,0,0,0,0
2462,0x503C,0xA000,0x0624,0x02C4,80,160,0,0,0,0
2463,0x5000,0xA000,0xFA70,0x02C4,80,160,0,0,0,0
2464,0x50C4,0x9ADB,0xFADB,0x02C4,80,154,0,0,0,0
2465,0x5088,0x9621,0xFB46,0x02C4,80,150,0,0,0,0
2466,0x504C,0x91D2,0xFBB1,0x02C4,80,145,0,0,0,0
2467,0x5010,0x8DEE,0xFC1C,0x02C4,80,141,0,0,0,0
2468,0x50D4,0x8A75,0xFC87,0x02C4,80,138,0,0,0,0
2469,0x5098,0x8767,0xFCF2,0x02C4,80,135,0,0,0,0
2470,0x505C,0x84C4,0xFD5D,0x02C4,80,132,0,0,0,0
2471,0x5020,0x828C,0xFDC8,0x02C4,80,130,0,0,0,0
2472,0x50E4,0x80BF,0xFE33,0x02C4,80,128,0,0,0,0
2473,0x50A8,0x7F5D,0xFE9E,0x02C4,80,127,0,0,0,0
2474,0x506C,0x7E66,0xFF09,0x02C4,80,126,0,0,0,0
2475,0x5030,0x7DDA,0xFF74,0x02C4,80,125,0,0,0,0
2476,0x50F4,0x7DB9,0xFFDF,0x02C4,80,125,0,0,0,0
2477,0x50B8,0x7E03,0x004A,0x02C4,80,126,0,0,0,0
2478,0x507C,0x7EB8,0x00B5,0x02C4,80,126,0,0,0,0
2479,0x5040,0x7FD8,0x0120,0x02C4,80,127,0,0,0,0
2480,0x5004,0x8163,0x018B,0x02C4,80,129,0,0,0,0
2481,0x50C8,0x8359,0x01F6,0x02C4,80,131,0,0,0,0
2482,0x508C,0x85BA,0x0261,0x02C4,80,133,0,0,0,0
2483,0x5050,0x8886,0x02CC,0x02C4,80,136,0,0,0,0
2484,0x5014,0x8BBD,0x0337,0x02C4,80,139,0,0,0,0
2485,0x50D8,0x8F5F,0x03A2,0x02C4,80,143,0,0,0,0
2486,0x509C,0x936C,0x040D,0x02C4,80,147,0,0,0,0
2487,0x5060,0x97E4,0x0478,0x02C4,80,151,0,0,0,0
2488,0x5024,0x9CC7,0x04E3,0x02C4,80,156,0,0,0,0
2489,0x50E8,0xA000,0x054E,0x02C4,80,160,0,0,0,0
2490,0x50AC,0xA000,0x05B9,0x02C4,80,160,0,0,0,0
2491,0x5070,0xA000,0x0624,0x02C4,80,160,0,0,0,0
2492,0x5034,0xA000,0xFA70,0x02C4,80,160,0,0,0,0
2493,0x50F8,0x9ADB,0xFADB,0x02C4,80,154,0,0,0,0
2494,0x50BC,0x9621,0xFB46,0x02C4,80,150,0,0,0,0
2495,0x5080,0x91D2,0xFBB1,0x02C4,80,145,0,0,0,0
2496,0x5044,0x8DEE,0xFC1C,0x02C4,80,141,0,0,0,0
2497,0x5008,0x8A75,0xFC87,0x02C4,80,138,0,0,0,0
2498,0x50CC,0x8767,0xFCF2,0x02C4,80,135,0,0,0,0
2499,0x5090,0x84C4,0xFD5D,0x02C4,80,132,0,0,0,0
2500,0x5054,0x828C,0xFDC8,0x02C4,80,130,0,0,0,0
2501,0x5018,0x80BF,0xFE33,0x02C4,80,128,0,0,0,0
2502,0x50DC,0x7F5D,0xFE9E,0x02C4,80,127,0,0,0,0
2503,0x50A0,0x7E66,0xFF09,0x02C4,80,126,0,0,0,0
2504,0x5064,0x7DDA,0xFF74,0x02C4,80,125,0,0,0,0
2505,0x5028,0x7DB9,0xFFDF,0x02C4,80,125,0,0,0,0
2506,0x50EC,0x7E03,0x004A,0x02C4,80,126,0,0,0,0
2507,0x50B0,0x7EB8,0x00B5,0x02C4,80,126,0,0,0,0
2508,0x5074,0x7FD8,0x0120,0x02C4,80,127,0,0,0,0
2509,0x5038,0x8000,0xFA70,0x02C4,80,128,0,0,0,0
2510,0x50FC,0x7ADB,0xFADB,0x02C4,80,122,0,0,0,0
2511,0x50C0,0x7621,0xFB46,0x02C4,80,118,0,0,0,0
2512,0x5084,0x71D2,0xFBB1,0x02C4,80,113,0,0,0,0
2513,0x5048,0x6DEE,0xFC1C,0x02C4,80,109,0,0,0,0
2514,0x500C,0x6A75,0xFC87,0x02C4,80,106,0,0,0,0
2515,0x50D0,0x6767,0xFCF2,0x02C4,80,103,0,0,0,0
2516,0x5094,0x64C4,0xFD5D,0x02C4,80,100,0,0,0,0
2517,0x5058,0x628C,0xFDC8,0x02C4,80,98,0,0,0,0
2518,0x501C,0x60BF,0xFE33,0x02C4,80,96,0,0,0,0
2519,0x50E0,0x5F5D,0xFE9E,0x02C4,80,95,0,0,0,0
2520,0x50A4,0x5E66,0xFF09,0x02C4,80,94,0,0,0,0
2521,0x5068,0x5DDA,0xFF74,0x02C4,80,93,0,0,0,0
2522,0x502C,0x5DB9,0xFFDF,0x02C4,80,93,0,0,0,0
2523,0x50F0,0x5E03,0x004A,0x02C4,80,94,0,0,0,0
2524,0x50B4,0x5EB8,0x00B5,0x02C4,80,94,0,0,0,0
2525,0x5078,0x5FD8,0x0120,0x02C4,80,95,0,0,0,0
2526,0x503C,0x6000,0xFA70,0x02C4,80,96,0,0,0,0
2527,0x5000,0x5ADB,0xFADB,0x02C4,80,90,0,0,0,0
2528,0x50C4,0x5621,0xFB46,0x02C4,80,86,0,0,0,0
2529,0x5088,0x51D2,0xFBB1,0x02C4,80,81,0,0,0,0
2530,0x504C,0x4DEE,0xFC1C,0x02C4,80,77,0,0,0,0
2531,0x5010,0x4A75,0xFC87,0x02C4,80,74,0,0,0,0
2532,0x50D4,0x4767,0xFCF2,0x02C4,80,71,0,0,0,0
2533,0x5098,0x44C4,0xFD5D,0x02C4,80,68,0,0,0,0
2534,0x505C,0x428C,0xFDC8,0x02C4,80,66,0,0,0,0
2535,0x5020,0x40BF,0xFE33,0x02C4,80,64,0,0,0,0
2536,0x50E4,0x4000,0xFE9E,0x02C4,80,64,0,0,0,0
2537,0x50A8,0x4000,0xFF09,0x02C4,80,64,0,0,0,0
2538,0x506C,0x4000,0xFF74,0x02C4,80,64,0,0,0,0
2539,0x5030,0x4000,0xFFDF,0x02C4,80,64,0,0,0,0
2540,0x50F4,0x404A,0x004A,0x02C4,80,64,0,0,0,0
2541,0x50B8,0x40FF,0x00B5,0x02C4,80,64,0,0,0,0
2542,0x507C,0x421F,0x0120,0x02C4,80,66,0,0,0,0
2543,0x5040,0x43AA,0x018B,0x02C4,80,67,0,0,0,0
2544,0x5004,0x45A0,0x01F6,0x02C4,80,69,0,0,0,0
2545,0x50C8,0x4801,0x0261,0x02C4,80,72,0,0,0,0
2546,0x508C,0x4ACD,0x02CC,0x02C4,80,74,0,0,0,0
2547,0x5050,0x4E04,0x0337,0x02C4,80,78,0,0,0,0
2548,0x5014,0x51A6,0x03A2,0x02C4,80,81,0,0,0,0
2549,0x50D8,0x55B3,0x040D,0x02C4,80,85,0,0,0,0
2550,0x509C,0x5A2B,0x0478,0x02C4,80,90,0,0,0,0
2551,0x5060,0x5F0E,0x04E3,0x02C4,80,95,0,0,0,0
2552,0x5024,0x6200,0x0000,0x02C4,80,98,0,0,0,1
2553,0x50E8,0x6200,0x0000,0x02C4,80,98,0,0,0,1
2554,0x50AC,0x6200,0xFA70,0x02C4,80,98,0,0,0,0
2555,0x5070,0x5CDB,0xFADB,0x02C4,80,92,0,0,0,0
2556,0x5034,0x5821,0xFB46,0x02C4,80,88,0,0,0,0
2557,0x50F8,0x53D2,0xFBB1,0x02C4,80,83,0,0,0,0
2558,0x50BC,0x4FEE,0xFC1C,0x02C4,80,79,0,0,0,0
2559,0x5080,0x4C75,0xFC87,0x02C4,80,76,0,0,0,0
2560,0x5044,0x4967,0xFCF2,0x02C4,80,73,0,0,0,0
2561,0x5008,0x46C4,0xFD5D,0x02C4,80,70,0,0,0,0
2562,0x50CC,0x448C,0xFDC8,0x02C4,80,68,0,0,0,0
2563,0x5090,0x42BF,0xFE33,0x02C4,80,66,0,0,0,0
2564,0x5054,0x415D,0xFE9E,0x02C4,80,65,0,0,0,0
2565,0x5018,0x4066,0xFF09,0x02C4,80,64,0,0,0,0
2566,0x50DC,0x4000,0xFF74,0x02C4,80,64,0,0,0,0
2567,0x50A0,0x4000,0xFFDF,0x02C4,80,64,0,0,0,0
2568,0x5064,0x404A,0x004A,0x02C4,80,64,0,0,0,0
2569,0x5028,0x40FF,0x00B5,0x02C4,80,64,0,0,0,0
2570,0x50EC,0x421F,0x0120,0x02C4,80,66,0,0,0,0
2571,0x50B0,0x43AA,0x018B,0x02C4,80,67,0,0,0,0
2572,0x5074,0x45A0,0x01F6,0x02C4,80,69,0,0,0,0
2573,0x5038,0x4801,0x0261,0x02C4,80,72,0,0,0,0
2574,0x50FC,0x4ACD,0x02CC,0x02C4,80,74,0,0,0,0
2575,0x50C0,0x4E04,0x0337,0x02C4,80,78,0,0,0,0
2576,0x5084,0x51A6,0x03A2,0x02C4,80,81,0,0,0,0
2577,0x5048,0x55B3,0x040D,0x02C4,80,85,0,0,0,0
2578,0x500C,0x5200,0xFA70,0x02C4,80,82,0,0,0,0
2579,0x50D0,0x4CDB,0xFADB,0x02C4,80,76,0,0,0,0
2580,0x5094,0x4821,0xFB46,0x02C4,80,72,0,0,0,0
2581,0x5058,0x43D2,0xFBB1,0x02C4,80,67,0,0,0,0
2582,0x501C,0x4000,0xFC1C,0x02C4,80,64,0,0,0,0
2583,0x50E0,0x4000,0xFC87,0x02C4,80,64,0,0,0,0
2584,0x50A4,0x4000,0xFCF2,0x02C4,80,64,0,0,0,0
2585,0x5068,0x4000,0xFD5D,0x02C4,80,64,0,0,0,0
2586,0x502C,0x4000,0xFDC8,0x02C4,80,64,0,0,0,0
2587,0x50F0,0x4000,0xFE33,0x02C4,80,64,0,0,0,0
2588,0x50B4,0x4000,0xFE9E,0x02C4,80,64,0,0,0,0
2589,0x5078,0x4000,0xFF09,0x02C4,80,64,0,0,0,0
2590,0x503C,0x4000,0xFF74,0x02C4,80,64,0,0,0,0
2591,0x5000,0x4000,0xFFDF,0x02C4,80,64,0,0,0,0
2592,0x50C4,0x404A,0x004A,0x02C4,80,64,0,0,0,0
2593,0x5088,0x40FF,0x00B5,0x02C4,80,64,0,0,0,0
2594,0x504C,0x421F,0x0120,0x02C4,80,66,0,0,0,0
2595,0x5010,0x43AA,0x018B,0x02C4,80,67,0,0,0,0
2596,0x50D4,0x45A0,0x01F6,0x02C4,80,69,0,0,0,0
2597,0x5098,0x4801,0x0261,0x02C4,80,72,0,0,0,0
2598,0x505C,0x4ACD,0x02CC,0x02C4,80,74,0,0,0,0
2599,0x5020,0x4E04,0x0337,0x02C4,80,78,0,0,0,0
2600,0x50E4,0x51A6,0x03A2,0x02C4,80,81,0,0,0,0
2601,0x50A8,0x55B3,0x040D,0x02C4,80,85,0,0,0,0
2602,0x506C,0x5A2B,0x0478,0x02C4,80,90,0,0,0,0
2603,0x5030,0x5F0E,0x04E3,0x02C4,80,95,0,0,0,0
2604,0x50F4,0x645C,0x054E,0x02C4,80,100,0,0,0,0
2605,0x50B8,0x6A15,0x05B9,0x02C4,80,106,0,0,0,0
2606,0x507C,0x7039,0x0624,0x02C4,80,112,0,0,0,0
2607,0x5040,0x7300,0xFA70,0x02C4,80,115,0,0,0,0
2608,0x5004,0x6DDB,0xFADB,0x02C4,80,109,0,0,0,0
2609,0x50C8,0x6921,0xFB46,0x02C4,80,105,0,0,0,0
2610,0x508C,0x64D2,0xFBB1,0x02C4,80,100,0,0,0,0
2611,0x5050,0x60EE,0xFC1C,0x02C4,80,96,0,0,0,0
2612,0x5014,0x5D75,0xFC87,0x02C4,80,93,0,0,0,0
2613,0x50D8,0x5A67,0xFCF2,0x02C4,80,90,0,0,0,0
2614,0x509C,0x57C4,0xFD5D,0x02C4,80,87,0,0,0,0
2615,0x5060,0x558C,0xFDC8,0x02C4,80,85,0,0,0,0
2616,0x5024,0x53BF,0xFE33,0x02C4,80,83,0,0,0,0
2617,0x50E8,0x525D,0xFE9E,0x02C4,80,82,0,0,0,0
2618,0x50AC,0x5166,0xFF09,0x02C4,80,81,0,0,0,0
2619,0x5070,0x50DA,0xFF74,0x02C4,80,80,0,0,0,0
2620,0x5034,0x50B9,0xFFDF,0x02C4,80,80,0,0,0,0
2621,0x50F8,0x5103,0x004A,0x02C4,80,81,0,0,0,0
2622,0x50BC,0x51B8,0x00B5,0x02C4,80,81,0,0,0,0
2623,0x5080,0x52D8,0x0120,0x02C4,80,82,0,0,0,0
2624,0x5044,0x5463,0x018B,0x02C4,80,84,0,0,0,0
2625,0x5008,0x5659,0x01F6,0x02C4,80,86,0,0,0,0
2626,0x50CC,0x58BA,0x0261,0x02C4,80,88,0,0,0,0
2627,0x5090,0x5B86,0x02CC,0x02C4,80,91,0,0,0,0
2628,0x5054,0x5EBD,0x0337,0x02C4,80,94,0,0,0,0
2629,0x5018,0x625F,0x03A2,0x02C4,80,98,0,0,0,0
2630,0x50DC,0x666C,0x040D,0x02C4,80,102,0,0,0,0
2631,0x50A0,0x6AE4,0x0478,0x02C4,80,106,0,0,0,0
2632,0x5064,0x6FC7,0x04E3,0x02C4,80,111,0,0,0,0
2633,0x5028,0x7300,0x0000,0x02C4,80,115,0,0,0,1
2634,0x50EC,0x7300,0x0000,0x02C4,80,115,0,0,0,1
2635,0x50B0,0x7300,0x0000,0x02C4,80,115,0,0,0,1
2636,0x5074,0x7300,0x0000,0x02C4,80,115,0,0,0,1
2637,0x5038,0x7300,0x0000,0x02C4,80,115,0,0,0,1
2638,0x50FC,0x7300,0x0000,0x02C4,80,115,0,0,0,1
2639,0x50C0,0x7300,0xFA70,0x02C4,80,115,0,0,0,0
2640,0x5084,0x6DDB,0xFADB,0x02C4,80,109,0,0,0,0
2641,0x5048,0x6921,0xFB46,0x02C4,80,105,0,0,0,0
2642,0x500C,0x64D2,0xFBB1,0x02C4,80,100,0,0,0,0
2643,0x50D0,0x60EE,0xFC1C,0x02C4,80,96,0,0,0,0
2644,0x5094,0x5D75,0xFC87,0x02C4,80,93,0,0,0,0
2645,0x5058,0x5A67,0xFCF2,0x02C4,80,90,0,0,0,0
2646,0x501C,0x57C4,0xFD5D,0x02C4,80,87,0,0,0,0
2647,0x50E0,0x558C,0xFDC8,0x02C4,80,85,0,0,0,0
2648,0x50A4,0x53BF,0xFE33,0x02C4,80,83,0,0,0,0
2649,0x5068,0x525D,0xFE9E,0x02C4,80,82,0,0,0,0
2650,0x502C,0x5166,0xFF09,0x02C4,80,81,0,0,0,0
2651,0x50F0,0x50DA,0xFF74,0x02C4,80,80,0,0,0,0
2652,0x50B4,0x50B9,0xFFDF,0x02C4,80,80,0,0,0,0
2653,0x5078,0x5103,0x004A,0x02C4,80,81,0,0,0,0
2654,0x503C,0x51B8,0x00B5,0x02C4,80,81,0,0,0,0
2655,0x5000,0x52D8,0x0120,0x02C4,80,82,0,0,0,0
2656,0x50C4,0x5463,0x018B,0x02C4,80,84,0,0,0,0
2657,0x5088,0x5659,0x01F6,0x02C4,80,86,0,0,0,0
2658,0x504C,0x58BA,0x0261,0x02C4,80,88,0,0,0,0
2659,0x5010,0x5B86,0x02CC,0x02C4,80,91,0,0,0,0
2660,0x50D4,0x5EBD,0x0337,0x02C4,80,94,0,0,0,0
2661,0x5098,0x625F,0x03A2,0x02C4,80,98,0,0,0,0
2662,0x505C,0x666C,0x040D,0x02C4,80,102,0,0,0,0
2663,0x5020,0x6AE4,0x0478,0x02C4,80,106,0,0,0,0
2664,0x50E4,0x6FC7,0x04E3,0x02C4,80,111,0,0,0,0
2665,0x50A8,0x7515,0x054E,0x02C4,80,117,0,0,0,0
2666,0x506C,0x7ACE,0x05B9,0x02C4,80,122,0,0,0,0
2667,0x5030,0x80F2,0x0624,0x02C4,80,128,0,0,0,0
2668,0x50F4,0x8781,0x068F,0x02C4,80,135,0,0,0,0
2669,0x50B8,0x8E7B,0x06FA,0x02C4,80,142,0,0,0,0
2670,0x507C,0x95E0,0x0765,0x02C4,80,149,0,0,0,0
2671,0x5040,0x9CDA,0x06FA,0x02C4,80,156,0,0,0,0
2672,0x5004,0xA000,0x0765,0x02C4,80,160,0,0,0,0
2673,0x50C8,0xA000,0x06FA,0x02C4,80,160,0,0,0,0
2674,0x508C,0xA000,0x0765,0x02C4,80,160,0,0,0,0
2675,0x5050,0xA000,0x06FA,0x02C4,80,160,0,0,0,0
2676,0x5014,0xA000,0x0765,0x02C4,80,160,0,0,0,0
2677,0x50D8,0xA000,0x06FA,0x02C4,80,160,0,0,0,0
2678,0x509C,0xA000,0x0765,0x02C4,80,160,0,0,0,0
2679,0x5060,0xA000,0x06FA,0x02C4,80,160,0,0,0,0
2680,0x5024,0xA000,0x0765,0x02C4,80,160,0,0,0,0
2681,0x50E8,0xA000,0x06FA,0x02C4,80,160,0,0,0,0
2682,0x50AC,0xA000,0x0765,0x02C4,80,160,0,0,0,0
2683,0x5070,0xA000,0x06FA,0x02C4,80,160,0,0,0,0
2684,0x5034,0xA000,0x0765,0x02C4,80,160,0,0,0,0
2685,0x50F8,0xA000,0x06FA,0x02C4,80,160,0,0,0,0
2686,0x50BC,0xA000,0x0765,0x02C4,80,160,0,0,0,0
2687,0x5080,0xA000,0x06FA,0x02C4,80,160,0,0,0,0
2688,0x5044,0xA2B2,0xFA70,0x02C4,80,162,0,0,0,0
2689,0x5008,0x9D8D,0xFADB,0x02C4,80,157,0,0,0,0
2690,0x50CC,0x98D3,0xFB46,0x02C4,80,152,0,0,0,0
2691,0x5090,0x9484,0xFBB1,0x02C4,80,148,0,0,0,0
2692,0x5054,0x90A0,0xFC1C,0x02C4,80,144,0,0,0,0
2693,0x5018,0x8D27,0xFC87,0x02C4,80,141,0,0,0,0
2694,0x50DC,0x8A19,0xFCF2,0x02C4,80,138,0,0,0,0
2695,0x50A0,0x8776,0xFD5D,0x02C4,80,135,0,0,0,0
2696,0x5064,0x853E,0xFDC8,0x02C4,80,133,0,0,0,0
2697,0x5028,0x8371,0xFE33,0x02C4,80,131,0,0,0,0
2698,0x50EC,0x820F,0xFE9E,0x02C4,80,130,0,0,0,0
2699,0x50B0,0x8118,0xFF09,0x02C4,80,129,0,0,0,0
2700,0x5074,0x808C,0xFF74,0x02C4,80,128,0,0,0,0
2701,0x5038,0x806B,0xFFDF,0x02C4,80,128,0,0,0,0
2702,0x50FC,0x80B5,0x004A,0x02C4,80,128,0,0,0,0
2703,0x50C0,0x816A,0x00B5,0x02C4,80,129,0,0,0,0
2704,0x5084,0x828A,0x0120,0x02C4,80,130,0,0,0,0
2705,0x5048,0x8415,0x018B,0x02C4,80,132,0,0,0,0
2706,0x500C,0x8200,0xFA70,0x02C4,80,130,0,0,0,0
2707,0x50D0,0x7CDB,0xFADB,0x02C4,80,124,0,0,0,0
2708,0x5094,0x7821,0xFB46,0x02C4,80,120,0,0,0,0
2709,0x5058,0x73D2,0xFBB1,0x02C4,80,115,0,0,0,0
2710,0x501C,0x6FEE,0xFC1C,0x02C4,80,111,0,0,0,0
2711,0x50E0,0x6C75,0xFC87,0x02C4,80,108,0,0,0,0
2712,0x50A4,0x6967,0xFCF2,0x02C4,80,105,0,0,0,0
2713,0x5068,0x66C4,0xFD5D,0x02C4,80,102,0,0,0,0
2714,0x502C,0x648C,0xFDC8,0x02C4,80,100,0,0,0,0
2715,0x50F0,0x62BF,0xFE33,0x02C4,80,98,0,0,0,0
2716,0x50B4,0x615D,0xFE9E,0x02C4,80,97,0,0,0,0
2717,0x5078,0x6066,0xFF09,0x02C4,80,96,0,0,0,0
2718,0x503C,0x5FDA,0xFF74,0x02C4,80,95,0,0,0,0
2719,0x5000,0x5FB9,0xFFDF,0x02C4,80,95,0,0,0,0
2720,0x50C4,0x6003,0x004A,0x02C4,80,96,0,0,0,0
2721,0x5088,0x60B8,0x00B5,0x02C4,80,96,0,0,0,0
2722,0x504C,0x61D8,0x0120,0x02C4,80,97,0,0,0,0
2723,0x5010,0x6200,0xFA70,0x02C4,80,98,0,0,0,0
2724,0x50D4,0x5CDB,0xFADB,0x02C4,80,92,0,0,0,0
2725,0x5098,0x5821,0xFB46,0x02C4,80,88,0,0,0,0
2726,0x505C,0x53D2,0xFBB1,0x02C4,80,83,0,0,0,0
2727,0x5020,0x4FEE,0xFC1C,0x02C4,80,79,0,0,0,0
2728,0x50E4,0x4C75,0xFC87,0x02C4,80,76,0,0,0,0
2729,0x50A8,0x4967,0xFCF2,0x02C4,80,73,0,0,0,0
2730,0x506C,0x46C4,0xFD5D,0x02C4,80,70,0,0,0,0
2731,0x5030,0x448C,0xFDC8,0x02C4,80,68,0,0,0,0
2732,0x50F4,0x42BF,0xFE33,0x02C4,80,66,0,0,0,0
2733,0x50B8,0x415D,0xFE9E,0x02C4,80,65,0,0,0,0
2734,0x507C,0x4066,0xFF09,0x02C4,80,64,0,0,0,0
2735,0x5040,0x4000,0xFF74,0x02C4,80,64,0,0,0,0
2736,0x5004,0x4000,0xFFDF,0x02C4,80,64,0,0,0,0
2737,0x50C8,0x404A,0x004A,0x02C4,80,64,0,0,0,0
2738,0x508C,0x40FF,0x00B5,0x02C4,80,64,0,0,0,0
2739,0x5050,0x421F,0x0120,0x02C4,80,66,0,0,0,0
2740,0x5014,0x4300,0xFA70,0x02C4,80,67,0,0,0,0
2741,0x50D8,0x4000,0xFADB,0x02C4,80,64,0,0,0,0
2742,0x509C,0x4000,0xFB46,0x02C4,80,64,0,0,0,0
2743,0x5060,0x4000,0xFBB1,0x02C4,80,64,0,0,0,0
2744,0x5024,0x4000,0xFC1C,0x02C4,80,64,0,0,0,0
2745,0x50E8,0x4000,0xFC87,0x02C4,80,64,0,0,0,0
2746,0x50AC,0x4000,0xFCF2,0x02C4,80,64,0,0,0,0
2747,0x5070,0x4000,0xFD5D,0x02C4,80,64,0,0,0,0
2748,0x5034,0x4000,0xFDC8,0x02C4,80,64,0,0,0,0
2749,0x50F8,0x4000,0xFE33,0x02C4,80,64,0,0,0,0
2750,0x50BC,0x4000,0xFE9E,0x02C4,80,64,0,0,0,0
2751,0x5080,0x4000,0xFF09,0x02C4,80,64,0,0,0,0
2752,0x5044,0x4000,0xFF74,0x02C4,80,64,0,0,0,0
2753,0x5008,0x4000,0xFFDF,0x02C4,80,64,0,0,0,0
2754,0x50CC,0x404A,0x004A,0x02C4,80,64,0,0,0,0
2755,0x5090,0x40FF,0x00B5,0x02C4,80,64,0,0,0,0
2756,0x5054,0x421F,0x0120,0x02C4,80,66,0,0,0,0
2757,0x5018,0x43AA,0x018B,0x02C4,80,67,0,0,0,0
2758,0x50DC,0x4200,0xFA70,0x02C4,80,66,0,0,0,0
2759,0x50A0,0x4000,0xFADB,0x02C4,80,64,0,0,0,0
2760,0x5064,0x4000,0xFB46,0x02C4,80,64,0,0,0,0
2761,0x5028,0x4000,0xFBB1,0x02C4,80,64,0,0,0,0
2762,0x50EC,0x4000,0xFC1C,0x02C4,80,64,0,0,0,0
2763,0x50B0,0x4000,0xFC87,0x02C4,80,64,0,0,0,0
2764,0x5074,0x4000,0xFCF2,0x02C4,80,64,0,0,0,0
2765,0x5038,0x4000,0xFD5D,0x02C4,80,64,0,0,0,0
2766,0x50FC,0x4000,0xFDC8,0x02C4,80,64,0,0,0,0
2767,0x50C0,0x4000,0xFE33,0x02C4,80,64,0,0,0,0
2768,0x5084,0x4000,0xFE9E,0x02C4,80,64,0,0,0,0
2769,0x5048,0x4000,0xFF09,0x02C4,80,64,0,0,0,0
2770,0x500C,0x4000,0xFF74,0x02C4,80,64,0,0,0,0
2771,0x50D0,0x4000,0xFFDF,0x02C4,80,64,0,0,0,0
2772,0x5094,0x404A,0x004A,0x02C4,80,64,0,0,0,0
2773,0x5058,0x40FF,0x00B5,0x02C4,80,64,0,0,0,0
2774,0x501C,0x421F,0x0120,0x02C4,80,66,0,0,0,0
2775,0x50E0,0x43AA,0x018B,0x02C4,80,67,0,0,0,0
2776,0x50A4,0x45A0,0x01F6,0x02C4,80,69,0,0,0,0
2777,0x5068,0x4801,0x0261,0x02C4,80,72,0,0,0,0
2778,0x502C,0x4ACD,0x02CC,0x02C4,80,74,0,0,0,0
2779,0x50F0,0x4E04,0x0337,0x02C4,80,78,0,0,0,0
2780,0x50B4,0x51A6,0x03A2,0x02C4,80,81,0,0,0,0
2781,0x5078,0x55B3,0x040D,0x02C4,80,85,0,0,0,0
2782,0x503C,0x5A2B,0x0478,0x02C4,80,90,0,0,0,0
2783,0x5000,0x5F0E,0x04E3,0x02C4,80,95,0,0,0,0
2784,0x50C4,0x6200,0xFA70,0x02C4,80,98,0,0,0,0
2785,0x5088,0x5CDB,0xFADB,0x02C4,80,92,0,0,0,0
2786,0x504C,0x5821,0xFB46,0x02C4,80,88,0,0,0,0
2787,0x5010,0x53D2,0xFBB1,0x02C4,80,83,0,0,0,0
2788,0x50D4,0x4FEE,0xFC1C,0x02C4,80,79,0,0,0,0
2789,0x5098,0x4C75,0xFC87,0x02C4,80,76,0,0,0,0
2790,0x505C,0x4967,0xFCF2,0x02C4,80,73,0,0,0,0
2791,0x5020,0x46C4,0xFD5D,0x02C4,80,70,0,0,0,0
2792,0x50E4,0x448C,0xFDC8,0x02C4,80,68,0,0,0,0
2793,0x50A8,0x42BF,0xFE33,0x02C4,80,66,0,0,0,0
2794,0x506C,0x415D,0xFE9E,0x02C4,80,65,0,0,0,0
2795,0x5030,0x4066,0xFF09,0x02C4,80,64,0,0,0,0
2796,0x50F4,0x4000,0xFF74,0x02C4,80,64,0,0,0,0
2797,0x50B8,0x4000,0xFFDF,0x02C4,80,64,0,0,0,0
2798,0x507C,0x404A,0x004A,0x02C4,80,64,0,0,0,0
2799,0x5040,0x40FF,0x00B5,0x02C4,80,64,0,0,0,0
2800,0x5004,0x421F,0x0120,0x02C4,80,66,0,0,0,0
2801,0x50C8,0x43AA,0x018B,0x02C4,80,67,0,0,0,0
2802,0x508C,0x45A0,0x01F6,0x02C4,80,69,0,0,0,0
2803,0x5050,0x4801,0x0261,0x02C4,80,72,0,0,0,0
2804,0x5014,0x4ACD,0x02CC,0x02C4,80,74,0,0,0,0
2805,0x50D8,0x4E04,0x0337,0x02C4,80,78,0,0,0,0
2806,0x509C,0x51A6,0x03A2,0x02C4,80,81,0,0,0,0
2807,0x5060,0x55B3,0x040D,0x02C4,80,85,0,0,0,0
2808,0x5024,0x5A2B,0x0478,0x02C4,80,90,0,0,0,0
2809,0x50E8,0x5F0E,0x04E3,0x02C4,80,95,0,0,0,0
2810,0x50AC,0x645C,0x054E,0x02C4,80,100,0,0,0,0
2811,0x5070,0x6A15,0x05B9,0x02C4,80,106,0,0,0,0
2812,0x5034,0x7039,0x0624,0x02C4,80,112,0,0,0,0
2813,0x50F8,0x76C8,0x068F,0x02C4,80,118,0,0,0,0
2814,0x50BC,0x7DC2,0x06FA,0x02C4,80,125,0,0,0,0
2815,0x5080,0x8527,0x0765,0x02C4,80,133,0,0,0,0
2816,0x5044,0x8C21,0x06FA,0x02C4,80,140,0,0,0,0
2817,0x5008,0x9386,0x0765,0x02C4,80,147,0,0,0,0
2818,0x50CC,0x9A80,0x06FA,0x02C4,80,154,0,0,0,0
2819,0x5090,0xA000,0x0765,0x02C4,80,160,0,0,0,0
2820,0x5054,0xA000,0x0000,0x02C4,80,160,0,0,0,1
2821,0x5018,0xA000,0x0000,0x02C4,80,160,0,0,0,1
2822,0x50DC,0xA000,0x0000,0x02C4,80,160,0,0,0,1
2823,0x50A0,0xA000,0x0000,0x02C4,80,160,0,0,0,1
2824,0x5064,0xA000,0x0000,0x02C4,80,160,0,0,0,1
2825,0x5028,0xA000,0xFA70,0x02C4,80,160,0,0,0,0
2826,0x50EC,0x9ADB,0xFADB,0x02C4,80,154,0,0,0,0
2827,0x50B0,0x9621,0xFB46,0x02C4,80,150,0,0,0,0
2828,0x5074,0x91D2,0xFBB1,0x02C4,80,145,0,0,0,0
2829,0x5038,0x8DEE,0xFC1C,0x02C4,80,141,0,0,0,0
2830,0x50FC,0x8A75,0xFC87,0x02C4,80,138,0,0,0,0
2831,0x50C0,0x8767,0xFCF2,0x02C4,80,135,0,0,0,0
2832,0x5084,0x84C4,0xFD5D,0x02C4,80,132,0,0,0,0
2833,0x5048,0x828C,0xFDC8,0x02C4,80,130,0,0,0,0
2834,0x500C,0x80BF,0xFE33,0x02C4,80,128,0,0,0,0
2835,0x50D0,0x7F5D,0xFE9E,0x02C4,80,127,0,0,0,0
2836,0x5094,0x7E66,0xFF09,0x02C4,80,126,0,0,0,0
2837,0x5058,0x7DDA,0xFF74,0x02C4,80,125,0,0,0,0
2838,0x501C,0x7DB9,0xFFDF,0x02C4,80,125,0,0,0,0
2839,0x50E0,0x7E03,0x004A,0x02C4,80,126,0,0,0,0
2840,0x50A4,0x7EB8,0x00B5,0x02C4,80,126,0,0,0,0
2841,0x5068,0x7FD8,0x0120,0x02C4,80,127,0,0,0,0
2842,0x502C,0x8163,0x018B,0x02C4,80,129,0,0,0,0
2843,0x50F0,0x8359,0x01F6,0x02C4,80,131,0,0,0,0
2844,0x50B4,0x85BA,0x0261,0x02C4,80,133,0,0,0,0
2845,0x5078,0x8886,0x02CC,0x02C4,80,136,0,0,0,0
2846,0x503C,0x8BBD,0x0337,0x02C4,80,139,0,0,0,0
2847,0x5000,0x8F5F,0x03A2,0x02C4,80,143,0,0,0,0
2848,0x50C4,0x936C,0x040D,0x02C4,80,147,0,0,0,0
2849,0x5088,0x97E4,0x0478,0x02C4,80,151,0,0,0,0
2850,0x504C,0x9000,0x0000,0x02C4,80,144,0,0,0,1
2851,0x5010,0x9000,0x0000,0x02C4,80,144,0,0,0,1
2852,0x50D4,0x9000,0x0000,0x02C4,80,144,0,0,0,1
2853,0x5098,0x9000,0x0000,0x02C4,80,144,0,0,0,1
2854,0x505C,0x9000,0x0000,0x02C4,80,144,0,0,0,1
2855,0x5020,0x9000,0xFA70,0x02C4,80,144,0,0,0,0
2856,0x50E4,0x8ADB,0xFADB,0x02C4,80,138,0,0,0,0
2857,0x50A8,0x8621,0xFB46,0x02C4,80,134,0,0,0,0
2858,0x506C,0x81D2,0xFBB1,0x02C4,80,129,0,0,0,0
2859,0x5030,0x7DEE,0xFC1C,0x02C4,80,125,0,0,0,0
2860,0x50F4,0x7A75,0xFC87,0x02C4,80,122,0,0,0,0
2861,0x50B8,0x7767,0xFCF2,0x02C4,80,119,0,0,0,0
2862,0x507C,0x74C4,0xFD5D,0x02C4,80,116,0,0,0,0
2863,0x5040,0x728C,0xFDC8,0x02C4,80,114,0,0,0,0
2864,0x5004,0x70BF,0xFE33,0x02C4,80,112,0,0,0,0
2865,0x50C8,0x6F5D,0xFE9E,0x02C4,80,111,0,0,0,0
2866,0x508C,0x6E66,0xFF09,0x02C4,80,110,0,0,0,0
2867,0x5050,0x6DDA,0xFF74,0x02C4,80,109,0,0,0,0
2868,0x5014,0x6DB9,0xFFDF,0x02C4,80,109,0,0,0,0
2869,0x50D8,0x6E03,0x004A,0x02C4,80,110,0,0,0,0
2870,0x509C,0x6EB8,0x00B5,0x02C4,80,110,0,0,0,0
2871,0x5060,0x6FD8,0x0120,0x02C4,80,111,0,0,0,0
2872,0x5024,0x7163,0x018B,0x02C4,80,113,0,0,0,0
2873,0x50E8,0x7359,0x01F6,0x02C4,80,115,0,0,0,0
2874,0x50AC,0x75BA,0x0261,0x02C4,80,117,0,0,0,0
2875,0x5070,0x7886,0x02CC,0x02C4,80,120,0,0,0,0
2876,0x5034,0x7BBD,0x0337,0x02C4,80,123,0,0,0,0
2877,0x50F8,0x7F5F,0x03A2,0x02C4,80,127,0,0,0,0
2878,0x50BC,0x836C,0x040D,0x02C4,80,131,0,0,0,0
2879,0x5080,0x8000,0x0000,0x02C4,80,128,0,0,0,1
2880,0x5044,0x8000,0x0000,0x02C4,80,128,0,0,0,1
2881,0x5008,0x8000,0x0000,0x02C4,80,128,0,0,0,1
2882,0x50CC,0x8000,0x0000,0x02C4,80,128,0,0,0,1
2883,0x5090,0x8000,0x0000,0x02C4,80,128,0,0,0,1
2884,0x5054,0x8000,0xFA70,0x02C4,80,128,0,0,0,0
2885,0x5018,0x7ADB,0xFADB,0x02C4,80,122,0,0,0,0
2886,0x50DC,0x7621,0xFB46,0x02C4,80,118,0,0,0,0
2887,0x50A0,0x71D2,0xFBB1,0x02C4,80,113,0,0,0,0
2888,0x5064,0x6DEE,0xFC1C,0x02C4,80,109,0,0,0,0
2889,0x5028,0x6A75,0xFC87,0x02C4,80,106,0,0,0,0
2890,0x50EC,0x6767,0xFCF2,0x02C4,80,103,0,0,0,0
2891,0x50B0,0x64C4,0xFD5D,0x02C4,80,100,0,0,0,0
2892,0x5074,0x628C,0xFDC8,0x02C4,80,98,0,0,0,0
2893,0x5038,0x60BF,0xFE33,0x02C4,80,96,0,0,0,0
2894,0x50FC,0x5F5D,0xFE9E,0x02C4,80,95,0,0,0,0
2895,0x50C0,0x5E66,0xFF09,0x02C4,80,94,0,0,0,0
2896,0x5084,0x5DDA,0xFF74,0x02C4,80,93,0,0,0,0
2897,0x5048,0x5DB9,0xFFDF,0x02C4,80,93,0,0,0,0
2898,0x500C,0x5E03,0x004A,0x02C4,80,94,0,0,0,0
2899,0x50D0,0x5EB8,0x00B5,0x02C4,80,94,0,0,0,0
2900,0x5094,0x5FD8,0x0120,0x02C4,80,95,0,0,0,0
2901,0x5058,0x6163,0x018B,0x02C4,80,97,0,0,0,0
2902,0x501C,0x6359,0x01F6,0x02C4,80,99,0,0,0,0
2903,0x50E0,0x65BA,0x0261,0x02C4,80,101,0,0,0,0
2904,0x50A4,0x6886,0x02CC,0x02C4,80,104,0,0,0,0
2905,0x5068,0x6BBD,0x0337,0x02C4,80,107,0,0,0,0
2906,0x502C,0x6F5F,0x03A2,0x02C4,80,111,0,0,0,0
2907,0x50F0,0x736C,0x040D,0x02C4,80,115,0,0,0,0
2908,0x50B4,0x7000,0x0000,0x02C4,80,112,0,0,0,1
2909,0x5078,0x7000,0x0000,0x02C4,80,112,0,0,0,1
2910,0x503C,0x7000,0x0000,0x02C4,80,112,0,0,0,1
2911,0x5000,0x7000,0x0000,0x02C4,80,112,0,0,0,1
2912,0x50C4,0x7000,0x0000,0x02C4,80,112,0,0,0,1
2913,0x5088,0x7000,0xFA70,0x02C4,80,112,0,0,0,0
2914,0x504C,0x6ADB,0xFADB,0x02C4,80,106,0,0,0,0
2915,0x5010,0x6621,0xFB46,0x02C4,80,102,0,0,0,0
2916,0x50D4,0x61D2,0xFBB1,0x02C4,80,97,0,0,0,0
2917,0x5098,0x5DEE,0xFC1C,0x02C4,80,93,0,0,0,0
2918,0x505C,0x5A75,0xFC87,0x02C4,80,90,0,0,0,0
2919,0x5020,0x5767,0xFCF2,0x02C4,80,87,0,0,0,0
2920,0x50E4,0x54C4,0xFD5D,0x02C4,80,84,0,0,0,0
2921,0x50A8,0x528C,0xFDC8,0x02C4,80,82,0,0,0,0
2922,0x506C,0x50BF,0xFE33,0x02C4,80,80,0,0,0,0
2923,0x5030,0x4F5D,0xFE9E,0x02C4,80,79,0,0,0,0
2924,0x50F4,0x4E66,0xFF09,0x02C4,80,78,0,0,0,0
2925,0x50B8,0x4DDA,0xFF74,0x02C4,80,77,0,0,0,0
2926,0x507C,0x4DB9,0xFFDF,0x02C4,80,77,0,0,0,0
2927,0x5040,0x4E03,0x004A,0x02C4,80,78,0,0,0,0
2928,0x5004,0x4EB8,0x00B5,0x02C4,80,78,0,0,0,0
2929,0x50C8,0x4FD8,0x0120,0x02C4,80,79,0,0,0,0
2930,0x508C,0x5163,0x018B,0x02C4,80,81,0,0,0,0
2931,0x5050,0x5359,0x01F6,0x02C4,80,83,0,0,0,0
2932,0x5014,0x55BA,0x0261,0x02C4,80,85,0,0,0,0
2933,0x50D8,0x5886,0x02CC,0x02C4,80,88,0,0,0,0
2934,0x509C,0x5BBD,0x0337,0x02C4,80,91,0,0,0,0
2935,0x5060,0x5F5F,0x03A2,0x02C4,80,95,0,0,0,0
2936,0x5024,0x636C,0x040D,0x02C4,80,99,0,0,0,0
2937,0x50E8,0x6000,0x0000,0x02C4,80,96,0,0,0,1
2938,0x50AC,0x6000,0x0000,0x02C4,80,96,0,0,0,1
2939,0x5070,0x6000,0x0000,0x02C4,80,96,0,0,0,1
2940,0x5034,0x6000,0x0000,0x02C4,80,96,0,0,0,1
2941,0x50F8,0x6000,0x0000,0x02C4,80,96,0,0,0,1
2942,0x50BC,0x6000,0xFA70,0x02C4,80,96,0,0,0,0
2943,0x5080,0x5ADB,0xFADB,0x02C4,80,90,0,0,0,0
2944,0x5044,0x5621,0xFB46,0x02C4,80,86,0,0,0,0
2945,0x5008,0x51D2,0xFBB1,0x02C4,80,81,0,0,0,0
2946,0x50CC,0x4DEE,0xFC1C,0x02C4,80,77,0,0,0,0
2947,0x5090,0x4A75,0xFC87,0x02C4,80,74,0,0,0,0
2948,0x5054,0x4767,0xFCF2,0x02C4,80,71,0,0,0,0
2949,0x5018,0x44C4,0xFD5D,0x02C4,80,68,0,0,0,0
2950,0x50DC,0x428C,0xFDC8,0x02C4,80,66,0,0,0,0
2951,0x50A0,0x40BF,0xFE33,0x02C4,80,64,0,0,0,0
2952,0x5064,0x4000,0xFE9E,0x02C4,80,64,0,0,0,0
2953,0x5028,0x4000,0xFF09,0x02C4,80,64,0,0,0,0
2954,0x50EC,0x4000,0xFF74,0x02C4,80,64,0,0,0,0
2955,0x50B0,0x4000,0xFFDF,0x02C4,80,64,0,0,0,0
2956,0x5074,0x404A,0x004A,0x02C4,80,64,0,0,0,0
2957,0x5038,0x40FF,0x00B5,0x02C4,80,64,0,0,0,0
2958,0x50FC,0x421F,0x0120,0x02C4,80,66,0,0,0,0
2959,0x50C0,0x43AA,0x018B,0x02C4,80,67,0,0,0,0
2960,0x5084,0x4200,0xFA70,0x02C4,80,66,0,0,0,0
2961,0x5048,0x4000,0xFADB,0x02C4,80,64,0,0,0,0
2962,0x500C,0x4000,0xFB46,0x02C4,80,64,0,0,0,0
2963,0x50D0,0x4000,0xFBB1,0x02C4,80,64,0,0,0,0
2964,0x5094,0x4000,0xFC1C,0x02C4,80,64,0,0,0,0
2965,0x5058,0x4000,0xFC87,0x02C4,80,64,0,0,0,0
2966,0x501C,0x4000,0xFCF2,0x02C4,80,64,0,0,0,0
2967,0x50E0,0x4000,0xFD5D,0x02C4,80,64,0,0,0,0
2968,0x50A4,0x4000,0xFDC8,0x02C4,80,64,0,0,0,0
2969,0x5068,0x4000,0xFE33,0x02C4,80,64,0,0,0,0
2970,0x502C,0x4000,0xFE9E,0x02C4,80,64,0,0,0,0
2971,0x50F0,0x4000,0xFF09,0x02C4,80,64,0,0,0,0
2972,0x50B4,0x4000,0xFF74,0x02C4,80,64,0,0,0,0
2973,0x5078,0x4000,0xFFDF,0x02C4,80,64,0,0,0,0
2974,0x503C,0x404A,0x004A,0x02C4,80,64,0,0,0,0
2975,0x5000,0x40FF,0x00B5,0x02C4,80,64,0,0,0,0
2976,0x50C4,0x421F,0x0120,0x02C4,80,66,0,0,0,0
2977,0x5088,0x43AA,0x018B,0x02C4,80,67,0,0,0,0
2978,0x504C,0x45A0,0x01F6,0x02C4,80,69,0,0,0,0
2979,0x5010,0x4801,0x0261,0x02C4,80,72,0,0,0,0
2980,0x50D4,0x4ACD,0x02CC,0x02C4,80,74,0,0,0,0
2981,0x5098,0x4E04,0x0337,0x02C4,80,78,0,0,0,0
2982,0x505C,0x51A6,0x03A2,0x02C4,80,81,0,0,0,0
2983,0x5020,0x5200,0xFA70,0x02C4,80,82,0,0,0,0
2984,0x50E4,0x4CDB,0xFADB,0x02C4,80,76,0,0,0,0
2985,0x50A8,0x4821,0xFB46,0x02C4,80,72,0,0,0,0
2986,0x506C,0x43D2,0xFBB1,0x02C4,80,67,0,0,0,0
2987,0x5030,0x4000,0xFC1C,0x02C4,80,64,0,0,0,0
2988,0x50F4,0x4000,0xFC87,0x02C4,80,64,0,0,0,0
2989,0x50B8,0x4000,0xFCF2,0x02C4,80,64,0,0,0,0
2990,0x507C,0x4000,0xFD5D,0x02C4,80,64,0,0,0,0
2991,0x5040,0x4000,0xFDC8,0x02C4,80,64,0,0,0,0
2992,0x5004,0x4000,0xFE33,0x02C4,80,64,0,0,0,0
2993,0x50C8,0x4000,0xFE9E,0x02C4,80,64,0,0,0,0
2994,0x508C,0x4000,0xFF09,0x02C4,80,64,0,0,0,0
2995,0x5050,0x4000,0xFF74,0x02C4,80,64,0,0,0,0
2996,0x5014,0x4000,0xFFDF,0x02C4,80,64,0,0,0,0
2997,0x50D8,0x404A,0x004A,0x02C4,80,64,0,0,0,0
2998,0x509C,0x40FF,0x00B5,0x02C4,80,64,0,0,0,0
2999,0x5060,0x421F,0x0120,0x02C4,80,66,0,0,0,0
3000,0x5024,0x43AA,0x018B,0x02C4,80,67,0,0,0,0
3001,0x50E8,0x45A0,0x01F6,0x02C4,80,69,0,0,0,0
3002,0x50AC,0x4801,0x0261,0x02C4,80,72,0,0,0,0
3003,0x5070,0x4ACD,0x02CC,0x02C4,80,74,0,0,0,0
3004,0x5034,0x4E04,0x0337,0x02C4,80,78,0,0,0,0
3005,0x50F8,0x51A6,0x03A2,0x02C4,80,81,0,0,0,0
3006,0x50BC,0x55B3,0x040D,0x02C4,80,85,0,0,0,0
3007,0x5080,0x5300,0xFA70,0x02C4,80,83,0,0,0,0
3008,0x5044,0x4DDB,0xFADB,0x02C4,80,77,0,0,0,0
3009,0x5008,0x4921,0xFB46,0x02C4,80,73,0,0,0,0
3010,0x50CC,0x44D2,0xFBB1,0x02C4,80,68,0,0,0,0
3011,0x5090,0x40EE,0xFC1C,0x02C4,80,64,0,0,0,0
3012,0x5054,0x4000,0xFC87,0x02C4,80,64,0,0,0,0
3013,0x5018,0x4000,0xFCF2,0x02C4,80,64,0,0,0,0
3014,0x50DC,0x4000,0xFD5D,0x02C4,80,64,0,0,0,0
3015,0x50A0,0x4000,0xFDC8,0x02C4,80,64,0,0,0,0
3016,0x5064,0x4000,0xFE33,0x02C4,80,64,0,0,0,0
3017,0x5028,0x4000,0xFE9E,0x02C4,80,64,0,0,0,0
3018,0x50EC,0x4000,0xFF09,0x02C4,80,64,0,0,0,0
3019,0x50B0,0x4000,0xFF74,0x02C4,80,64,0,0,0,0
3020,0x5074,0x4000,0xFFDF,0x02C4,80,64,0,0,0,0
3021,0x5038,0x404A,0x004A,0x02C4,80,64,0,0,0,0
3022,0x50FC,0x40FF,0x00B5,0x02C4,80,64,0,0,0,0
3023,0x50C0,0x421F,0x0120,0x02C4,80,66,0,0,0,0
3024,0x5084,0x43AA,0x018B,0x02C4,80,67,0,0,0,0
3025,0x5048,0x45A0,0x01F6,0x02C4,80,69,0,0,0,0
3026,0x500C,0x4801,0x0261,0x02C4,80,72,0,0,0,0
3027,0x50D0,0x4ACD,0x02CC,0x02C4,80,74,0,0,0,0
3028,0x5094,0x4E04,0x0337,0x02C4,80,78,0,0,0,0
3029,0x5058,0x51A6,0x03A2,0x02C4,80,81,0,0,0,0
3030,0x501C,0x5200,0xFA70,0x02C4,80,82,0,0,0,0
3031,0x50E0,0x4CDB,0xFADB,0x02C4,80,76,0,0,0,0
3032,0x50A4,0x4821,0xFB46,0x02C4,80,72,0,0,0,0
3033,0x5068,0x43D2,0xFBB1,0x02C4,80,67,0,0,0,0
3034,0x502C,0x4000,0xFC1C,0x02C4,80,64,0,0,0,0
3035,0x50F0,0x4000,0xFC87,0x02C4,80,64,0,0,0,0
3036,0x50B4,0x4000,0xFCF2,0x02C4,80,64,0,0,0,0
3037,0x5078,0x4000,0xFD5D,0x02C4,80,64,0,0,0,0
3038,0x503C,0x4000,0xFDC8,0x02C4,80,64,0,0,0,0
3039,0x5000,0x4000,0xFE33,0x02C4,80,64,0,0,0,0
3040,0x50C4,0x4000,0xFE9E,0x02C4,80,64,0,0,0,0
3041,0x5088,0x4000,0xFF09,0x02C4,80,64,0,0,0,0
3042,0x504C,0x4000,0xFF74,0x02C4,80,64,0,0,0,0
3043,0x5010,0x4000,0xFFDF,0x02C4,80,64,0,0,0,0
3044,0x50D4,0x404A,0x004A,0x02C4,80,64,0,0,0,0
3045,0x5098,0x40FF,0x00B5,0x02C4,80,64,0,0,0,0
3046,0x505C,0x421F,0x0120,0x02C4,80,66,0,0,0,0
3047,0x5020,0x43AA,0x018B,0x02C4,80,67,0,0,0,0
3048,0x50E4,0x45A0,0x01F6,0x02C4,80,69,0,0,0,0
3049,0x50A8,0x4801,0x0261,0x02C4,80,72,0,0,0,0
3050,0x506C,0x4ACD,0x02CC,0x02C4,80,74,0,0,0,0
3051,0x5030,0x4E04,0x0337,0x02C4,80,78,0,0,0,0
3052,0x50F4,0x51A6,0x03A2,0x02C4,80,81,0,0,0,0
3053,0x50B8,0x5200,0xFA70,0x02C4,80,82,0,0,0,0
3054,0x507C,0x4CDB,0xFADB,0x02C4,80,76,0,0,0,0
3055,0x5040,0x4821,0xFB46,0x02C4,80,72,0,0,0,0
3056,0x5004,0x43D2,0xFBB1,0x02C4,80,67,0,0,0,0
3057,0x50C8,0x4000,0xFC1C,0x02C4,80,64,0,0,0,0
3058,0x508C,0x4000,0xFC87,0x02C4,80,64,0,0,0,0
3059,0x5050,0x4000,0xFCF2,0x02C4,80,64,0,0,0,0
3060,0x5014,0x4000,0xFD5D,0x02C4,80,64,0,0,0,0
3061,0x50D8,0x4000,0xFDC8,0x02C4,80,64,0,0,0,0
3062,0x509C,0x4000,0xFE33,0x02C4,80,64,0,0,0,0
3063,0x5060,0x4000,0xFE9E,0x02C4,80,64,0,0,0,0
3064,0x5024,0x4000,0xFF09,0x02C4,80,64,0,0,0,0
3065,0x50E8,0x4000,0xFF74,0x02C4,80,64,0,0,0,0
3066,0x50AC,0x4000,0xFFDF,0x02C4,80,64,0,0,0,0
3067,0x5070,0x404A,0x004A,0x02C4,80,64,0,0,0,0
3068,0x5034,0x40FF,0x00B5,0x02C4,80,64,0,0,0,0
3069,0x50F8,0x421F,0x0120,0x02C4,80,66,0,0,0,0
3070,0x50BC,0x43AA,0x018B,0x02C4,80,67,0,0,0,0
3071,0x5080,0x45A0,0x01F6,0x02C4,80,69,0,0,0,0
3072,0x5044,0x4801,0x0261,0x02C4,80,72,0,0,0,0
3073,0x5008,0x4ACD,0x02CC,0x02C4,80,74,0,0,0,0
3074,0x50CC,0x4E04,0x0337,0x02C4,80,78,0,0,0,0
3075,0x5090,0x51A6,0x03A2,0x02C4,80,81,0,0,0,0
3076,0x5054,0x55B3,0x040D,0x02C4,80,85,0,0,0,0
3077,0x5018,0x5A2B,0x0478,0x02C4,80,90,0,0,0,0
3078,0x50DC,0x5F0E,0x04E3,0x02C4,80,95,0,0,0,0
3079,0x50A0,0x645C,0x054E,0x02C4,80,100,0,0,0,0
3080,0x5064,0x6A15,0x05B9,0x02C4,80,106,0,0,0,0
3081,0x5028,0x7039,0x0624,0x02C4,80,112,0,0,0,0
3082,0x50EC,0x7200,0xFA70,0x02C4,80,114,0,0,0,0
3083,0x50B0,0x6CDB,0xFADB,0x02C4,80,108,0,0,0,0
3084,0x5074,0x6821,0xFB46,0x02C4,80,104,0,0,0,0
3085,0x5038,0x63D2,0xFBB1,0x02C4,80,99,0,0,0,0
3086,0x50FC,0x5FEE,0xFC1C,0x02C4,80,95,0,0,0,0
3087,0x50C0,0x5C75,0xFC87,0x02C4,80,92,0,0,0,0
3088,0x5084,0x5967,0xFCF2,0x02C4,80,89,0,0,0,0
3089,0x5048,0x56C4,0xFD5D,0x02C4,80,86,0,0,0,0
3090,0x500C,0x548C,0xFDC8,0x02C4,80,84,0,0,0,0
3091,0x50D0,0x52BF,0xFE33,0x02C4,80,82,0,0,0,0
3092,0x5094,0x515D,0xFE9E,0x02C4,80,81,0,0,0,0
3093,0x5058,0x5066,0xFF09,0x02C4,80,80,0,0,0,0
3094,0x501C,0x4FDA,0xFF74,0x02C4,80,79,0,0,0,0
3095,0x50E0,0x4FB9,0xFFDF,0x02C4,80,79,0,0,0,0
3096,0x50A4,0x5003,0x004A,0x02C4,80,80,0,0,0,0
3097,0x5068,0x50B8,0x00B5,0x02C4,80,80,0,0,0,0
3098,0x502C,0x51D8,0x0120,0x02C4,80,81,0,0,0,0
3099,0x50F0,0x5363,0x018B,0x02C4,80,83,0,0,0,0
3100,0x50B4,0x5559,0x01F6,0x02C4,80,85,0,0,0,0
3101,0x5078,0x57BA,0x0261,0x02C4,80,87,0,0,0,0
3102,0x503C,0x5A86,0x02CC,0x02C4,80,90,0,0,0,0
3103,0x5000,0x5DBD,0x0337,0x02C4,80,93,0,0,0,0
3104,0x50C4,0x615F,0x03A2,0x02C4,80,97,0,0,0,0
3105,0x5088,0x6200,0xFA70,0x02C4,80,98,0,0,0,0
3106,0x504C,0x5CDB,0xFADB,0x02C4,80,92,0,0,0,0
3107,0x5010,0x5821,0xFB46,0x02C4,80,88,0,0,0,0
3108,0x50D4,0x53D2,0xFBB1,0x02C4,80,83,0,0,0,0
3109,0x5098,0x4FEE,0xFC1C,0x02C4,80,79,0,0,0,0
3110,0x505C,0x4C75,0xFC87,0x02C4,80,76,0,0,0,0
3111,0x5020,0x4967,0xFCF2,0x02C4,80,73,0,0,0,0
3112,0x50E4,0x46C4,0xFD5D,0x02C4,80,70,0,0,0,0
3113,0x50A8,0x448C,0xFDC8,0x02C4,80,68,0,0,0,0
3114,0x506C,0x42BF,0xFE33,0x02C4,80,66,0,0,0,0
3115,0x5030,0x415D,0xFE9E,0x02C4,80,65,0,0,0,0
3116,0x50F4,0x4066,0xFF09,0x02C4,80,64,0,0,0,0
3117,0x50B8,0x4000,0xFF74,0x02C4,80,64,0,0,0,0
3118,0x507C,0x4000,0xFFDF,0x02C4,80,64,0,0,0,0
3119,0x5040,0x404A,0x004A,0x02C4,80,64,0,0,0,0
3120,0x5004,0x40FF,0x00B5,0x02C4,80,64,0,0,0,0
3121,0x50C8,0x421F,0x0120,0x02C4,80,66,0,0,0,0
3122,0x508C,0x43AA,0x018B,0x02C4,80,67,0,0,0,0
3123,0x5050,0x45A0,0x01F6,0x02C4,80,69,0,0,0,0
3124,0x5014,0x4801,0x0261,0x02C4,80,72,0,0,0,0
3125,0x50D8,0x4ACD,0x02CC,0x02C4,80,74,0,0,0,0
3126,0x509C,0x4E04,0x0337,0x02C4,80,78,0,0,0,0
3127,0x5060,0x51A6,0x03A2,0x02C4,80,81,0,0,0,0
3128,0x5024,0x55B3,0x040D,0x02C4,80,85,0,0,0,0
3129,0x50E8,0x5A2B,0x0478,0x02C4,80,90,0,0,0,0
3130,0x50AC,0x5F0E,0x04E3,0x02C4,80,95,0,0,0,0
3131,0x5070,0x6300,0xFA70,0x02C4,80,99,0,0,0,0
3132,0x5034,0x5DDB,0xFADB,0x02C4,80,93,0,0,0,0
3133,0x50F8,0x5921,0xFB46,0x02C4,80,89,0,0,0,0
3134,0x50BC,0x54D2,0xFBB1,0x02C4,80,84,0,0,0,0
3135,0x5080,0x50EE,0xFC1C,0x02C4,80,80,0,0,0,0
3136,0x5044,0x4D75,0xFC87,0x02C4,80,77,0,0,0,0
3137,0x5008,0x4A67,0xFCF2,0x02C4,80,74,0,0,0,0
3138,0x50CC,0x47C4,0xFD5D,0x02C4,80,71,0,0,0,0
3139,0x5090,0x458C,0xFDC8,0x02C4,80,69,0,0,0,0
3140,0x5054,0x43BF,0xFE33,0x02C4,80,67,0,0,0,0
3141,0x5018,0x425D,0xFE9E,0x02C4,80,66,0,0,0,0
3142,0x50DC,0x4166,0xFF09,0x02C4,80,65,0,0,0,0
3143,0x50A0,0x40DA,0xFF74,0x02C4,80,64,0,0,0,0
3144,0x5064,0x40B9,0xFFDF,0x02C4,80,64,0,0,0,0
3145,0x5028,0x4103,0x004A,0x02C4,80,65,0,0,0,0
3146,0x50EC,0x41B8,0x00B5,0x02C4,80,65,0,0,0,0
3147,0x50B0,0x42D8,0x0120,0x02C4,80,66,0,0,0,0
3148,0x5074,0x4463,0x018B,0x02C4,80,68,0,0,0,0
3149,0x5038,0x4659,0x01F6,0x02C4,80,70,0,0,0,0
3150,0x50FC,0x48BA,0x0261,0x02C4,80,72,0,0,0,0
3151,0x50C0,0x4B86,0x02CC,0x02C4,80,75,0,0,0,0
3152,0x5084,0x4EBD,0x0337,0x02C4,80,78,0,0,0,0
3153,0x5048,0x525F,0x03A2,0x02C4,80,82,0,0,0,0
3154,0x500C,0x566C,0x040D,0x02C4,80,86,0,0,0,0
3155,0x50D0,0x5AE4,0x0478,0x02C4,80,90,0,0,0,0
3156,0x5094,0x5FC7,0x04E3,0x02C4,80,95,0,0,0,0
3157,0x5058,0x6515,0x054E,0x02C4,80,101,0,0,0,0
3158,0x501C,0x6ACE,0x05B9,0x02C4,80,106,0,0,0,0
3159,0x50E0,0x70F2,0x0624,0x02C4,80,112,0,0,0,0
3160,0x50A4,0x7781,0x068F,0x02C4,80,119,0,0,0,0
3161,0x5068,0x7E7B,0x06FA,0x02C4,80,126,0,0,0,0
3162,0x502C,0x85E0,0x0765,0x02C4,80,133,0,0,0,0
3163,0x50F0,0x8CDA,0x06FA,0x02C4,80,140,0,0,0,0
3164,0x50B4,0x9300,0x0000,0x02C4,80,147,0,0,0,1
3165,0x5078,0x9300,0x0000,0x02C4,80,147,0,0,0,1
3166,0x503C,0x9300,0x0000,0x02C4,80,147,0,0,0,1
3167,0x5000,0x9300,0x0000,0x02C4,80,147,0,0,0,1
3168,0x50C4,0x9300,0x0000,0x02C4,80,147,0,0,0,1
3169,0x5088,0x9300,0xFA70,0x02C4,80,147,0,0,0,0
3170,0x504C,0x8DDB,0xFADB,0x02C4,80,141,0,0,0,0
3171,0x5010,0x8921,0xFB46,0x02C4,80,137,0,0,0,0
3172,0x50D4,0x84D2,0xFBB1,0x02C4,80,132,0,0,0,0
3173,0x5098,0x80EE,0xFC1C,0x02C4,80,128,0,0,0,0
3174,0x505C,0x7D75,0xFC87,0x02C4,80,125,0,0,0,0
3175,0x5020,0x7A67,0xFCF2,0x02C4,80,122,0,0,0,0
3176,0x50E4,0x77C4,0xFD5D,0x02C4,80,119,0,0,0,0
3177,0x50A8,0x758C,0xFDC8,0x02C4,80,117,0,0,0,0
3178,0x506C,0x73BF,0xFE33,0x02C4,80,115,0,0,0,0
3179,0x5030,0x725D,0xFE9E,0x02C4,80,114,0,0,0,0
3180,0x50F4,0x7166,0xFF09,0x02C4,80,113,0,0,0,0
3181,0x50B8,0x70DA,0xFF74,0x02C4,80,112,0,0,0,0
3182,0x507C,0x70B9,0xFFDF,0x02C4,80,112,0,0,0,0
3183,0x5040,0x7103,0x004A,0x02C4,80,113,0,0,0,0
3184,0x5004,0x71B8,0x00B5,0x02C4,80,113,0,0,0,0
3185,0x50C8,0x72D8,0x0120,0x02C4,80,114,0,0,0,0
3186,0x508C,0x7463,0x018B,0x02C4,80,116,0,0,0,0
3187,0x5050,0x7659,0x01F6,0x02C4,80,118,0,0,0,0
3188,0x5014,0x78BA,0x0261,0x02C4,80,120,0,0,0,0
3189,0x50D8,0x7B86,0x02CC,0x02C4,80,123,0,0,0,0
3190,0x509C,0x7EBD,0x0337,0x02C4,80,126,0,0,0,0
3191,0x5060,0x825F,0x03A2,0x02C4,80,130,0,0,0,0
3192,0x5024,0x866C,0x040D,0x02C4,80,134,0,0,0,0
3193,0x50E8,0x8AE4,0x0478,0x02C4,80,138,0,0,0,0
3194,0x50AC,0x8FC7,0x04E3,0x02C4,80,143,0,0,0,0
3195,0x5070,0x9300,0xFA70,0x02C4,80,147,0,0,0,0
3196,0x5034,0x8DDB,0xFADB,0x02C4,80,141,0,0,0,0
3197,0x50F8,0x8921,0xFB46,0x02C4,80,137,0,0,0,0
3198,0x50BC,0x84D2,0xFBB1,0x02C4,80,132,0,0,0,0
3199,0x5080,0x80EE,0xFC1C,0x02C4,80,128,0,0,0,0
3200,0x5044,0x7D75,0xFC87,0x02C4,80,125,0,0,0,0
3201,0x5008,0x7A67,0xFCF2,0x02C4,80,122,0,0,0,0
3202,0x50CC,0x77C4,0xFD5D,0x02C4,80,119,0,0,0,0
3203,0x5090,0x758C,0xFDC8,0x02C4,80,117,0,0,0,0
3204,0x5054,0x73BF,0xFE33,0x02C4,80,115,0,0,0,0
3205,0x5018,0x725D,0xFE9E,0x02C4,80,114,0,0,0,0
3206,0x50DC,0x7166,0xFF09,0x02C4,80,113,0,0,0,0
3207,0x50A0,0x70DA,0xFF74,0x02C4,80,112,0,0,0,0
3208,0x5064,0x70B9,0xFFDF,0x02C4,80,112,0,0,0,0
3209,0x5028,0x7103,0x004A,0x02C4,80,113,0,0,0,0
3210,0x50EC,0x71B8,0x00B5,0x02C4,80,113,0,0,0,0
3211,0x50B0,0x72D8,0x0120,0x02C4,80,114,0,0,0,0
3212,0x5074,0x7463,0x018B,0x02C4,80,116,0,0,0,0
3213,0x5038,0x7659,0x01F6,0x02C4,80,118,0,0,0,0
3214,0x50FC,0x78BA,0x0261,0x02C4,80,120,0,0,0,0
3215,0x50C0,0x7B86,0x02CC,0x02C4,80,123,0,0,0,0
3216,0x5084,0x7EBD,0x0337,0x02C4,80,126,0,0,0,0
3217,0x5048,0x825F,0x03A2,0x02C4,80,130,0,0,0,0
3218,0x500C,0x866C,0x040D,0x02C4,80,134,0,0,0,0
3219,0x50D0,0x8AE4,0x0478,0x02C4,80,138,0,0,0,0
3220,0x5094,0x8FC7,0x04E3,0x02C4,80,143,0,0,0,0
3221,0x5058,0x9300,0x0000,0x02C4,80,147,0,0,0,1
3222,0x501C,0x9300,0x0000,0x02C4,80,147,0,0,0,1
3223,0x50E0,0x9300,0x0000,0x02C4,80,147,0,0,0,1
3224,0x50A4,0x9300,0x0000,0x02C4,80,147,0,0,0,1
3225,0x5068,0x9300,0x0000,0x02C4,80,147,0,0,0,1
3226,0x502C,0x9300,0x0000,0x02C4,80,147,0,0,0,1
3227,0x50F0,0x9300,0x0000,0x02C4,80,147,0,0,0,1
3228,0x50B4,0x9300,0x0000,0x02C4,80,147,0,0,0,1
3229,0x5078,0x9300,0x0000,0x02C4,80,147,0,0,0,1
3230,0x503C,0x9300,0x0000,0x02C4,80,147,0,0,0,1
3231,0x5000,0x9300,0x0000,0x02C4,80,147,0,0,0,1
3232,0x50C4,0x9300,0x0000,0x02C4,80,147,0,0,0,1
3233,0x5088,0x9300,0x0000,0x02C4,80,147,0,0,0,1
3234,0x504C,0x9300,0xFA70,0x02C4,80,147,0,0,0,0
3235,0x5010,0x8DDB,0xFADB,0x02C4,80,141,0,0,0,0
3236,0x50D4,0x8921,0xFB46,0x02C4,80,137,0,0,0,0
3237,0x5098,0x84D2,0xFBB1,0x02C4,80,132,0,0,0,0
3238,0x505C,0x80EE,0xFC1C,0x02C4,80,128,0,0,0,0
3239,0x5020,0x7D75,0xFC87,0x02C4,80,125,0,0,0,0
3240,0x50E4,0x7A67,0xFCF2,0x02C4,80,122,0,0,0,0
3241,0x50A8,0x77C4,0xFD5D,0x02C4,80,119,0,0,0,0
3242,0x506C,0x758C,0xFDC8,0x02C4,80,117,0,0,0,0
3243,0x5030,0x73BF,0xFE33,0x02C4,80,115,0,0,0,0
3244,0x50F4,0x725D,0xFE9E,0x02C4,80,114,0,0,0,0
3245,0x50B8,0x7166,0xFF09,0x02C4,80,113,0,0,0,0
3246,0x507C,0x70DA,0xFF74,0x02C4,80,112,0,0,0,0
3247,0x5040,0x70B9,0xFFDF,0x02C4,80,112,0,0,0,0
3248,0x5004,0x7103,0x004A,0x02C4,80,113,0,0,0,0
3249,0x50C8,0x71B8,0x00B5,0x02C4,80,113,0,0,0,0
3250,0x508C,0x72D8,0x0120,0x02C4,80,114,0,0,0,0
3251,0x5050,0x7300,0x0000,0x02C4,80,115,0,0,0,1
3252,0x5014,0x7300,0x0000,0x02C4,80,115,0,0,0,1
3253,0x50D8,0x7300,0x0000,0x02C4,80,115,0,0,0,1
3254,0x509C,0x7300,0x0000,0x02C4,80,115,0,0,0,1
3255,0x5060,0x7300,0x0000,0x02C4,80,115,0,0,0,1
3256,0x5024,0x7300,0x0000,0x02C4,80,115,0,0,0,1
3257,0x50E8,0x7300,0x0000,0x02C4,80,115,0,0,0,1
3258,0x50AC,0x7300,0x0000,0x02C4,80,115,0,0,0,1
3259,0x5070,0x7300,0x0000,0x02C4,80,115,0,0,0,1
3260,0x5034,0x7300,0x0000,0x02C4,80,115,0,0,0,1
3261,0x50F8,0x7300,0x0000,0x02C4,80,115,0,0,0,1
3262,0x50BC,0x7300,0x0000,0x02C4,80,115,0,0,0,1
3263,0x5080,0x7300,0x0000,0x02C4,80,115,0,0,0,1
3264,0x5044,0x7300,0x0000,0x02C4,80,115,0,0,0,1
3265,0x5008,0x7300,0xFA70,0x02C4,80,115,0,0,0,0
3266,0x50CC,0x6DDB,0xFADB,0x02C4,80,109,0,0,0,0
3267,0x5090,0x6921,0xFB46,0x02C4,80,105,0,0,0,0
3268,0x5054,0x64D2,0xFBB1,0x02C4,80,100,0,0,0,0
3269,0x5018,0x60EE,0xFC1C,0x02C4,80,96,0,0,0,0
3270,0x50DC,0x5D75,0xFC87,0x02C4,80,93,0,0,0,0
3271,0x50A0,0x5A67,0xFCF2,0x02C4,80,90,0,0,0,0
3272,0x5064,0x57C4,0xFD5D,0x02C4,80,87,0,0,0,0
3273,0x5028,0x558C,0xFDC8,0x02C4,80,85,0,0,0,0
3274,0x50EC,0x53BF,0xFE33,0x02C4,80,83,0,0,0,0
3275,0x50B0,0x525D,0xFE9E,0x02C4,80,82,0,0,0,0
3276,0x5074,0x5166,0xFF09,0x02C4,80,81,0,0,0,0
3277,0x5038,0x50DA,0xFF74,0x02C4,80,80,0,0,0,0
3278,0x50FC,0x50B9,0xFFDF,0x02C4,80,80,0,0,0,0
3279,0x50C0,0x5103,0x004A,0x02C4,80,81,0,0,0,0
3280,0x5084,0x51B8,0x00B5,0x02C4,80,81,0,0,0,0
3281,0x5048,0x52D8,0x0120,0x02C4,80,82,0,0,0,0
3282,0x500C,0x5463,0x018B,0x02C4,80,84,0,0,0,0
3283,0x50D0,0x5659,0x01F6,0x02C4,80,86,0,0,0,0
3284,0x5094,0x5300,0x0000,0x02C4,80,83,0,0,0,1
3285,0x5058,0x5300,0x0000,0x02C4,80,83,0,0,0,1
3286,0x501C,0x5300,0x0000,0x02C4,80,83,0,0,0,1
3287,0x50E0,0x5300,0x0000,0x02C4,80,83,0,0,0,1
3288,0x50A4,0x5300,0x0000,0x02C4,80,83,0,0,0,1
3289,0x5068,0x5300,0x0000,0x02C4,80,83,0,0,0,1
3290,0x502C,0x5300,0x0000,0x02C4,80,83,0,0,0,1
3291,0x50F0,0x5300,0x0000,0x02C4,80,83,0,0,0,1
3292,0x50B4,0x5300,0x0000,0x02C4,80,83,0,0,0,1
3293,0x5078,0x5300,0x0000,0x02C4,80,83,0,0,0,1
3294,0x503C,0x5300,0x0000,0x02C4,80,83,0,0,0,1
3295,0x5000,0x5300,0x0000,0x02C4,80,83,0,0,0,1
3296,0x50C4,0x5300,0x0000,0x02C4,80,83,0,0,0,1
3297,0x5088,0x5300,0x0000,0x02C4,80,83,0,0,0,1
3298,0x504C,0x5300,0x0000,0x02C4,80,83,0,0,0,1
3299,0x5010,0x5300,0x0000,0x02C4,80,83,0,0,0,1
3300,0x50D4,0x5300,0xFA70,0x02C4,80,83,0,0,0,0
3301,0x5098,0x4DDB,0xFADB,0x02C4,80,77,0,0,0,0
3302,0x505C,0x4921,0xFB46,0x02C4,80,73,0,0,0,0
3303,0x5020,0x44D2,0xFBB1,0x02C4,80,68,0,0,0,0
3304,0x50E4,0x40EE,0xFC1C,0x02C4,80,64,0,0,0,0
3305,0x50A8,0x4000,0xFC87,0x02C4,80,64,0,0,0,0
3306,0x506C,0x4000,0xFCF2,0x02C4,80,64,0,0,0,0
3307,0x5030,0x4000,0xFD5D,0x02C4,80,64,0,0,0,0
3308,0x50F4,0x4000,0xFDC8,0x02C4,80,64,0,0,0,0
3309,0x50B8,0x4000,0xFE33,0x02C4,80,64,0,0,0,0
3310,0x507C,0x4000,0xFE9E,0x02C4,80,64,0,0,0,0
3311,0x5040,0x4000,0xFF09,0x02C4,80,64,0,0,0,0
3312,0x5004,0x4000,0xFF74,0x02C4,80,64,0,0,0,0
3313,0x50C8,0x4000,0xFFDF,0x02C4,80,64,0,0,0,0
3314,0x508C,0x404A,0x004A,0x02C4,80,64,0,0,0,0
3315,0x5050,0x40FF,0x00B5,0x02C4,80,64,0,0,0,0
3316,0x5014,0x421F,0x0120,0x02C4,80,66,0,0,0,0
3317,0x50D8,0x43AA,0x018B,0x02C4,80,67,0,0,0,0
3318,0x509C,0x45A0,0x01F6,0x02C4,80,69,0,0,0,0
3319,0x5060,0x4801,0x0261,0x02C4,80,72,0,0,0,0
3320,0x5024,0x4ACD,0x02CC,0x02C4,80,74,0,0,0,0
3321,0x50E8,0x4E04,0x0337,0x02C4,80,78,0,0,0,0
3322,0x50AC,0x51A6,0x03A2,0x02C4,80,81,0,0,0,0
3323,0x5070,0x5200,0x0000,0x02C4,80,82,0,0,0,1
3324,0x5034,0x5200,0x0000,0x02C4,80,82,0,0,0,1
3325,0x50F8,0x5200,0x0000,0x02C4,80,82,0,0,0,1
3326,0x50BC,0x5200,0x0000,0x02C4,80,82,0,0,0,1
3327,0x5080,0x5200,0x0000,0x02C4,80,82,0,0,0,1
3328,0x5044,0x5200,0x0000,0x02C4,80,82,0,0,0,1
3329,0x5008,0x5200,0x0000,0x02C4,80,82,0,0,0,1
3330,0x50CC,0x5200,0x0000,0x02C4,80,82,0,0,0,1
3331,0x5090,0x5200,0x0000,0x02C4,80,82,0,0,0,1
3332,0x5054,0x5200,0x0000,0x02C4,80,82,0,0,0,1
3333,0x5018,0x5200,0x0000,0x02C4,80,82,0,0,0,1
3334,0x50DC,0x5200,0x0000,0x02C4,80,82,0,0,0,1
3335,0x50A0,0x5200,0x0000,0x02C4,80,82,0,0,0,1
3336,0x5064,0x5200,0x0000,0x02C4,80,82,0,0,0,1
3337,0x5028,0x5200,0x0000,0x02C4,80,82,0,0,0,1
3338,0x50EC,0x5200,0x0000,0x02C4,80,82,0,0,0,1
3339,0x50B0,0x5200,0x0000,0x02C4,80,82,0,0,0,1
3340,0x5074,0x5200,0xFA70,0x02C4,80,82,0,0,0,0
3341,0x5038,0x4CDB,0xFADB,0x02C4,80,76,0,0,0,0
3342,0x50FC,0x4821,0xFB46,0x02C4,80,72,0,0,0,0
3343,0x50C0,0x43D2,0xFBB1,0x02C4,80,67,0,0,0,0
3344,0x5084,0x4000,0xFC1C,0x02C4,80,64,0,0,0,0
3345,0x5048,0x4000,0xFC87,0x02C4,80,64,0,0,0,0
3346,0x500C,0x4000,0xFCF2,0x02C4,80,64,0,0,0,0
3347,0x50D0,0x4000,0xFD5D,0x02C4,80,64,0,0,0,0
3348,0x5094,0x4000,0xFDC8,0x02C4,80,64,0,0,0,0
3349,0x5058,0x4000,0xFE33,0x02C4,80,64,0,0,0,0
3350,0x501C,0x4000,0xFE9E,0x02C4,80,64,0,0,0,0
3351,0x50E0,0x4000,0xFF09,0x02C4,80,64,0,0,0,0
3352,0x50A4,0x4000,0xFF74,0x02C4,80,64,0,0,0,0
3353,0x5068,0x4000,0xFFDF,0x02C4,80,64,0,0,0,0
3354,0x502C,0x404A,0x004A,0x02C4,80,64,0,0,0,0
3355,0x50F0,0x40FF,0x00B5,0x02C4,80,64,0,0,0,0
3356,0x50B4,0x421F,0x0120,0x02C4,80,66,0,0,0,0
3357,0x5078,0x43AA,0x018B,0x02C4,80,67,0,0,0,0
3358,0x503C,0x45A0,0x01F6,0x02C4,80,69,0,0,0,0
3359,0x5000,0x4801,0x0261,0x02C4,80,72,0,0,0,0
3360,0x50C4,0x4ACD,0x02CC,0x02C4,80,74,0,0,0,0
3361,0x5088,0x4E04,0x0337,0x02C4,80,78,0,0,0,0
3362,0x504C,0x51A6,0x03A2,0x02C4,80,81,0,0,0,0
3363,0x5010,0x55B3,0x040D,0x02C4,80,85,0,0,0,0
3364,0x50D4,0x5A2B,0x0478,0x02C4,80,90,0,0,0,0
3365,0x5098,0x5F0E,0x04E3,0x02C4,80,95,0,0,0,0
3366,0x505C,0x6200,0x0000,0x02C4,80,98,0,0,0,1
3367,0x5020,0x6200,0x0000,0x02C4,80,98,0,0,0,1
3368,0x50E4,0x6200,0x0000,0x02C4,80,98,0,0,0,1
3369,0x50A8,0x6200,0x0000,0x02C4,80,98,0,0,0,1
3370,0x506C,0x6200,0x0000,0x02C4,80,98,0,0,0,1
3371,0x5030,0x6200,0x0000,0x02C4,80,98,0,0,0,1
3372,0x50F4,0x6200,0x0000,0x02C4,80,98,0,0,0,1
3373,0x50B8,0x6200,0x0000,0x02C4,80,98,0,0,0,1
3374,0x507C,0x6200,0x0000,0x02C4,80,98,0,0,0,1
3375,0x5040,0x6200,0x0000,0x02C4,80,98,0,0,0,1
3376,0x5004,0x6200,0x0000,0x02C4,80,98,0,0,0,1
3377,0x50C8,0x6200,0x0000,0x02C4,80,98,0,0,0,1
3378,0x508C,0x6200,0x0000,0x02C4,80,98,0,0,0,1
3379,0x5050,0x6200,0x0000,0x02C4,80,98,0,0,0,1
3380,0x5014,0x6200,0x0000,0x02C4,80,98,0,0,0,1
3381,0x50D8,0x6200,0x0000,0x02C4,80,98,0,0,0,1
3382,0x509C,0x6200,0x0000,0x02C4,80,98,0,0,0,1
3383,0x5060,0x6200,0x0000,0x02C4,80,98,0,0,0,1
3384,0x5024,0x6200,0xFA70,0x02C4,80,98,0,0,0,0
3385,0x50E8,0x5CDB,0xFADB,0x02C4,80,92,0,0,0,0
3386,0x50AC,0x5821,0xFB46,0x02C4,80,88,0,0,0,0
3387,0x5070,0x53D2,0xFBB1,0x02C4,80,83,0,0,0,0
3388,0x5034,0x4FEE,0xFC1C,0x02C4,80,79,0,0,0,0
3389,0x50F8,0x4C75,0xFC87,0x02C4,80,76,0,0,0,0
3390,0x50BC,0x4967,0xFCF2,0x02C4,80,73,0,0,0,0
3391,0x5080,0x46C4,0xFD5D,0x02C4,80,70,0,0,0,0
3392,0x5044,0x448C,0xFDC8,0x02C4,80,68,0,0,0,0
3393,0x5008,0x42BF,0xFE33,0x02C4,80,66,0,0,0,0
3394,0x50CC,0x415D,0xFE9E,0x02C4,80,65,0,0,0,0
3395,0x5090,0x4066,0xFF09,0x02C4,80,64,0,0,0,0
3396,0x5054,0x4000,0xFF74,0x02C4,80,64,0,0,0,0
3397,0x5018,0x4000,0xFFDF,0x02C4,80,64,0,0,0,0
3398,0x50DC,0x404A,0x004A,0x02C4,80,64,0,0,0,0
3399,0x50A0,0x40FF,0x00B5,0x02C4,80,64,0,0,0,0
3400,0x5064,0x421F,0x0120,0x02C4,80,66,0,0,0,0
3401,0x5028,0x43AA,0x018B,0x02C4,80,67,0,0,0,0
3402,0x50EC,0x45A0,0x01F6,0x02C4,80,69,0,0,0,0
3403,0x50B0,0x4801,0x0261,0x02C4,80,72,0,0,0,0
3404,0x5074,0x4ACD,0x02CC,0x02C4,80,74,0,0,0,0
3405,0x5038,0x4E04,0x0337,0x02C4,80,78,0,0,0,0
3406,0x50FC,0x51A6,0x03A2,0x02C4,80,81,0,0,0,0
3407,0x50C0,0x5200,0x0000,0x02C4,80,82,0,0,0,1
3408,0x5084,0x5200,0x0000,0x02C4,80,82,0,0,0,1
3409,0x5048,0x5200,0x0000,0x02C4,80,82,0,0,0,1
3410,0x500C,0x5200,0x0000,0x02C4,80,82,0,0,0,1
3411,0x50D0,0x5200,0x0000,0x02C4,80,82,0,0,0,1
3412,0x5094,0x5200,0x0000,0x02C4,80,82,0,0,0,1
3413,0x5058,0x5200,0x0000,0x02C4,80,82,0,0,0,1
3414,0x501C,0x5200,0x0000,0x02C4,80,82,0,0,0,1
3415,0x50E0,0x5200,0x0000,0x02C4,80,82,0,0,0,1
3416,0x50A4,0x5200,0x0000,0x02C4,80,82,0,0,0,1
3417,0x5068,0x5200,0x0000,0x02C4,80,82,0,0,0,1
3418,0x502C,0x5200,0x0000,0x02C4,80,82,0,0,0,1
3419,0x50F0,0x5200,0x0000,0x02C4,80,82,0,0,0,1
3420,0x50B4,0x5200,0xFA70,0x02C4,80,82,0,0,0,0
3421,0x5078,0x4CDB,0xFADB,0x02C4,80,76,0,0,0,0
3422,0x503C,0x4821,0xFB46,0x02C4,80,72,0,0,0,0
3423,0x5000,0x43D2,0xFBB1,0x02C4,80,67,0,0,0,0
3424,0x50C4,0x4000,0xFC1C,0x02C4,80,64,0,0,0,0
3425,0x5088,0x4000,0xFC87,0x02C4,80,64,0,0,0,0
3426,0x504C,0x4000,0xFCF2,0x02C4,80,64,0,0,0,0
3427,0x5010,0x4000,0xFD5D,0x02C4,80,64,0,0,0,0
3428,0x50D4,0x4000,0xFDC8,0x02C4,80,64,0,0,0,0
3429,0x5098,0x4000,0xFE33,0x02C4,80,64,0,0,0,0
3430,0x505C,0x4000,0xFE9E,0x02C4,80,64,0,0,0,0
3431,0x5020,0x4000,0xFF09,0x02C4,80,64,0,0,0,0
3432,0x50E4,0x4000,0xFF74,0x02C4,80,64,0,0,0,0
3433,0x50A8,0x4000,0xFFDF,0x02C4,80,64,0,0,0,0
3434,0x506C,0x404A,0x004A,0x02C4,80,64,0,0,0,0
3435,0x5030,0x40FF,0x00B5,0x02C4,80,64,0,0,0,0
3436,0x50F4,0x421F,0x0120,0x02C4,80,66,0,0,0,0
3437,0x50B8,0x43AA,0x018B,0x02C4,80,67,0,0,0,0
3438,0x507C,0x45A0,0x01F6,0x02C4,80,69,0,0,0,0
3439,0x5040,0x4801,0x0261,0x02C4,80,72,0,0,0,0
3440,0x5004,0x4ACD,0x02CC,0x02C4,80,74,0,0,0,0
3441,0x50C8,0x4E04,0x0337,0x02C4,80,78,0,0,0,0
3442,0x508C,0x51A6,0x03A2,0x02C4,80,81,0,0,0,0
3443,0x5050,0x55B3,0x040D,0x02C4,80,85,0,0,0,0
3444,0x5014,0x5A2B,0x0478,0x02C4,80,90,0,0,0,0
3445,0x50D8,0x5F0E,0x04E3,0x02C4,80,95,0,0,0,0
3446,0x509C,0x645C,0x054E,0x02C4,80,100,0,0,0,0
3447,0x5060,0x6A15,0x05B9,0x02C4,80,106,0,0,0,0
3448,0x5024,0x7039,0x0624,0x02C4,80,112,0,0,0,0
3449,0x50E8,0x76C8,0x068F,0x02C4,80,118,0,0,0,0
3450,0x50AC,0x7DC2,0x06FA,0x02C4,80,125,0,0,0,0
3451,0x5070,0x8300,0x0000,0x02C4,80,131,0,0,0,1
3452,0x5034,0x8300,0x0000,0x02C4,80,131,0,0,0,1
3453,0x50F8,0x8300,0x0000,0x02C4,80,131,0,0,0,1
3454,0x50BC,0x8300,0x0000,0x02C4,80,131,0,0,0,1
3455,0x5080,0x8300,0x0000,0x02C4,80,131,0,0,0,1
3456,0x5044,0x8300,0x0000,0x02C4,80,131,0,0,0,1
3457,0x5008,0x8300,0x0000,0x02C4,80,131,0,0,0,1
3458,0x50CC,0x8300,0x0000,0x02C4,80,131,0,0,0,1
3459,0x5090,0x8300,0x0000,0x02C4,80,131,0,0,0,1
3460,0x5054,0x8300,0x0000,0x02C4,80,131,0,0,0,1
3461,0x5018,0x8300,0x0000,0x02C4,80,131,0,0,0,1
3462,0x50DC,0x8300,0x0000,0x02C4,80,131,0,0,0,1
3463,0x50A0,0x8300,0x0000,0x02C4,80,131,0,0,0,1
3464,0x5064,0x8300,0x0000,0x02C4,80,131,0,0,0,1
3465,0x5028,0x8300,0x0000,0x02C4,80,131,0,0,0,1
3466,0x50EC,0x8300,0x0000,0x02C4,80,131,0,0,0,1
3467,0x50B0,0x8300,0x0000,0x02C4,80,131,0,0,0,1
3468,0x5074,0x8300,0x0000,0x02C4,80,131,0,0,0,1
3469,0x5038,0x836B,0x006B,0x02C4,80,131,0,0,0,0
3470,0x50FC,0x8441,0x00D6,0x02C4,80,132,0,0,0,0
3471,0x50C0,0x8582,0x0141,0x02C4,80,133,0,0,0,0
3472,0x5084,0x872E,0x01AC,0x02C4,80,135,0,0,0,0
3473,0x5048,0x8945,0x0217,0x02C4,80,137,0,0,0,0
3474,0x500C,0x8BC7,0x0282,0x02C4,80,139,0,0,0,0
3475,0x50D0,0x8EB4,0x02ED,0x02C4,80,142,0,0,0,0
3476,0x5094,0x920C,0x0358,0x02C4,80,146,0,0,0,0
3477,0x5058,0x95CF,0x03C3,0x02C4,80,149,0,0,0,0
3478,0x501C,0x99FD,0x042E,0x02C4,80,153,0,0,0,0
3479,0x50E0,0x9E96,0x0499,0x02C4,80,158,0,0,0,0
3480,0x50A4,0xA000,0x0000,0x02C4,80,160,0,0,0,1
3481,0x5068,0xA000,0x0000,0x02C4,80,160,0,0,0,1
3482,0x502C,0xA000,0x0000,0x02C4,80,160,0,0,0,1
3483,0x50F0,0xA000,0x0000,0x02C4,80,160,0,0,0,1
3484,0x50B4,0xA000,0x0000,0x02C4,80,160,0,0,0,1
3485,0x5078,0xA000,0x0000,0x02C4,80,160,0,0,0,1
3486,0x503C,0xA000,0x0000,0x02C4,80,160,0,0,0,1
3487,0x5000,0xA000,0x0000,0x02C4,80,160,0,0,0,1
3488,0x50C4,0xA000,0x0000,0x02C4,80,160,0,0,0,1
3489,0x5088,0xA000,0x0000,0x02C4,80,160,0,0,0,1
3490,0x504C,0xA000,0x0000,0x02C4,80,160,0,0,0,1
3491,0x5010,0xA000,0x0000,0x02C4,80,160,0,0,0,1
3492,0x50D4,0xA000,0x0000,0x02C4,80,160,0,0,0,1
3493,0x5098,0xA000,0x0000,0x02C4,80,160,0,0,0,1
3494,0x505C,0xA000,0x0000,0x02C4,80,160,0,0,0,1
3495,0x5020,0xA000,0xFA70,0x02C4,80,160,0,0,0,0
3496,0x50E4,0x9ADB,0xFADB,0x02C4,80,154,0,0,0,0
3497,0x50A8,0x9621,0xFB46,0x02C4,80,150,0,0,0,0
3498,0x506C,0x91D2,0xFBB1,0x02C4,80,145,0,0,0,0
3499,0x5030,0x8DEE,0xFC1C,0x02C4,80,141,0,0,0,0
3500,0x50F4,0x8A75,0xFC87,0x02C4,80,138,0,0,0,0
3501,0x50B8,0x8767,0xFCF2,0x02C4,80,135,0,0,0,0
3502,0x507C,0x84C4,0xFD5D,0x02C4,80,132,0,0,0,0
3503,0x5040,0x828C,0xFDC8,0x02C4,80,130,0,0,0,0
