frame,worldX,worldY,X_screen,Y_screen,X_fixed,Y_fixed,VelX_fixed,VelY_fixed,scrollX,scrollY_linear,scrollY_raw,scrollY_subpx,gravity,mini,gamemode,cubedata,onGround,jblocked
1,212,905,80,178,0x50A8,0xB200,708,0,124,719,0x02EF,0,0,0,0,0x00,0,0
2,215,905,80,178,0x506C,0xB200,708,0,127,719,0x02EF,0,0,0,0,0x00,0,0
3,218,905,80,178,0x5030,0xB200,708,0,130,719,0x02EF,0,0,0,0,0x00,0,0
4,220,905,80,178,0x50F4,0xB200,708,0,132,719,0x02EF,0,0,0,0,0x00,0,0
5,223,905,80,178,0x50B8,0xB200,708,0,135,719,0x02EF,0,0,0,0,0x00,0,0
6,226,905,80,178,0x507C,0xB200,708,0,138,719,0x02EF,0,0,0,0,0x00,0,0
7,229,905,80,178,0x5040,0xB200,708,0,141,719,0x02EF,0,0,0,0,0x00,0,0
8,232,905,80,178,0x5004,0xB200,708,0,144,719,0x02EF,0,0,0,0,0x00,0,0
9,234,905,80,178,0x50C8,0xB200,708,0,146,719,0x02EF,0,0,0,0,0x00,0,0
10,237,905,80,178,0x508C,0xB200,708,0,149,719,0x02EF,0,0,0,0,0x00,0,0
11,240,905,80,178,0x5050,0xB200,708,0,152,719,0x02EF,0,0,0,0,0x00,0,0
12,243,905,80,178,0x5014,0xB200,708,0,155,719,0x02EF,0,0,0,0,0x00,0,0
13,245,905,80,178,0x50D8,0xB200,708,0,157,719,0x02EF,0,0,0,0,0x00,0,0
14,248,905,80,178,0x509C,0xB200,708,0,160,719,0x02EF,0,0,0,0,0x00,0,0
15,251,905,80,178,0x5060,0xB200,708,0,163,719,0x02EF,0,0,0,0,0x00,0,0
16,254,905,80,178,0x5024,0xB200,708,0,166,719,0x02EF,0,0,0,0,0x00,0,0
17,256,905,80,178,0x50E8,0xB200,708,0,168,719,0x02EF,0,0,0,0,0x00,0,0
18,259,905,80,178,0x50AC,0xB200,708,0,171,719,0x02EF,0,0,0,0,0x00,0,0
19,262,905,80,178,0x5070,0xB200,708,0,174,719,0x02EF,0,0,0,0,0x00,0,0
20,265,905,80,178,0x5034,0xB200,708,0,177,719,0x02EF,0,0,0,0,0x00,0,0
21,267,905,80,178,0x50F8,0xB200,708,0,179,719,0x02EF,0,0,0,0,0x00,0,0
22,270,905,80,178,0x50BC,0xB200,708,0,182,719,0x02EF,0,0,0,0,0x00,0,0
23,273,905,80,178,0x5080,0xB200,708,0,185,719,0x02EF,0,0,0,0,0x00,0,0
24,276,905,80,178,0x5044,0xB200,708,0,188,719,0x02EF,0,0,0,0,0x00,0,0
25,279,905,80,178,0x5008,0xB200,708,0,191,719,0x02EF,0,0,0,0,0x00,0,0
26,281,905,80,178,0x50CC,0xB200,708,0,193,719,0x02EF,0,0,0,0,0x00,0,0
27,284,905,80,178,0x5090,0xB200,708,0,196,719,0x02EF,0,0,0,0,0x00,0,0
28,287,905,80,178,0x5054,0xB200,708,0,199,719,0x02EF,0,0,0,0,0x00,0,0
29,290,905,80,178,0x5018,0xB200,708,0,202,719,0x02EF,0,0,0,0,0x00,0,0
30,292,905,80,178,0x50DC,0xB200,708,0,204,719,0x02EF,0,0,0,0,0x00,0,0
31,295,905,80,178,0x50A0,0xB200,708,0,207,719,0x02EF,0,0,0,0,0x00,0,0
32,298,905,80,178,0x5064,0xB200,708,0,210,719,0x02EF,0,0,0,0,0x00,0,0
33,301,905,80,178,0x5028,0xB200,708,-1424,213,719,0x02EF,0,0,0,0,0x00,0,0
34,303,899,80,172,0x50EC,0xACDB,708,-1317,215,719,0x02EF,0,0,0,0,0x00,0,0
35,306,895,80,168,0x50B0,0xA821,708,-1210,218,719,0x02EF,0,0,0,0,0x00,0,0
36,309,890,80,163,0x5074,0xA3D2,708,-1103,221,719,0x02EF,0,0,0,0,0x00,0,0
37,312,886,80,159,0x5038,0x9FEE,708,-996,224,719,0x02EF,0,0,0,0,0x00,0,0
38,314,883,80,156,0x50FC,0x9C75,708,-889,226,719,0x02EF,0,0,0,0,0x00,0,0
39,317,880,80,153,0x50C0,0x9967,708,-782,229,719,0x02EF,0,0,0,0,0x00,0,0
40,320,877,80,150,0x5084,0x96C4,708,-675,232,719,0x02EF,0,0,0,0,0x00,0,0
41,323,875,80,148,0x5048,0x948C,708,-568,235,719,0x02EF,0,0,0,0,0x00,0,0
42,326,873,80,146,0x500C,0x92BF,708,-461,238,719,0x02EF,0,0,0,0,0x00,0,0
43,328,872,80,145,0x50D0,0x915D,708,-354,240,719,0x02EF,0,0,0,0,0x00,0,0
44,331,871,80,144,0x5094,0x9066,708,-247,243,719,0x02EF,0,0,0,0,0x00,0,0
45,334,870,80,143,0x5058,0x8FDA,708,-140,246,719,0x02EF,0,0,0,0,0x00,0,0
46,337,870,80,143,0x501C,0x8FB9,708,-33,249,719,0x02EF,0,0,0,0,0x00,0,0
47,339,871,80,144,0x50E0,0x9003,708,74,251,719,0x02EF,0,0,0,0,0x00,0,0
48,342,871,80,144,0x50A4,0x90B8,708,181,254,719,0x02EF,0,0,0,0,0x00,0,0
49,345,872,80,145,0x5068,0x91D8,708,288,257,719,0x02EF,0,0,0,0,0x00,0,0
50,348,874,80,147,0x502C,0x9363,708,395,260,719,0x02EF,0,0,0,0,0x00,0,0
51,350,876,80,149,0x50F0,0x9559,708,502,262,719,0x02EF,0,0,0,0,0x00,0,0
52,353,878,80,151,0x50B4,0x97BA,708,609,265,719,0x02EF,0,0,0,0,0x00,0,0
53,356,881,80,154,0x5078,0x9A86,708,716,268,719,0x02EF,0,0,0,0,0x00,0,0
54,359,884,80,157,0x503C,0x9DBD,708,823,271,719,0x02EF,0,0,0,0,0x00,0,0
55,362,888,80,161,0x5000,0xA15F,708,930,274,719,0x02EF,0,0,0,0,0x00,0,0
56,364,892,80,165,0x50C4,0xA56C,708,1037,276,719,0x02EF,0,0,0,0,0x00,0,0
57,367,896,80,169,0x5088,0xA9E4,708,1144,279,719,0x02EF,0,0,0,0,0x00,0,0
58,370,901,80,174,0x504C,0xAEC7,708,1251,282,719,0x02EF,0,0,0,0,0x00,0,0
59,373,905,80,178,0x5010,0xB200,708,0,285,719,0x02EF,0,0,0,0,0x00,0,0
60,375,905,80,178,0x50D4,0xB200,708,0,287,719,0x02EF,0,0,0,0,0x00,0,0
61,378,905,80,178,0x5098,0xB200,708,0,290,719,0x02EF,0,0,0,0,0x00,0,0
62,381,905,80,178,0x505C,0xB200,708,0,293,719,0x02EF,0,0,0,0,0x00,0,0
63,384,905,80,178,0x5020,0xB200,708,0,296,719,0x02EF,0,0,0,0,0x00,0,0
64,386,905,80,178,0x50E4,0xB200,708,0,298,719,0x02EF,0,0,0,0,0x00,0,0
65,389,905,80,178,0x50A8,0xB200,708,0,301,719,0x02EF,0,0,0,0,0x00,0,0
66,392,905,80,178,0x506C,0xB200,708,0,304,719,0x02EF,0,0,0,0,0x00,0,0
67,395,905,80,178,0x5030,0xB200,708,0,307,719,0x02EF,0,0,0,0,0x00,0,0
68,397,905,80,178,0x50F4,0xB200,708,0,309,719,0x02EF,0,0,0,0,0x00,0,0
69,400,905,80,178,0x50B8,0xB200,708,0,312,719,0x02EF,0,0,0,0,0x00,0,0
70,403,905,80,178,0x507C,0xB200,708,0,315,719,0x02EF,0,0,0,0,0x00,0,0
71,406,905,80,178,0x5040,0xB200,708,0,318,719,0x02EF,0,0,0,0,0x00,0,0
72,409,905,80,178,0x5004,0xB200,708,0,321,719,0x02EF,0,0,0,0,0x00,0,0
73,411,905,80,178,0x50C8,0xB200,708,0,323,719,0x02EF,0,0,0,0,0x00,0,0
74,414,905,80,178,0x508C,0xB200,708,0,326,719,0x02EF,0,0,0,0,0x00,0,0
75,417,905,80,178,0x5050,0xB200,708,0,329,719,0x02EF,0,0,0,0,0x00,0,0
76,420,905,80,178,0x5014,0xB200,708,0,332,719,0x02EF,0,0,0,0,0x00,0,0
77,422,905,80,178,0x50D8,0xB200,708,0,334,719,0x02EF,0,0,0,0,0x00,0,0
78,425,905,80,178,0x509C,0xB200,708,0,337,719,0x02EF,0,0,0,0,0x00,0,0
79,428,905,80,178,0x5060,0xB200,708,0,340,719,0x02EF,0,0,0,0,0x00,0,0
80,431,905,80,178,0x5024,0xB200,708,0,343,719,0x02EF,0,0,0,0,0x00,0,0
81,433,905,80,178,0x50E8,0xB200,708,0,345,719,0x02EF,0,0,0,0,0x00,0,0
82,436,905,80,178,0x50AC,0xB200,708,0,348,719,0x02EF,0,0,0,0,0x00,0,0
83,439,905,80,178,0x5070,0xB200,708,0,351,719,0x02EF,0,0,0,0,0x00,0,0
84,442,905,80,178,0x5034,0xB200,708,0,354,719,0x02EF,0,0,0,0,0x00,0,0
85,444,905,80,178,0x50F8,0xB200,708,0,356,719,0x02EF,0,0,0,0,0x00,0,0
86,447,905,80,178,0x50BC,0xB200,708,0,359,719,0x02EF,0,0,0,0,0x00,0,0
87,450,905,80,178,0x5080,0xB200,708,0,362,719,0x02EF,0,0,0,0,0x00,0,0
88,453,905,80,178,0x5044,0xB200,708,0,365,719,0x02EF,0,0,0,0,0x00,0,0
89,456,905,80,178,0x5008,0xB200,708,0,368,719,0x02EF,0,0,0,0,0x00,0,0
90,458,905,80,178,0x50CC,0xB200,708,0,370,719,0x02EF,0,0,0,0,0x00,0,0
91,461,905,80,178,0x5090,0xB200,708,0,373,719,0x02EF,0,0,0,0,0x00,0,0
92,464,905,80,178,0x5054,0xB200,708,0,376,719,0x02EF,0,0,0,0,0x00,0,0
93,467,905,80,178,0x5018,0xB200,708,0,379,719,0x02EF,0,0,0,0,0x00,0,0
94,469,905,80,178,0x50DC,0xB200,708,0,381,719,0x02EF,0,0,0,0,0x00,0,0
95,472,905,80,178,0x50A0,0xB200,708,0,384,719,0x02EF,0,0,0,0,0x00,0,0
96,475,905,80,178,0x5064,0xB200,708,0,387,719,0x02EF,0,0,0,0,0x00,0,0
97,478,905,80,178,0x5028,0xB200,708,0,390,719,0x02EF,0,0,0,0,0x00,0,0
98,480,905,80,178,0x50EC,0xB200,708,0,392,719,0x02EF,0,0,0,0,0x00,0,0
99,483,905,80,178,0x50B0,0xB200,708,0,395,719,0x02EF,0,0,0,0,0x00,0,0
100,486,905,80,178,0x5074,0xB200,708,0,398,719,0x02EF,0,0,0,0,0x00,0,0
101,489,905,80,178,0x5038,0xB200,708,0,401,719,0x02EF,0,0,0,0,0x00,0,0
102,491,905,80,178,0x50FC,0xB200,708,0,403,719,0x02EF,0,0,0,0,0x00,0,0
103,494,905,80,178,0x50C0,0xB200,708,0,406,719,0x02EF,0,0,0,0,0x00,0,0
104,497,905,80,178,0x5084,0xB200,708,0,409,719,0x02EF,0,0,0,0,0x00,0,0
105,500,905,80,178,0x5048,0xB200,708,0,412,719,0x02EF,0,0,0,0,0x00,0,0
106,503,905,80,178,0x500C,0xB200,708,0,415,719,0x02EF,0,0,0,0,0x00,0,0
107,505,905,80,178,0x50D0,0xB200,708,0,417,719,0x02EF,0,0,0,0,0x00,0,0
108,508,905,80,178,0x5094,0xB200,708,0,420,719,0x02EF,0,0,0,0,0x00,0,0
109,511,905,80,178,0x5058,0xB200,708,0,423,719,0x02EF,0,0,0,0,0x00,0,0
110,514,905,80,178,0x501C,0xB200,708,0,426,719,0x02EF,0,0,0,0,0x00,0,0
111,516,905,80,178,0x50E0,0xB200,708,0,428,719,0x02EF,0,0,0,0,0x00,0,0
112,519,905,80,178,0x50A4,0xB200,708,0,431,719,0x02EF,0,0,0,0,0x00,0,0
113,522,905,80,178,0x5068,0xB200,708,0,434,719,0x02EF,0,0,0,0,0x00,0,0
114,525,905,80,178,0x502C,0xB200,708,0,437,719,0x02EF,0,0,0,0,0x00,0,0
115,527,905,80,178,0x50F0,0xB200,708,0,439,719,0x02EF,0,0,0,0,0x00,0,0
116,530,905,80,178,0x50B4,0xB200,708,0,442,719,0x02EF,0,0,0,0,0x00,0,0
117,533,905,80,178,0x5078,0xB200,708,0,445,719,0x02EF,0,0,0,0,0x00,0,0
118,536,905,80,178,0x503C,0xB200,708,0,448,719,0x02EF,0,0,0,0,0x00,0,0
119,539,905,80,178,0x5000,0xB200,708,0,451,719,0x02EF,0,0,0,0,0x00,0,0
120,541,905,80,178,0x50C4,0xB200,708,0,453,719,0x02EF,0,0,0,0,0x00,0,0
121,544,905,80,178,0x5088,0xB200,708,0,456,719,0x02EF,0,0,0,0,0x00,0,0
122,547,905,80,178,0x504C,0xB200,708,0,459,719,0x02EF,0,0,0,0,0x00,0,0
123,550,905,80,178,0x5010,0xB200,708,0,462,719,0x02EF,0,0,0,0,0x00,0,0
124,552,905,80,178,0x50D4,0xB200,708,0,464,719,0x02EF,0,0,0,0,0x00,0,0
125,555,905,80,178,0x5098,0xB200,708,-1424,467,719,0x02EF,0,0,0,0,0x00,0,0
126,558,899,80,172,0x505C,0xACDB,708,-1317,470,719,0x02EF,0,0,0,0,0x00,0,0
127,561,895,80,168,0x5020,0xA821,708,-1210,473,719,0x02EF,0,0,0,0,0x00,0,0
128,563,890,80,163,0x50E4,0xA3D2,708,-1103,475,719,0x02EF,0,0,0,0,0x00,0,0
129,566,886,80,159,0x50A8,0x9FEE,708,-996,478,719,0x02EF,0,0,0,0,0x00,0,0
130,569,883,80,156,0x506C,0x9C75,708,-889,481,719,0x02EF,0,0,0,0,0x00,0,0
131,572,880,80,153,0x5030,0x9967,708,-782,484,719,0x02EF,0,0,0,0,0x00,0,0
132,574,877,80,150,0x50F4,0x96C4,708,-675,486,719,0x02EF,0,0,0,0,0x00,0,0
133,577,875,80,148,0x50B8,0x948C,708,-568,489,719,0x02EF,0,0,0,0,0x00,0,0
134,580,873,80,146,0x507C,0x92BF,708,-461,492,719,0x02EF,0,0,0,0,0x00,0,0
135,583,872,80,145,0x5040,0x915D,708,-354,495,719,0x02EF,0,0,0,0,0x00,0,0
136,586,871,80,144,0x5004,0x9066,708,-247,498,719,0x02EF,0,0,0,0,0x00,0,0
137,588,870,80,143,0x50C8,0x8FDA,708,-140,500,719,0x02EF,0,0,0,0,0x00,0,0
138,591,870,80,143,0x508C,0x8FB9,708,-33,503,719,0x02EF,0,0,0,0,0x00,0,0
139,594,871,80,144,0x5050,0x9003,708,74,506,719,0x02EF,0,0,0,0,0x00,0,0
140,597,871,80,144,0x5014,0x90B8,708,181,509,719,0x02EF,0,0,0,0,0x00,0,0
141,599,872,80,145,0x50D8,0x91D8,708,288,511,719,0x02EF,0,0,0,0,0x00,0,0
142,602,874,80,147,0x509C,0x9363,708,395,514,719,0x02EF,0,0,0,0,0x00,0,0
143,605,876,80,149,0x5060,0x9559,708,502,517,719,0x02EF,0,0,0,0,0x00,0,0
144,608,878,80,151,0x5024,0x97BA,708,609,520,719,0x02EF,0,0,0,0,0x00,0,0
145,610,881,80,154,0x50E8,0x9A86,708,716,522,719,0x02EF,0,0,0,0,0x00,0,0
146,613,884,80,157,0x50AC,0x9DBD,708,823,525,719,0x02EF,0,0,0,0,0x00,0,0
147,616,888,80,161,0x5070,0xA15F,708,930,528,719,0x02EF,0,0,0,0,0x00,0,0
148,619,892,80,165,0x5034,0xA56C,708,1037,531,719,0x02EF,0,0,0,0,0x00,0,0
149,621,896,80,169,0x50F8,0xA9E4,708,1144,533,719,0x02EF,0,0,0,0,0x00,0,0
150,624,901,80,174,0x50BC,0xAEC7,708,1251,536,719,0x02EF,0,0,0,0,0x00,0,0
151,627,905,80,178,0x5080,0xB200,708,0,539,719,0x02EF,0,0,0,0,0x00,0,0
152,630,905,80,178,0x5044,0xB200,708,0,542,719,0x02EF,0,0,0,0,0x00,0,0
153,633,905,80,178,0x5008,0xB200,708,0,545,719,0x02EF,0,0,0,0,0x00,0,0
154,635,905,80,178,0x50CC,0xB200,708,0,547,719,0x02EF,0,0,0,0,0x00,0,0
155,638,905,80,178,0x5090,0xB200,708,0,550,719,0x02EF,0,0,0,0,0x00,0,0
156,641,905,80,178,0x5054,0xB200,708,0,553,719,0x02EF,0,0,0,0,0x00,0,0
157,644,905,80,178,0x5018,0xB200,708,0,556,719,0x02EF,0,0,0,0,0x00,0,0
158,646,905,80,178,0x50DC,0xB200,708,0,558,719,0x02EF,0,0,0,0,0x00,0,0
159,649,905,80,178,0x50A0,0xB200,708,0,561,719,0x02EF,0,0,0,0,0x00,0,0
160,652,905,80,178,0x5064,0xB200,708,0,564,719,0x02EF,0,0,0,0,0x00,0,0
161,655,905,80,178,0x5028,0xB200,708,0,567,719,0x02EF,0,0,0,0,0x00,0,0
162,657,905,80,178,0x50EC,0xB200,708,0,569,719,0x02EF,0,0,0,0,0x00,0,0
163,660,905,80,178,0x50B0,0xB200,708,0,572,719,0x02EF,0,0,0,0,0x00,0,0
164,663,905,80,178,0x5074,0xB200,708,0,575,719,0x02EF,0,0,0,0,0x00,0,0
165,666,905,80,178,0x5038,0xB200,708,0,578,719,0x02EF,0,0,0,0,0x00,0,0
166,668,905,80,178,0x50FC,0xB200,708,0,580,719,0x02EF,0,0,0,0,0x00,0,0
167,671,905,80,178,0x50C0,0xB200,708,0,583,719,0x02EF,0,0,0,0,0x00,0,0
168,674,905,80,178,0x5084,0xB200,708,0,586,719,0x02EF,0,0,0,0,0x00,0,0
169,677,905,80,178,0x5048,0xB200,708,0,589,719,0x02EF,0,0,0,0,0x00,0,0
170,680,905,80,178,0x500C,0xB200,708,0,592,719,0x02EF,0,0,0,0,0x00,0,0
171,682,905,80,178,0x50D0,0xB200,708,0,594,719,0x02EF,0,0,0,0,0x00,0,0
172,685,905,80,178,0x5094,0xB200,708,0,597,719,0x02EF,0,0,0,0,0x00,0,0
173,688,905,80,178,0x5058,0xB200,708,0,600,719,0x02EF,0,0,0,0,0x00,0,0
174,691,905,80,178,0x501C,0xB200,708,0,603,719,0x02EF,0,0,0,0,0x00,0,0
175,693,905,80,178,0x50E0,0xB200,708,0,605,719,0x02EF,0,0,0,0,0x00,0,0
176,696,905,80,178,0x50A4,0xB200,708,0,608,719,0x02EF,0,0,0,0,0x00,0,0
177,699,905,80,178,0x5068,0xB200,708,0,611,719,0x02EF,0,0,0,0,0x00,0,0
178,702,905,80,178,0x502C,0xB200,708,0,614,719,0x02EF,0,0,0,0,0x00,0,0
179,704,905,80,178,0x50F0,0xB200,708,0,616,719,0x02EF,0,0,0,0,0x00,0,0
180,707,905,80,178,0x50B4,0xB200,708,0,619,719,0x02EF,0,0,0,0,0x00,0,0
181,710,905,80,178,0x5078,0xB200,708,0,622,719,0x02EF,0,0,0,0,0x00,0,0
182,713,905,80,178,0x503C,0xB200,708,0,625,719,0x02EF,0,0,0,0,0x00,0,0
183,716,905,80,178,0x5000,0xB200,708,0,628,719,0x02EF,0,0,0,0,0x00,0,0
184,718,905,80,178,0x50C4,0xB200,708,0,630,719,0x02EF,0,0,0,0,0x00,0,0
185,721,905,80,178,0x5088,0xB200,708,0,633,719,0x02EF,0,0,0,0,0x00,0,0
186,724,905,80,178,0x504C,0xB200,708,0,636,719,0x02EF,0,0,0,0,0x00,0,0
187,727,905,80,178,0x5010,0xB200,708,0,639,719,0x02EF,0,0,0,0,0x00,0,0
188,729,905,80,178,0x50D4,0xB200,708,0,641,719,0x02EF,0,0,0,0,0x00,0,0
189,732,905,80,178,0x5098,0xB200,708,0,644,719,0x02EF,0,0,0,0,0x00,0,0
190,735,905,80,178,0x505C,0xB200,708,0,647,719,0x02EF,0,0,0,0,0x00,0,0
191,738,905,80,178,0x5020,0xB200,708,0,650,719,0x02EF,0,0,0,0,0x00,0,0
192,740,905,80,178,0x50E4,0xB200,708,0,652,719,0x02EF,0,0,0,0,0x00,0,0
193,743,905,80,178,0x50A8,0xB200,708,0,655,719,0x02EF,0,0,0,0,0x00,0,0
194,746,905,80,178,0x506C,0xB200,708,0,658,719,0x02EF,0,0,0,0,0x00,0,0
195,749,905,80,178,0x5030,0xB200,708,0,661,719,0x02EF,0,0,0,0,0x00,0,0
196,751,905,80,178,0x50F4,0xB200,708,0,663,719,0x02EF,0,0,0,0,0x00,0,0
197,754,905,80,178,0x50B8,0xB200,708,0,666,719,0x02EF,0,0,0,0,0x00,0,0
198,757,905,80,178,0x507C,0xB200,708,0,669,719,0x02EF,0,0,0,0,0x00,0,0
199,760,905,80,178,0x5040,0xB200,708,0,672,719,0x02EF,0,0,0,0,0x00,0,0
200,763,905,80,178,0x5004,0xB200,708,0,675,719,0x02EF,0,0,0,0,0x00,0,0
201,765,905,80,178,0x50C8,0xB200,708,0,677,719,0x02EF,0,0,0,0,0x00,0,0
202,768,905,80,178,0x508C,0xB200,708,0,680,719,0x02EF,0,0,0,0,0x00,0,0
203,771,905,80,178,0x5050,0xB200,708,0,683,719,0x02EF,0,0,0,0,0x00,0,0
204,774,905,80,178,0x5014,0xB200,708,0,686,719,0x02EF,0,0,0,0,0x00,0,0
205,776,905,80,178,0x50D8,0xB200,708,0,688,719,0x02EF,0,0,0,0,0x00,0,0
206,779,905,80,178,0x509C,0xB200,708,0,691,719,0x02EF,0,0,0,0,0x00,0,0
207,782,905,80,178,0x5060,0xB200,708,0,694,719,0x02EF,0,0,0,0,0x00,0,0
208,785,905,80,178,0x5024,0xB200,708,0,697,719,0x02EF,0,0,0,0,0x00,0,0
209,787,905,80,178,0x50E8,0xB200,708,0,699,719,0x02EF,0,0,0,0,0x00,0,0
210,790,905,80,178,0x50AC,0xB200,708,0,702,719,0x02EF,0,0,0,0,0x00,0,0
211,793,905,80,178,0x5070,0xB200,708,0,705,719,0x02EF,0,0,0,0,0x00,0,0
212,796,905,80,178,0x5034,0xB200,708,0,708,719,0x02EF,0,0,0,0,0x00,0,0
213,798,905,80,178,0x50F8,0xB200,708,0,710,719,0x02EF,0,0,0,0,0x00,0,0
214,801,905,80,178,0x50BC,0xB200,708,0,713,719,0x02EF,0,0,0,0,0x00,0,0
215,804,905,80,178,0x5080,0xB200,708,0,716,719,0x02EF,0,0,0,0,0x00,0,0
216,807,905,80,178,0x5044,0xB200,708,0,719,719,0x02EF,0,0,0,0,0x00,0,0
217,810,905,80,178,0x5008,0xB200,708,-1424,722,719,0x02EF,0,0,0,0,0x00,0,0
218,812,899,80,172,0x50CC,0xACDB,708,-1317,724,719,0x02EF,0,0,0,0,0x00,0,0
219,815,895,80,168,0x5090,0xA821,708,-1210,727,719,0x02EF,0,0,0,0,0x00,0,0
220,818,890,80,163,0x5054,0xA3D2,708,-1103,730,719,0x02EF,0,0,0,0,0x00,0,0
221,821,886,80,159,0x5018,0x9FEE,708,-996,733,719,0x02EF,0,0,0,0,0x00,0,0
222,823,883,80,156,0x50DC,0x9C75,708,-889,735,719,0x02EF,0,0,0,0,0x00,0,0
223,826,880,80,153,0x50A0,0x9967,708,-782,738,719,0x02EF,0,0,0,0,0x00,0,0
224,829,877,80,150,0x5064,0x96C4,708,-675,741,719,0x02EF,0,0,0,0,0x00,0,0
225,832,875,80,148,0x5028,0x948C,708,-568,744,719,0x02EF,0,0,0,0,0x00,0,0
226,834,873,80,146,0x50EC,0x92BF,708,-461,746,719,0x02EF,0,0,0,0,0x00,0,0
227,837,872,80,145,0x50B0,0x915D,708,-354,749,719,0x02EF,0,0,0,0,0x00,0,0
228,840,871,80,144,0x5074,0x9066,708,-247,752,719,0x02EF,0,0,0,0,0x00,0,0
229,843,870,80,143,0x5038,0x8FDA,708,-140,755,719,0x02EF,0,0,0,0,0x00,0,0
230,845,870,80,143,0x50FC,0x8FB9,708,-33,757,719,0x02EF,0,0,0,0,0x00,0,0
231,848,871,80,144,0x50C0,0x9003,708,74,760,719,0x02EF,0,0,0,0,0x00,0,0
232,851,871,80,144,0x5084,0x90B8,708,181,763,719,0x02EF,0,0,0,0,0x00,0,0
233,854,872,80,145,0x5048,0x91D8,708,288,766,719,0x02EF,0,0,0,0,0x00,0,0
234,857,874,80,147,0x500C,0x9363,708,395,769,719,0x02EF,0,0,0,0,0x00,0,0
235,859,876,80,149,0x50D0,0x9559,708,502,771,719,0x02EF,0,0,0,0,0x00,0,0
236,862,878,80,151,0x5094,0x97BA,708,609,774,719,0x02EF,0,0,0,0,0x00,0,0
237,865,881,80,154,0x5058,0x9A86,708,716,777,719,0x02EF,0,0,0,0,0x00,0,0
238,868,884,80,157,0x501C,0x9DBD,708,823,780,719,0x02EF,0,0,0,0,0x00,0,0
239,870,888,80,161,0x50E0,0xA15F,708,930,782,719,0x02EF,0,0,0,0,0x00,0,0
240,873,892,80,165,0x50A4,0xA56C,708,1037,785,719,0x02EF,0,0,0,0,0x00,0,0
241,876,896,80,169,0x5068,0xA9E4,708,1144,788,719,0x02EF,0,0,0,0,0x00,0,0
242,879,901,80,174,0x502C,0xAEC7,708,1251,791,719,0x02EF,0,0,0,0,0x00,0,0
243,881,905,80,178,0x50F0,0xB200,708,0,793,719,0x02EF,0,0,0,0,0x00,0,0
244,884,905,80,178,0x50B4,0xB200,708,0,796,719,0x02EF,0,0,0,0,0x00,0,0
245,887,905,80,178,0x5078,0xB200,708,0,799,719,0x02EF,0,0,0,0,0x00,0,0
246,890,905,80,178,0x503C,0xB200,708,0,802,719,0x02EF,0,0,0,0,0x00,0,0
247,893,905,80,178,0x5000,0xB200,708,0,805,719,0x02EF,0,0,0,0,0x00,0,0
248,895,905,80,178,0x50C4,0xB200,708,0,807,719,0x02EF,0,0,0,0,0x00,0,0
249,898,905,80,178,0x5088,0xB200,708,0,810,719,0x02EF,0,0,0,0,0x00,0,0
250,901,905,80,178,0x504C,0xB200,708,0,813,719,0x02EF,0,0,0,0,0x00,0,0
251,904,905,80,178,0x5010,0xB200,708,0,816,719,0x02EF,0,0,0,0,0x00,0,0
252,906,905,80,178,0x50D4,0xB200,708,0,818,719,0x02EF,0,0,0,0,0x00,0,0
253,909,905,80,178,0x5098,0xB200,708,0,821,719,0x02EF,0,0,0,0,0x00,0,0
254,912,905,80,178,0x505C,0xB200,708,0,824,719,0x02EF,0,0,0,0,0x00,0,0
255,915,905,80,178,0x5020,0xB200,708,0,827,719,0x02EF,0,0,0,0,0x00,0,0
256,917,905,80,178,0x50E4,0xB200,708,0,829,719,0x02EF,0,0,0,0,0x00,0,0
257,920,905,80,178,0x50A8,0xB200,708,0,832,719,0x02EF,0,0,0,0,0x00,0,0
258,923,905,80,178,0x506C,0xB200,708,-1424,835,719,0x02EF,0,0,0,0,0x00,0,0
259,926,899,80,172,0x5030,0xACDB,708,-1317,838,719,0x02EF,0,0,0,0,0x00,0,0
260,928,895,80,168,0x50F4,0xA821,708,-1210,840,719,0x02EF,0,0,0,0,0x00,0,0
261,931,890,80,163,0x50B8,0xA3D2,708,-1103,843,719,0x02EF,0,0,0,0,0x00,0,0
262,934,886,80,159,0x507C,0x9FEE,708,-996,846,719,0x02EF,0,0,0,0,0x00,0,0
263,937,883,80,156,0x5040,0x9C75,708,-889,849,719,0x02EF,0,0,0,0,0x00,0,0
264,940,880,80,153,0x5004,0x9967,708,-782,852,719,0x02EF,0,0,0,0,0x00,0,0
265,942,877,80,150,0x50C8,0x96C4,708,-675,854,719,0x02EF,0,0,0,0,0x00,0,0
266,945,875,80,148,0x508C,0x948C,708,-568,857,719,0x02EF,0,0,0,0,0x00,0,0
267,948,873,80,146,0x5050,0x92BF,708,-461,860,719,0x02EF,0,0,0,0,0x00,0,0
268,951,872,80,145,0x5014,0x915D,708,-354,863,719,0x02EF,0,0,0,0,0x00,0,0
269,953,871,80,144,0x50D8,0x9066,708,-247,865,719,0x02EF,0,0,0,0,0x00,0,0
270,956,870,80,143,0x509C,0x8FDA,708,-140,868,719,0x02EF,0,0,0,0,0x00,0,0
271,959,870,80,143,0x5060,0x8FB9,708,-33,871,719,0x02EF,0,0,0,0,0x00,0,0
272,962,871,80,144,0x5024,0x9003,708,74,874,719,0x02EF,0,0,0,0,0x00,0,0
273,964,871,80,144,0x50E8,0x90B8,708,181,876,719,0x02EF,0,0,0,0,0x00,0,0
274,967,872,80,145,0x50AC,0x91D8,708,288,879,719,0x02EF,0,0,0,0,0x00,0,0
275,970,874,80,147,0x5070,0x9363,708,395,882,719,0x02EF,0,0,0,0,0x00,0,0
276,973,876,80,149,0x5034,0x9559,708,502,885,719,0x02EF,0,0,0,0,0x00,0,0
277,975,878,80,151,0x50F8,0x97BA,708,609,887,719,0x02EF,0,0,0,0,0x00,0,0
278,978,881,80,154,0x50BC,0x9A86,708,716,890,719,0x02EF,0,0,0,0,0x00,0,0
279,981,884,80,157,0x5080,0x9DBD,708,823,893,719,0x02EF,0,0,0,0,0x00,0,0
280,984,888,80,161,0x5044,0xA15F,708,930,896,719,0x02EF,0,0,0,0,0x00,0,0
281,987,892,80,165,0x5008,0xA56C,708,1037,899,719,0x02EF,0,0,0,0,0x00,0,0
282,989,896,80,169,0x50CC,0xA9E4,708,1144,901,719,0x02EF,0,0,0,0,0x00,0,0
283,992,901,80,174,0x5090,0xAEC7,708,1251,904,719,0x02EF,0,0,0,0,0x00,0,0
284,995,905,80,178,0x5054,0xB200,708,0,907,719,0x02EF,0,0,0,0,0x00,0,0
285,998,905,80,178,0x5018,0xB200,708,0,910,719,0x02EF,0,0,0,0,0x00,0,0
286,1000,905,80,178,0x50DC,0xB200,708,-1424,912,719,0x02EF,0,0,0,0,0x00,0,0
287,1003,899,80,172,0x50A0,0xACDB,708,-1317,915,719,0x02EF,0,0,0,0,0x00,0,0
288,1006,895,80,168,0x5064,0xA821,708,-1210,918,719,0x02EF,0,0,0,0,0x00,0,0
289,1009,890,80,163,0x5028,0xA3D2,708,-1103,921,719,0x02EF,0,0,0,0,0x00,0,0
290,1011,886,80,159,0x50EC,0x9FEE,708,-996,923,719,0x02EF,0,0,0,0,0x00,0,0
291,1014,883,80,156,0x50B0,0x9C75,708,-889,926,719,0x02EF,0,0,0,0,0x00,0,0
292,1017,880,80,153,0x5074,0x9967,708,-782,929,719,0x02EF,0,0,0,0,0x00,0,0
293,1020,877,80,150,0x5038,0x96C4,708,-675,932,719,0x02EF,0,0,0,0,0x00,0,0
294,1022,875,80,148,0x50FC,0x948C,708,-568,934,719,0x02EF,0,0,0,0,0x00,0,0
295,1025,873,80,146,0x50C0,0x92BF,708,-461,937,719,0x02EF,0,0,0,0,0x00,0,0
296,1028,872,80,145,0x5084,0x915D,708,-354,940,719,0x02EF,0,0,0,0,0x00,0,0
297,1031,871,80,144,0x5048,0x9066,708,-247,943,719,0x02EF,0,0,0,0,0x00,0,0
298,1034,870,80,143,0x500C,0x8FDA,708,-140,946,719,0x02EF,0,0,0,0,0x00,0,0
299,1036,870,80,143,0x50D0,0x8FB9,708,-33,948,719,0x02EF,0,0,0,0,0x00,0,0
300,1039,871,80,144,0x5094,0x9003,708,74,951,719,0x02EF,0,0,0,0,0x00,0,0
301,1042,871,80,144,0x5058,0x90B8,708,181,954,719,0x02EF,0,0,0,0,0x00,0,0
302,1045,872,80,145,0x501C,0x91D8,708,288,957,719,0x02EF,0,0,0,0,0x00,0,0
303,1047,874,80,147,0x50E0,0x9363,708,395,959,719,0x02EF,0,0,0,0,0x00,0,0
304,1050,876,80,149,0x50A4,0x9559,708,502,962,719,0x02EF,0,0,0,0,0x00,0,0
305,1053,878,80,151,0x5068,0x97BA,708,609,965,719,0x02EF,0,0,0,0,0x00,0,0
306,1056,881,80,154,0x502C,0x9A86,708,716,968,719,0x02EF,0,0,0,0,0x00,0,0
307,1058,884,80,157,0x50F0,0x9DBD,708,823,970,719,0x02EF,0,0,0,0,0x00,0,0
308,1061,888,80,161,0x50B4,0xA15F,708,930,973,719,0x02EF,0,0,0,0,0x00,0,0
309,1064,892,80,165,0x5078,0xA56C,708,1037,976,719,0x02EF,0,0,0,0,0x00,0,0
310,1067,896,80,169,0x503C,0xA9E4,708,1144,979,719,0x02EF,0,0,0,0,0x00,0,0
311,1070,901,80,174,0x5000,0xAEC7,708,1251,982,719,0x02EF,0,0,0,0,0x02,0,1
312,1072,905,80,178,0x50C4,0xB200,708,-1424,984,719,0x02EF,0,0,0,0,0x00,0,0
313,1075,899,80,172,0x5088,0xACDB,708,-1317,987,719,0x02EF,0,0,0,0,0x00,0,0
314,1078,895,80,168,0x504C,0xA821,708,-1210,990,719,0x02EF,0,0,0,0,0x00,0,0
315,1081,890,80,163,0x5010,0xA3D2,708,-1103,993,719,0x02EF,0,0,0,0,0x00,0,0
316,1083,886,80,159,0x50D4,0x9FEE,708,-996,995,719,0x02EF,0,0,0,0,0x00,0,0
317,1086,883,80,156,0x5098,0x9C75,708,-889,998,719,0x02EF,0,0,0,0,0x00,0,0
318,1089,880,80,153,0x505C,0x9967,708,-782,1001,719,0x02EF,0,0,0,0,0x00,0,0
319,1092,877,80,150,0x5020,0x96C4,708,-675,1004,719,0x02EF,0,0,0,0,0x00,0,0
320,1094,875,80,148,0x50E4,0x948C,708,-568,1006,719,0x02EF,0,0,0,0,0x00,0,0
321,1097,873,80,146,0x50A8,0x92BF,708,-461,1009,719,0x02EF,0,0,0,0,0x00,0,0
322,1100,872,80,145,0x506C,0x915D,708,-354,1012,719,0x02EF,0,0,0,0,0x00,0,0
323,1103,871,80,144,0x5030,0x9066,708,-247,1015,719,0x02EF,0,0,0,0,0x00,0,0
324,1105,870,80,143,0x50F4,0x8FDA,708,-140,1017,719,0x02EF,0,0,0,0,0x00,0,0
325,1108,870,80,143,0x50B8,0x8FB9,708,-33,1020,719,0x02EF,0,0,0,0,0x00,0,0
326,1111,871,80,144,0x507C,0x9003,708,74,1023,719,0x02EF,0,0,0,0,0x00,0,0
327,1114,871,80,144,0x5040,0x90B8,708,181,1026,719,0x02EF,0,0,0,0,0x00,0,0
328,1117,872,80,145,0x5004,0x91D8,708,288,1029,719,0x02EF,0,0,0,0,0x00,0,0
329,1119,873,80,146,0x50C8,0x9200,708,0,1031,719,0x02EF,0,0,0,0,0x00,0,0
330,1122,873,80,146,0x508C,0x9200,708,0,1034,719,0x02EF,0,0,0,0,0x00,0,0
331,1125,873,80,146,0x5050,0x9200,708,0,1037,719,0x02EF,0,0,0,0,0x00,0,0
332,1128,873,80,146,0x5014,0x9200,708,-1424,1040,719,0x02EF,0,0,0,0,0x00,0,0
333,1130,867,80,140,0x50D8,0x8CDB,708,-1317,1042,719,0x02EF,0,0,0,0,0x00,0,0
334,1133,863,80,136,0x509C,0x8821,708,-1210,1045,719,0x02EF,0,0,0,0,0x00,0,0
335,1136,858,80,131,0x5060,0x83D2,708,-1103,1048,719,0x02EF,0,0,0,0,0x00,0,0
336,1139,854,80,127,0x5024,0x7FEE,708,-996,1051,719,0x02EF,0,0,0,0,0x00,0,0
337,1141,851,80,124,0x50E8,0x7C75,708,-889,1053,719,0x02EF,0,0,0,0,0x00,0,0
338,1144,848,80,121,0x50AC,0x7967,708,-782,1056,719,0x02EF,0,0,0,0,0x00,0,0
339,1147,845,80,118,0x5070,0x76C4,708,-675,1059,719,0x02EF,0,0,0,0,0x00,0,0
340,1150,843,80,116,0x5034,0x748C,708,-568,1062,719,0x02EF,0,0,0,0,0x00,0,0
341,1152,841,80,114,0x50F8,0x72BF,708,-461,1064,719,0x02EF,0,0,0,0,0x00,0,0
342,1155,840,80,113,0x50BC,0x715D,708,-354,1067,719,0x02EF,0,0,0,0,0x00,0,0
343,1158,839,80,112,0x5080,0x7066,708,-247,1070,719,0x02EF,0,0,0,0,0x00,0,0
344,1161,838,80,111,0x5044,0x6FDA,708,-140,1073,719,0x02EF,0,0,0,0,0x00,0,0
345,1164,838,80,111,0x5008,0x6FB9,708,-33,1076,719,0x02EF,0,0,0,0,0x00,0,0
346,1166,839,80,112,0x50CC,0x7003,708,74,1078,719,0x02EF,0,0,0,0,0x00,0,0
347,1169,839,80,112,0x5090,0x70B8,708,181,1081,719,0x02EF,0,0,0,0,0x00,0,0
348,1172,840,80,113,0x5054,0x71D8,708,288,1084,719,0x02EF,0,0,0,0,0x00,0,0
349,1175,842,80,115,0x5018,0x7363,708,395,1087,719,0x02EF,0,0,0,0,0x00,0,0
350,1177,844,80,117,0x50DC,0x7559,708,502,1089,719,0x02EF,0,0,0,0,0x00,0,0
351,1180,841,80,114,0x50A0,0x7200,708,0,1092,719,0x02EF,0,0,0,0,0x00,0,0
352,1183,841,80,114,0x5064,0x7200,708,0,1095,719,0x02EF,0,0,0,0,0x00,0,0
353,1186,841,80,114,0x5028,0x7200,708,0,1098,719,0x02EF,0,0,0,0,0x00,0,0
354,1188,841,80,114,0x50EC,0x7200,708,0,1100,719,0x02EF,0,0,0,0,0x00,0,0
355,1191,841,80,114,0x50B0,0x7200,708,0,1103,719,0x02EF,0,0,0,0,0x00,0,0
356,1194,841,80,114,0x5074,0x7200,708,0,1106,719,0x02EF,0,0,0,0,0x00,0,0
357,1197,841,80,114,0x5038,0x7200,708,0,1109,719,0x02EF,0,0,0,0,0x00,0,0
358,1199,841,80,114,0x50FC,0x7200,708,0,1111,719,0x02EF,0,0,0,0,0x00,0,0
359,1202,841,80,114,0x50C0,0x7200,708,0,1114,719,0x02EF,0,0,0,0,0x00,0,0
360,1205,841,80,114,0x5084,0x7200,708,0,1117,719,0x02EF,0,0,0,0,0x00,0,0
361,1208,841,80,114,0x5048,0x7200,708,-1424,1120,719,0x02EF,0,0,0,0,0x00,0,0
362,1211,835,80,108,0x500C,0x6CDB,708,-1317,1123,719,0x02EF,0,0,0,0,0x00,0,0
363,1213,831,80,104,0x50D0,0x6821,708,-1210,1125,719,0x02EF,0,0,0,0,0x00,0,0
364,1216,826,80,99,0x5094,0x63D2,708,-1103,1128,719,0x02EF,0,0,0,0,0x00,0,0
365,1219,822,80,95,0x5058,0x5FEE,708,-996,1131,719,0x02EF,0,0,0,0,0x00,0,0
366,1222,819,80,92,0x501C,0x5C75,708,-889,1134,719,0x02EF,0,0,0,0,0x00,0,0
367,1224,816,80,89,0x50E0,0x5967,708,-782,1136,719,0x02EF,0,0,0,0,0x00,0,0
368,1227,813,80,86,0x50A4,0x56C4,708,-675,1139,719,0x02EF,0,0,0,0,0x00,0,0
369,1230,811,80,84,0x5068,0x548C,708,-568,1142,719,0x02EF,0,0,0,0,0x00,0,0
370,1233,809,80,82,0x502C,0x52BF,708,-461,1145,719,0x02EF,0,0,0,0,0x00,0,0
371,1235,808,80,81,0x50F0,0x515D,708,-354,1147,719,0x02EF,0,0,0,0,0x00,0,0
372,1238,807,80,80,0x50B4,0x5066,708,-247,1150,719,0x02EF,0,0,0,0,0x00,0,0
373,1241,806,80,79,0x5078,0x4FDA,708,-140,1153,719,0x02EF,0,0,0,0,0x00,0,0
374,1244,806,80,79,0x503C,0x4FB9,708,-33,1156,719,0x02EF,0,0,0,0,0x00,0,0
375,1247,807,80,80,0x5000,0x5003,708,74,1159,719,0x02EF,0,0,0,0,0x00,0,0
376,1249,807,80,80,0x50C4,0x50B8,708,181,1161,719,0x02EF,0,0,0,0,0x00,0,0
377,1252,808,80,81,0x5088,0x51D8,708,288,1164,719,0x02EF,0,0,0,0,0x00,0,0
378,1255,810,80,83,0x504C,0x5363,708,395,1167,719,0x02EF,0,0,0,0,0x00,0,0
379,1258,812,80,85,0x5010,0x5559,708,502,1170,719,0x02EF,0,0,0,0,0x00,0,0
380,1260,809,80,82,0x50D4,0x5200,708,0,1172,719,0x02EF,0,0,0,0,0x00,0,0
381,1263,809,80,82,0x5098,0x5200,708,0,1175,719,0x02EF,0,0,0,0,0x00,0,0
382,1266,809,80,82,0x505C,0x5200,708,0,1178,719,0x02EF,0,0,0,0,0x00,0,0
383,1269,809,80,82,0x5020,0x5200,708,0,1181,719,0x02EF,0,0,0,0,0x00,0,0
384,1271,809,80,82,0x50E4,0x5200,708,-1424,1183,719,0x02EF,0,0,0,0,0x00,0,0
385,1274,803,80,76,0x50A8,0x4CDB,708,-1317,1186,719,0x02EF,0,0,0,0,0x00,0,0
386,1277,799,80,72,0x506C,0x4821,708,-1210,1189,719,0x02EF,0,0,0,0,0x00,0,0
387,1280,794,80,67,0x5030,0x43D2,708,-1103,1192,719,0x02EF,0,0,0,0,0x00,0,0
388,1282,790,80,64,0x50F4,0x4000,708,-996,1194,718,0x02EE,238,0,0,0,0x00,0,0
389,1285,787,80,64,0x50B8,0x4000,708,-889,1197,715,0x02EB,117,0,0,0,0x00,0,0
390,1288,784,80,64,0x507C,0x4000,708,-782,1200,712,0x02E8,103,0,0,0,0x00,0,0
391,1291,781,80,64,0x5040,0x4000,708,-675,1203,709,0x02E5,196,0,0,0,0x00,0,0
392,1294,779,80,64,0x5004,0x4000,708,-568,1206,707,0x02E3,140,0,0,0,0x00,0,0
393,1296,777,80,64,0x50C8,0x4000,708,-461,1208,705,0x02E1,191,0,0,0,0x00,0,0
394,1299,776,80,64,0x508C,0x4000,708,-354,1211,704,0x02E0,93,0,0,0,0x00,0,0
395,1302,775,80,64,0x5050,0x4000,708,-247,1214,703,0x02DF,102,0,0,0,0x00,0,0
396,1305,774,80,64,0x5014,0x4000,708,-140,1217,702,0x02DE,218,0,0,0,0x00,0,0
397,1307,774,80,64,0x50D8,0x4000,708,-33,1219,702,0x02DE,185,0,0,0,0x00,0,0
398,1310,774,80,64,0x509C,0x404A,708,74,1222,702,0x02DE,185,0,0,0,0x00,0,0
399,1313,774,80,64,0x5060,0x40FF,708,181,1225,702,0x02DE,185,0,0,0,0x00,0,0
400,1316,776,80,66,0x5024,0x421F,708,288,1228,702,0x02DE,185,0,0,0,0x00,0,0
401,1318,777,80,67,0x50E8,0x43AA,708,395,1230,702,0x02DE,185,0,0,0,0x00,0,0
402,1321,779,80,69,0x50AC,0x45A0,708,502,1233,702,0x02DE,185,0,0,0,0x00,0,0
403,1324,782,80,72,0x5070,0x4801,708,609,1236,702,0x02DE,185,0,0,0,0x00,0,0
404,1327,784,80,74,0x5034,0x4ACD,708,716,1239,702,0x02DE,185,0,0,0,0x00,0,0
405,1329,788,80,78,0x50F8,0x4E04,708,823,1241,702,0x02DE,185,0,0,0,0x00,0,0
406,1332,791,80,81,0x50BC,0x51A6,708,930,1244,702,0x02DE,185,0,0,0,0x00,0,0
407,1335,795,80,85,0x5080,0x55B3,708,1037,1247,702,0x02DE,185,0,0,0,0x00,0,0
408,1338,800,80,90,0x5044,0x5A2B,708,1144,1250,702,0x02DE,185,0,0,0,0x00,0,0
409,1341,805,80,95,0x5008,0x5F0E,708,1251,1253,702,0x02DE,185,0,0,0,0x00,0,0
410,1343,810,80,100,0x50CC,0x645C,708,1358,1255,702,0x02DE,185,0,0,0,0x00,0,0
411,1346,816,80,106,0x5090,0x6A15,708,1465,1258,702,0x02DE,185,0,0,0,0x00,0,0
412,1349,822,80,112,0x5054,0x7039,708,1572,1261,702,0x02DE,185,0,0,0,0x00,0,0
413,1352,828,80,118,0x5018,0x76C8,708,1679,1264,702,0x02DE,185,0,0,0,0x00,0,0
414,1354,835,80,125,0x50DC,0x7DC2,708,1786,1266,702,0x02DE,185,0,0,0,0x00,0,0
415,1357,843,80,133,0x50A0,0x8527,708,1893,1269,702,0x02DE,185,0,0,0,0x00,0,0
416,1360,850,80,140,0x5064,0x8C21,708,1786,1272,702,0x02DE,185,0,0,0,0x00,0,0
417,1363,857,80,147,0x5028,0x9300,708,0,1275,702,0x02DE,185,0,0,0,0x00,0,0
418,1365,857,80,147,0x50EC,0x9300,708,0,1277,702,0x02DE,185,0,0,0,0x00,0,0
419,1368,857,80,147,0x50B0,0x9300,708,0,1280,702,0x02DE,185,0,0,0,0x00,0,0
420,1371,857,80,147,0x5074,0x936B,708,107,1283,702,0x02DE,185,0,0,0,0x00,0,0
421,1374,858,80,148,0x5038,0x9441,708,214,1286,702,0x02DE,185,0,0,0,0x00,0,0
422,1376,859,80,149,0x50FC,0x9582,708,321,1288,702,0x02DE,185,0,0,0,0x00,0,0
423,1379,861,80,151,0x50C0,0x972E,708,428,1291,702,0x02DE,185,0,0,0,0x00,0,0
424,1382,863,80,153,0x5084,0x9945,708,535,1294,702,0x02DE,185,0,0,0,0x00,0,0
425,1385,865,80,155,0x5048,0x9BC7,708,642,1297,702,0x02DE,185,0,0,0,0x00,0,0
426,1388,868,80,158,0x500C,0x9EB4,708,749,1300,702,0x02DE,185,0,0,0,0x00,0,0
427,1390,872,80,160,0x50D0,0xA000,708,856,1302,704,0x02E0,197,0,0,0,0x00,0,0
428,1393,876,80,160,0x5094,0xA000,708,963,1305,708,0x02E4,136,0,0,0,0x00,0,0
429,1396,880,80,160,0x5058,0xA000,708,1070,1308,712,0x02E8,182,0,0,0,0x00,0,0
430,1399,885,80,160,0x501C,0xA000,708,1177,1311,717,0x02ED,79,0,0,0,0x00,0,0
431,1401,890,80,163,0x50E0,0xA353,708,1284,1313,719,0x02EF,0,0,0,0,0x00,0,0
432,1404,895,80,168,0x50A4,0xA8C2,708,1391,1316,719,0x02EF,0,0,0,0,0x00,0,0
433,1407,901,80,174,0x5068,0xAE9C,708,1498,1319,719,0x02EF,0,0,0,0,0x02,0,1
434,1410,905,80,178,0x502C,0xB200,708,-1424,1322,719,0x02EF,0,0,0,0,0x00,0,0
435,1412,899,80,172,0x50F0,0xACDB,708,-1317,1324,719,0x02EF,0,0,0,0,0x00,0,0
436,1415,895,80,168,0x50B4,0xA821,708,-1210,1327,719,0x02EF,0,0,0,0,0x00,0,0
437,1418,890,80,163,0x5078,0xA3D2,708,-1103,1330,719,0x02EF,0,0,0,0,0x00,0,0
438,1421,886,80,159,0x503C,0x9FEE,708,-996,1333,719,0x02EF,0,0,0,0,0x00,0,0
439,1424,883,80,156,0x5000,0x9C75,708,-889,1336,719,0x02EF,0,0,0,0,0x00,0,0
440,1426,880,80,153,0x50C4,0x9967,708,-782,1338,719,0x02EF,0,0,0,0,0x00,0,0
441,1429,877,80,150,0x5088,0x96C4,708,-675,1341,719,0x02EF,0,0,0,0,0x00,0,0
442,1432,875,80,148,0x504C,0x948C,708,-568,1344,719,0x02EF,0,0,0,0,0x00,0,0
443,1435,873,80,146,0x5010,0x92BF,708,-461,1347,719,0x02EF,0,0,0,0,0x00,0,0
444,1437,872,80,145,0x50D4,0x915D,708,-354,1349,719,0x02EF,0,0,0,0,0x00,0,0
445,1440,871,80,144,0x5098,0x9066,708,-247,1352,719,0x02EF,0,0,0,0,0x00,0,0
446,1443,870,80,143,0x505C,0x8FDA,708,-140,1355,719,0x02EF,0,0,0,0,0x00,0,0
447,1446,870,80,143,0x5020,0x8FB9,708,-33,1358,719,0x02EF,0,0,0,0,0x00,0,0
448,1448,871,80,144,0x50E4,0x9003,708,74,1360,719,0x02EF,0,0,0,0,0x00,0,0
449,1451,871,80,144,0x50A8,0x90B8,708,181,1363,719,0x02EF,0,0,0,0,0x00,0,0
450,1454,872,80,145,0x506C,0x91D8,708,288,1366,719,0x02EF,0,0,0,0,0x00,0,0
451,1457,873,80,146,0x5030,0x9200,708,0,1369,719,0x02EF,0,0,0,0,0x00,0,0
452,1459,873,80,146,0x50F4,0x9200,708,0,1371,719,0x02EF,0,0,0,0,0x00,0,0
453,1462,873,80,146,0x50B8,0x9200,708,0,1374,719,0x02EF,0,0,0,0,0x00,0,0
454,1465,873,80,146,0x507C,0x9200,708,0,1377,719,0x02EF,0,0,0,0,0x00,0,0
455,1468,873,80,146,0x5040,0x9200,708,0,1380,719,0x02EF,0,0,0,0,0x00,0,0
456,1471,873,80,146,0x5004,0x9200,708,0,1383,719,0x02EF,0,0,0,0,0x00,0,0
457,1473,873,80,146,0x50C8,0x9200,708,0,1385,719,0x02EF,0,0,0,0,0x00,0,0
458,1476,873,80,146,0x508C,0x9200,708,-1424,1388,719,0x02EF,0,0,0,0,0x00,0,0
459,1479,867,80,140,0x5050,0x8CDB,708,-1317,1391,719,0x02EF,0,0,0,0,0x00,0,0
460,1482,863,80,136,0x5014,0x8821,708,-1210,1394,719,0x02EF,0,0,0,0,0x00,0,0
461,1484,858,80,131,0x50D8,0x83D2,708,-1103,1396,719,0x02EF,0,0,0,0,0x00,0,0
462,1487,854,80,127,0x509C,0x7FEE,708,-996,1399,719,0x02EF,0,0,0,0,0x00,0,0
463,1490,851,80,124,0x5060,0x7C75,708,-889,1402,719,0x02EF,0,0,0,0,0x00,0,0
464,1493,848,80,121,0x5024,0x7967,708,-782,1405,719,0x02EF,0,0,0,0,0x00,0,0
465,1495,845,80,118,0x50E8,0x76C4,708,-675,1407,719,0x02EF,0,0,0,0,0x00,0,0
466,1498,843,80,116,0x50AC,0x748C,708,-568,1410,719,0x02EF,0,0,0,0,0x00,0,0
467,1501,841,80,114,0x5070,0x72BF,708,-461,1413,719,0x02EF,0,0,0,0,0x00,0,0
468,1504,840,80,113,0x5034,0x715D,708,-354,1416,719,0x02EF,0,0,0,0,0x00,0,0
469,1506,839,80,112,0x50F8,0x7066,708,-247,1418,719,0x02EF,0,0,0,0,0x00,0,0
470,1509,838,80,111,0x50BC,0x6FDA,708,-140,1421,719,0x02EF,0,0,0,0,0x00,0,0
471,1512,838,80,111,0x5080,0x6FB9,708,-33,1424,719,0x02EF,0,0,0,0,0x00,0,0
472,1515,839,80,112,0x5044,0x7003,708,74,1427,719,0x02EF,0,0,0,0,0x00,0,0
473,1518,839,80,112,0x5008,0x70B8,708,181,1430,719,0x02EF,0,0,0,0,0x00,0,0
474,1520,840,80,113,0x50CC,0x71D8,708,288,1432,719,0x02EF,0,0,0,0,0x00,0,0
475,1523,842,80,115,0x5090,0x7363,708,395,1435,719,0x02EF,0,0,0,0,0x00,0,0
476,1526,844,80,117,0x5054,0x7559,708,502,1438,719,0x02EF,0,0,0,0,0x00,0,0
477,1529,846,80,119,0x5018,0x77BA,708,609,1441,719,0x02EF,0,0,0,0,0x00,0,0
478,1531,849,80,122,0x50DC,0x7A86,708,716,1443,719,0x02EF,0,0,0,0,0x00,0,0
479,1534,852,80,125,0x50A0,0x7DBD,708,823,1446,719,0x02EF,0,0,0,0,0x00,0,0
480,1537,856,80,129,0x5064,0x815F,708,930,1449,719,0x02EF,0,0,0,0,0x00,0,0
481,1540,860,80,133,0x5028,0x856C,708,1037,1452,719,0x02EF,0,0,0,0,0x00,0,0
482,1542,864,80,137,0x50EC,0x89E4,708,1144,1454,719,0x02EF,0,0,0,0,0x00,0,0
483,1545,869,80,142,0x50B0,0x8EC7,708,1251,1457,719,0x02EF,0,0,0,0,0x00,0,0
484,1548,875,80,148,0x5074,0x9415,708,1358,1460,719,0x02EF,0,0,0,0,0x00,0,0
485,1551,880,80,153,0x5038,0x99CE,708,1465,1463,719,0x02EF,0,0,0,0,0x00,0,0
486,1553,886,80,159,0x50FC,0x9FF2,708,1572,1465,719,0x02EF,0,0,0,0,0x00,0,0
487,1556,893,80,166,0x50C0,0xA681,708,1679,1468,719,0x02EF,0,0,0,0,0x00,0,0
488,1559,900,80,173,0x5084,0xAD7B,708,1786,1471,719,0x02EF,0,0,0,0,0x00,0,0
489,1562,905,80,178,0x5048,0xB200,708,0,1474,719,0x02EF,0,0,0,0,0x00,0,0
490,1565,905,80,178,0x500C,0xB200,708,0,1477,719,0x02EF,0,0,0,0,0x00,0,0
491,1567,905,80,178,0x50D0,0xB200,708,0,1479,719,0x02EF,0,0,0,0,0x00,0,0
492,1570,905,80,178,0x5094,0xB200,708,0,1482,719,0x02EF,0,0,0,0,0x00,0,0
493,1573,905,80,178,0x5058,0xB200,708,0,1485,719,0x02EF,0,0,0,0,0x00,0,0
494,1576,905,80,178,0x501C,0xB200,708,0,1488,719,0x02EF,0,0,0,0,0x00,0,0
495,1578,905,80,178,0x50E0,0xB200,708,0,1490,719,0x02EF,0,0,0,0,0x00,0,0
496,1581,905,80,178,0x50A4,0xB200,708,0,1493,719,0x02EF,0,0,0,0,0x00,0,0
497,1584,905,80,178,0x5068,0xB200,708,0,1496,719,0x02EF,0,0,0,0,0x00,0,0
498,1587,905,80,178,0x502C,0xB200,708,0,1499,719,0x02EF,0,0,0,0,0x00,0,0
499,1589,905,80,178,0x50F0,0xB200,708,0,1501,719,0x02EF,0,0,0,0,0x00,0,0
500,1592,905,80,178,0x50B4,0xB200,708,-1424,1504,719,0x02EF,0,0,0,0,0x00,0,0
501,1595,899,80,172,0x5078,0xACDB,708,-1317,1507,719,0x02EF,0,0,0,0,0x00,0,0
502,1598,895,80,168,0x503C,0xA821,708,-1210,1510,719,0x02EF,0,0,0,0,0x00,0,0
503,1601,890,80,163,0x5000,0xA3D2,708,-1103,1513,719,0x02EF,0,0,0,0,0x00,0,0
504,1603,886,80,159,0x50C4,0x9FEE,708,-996,1515,719,0x02EF,0,0,0,0,0x00,0,0
505,1606,883,80,156,0x5088,0x9C75,708,-889,1518,719,0x02EF,0,0,0,0,0x00,0,0
506,1609,880,80,153,0x504C,0x9967,708,-782,1521,719,0x02EF,0,0,0,0,0x00,0,0
507,1612,877,80,150,0x5010,0x96C4,708,-675,1524,719,0x02EF,0,0,0,0,0x00,0,0
508,1614,875,80,148,0x50D4,0x948C,708,-568,1526,719,0x02EF,0,0,0,0,0x00,0,0
509,1617,873,80,146,0x5098,0x92BF,708,-461,1529,719,0x02EF,0,0,0,0,0x00,0,0
510,1620,872,80,145,0x505C,0x915D,708,-354,1532,719,0x02EF,0,0,0,0,0x00,0,0
511,1623,871,80,144,0x5020,0x9066,708,-247,1535,719,0x02EF,0,0,0,0,0x00,0,0
512,1625,870,80,143,0x50E4,0x8FDA,708,-140,1537,719,0x02EF,0,0,0,0,0x00,0,0
513,1628,870,80,143,0x50A8,0x8FB9,708,-33,1540,719,0x02EF,0,0,0,0,0x00,0,0
514,1631,871,80,144,0x506C,0x9003,708,74,1543,719,0x02EF,0,0,0,0,0x00,0,0
515,1634,871,80,144,0x5030,0x90B8,708,181,1546,719,0x02EF,0,0,0,0,0x00,0,0
516,1636,872,80,145,0x50F4,0x91D8,708,288,1548,719,0x02EF,0,0,0,0,0x00,0,0
517,1639,874,80,147,0x50B8,0x9363,708,395,1551,719,0x02EF,0,0,0,0,0x00,0,0
518,1642,876,80,149,0x507C,0x9559,708,502,1554,719,0x02EF,0,0,0,0,0x00,0,0
519,1645,878,80,151,0x5040,0x97BA,708,609,1557,719,0x02EF,0,0,0,0,0x00,0,0
520,1648,881,80,154,0x5004,0x9A86,708,716,1560,719,0x02EF,0,0,0,0,0x00,0,0
521,1650,884,80,157,0x50C8,0x9DBD,708,823,1562,719,0x02EF,0,0,0,0,0x00,0,0
522,1653,888,80,161,0x508C,0xA15F,708,930,1565,719,0x02EF,0,0,0,0,0x00,0,0
523,1656,892,80,165,0x5050,0xA56C,708,1037,1568,719,0x02EF,0,0,0,0,0x00,0,0
524,1659,896,80,169,0x5014,0xA9E4,708,1144,1571,719,0x02EF,0,0,0,0,0x00,0,0
525,1661,901,80,174,0x50D8,0xAEC7,708,1251,1573,719,0x02EF,0,0,0,0,0x00,0,0
526,1664,905,80,178,0x509C,0xB200,708,0,1576,719,0x02EF,0,0,0,0,0x00,0,0
527,1667,905,80,178,0x5060,0xB200,708,0,1579,719,0x02EF,0,0,0,0,0x00,0,0
528,1670,905,80,178,0x5024,0xB200,708,0,1582,719,0x02EF,0,0,0,0,0x00,0,0
529,1672,905,80,178,0x50E8,0xB200,708,0,1584,719,0x02EF,0,0,0,0,0x00,0,0
530,1675,905,80,178,0x50AC,0xB200,708,0,1587,719,0x02EF,0,0,0,0,0x00,0,0
531,1678,905,80,178,0x5070,0xB200,708,0,1590,719,0x02EF,0,0,0,0,0x00,0,0
532,1681,905,80,178,0x5034,0xB200,708,0,1593,719,0x02EF,0,0,0,0,0x00,0,0
533,1683,905,80,178,0x50F8,0xB200,708,0,1595,719,0x02EF,0,0,0,0,0x00,0,0
534,1686,905,80,178,0x50BC,0xB200,708,0,1598,719,0x02EF,0,0,0,0,0x00,0,0
535,1689,905,80,178,0x5080,0xB200,708,-1424,1601,719,0x02EF,0,0,0,0,0x00,0,0
536,1692,899,80,172,0x5044,0xACDB,708,-1317,1604,719,0x02EF,0,0,0,0,0x00,0,0
537,1695,895,80,168,0x5008,0xA821,708,-1210,1607,719,0x02EF,0,0,0,0,0x00,0,0
538,1697,890,80,163,0x50CC,0xA3D2,708,-1103,1609,719,0x02EF,0,0,0,0,0x00,0,0
539,1700,886,80,159,0x5090,0x9FEE,708,-996,1612,719,0x02EF,0,0,0,0,0x00,0,0
540,1703,883,80,156,0x5054,0x9C75,708,-889,1615,719,0x02EF,0,0,0,0,0x00,0,0
541,1706,880,80,153,0x5018,0x9967,708,-782,1618,719,0x02EF,0,0,0,0,0x00,0,0
542,1708,877,80,150,0x50DC,0x96C4,708,-675,1620,719,0x02EF,0,0,0,0,0x00,0,0
543,1711,875,80,148,0x50A0,0x948C,708,-568,1623,719,0x02EF,0,0,0,0,0x00,0,0
544,1714,873,80,146,0x5064,0x92BF,708,-461,1626,719,0x02EF,0,0,0,0,0x00,0,0
545,1717,872,80,145,0x5028,0x915D,708,-354,1629,719,0x02EF,0,0,0,0,0x00,0,0
546,1719,871,80,144,0x50EC,0x9066,708,-247,1631,719,0x02EF,0,0,0,0,0x00,0,0
547,1722,870,80,143,0x50B0,0x8FDA,708,-140,1634,719,0x02EF,0,0,0,0,0x00,0,0
548,1725,870,80,143,0x5074,0x8FB9,708,-33,1637,719,0x02EF,0,0,0,0,0x00,0,0
549,1728,871,80,144,0x5038,0x9003,708,74,1640,719,0x02EF,0,0,0,0,0x00,0,0
550,1730,871,80,144,0x50FC,0x90B8,708,181,1642,719,0x02EF,0,0,0,0,0x00,0,0
551,1733,872,80,145,0x50C0,0x91D8,708,288,1645,719,0x02EF,0,0,0,0,0x00,0,0
552,1736,873,80,146,0x5084,0x9200,708,0,1648,719,0x02EF,0,0,0,0,0x00,0,0
553,1739,873,80,146,0x5048,0x9200,708,0,1651,719,0x02EF,0,0,0,0,0x00,0,0
554,1742,873,80,146,0x500C,0x9200,708,0,1654,719,0x02EF,0,0,0,0,0x00,0,0
555,1744,873,80,146,0x50D0,0x9200,708,0,1656,719,0x02EF,0,0,0,0,0x00,0,0
556,1747,873,80,146,0x5094,0x9200,708,0,1659,719,0x02EF,0,0,0,0,0x00,0,0
557,1750,873,80,146,0x5058,0x9200,708,0,1662,719,0x02EF,0,0,0,0,0x00,0,0
558,1753,873,80,146,0x501C,0x9200,708,0,1665,719,0x02EF,0,0,0,0,0x00,0,0
559,1755,873,80,146,0x50E0,0x926B,708,107,1667,719,0x02EF,0,0,0,0,0x00,0,0
560,1758,874,80,147,0x50A4,0x9341,708,214,1670,719,0x02EF,0,0,0,0,0x00,0,0
561,1761,875,80,148,0x5068,0x9482,708,321,1673,719,0x02EF,0,0,0,0,0x00,0,0
562,1764,877,80,150,0x502C,0x962E,708,428,1676,719,0x02EF,0,0,0,0,0x00,0,0
563,1766,879,80,152,0x50F0,0x9845,708,535,1678,719,0x02EF,0,0,0,0,0x00,0,0
564,1769,881,80,154,0x50B4,0x9AC7,708,642,1681,719,0x02EF,0,0,0,0,0x00,0,0
565,1772,884,80,157,0x5078,0x9DB4,708,749,1684,719,0x02EF,0,0,0,0,0x00,0,0
566,1775,888,80,161,0x503C,0xA10C,708,856,1687,719,0x02EF,0,0,0,0,0x00,0,0
567,1778,889,80,162,0x5000,0xA200,708,0,1690,719,0x02EF,0,0,0,0,0x00,0,0
568,1780,889,80,162,0x50C4,0xA200,708,0,1692,719,0x02EF,0,0,0,0,0x00,0,0
569,1783,889,80,162,0x5088,0xA200,708,0,1695,719,0x02EF,0,0,0,0,0x00,0,0
570,1786,889,80,162,0x504C,0xA200,708,0,1698,719,0x02EF,0,0,0,0,0x00,0,0
571,1789,889,80,162,0x5010,0xA200,708,0,1701,719,0x02EF,0,0,0,0,0x00,0,0
572,1791,889,80,162,0x50D4,0xA200,708,0,1703,719,0x02EF,0,0,0,0,0x00,0,0
573,1794,889,80,162,0x5098,0xA200,708,0,1706,719,0x02EF,0,0,0,0,0x00,0,0
574,1797,889,80,162,0x505C,0xA200,708,0,1709,719,0x02EF,0,0,0,0,0x00,0,0
575,1800,889,80,162,0x5020,0xA200,708,-1424,1712,719,0x02EF,0,0,0,0,0x00,0,0
576,1802,883,80,156,0x50E4,0x9CDB,708,-1317,1714,719,0x02EF,0,0,0,0,0x00,0,0
577,1805,879,80,152,0x50A8,0x9821,708,-1210,1717,719,0x02EF,0,0,0,0,0x00,0,0
578,1808,874,80,147,0x506C,0x93D2,708,-1103,1720,719,0x02EF,0,0,0,0,0x00,0,0
579,1811,870,80,143,0x5030,0x8FEE,708,-996,1723,719,0x02EF,0,0,0,0,0x00,0,0
580,1813,867,80,140,0x50F4,0x8C75,708,-889,1725,719,0x02EF,0,0,0,0,0x00,0,0
581,1816,864,80,137,0x50B8,0x8967,708,-782,1728,719,0x02EF,0,0,0,0,0x00,0,0
582,1819,861,80,134,0x507C,0x86C4,708,-675,1731,719,0x02EF,0,0,0,0,0x00,0,0
583,1822,859,80,132,0x5040,0x848C,708,-568,1734,719,0x02EF,0,0,0,0,0x00,0,0
584,1825,857,80,130,0x5004,0x82BF,708,-461,1737,719,0x02EF,0,0,0,0,0x00,0,0
585,1827,856,80,129,0x50C8,0x815D,708,-354,1739,719,0x02EF,0,0,0,0,0x00,0,0
586,1830,855,80,128,0x508C,0x8066,708,-247,1742,719,0x02EF,0,0,0,0,0x00,0,0
587,1833,854,80,127,0x5050,0x7FDA,708,-140,1745,719,0x02EF,0,0,0,0,0x00,0,0
588,1836,854,80,127,0x5014,0x7FB9,708,-33,1748,719,0x02EF,0,0,0,0,0x00,0,0
589,1838,855,80,128,0x50D8,0x8003,708,74,1750,719,0x02EF,0,0,0,0,0x00,0,0
590,1841,855,80,128,0x509C,0x80B8,708,181,1753,719,0x02EF,0,0,0,0,0x00,0,0
591,1844,856,80,129,0x5060,0x81D8,708,288,1756,719,0x02EF,0,0,0,0,0x00,0,0
592,1847,858,80,131,0x5024,0x8363,708,395,1759,719,0x02EF,0,0,0,0,0x00,0,0
593,1849,860,80,133,0x50E8,0x8559,708,502,1761,719,0x02EF,0,0,0,0,0x00,0,0
594,1852,862,80,135,0x50AC,0x87BA,708,609,1764,719,0x02EF,0,0,0,0,0x00,0,0
595,1855,865,80,138,0x5070,0x8A86,708,716,1767,719,0x02EF,0,0,0,0,0x00,0,0
596,1858,868,80,141,0x5034,0x8DBD,708,823,1770,719,0x02EF,0,0,0,0,0x00,0,0
597,1860,872,80,145,0x50F8,0x915F,708,930,1772,719,0x02EF,0,0,0,0,0x00,0,0
598,1863,876,80,149,0x50BC,0x956C,708,1037,1775,719,0x02EF,0,0,0,0,0x00,0,0
599,1866,880,80,153,0x5080,0x99E4,708,1144,1778,719,0x02EF,0,0,0,0,0x00,0,0
600,1869,885,80,158,0x5044,0x9EC7,708,1251,1781,719,0x02EF,0,0,0,0,0x00,0,0
601,1872,889,80,162,0x5008,0xA200,708,0,1784,719,0x02EF,0,0,0,0,0x00,0,0
602,1874,889,80,162,0x50CC,0xA200,708,0,1786,719,0x02EF,0,0,0,0,0x00,0,0
603,1877,889,80,162,0x5090,0xA200,708,0,1789,719,0x02EF,0,0,0,0,0x00,0,0
604,1880,889,80,162,0x5054,0xA200,708,0,1792,719,0x02EF,0,0,0,0,0x00,0,0
605,1883,889,80,162,0x5018,0xA200,708,0,1795,719,0x02EF,0,0,0,0,0x00,0,0
606,1885,889,80,162,0x50DC,0xA200,708,0,1797,719,0x02EF,0,0,0,0,0x00,0,0
607,1888,889,80,162,0x50A0,0xA200,708,0,1800,719,0x02EF,0,0,0,0,0x00,0,0
608,1891,889,80,162,0x5064,0xA200,708,0,1803,719,0x02EF,0,0,0,0,0x00,0,0
609,1894,889,80,162,0x5028,0xA200,708,-1424,1806,719,0x02EF,0,0,0,0,0x00,0,0
610,1896,883,80,156,0x50EC,0x9CDB,708,-1317,1808,719,0x02EF,0,0,0,0,0x00,0,0
611,1899,879,80,152,0x50B0,0x9821,708,-1210,1811,719,0x02EF,0,0,0,0,0x00,0,0
612,1902,874,80,147,0x5074,0x93D2,708,-1103,1814,719,0x02EF,0,0,0,0,0x00,0,0
613,1905,870,80,143,0x5038,0x8FEE,708,-996,1817,719,0x02EF,0,0,0,0,0x00,0,0
614,1907,867,80,140,0x50FC,0x8C75,708,-889,1819,719,0x02EF,0,0,0,0,0x00,0,0
615,1910,864,80,137,0x50C0,0x8967,708,-782,1822,719,0x02EF,0,0,0,0,0x00,0,0
616,1913,861,80,134,0x5084,0x86C4,708,-675,1825,719,0x02EF,0,0,0,0,0x00,0,0
617,1916,859,80,132,0x5048,0x848C,708,-568,1828,719,0x02EF,0,0,0,0,0x00,0,0
618,1919,857,80,130,0x500C,0x82BF,708,-461,1831,719,0x02EF,0,0,0,0,0x00,0,0
619,1921,856,80,129,0x50D0,0x815D,708,-354,1833,719,0x02EF,0,0,0,0,0x00,0,0
620,1924,855,80,128,0x5094,0x8066,708,-247,1836,719,0x02EF,0,0,0,0,0x00,0,0
621,1927,854,80,127,0x5058,0x7FDA,708,-140,1839,719,0x02EF,0,0,0,0,0x00,0,0
622,1930,854,80,127,0x501C,0x7FB9,708,-33,1842,719,0x02EF,0,0,0,0,0x00,0,0
623,1932,855,80,128,0x50E0,0x8003,708,74,1844,719,0x02EF,0,0,0,0,0x00,0,0
624,1935,855,80,128,0x50A4,0x80B8,708,181,1847,719,0x02EF,0,0,0,0,0x00,0,0
625,1938,856,80,129,0x5068,0x81D8,708,288,1850,719,0x02EF,0,0,0,0,0x00,0,0
626,1941,857,80,130,0x502C,0x8200,708,0,1853,719,0x02EF,0,0,0,0,0x00,0,0
627,1943,857,80,130,0x50F0,0x8200,708,0,1855,719,0x02EF,0,0,0,0,0x00,0,0
628,1946,857,80,130,0x50B4,0x8200,708,0,1858,719,0x02EF,0,0,0,0,0x00,0,0
629,1949,857,80,130,0x5078,0x8200,708,0,1861,719,0x02EF,0,0,0,0,0x00,0,0
630,1952,857,80,130,0x503C,0x8200,708,0,1864,719,0x02EF,0,0,0,0,0x00,0,0
631,1955,857,80,130,0x5000,0x8200,708,0,1867,719,0x02EF,0,0,0,0,0x00,0,0
632,1957,857,80,130,0x50C4,0x8200,708,0,1869,719,0x02EF,0,0,0,0,0x00,0,0
633,1960,857,80,130,0x5088,0x8200,708,-1424,1872,719,0x02EF,0,0,0,0,0x00,0,0
634,1963,851,80,124,0x504C,0x7CDB,708,-1317,1875,719,0x02EF,0,0,0,0,0x00,0,0
635,1966,847,80,120,0x5010,0x7821,708,-1210,1878,719,0x02EF,0,0,0,0,0x00,0,0
636,1968,842,80,115,0x50D4,0x73D2,708,-1103,1880,719,0x02EF,0,0,0,0,0x00,0,0
637,1971,838,80,111,0x5098,0x6FEE,708,-996,1883,719,0x02EF,0,0,0,0,0x00,0,0
638,1974,835,80,108,0x505C,0x6C75,708,-889,1886,719,0x02EF,0,0,0,0,0x00,0,0
639,1977,832,80,105,0x5020,0x6967,708,-782,1889,719,0x02EF,0,0,0,0,0x00,0,0
640,1979,829,80,102,0x50E4,0x66C4,708,-675,1891,719,0x02EF,0,0,0,0,0x00,0,0
641,1982,827,80,100,0x50A8,0x648C,708,-568,1894,719,0x02EF,0,0,0,0,0x00,0,0
642,1985,825,80,98,0x506C,0x62BF,708,-461,1897,719,0x02EF,0,0,0,0,0x00,0,0
643,1988,824,80,97,0x5030,0x615D,708,-354,1900,719,0x02EF,0,0,0,0,0x00,0,0
644,1990,823,80,96,0x50F4,0x6066,708,-247,1902,719,0x02EF,0,0,0,0,0x00,0,0
645,1993,822,80,95,0x50B8,0x5FDA,708,-140,1905,719,0x02EF,0,0,0,0,0x00,0,0
646,1996,822,80,95,0x507C,0x5FB9,708,-33,1908,719,0x02EF,0,0,0,0,0x00,0,0
647,1999,823,80,96,0x5040,0x6003,708,74,1911,719,0x02EF,0,0,0,0,0x00,0,0
648,2002,823,80,96,0x5004,0x60B8,708,181,1914,719,0x02EF,0,0,0,0,0x00,0,0
649,2004,824,80,97,0x50C8,0x61D8,708,288,1916,719,0x02EF,0,0,0,0,0x00,0,0
650,2007,826,80,99,0x508C,0x6363,708,395,1919,719,0x02EF,0,0,0,0,0x00,0,0
651,2010,828,80,101,0x5050,0x6559,708,502,1922,719,0x02EF,0,0,0,0,0x00,0,0
652,2013,830,80,103,0x5014,0x67BA,708,609,1925,719,0x02EF,0,0,0,0,0x00,0,0
653,2015,833,80,106,0x50D8,0x6A86,708,716,1927,719,0x02EF,0,0,0,0,0x00,0,0
654,2018,836,80,109,0x509C,0x6DBD,708,823,1930,719,0x02EF,0,0,0,0,0x00,0,0
655,2021,840,80,113,0x5060,0x715F,708,930,1933,719,0x02EF,0,0,0,0,0x00,0,0
656,2024,844,80,117,0x5024,0x756C,708,1037,1936,719,0x02EF,0,0,0,0,0x00,0,0
657,2026,848,80,121,0x50E8,0x79E4,708,1144,1938,719,0x02EF,0,0,0,0,0x00,0,0
658,2029,853,80,126,0x50AC,0x7EC7,708,1251,1941,719,0x02EF,0,0,0,0,0x00,0,0
659,2032,857,80,130,0x5070,0x8200,708,0,1944,719,0x02EF,0,0,0,0,0x00,0,0
660,2035,857,80,130,0x5034,0x8200,708,-1424,1947,719,0x02EF,0,0,0,0,0x00,0,0
661,2037,851,80,124,0x50F8,0x7CDB,708,-1317,1949,719,0x02EF,0,0,0,0,0x00,0,0
662,2040,847,80,120,0x50BC,0x7821,708,-1210,1952,719,0x02EF,0,0,0,0,0x00,0,0
663,2043,842,80,115,0x5080,0x73D2,708,-1103,1955,719,0x02EF,0,0,0,0,0x00,0,0
664,2046,838,80,111,0x5044,0x6FEE,708,-996,1958,719,0x02EF,0,0,0,0,0x00,0,0
665,2049,835,80,108,0x5008,0x6C75,708,-889,1961,719,0x02EF,0,0,0,0,0x00,0,0
666,2051,832,80,105,0x50CC,0x6967,708,-782,1963,719,0x02EF,0,0,0,0,0x00,0,0
667,2054,829,80,102,0x5090,0x66C4,708,-675,1966,719,0x02EF,0,0,0,0,0x00,0,0
668,2057,827,80,100,0x5054,0x648C,708,-568,1969,719,0x02EF,0,0,0,0,0x00,0,0
669,2060,825,80,98,0x5018,0x62BF,708,-461,1972,719,0x02EF,0,0,0,0,0x00,0,0
670,2062,824,80,97,0x50DC,0x615D,708,-354,1974,719,0x02EF,0,0,0,0,0x00,0,0
671,2065,823,80,96,0x50A0,0x6066,708,-247,1977,719,0x02EF,0,0,0,0,0x00,0,0
672,2068,822,80,95,0x5064,0x5FDA,708,-140,1980,719,0x02EF,0,0,0,0,0x00,0,0
673,2071,822,80,95,0x5028,0x5FB9,708,-33,1983,719,0x02EF,0,0,0,0,0x00,0,0
674,2073,823,80,96,0x50EC,0x6003,708,74,1985,719,0x02EF,0,0,0,0,0x00,0,0
675,2076,823,80,96,0x50B0,0x60B8,708,181,1988,719,0x02EF,0,0,0,0,0x00,0,0
676,2079,824,80,97,0x5074,0x61D8,708,288,1991,719,0x02EF,0,0,0,0,0x00,0,0
677,2082,826,80,99,0x5038,0x6363,708,395,1994,719,0x02EF,0,0,0,0,0x00,0,0
678,2084,828,80,101,0x50FC,0x6559,708,502,1996,719,0x02EF,0,0,0,0,0x00,0,0
679,2087,830,80,103,0x50C0,0x67BA,708,609,1999,719,0x02EF,0,0,0,0,0x00,0,0
680,2090,833,80,106,0x5084,0x6A86,708,716,2002,719,0x02EF,0,0,0,0,0x00,0,0
681,2093,836,80,109,0x5048,0x6DBD,708,823,2005,719,0x02EF,0,0,0,0,0x00,0,0
682,2096,840,80,113,0x500C,0x715F,708,930,2008,719,0x02EF,0,0,0,0,0x00,0,0
683,2098,844,80,117,0x50D0,0x756C,708,1037,2010,719,0x02EF,0,0,0,0,0x00,0,0
684,2101,848,80,121,0x5094,0x79E4,708,1144,2013,719,0x02EF,0,0,0,0,0x00,0,0
685,2104,853,80,126,0x5058,0x7EC7,708,1251,2016,719,0x02EF,0,0,0,0,0x00,0,0
686,2107,859,80,132,0x501C,0x8415,708,1358,2019,719,0x02EF,0,0,0,0,0x00,0,0
687,2109,864,80,137,0x50E0,0x89CE,708,1465,2021,719,0x02EF,0,0,0,0,0x00,0,0
688,2112,870,80,143,0x50A4,0x8FF2,708,1572,2024,719,0x02EF,0,0,0,0,0x00,0,0
689,2115,873,80,146,0x5068,0x9200,708,0,2027,719,0x02EF,0,0,0,0,0x00,0,0
690,2118,873,80,146,0x502C,0x9200,708,0,2030,719,0x02EF,0,0,0,0,0x00,0,0
691,2120,873,80,146,0x50F0,0x9200,708,0,2032,719,0x02EF,0,0,0,0,0x00,0,0
692,2123,873,80,146,0x50B4,0x9200,708,0,2035,719,0x02EF,0,0,0,0,0x00,0,0
693,2126,873,80,146,0x5078,0x9200,708,0,2038,719,0x02EF,0,0,0,0,0x00,0,0
694,2129,873,80,146,0x503C,0x9200,708,-1424,2041,719,0x02EF,0,0,0,0,0x00,0,0
695,2132,867,80,140,0x5000,0x8CDB,708,-1317,2044,719,0x02EF,0,0,0,0,0x00,0,0
696,2134,863,80,136,0x50C4,0x8821,708,-1210,2046,719,0x02EF,0,0,0,0,0x00,0,0
697,2137,858,80,131,0x5088,0x83D2,708,-1103,2049,719,0x02EF,0,0,0,0,0x00,0,0
698,2140,854,80,127,0x504C,0x7FEE,708,-996,2052,719,0x02EF,0,0,0,0,0x00,0,0
699,2143,851,80,124,0x5010,0x7C75,708,-889,2055,719,0x02EF,0,0,0,0,0x00,0,0
700,2145,848,80,121,0x50D4,0x7967,708,-782,2057,719,0x02EF,0,0,0,0,0x00,0,0
701,2148,845,80,118,0x5098,0x76C4,708,-675,2060,719,0x02EF,0,0,0,0,0x00,0,0
702,2151,843,80,116,0x505C,0x748C,708,-568,2063,719,0x02EF,0,0,0,0,0x00,0,0
703,2154,841,80,114,0x5020,0x72BF,708,-461,2066,719,0x02EF,0,0,0,0,0x00,0,0
704,2156,840,80,113,0x50E4,0x715D,708,-354,2068,719,0x02EF,0,0,0,0,0x00,0,0
705,2159,839,80,112,0x50A8,0x7066,708,-247,2071,719,0x02EF,0,0,0,0,0x00,0,0
706,2162,838,80,111,0x506C,0x6FDA,708,-140,2074,719,0x02EF,0,0,0,0,0x00,0,0
707,2165,838,80,111,0x5030,0x6FB9,708,-33,2077,719,0x02EF,0,0,0,0,0x00,0,0
708,2167,839,80,112,0x50F4,0x7003,708,74,2079,719,0x02EF,0,0,0,0,0x00,0,0
709,2170,839,80,112,0x50B8,0x70B8,708,181,2082,719,0x02EF,0,0,0,0,0x00,0,0
710,2173,840,80,113,0x507C,0x71D8,708,288,2085,719,0x02EF,0,0,0,0,0x00,0,0
711,2176,841,80,114,0x5040,0x7200,708,0,2088,719,0x02EF,0,0,0,0,0x00,0,0
712,2179,841,80,114,0x5004,0x7200,708,0,2091,719,0x02EF,0,0,0,0,0x00,0,0
713,2181,841,80,114,0x50C8,0x7200,708,0,2093,719,0x02EF,0,0,0,0,0x00,0,0
714,2184,841,80,114,0x508C,0x7200,708,0,2096,719,0x02EF,0,0,0,0,0x00,0,0
715,2187,841,80,114,0x5050,0x7200,708,0,2099,719,0x02EF,0,0,0,0,0x00,0,0
716,2190,841,80,114,0x5014,0x7200,708,0,2102,719,0x02EF,0,0,0,0,0x00,0,0
717,2192,841,80,114,0x50D8,0x7200,708,0,2104,719,0x02EF,0,0,0,0,0x00,0,0
718,2195,841,80,114,0x509C,0x7200,708,0,2107,719,0x02EF,0,0,0,0,0x00,0,0
719,2198,841,80,114,0x5060,0x7200,708,0,2110,719,0x02EF,0,0,0,0,0x00,0,0
720,2201,841,80,114,0x5024,0x7200,708,0,2113,719,0x02EF,0,0,0,0,0x00,0,0
721,2203,841,80,114,0x50E8,0x726B,708,107,2115,719,0x02EF,0,0,0,0,0x00,0,0
722,2206,842,80,115,0x50AC,0x7341,708,214,2118,719,0x02EF,0,0,0,0,0x00,0,0
723,2209,843,80,116,0x5070,0x7482,708,321,2121,719,0x02EF,0,0,0,0,0x00,0,0
724,2212,845,80,118,0x5034,0x762E,708,428,2124,719,0x02EF,0,0,0,0,0x00,0,0
725,2214,847,80,120,0x50F8,0x7845,708,535,2126,719,0x02EF,0,0,0,0,0x00,0,0
726,2217,849,80,122,0x50BC,0x7AC7,708,642,2129,719,0x02EF,0,0,0,0,0x00,0,0
727,2220,852,80,125,0x5080,0x7DB4,708,749,2132,719,0x02EF,0,0,0,0,0x00,0,0
728,2223,856,80,129,0x5044,0x810C,708,856,2135,719,0x02EF,0,0,0,0,0x00,0,0
729,2226,857,80,130,0x5008,0x8200,708,0,2138,719,0x02EF,0,0,0,0,0x00,0,0
730,2228,857,80,130,0x50CC,0x8200,708,0,2140,719,0x02EF,0,0,0,0,0x00,0,0
731,2231,857,80,130,0x5090,0x8200,708,0,2143,719,0x02EF,0,0,0,0,0x00,0,0
732,2234,857,80,130,0x5054,0x8200,708,0,2146,719,0x02EF,0,0,0,0,0x00,0,0
733,2237,857,80,130,0x5018,0x826B,708,107,2149,719,0x02EF,0,0,0,0,0x00,0,0
734,2239,858,80,131,0x50DC,0x8341,708,214,2151,719,0x02EF,0,0,0,0,0x00,0,0
735,2242,859,80,132,0x50A0,0x8482,708,321,2154,719,0x02EF,0,0,0,0,0x00,0,0
736,2245,861,80,134,0x5064,0x862E,708,428,2157,719,0x02EF,0,0,0,0,0x00,0,0
737,2248,863,80,136,0x5028,0x8845,708,535,2160,719,0x02EF,0,0,0,0,0x00,0,0
738,2250,865,80,138,0x50EC,0x8AC7,708,642,2162,719,0x02EF,0,0,0,0,0x00,0,0
739,2253,868,80,141,0x50B0,0x8DB4,708,749,2165,719,0x02EF,0,0,0,0,0x00,0,0
740,2256,872,80,145,0x5074,0x910C,708,856,2168,719,0x02EF,0,0,0,0,0x00,0,0
741,2259,873,80,146,0x5038,0x9200,708,0,2171,719,0x02EF,0,0,0,0,0x00,0,0
742,2261,873,80,146,0x50FC,0x9200,708,-1424,2173,719,0x02EF,0,0,0,0,0x00,0,0
743,2264,867,80,140,0x50C0,0x8CDB,708,-1317,2176,719,0x02EF,0,0,0,0,0x00,0,0
744,2267,863,80,136,0x5084,0x8821,708,-1210,2179,719,0x02EF,0,0,0,0,0x00,0,0
745,2270,858,80,131,0x5048,0x83D2,708,-1103,2182,719,0x02EF,0,0,0,0,0x00,0,0
746,2273,854,80,127,0x500C,0x7FEE,708,-996,2185,719,0x02EF,0,0,0,0,0x00,0,0
747,2275,851,80,124,0x50D0,0x7C75,708,-889,2187,719,0x02EF,0,0,0,0,0x00,0,0
748,2278,848,80,121,0x5094,0x7967,708,-782,2190,719,0x02EF,0,0,0,0,0x00,0,0
749,2281,845,80,118,0x5058,0x76C4,708,-675,2193,719,0x02EF,0,0,0,0,0x00,0,0
750,2284,843,80,116,0x501C,0x748C,708,-568,2196,719,0x02EF,0,0,0,0,0x00,0,0
751,2286,841,80,114,0x50E0,0x72BF,708,-461,2198,719,0x02EF,0,0,0,0,0x00,0,0
752,2289,840,80,113,0x50A4,0x715D,708,-354,2201,719,0x02EF,0,0,0,0,0x00,0,0
753,2292,839,80,112,0x5068,0x7066,708,-247,2204,719,0x02EF,0,0,0,0,0x00,0,0
754,2295,838,80,111,0x502C,0x6FDA,708,-140,2207,719,0x02EF,0,0,0,0,0x00,0,0
755,2297,838,80,111,0x50F0,0x6FB9,708,-33,2209,719,0x02EF,0,0,0,0,0x00,0,0
756,2300,839,80,112,0x50B4,0x7003,708,74,2212,719,0x02EF,0,0,0,0,0x00,0,0
757,2303,839,80,112,0x5078,0x70B8,708,181,2215,719,0x02EF,0,0,0,0,0x00,0,0
758,2306,840,80,113,0x503C,0x71D8,708,288,2218,719,0x02EF,0,0,0,0,0x00,0,0
759,2309,841,80,114,0x5000,0x7200,708,0,2221,719,0x02EF,0,0,0,0,0x00,0,0
760,2311,841,80,114,0x50C4,0x7200,708,0,2223,719,0x02EF,0,0,0,0,0x00,0,0
761,2314,841,80,114,0x5088,0x7200,708,0,2226,719,0x02EF,0,0,0,0,0x00,0,0
762,2317,841,80,114,0x504C,0x726B,708,107,2229,719,0x02EF,0,0,0,0,0x00,0,0
763,2320,842,80,115,0x5010,0x7341,708,214,2232,719,0x02EF,0,0,0,0,0x00,0,0
764,2322,843,80,116,0x50D4,0x7482,708,321,2234,719,0x02EF,0,0,0,0,0x00,0,0
765,2325,845,80,118,0x5098,0x762E,708,428,2237,719,0x02EF,0,0,0,0,0x00,0,0
766,2328,847,80,120,0x505C,0x7845,708,535,2240,719,0x02EF,0,0,0,0,0x00,0,0
767,2331,849,80,122,0x5020,0x7AC7,708,642,2243,719,0x02EF,0,0,0,0,0x00,0,0
768,2333,852,80,125,0x50E4,0x7DB4,708,749,2245,719,0x02EF,0,0,0,0,0x00,0,0
769,2336,856,80,129,0x50A8,0x810C,708,856,2248,719,0x02EF,0,0,0,0,0x00,0,0
770,2339,857,80,130,0x506C,0x8200,708,0,2251,719,0x02EF,0,0,0,0,0x00,0,0
771,2342,857,80,130,0x5030,0x8200,708,0,2254,719,0x02EF,0,0,0,0,0x00,0,0
772,2344,857,80,130,0x50F4,0x8200,708,0,2256,719,0x02EF,0,0,0,0,0x00,0,0
773,2347,857,80,130,0x50B8,0x826B,708,107,2259,719,0x02EF,0,0,0,0,0x00,0,0
774,2350,858,80,131,0x507C,0x8341,708,214,2262,719,0x02EF,0,0,0,0,0x00,0,0
775,2353,859,80,132,0x5040,0x8482,708,321,2265,719,0x02EF,0,0,0,0,0x00,0,0
776,2356,861,80,134,0x5004,0x862E,708,428,2268,719,0x02EF,0,0,0,0,0x00,0,0
777,2358,863,80,136,0x50C8,0x8845,708,535,2270,719,0x02EF,0,0,0,0,0x00,0,0
778,2361,865,80,138,0x508C,0x8AC7,708,642,2273,719,0x02EF,0,0,0,0,0x00,0,0
779,2364,868,80,141,0x5050,0x8DB4,708,749,2276,719,0x02EF,0,0,0,0,0x00,0,0
780,2367,872,80,145,0x5014,0x910C,708,856,2279,719,0x02EF,0,0,0,0,0x00,0,0
781,2369,873,80,146,0x50D8,0x9200,708,0,2281,719,0x02EF,0,0,0,0,0x00,0,0
782,2372,873,80,146,0x509C,0x9200,708,0,2284,719,0x02EF,0,0,0,0,0x00,0,0
783,2375,873,80,146,0x5060,0x9200,708,0,2287,719,0x02EF,0,0,0,0,0x00,0,0
784,2378,873,80,146,0x5024,0x9200,708,0,2290,719,0x02EF,0,0,0,0,0x00,0,0
785,2380,873,80,146,0x50E8,0x9200,708,0,2292,719,0x02EF,0,0,0,0,0x00,0,0
786,2383,873,80,146,0x50AC,0x9200,708,0,2295,719,0x02EF,0,0,0,0,0x00,0,0
787,2386,873,80,146,0x5070,0x9200,708,0,2298,719,0x02EF,0,0,0,0,0x00,0,0
788,2389,873,80,146,0x5034,0x9200,708,0,2301,719,0x02EF,0,0,0,0,0x00,0,0
789,2391,873,80,146,0x50F8,0x9200,708,0,2303,719,0x02EF,0,0,0,0,0x00,0,0
790,2394,873,80,146,0x50BC,0x9200,708,0,2306,719,0x02EF,0,0,0,0,0x00,0,0
791,2397,873,80,146,0x5080,0x9200,708,0,2309,719,0x02EF,0,0,0,0,0x00,0,0
792,2400,873,80,146,0x5044,0x9200,708,0,2312,719,0x02EF,0,0,0,0,0x00,0,0
793,2403,873,80,146,0x5008,0x9200,708,-1424,2315,719,0x02EF,0,0,0,0,0x00,0,0
794,2405,867,80,140,0x50CC,0x8CDB,708,-1317,2317,719,0x02EF,0,0,0,0,0x00,0,0
795,2408,863,80,136,0x5090,0x8821,708,-1210,2320,719,0x02EF,0,0,0,0,0x00,0,0
796,2411,858,80,131,0x5054,0x83D2,708,-1103,2323,719,0x02EF,0,0,0,0,0x00,0,0
797,2414,854,80,127,0x5018,0x7FEE,708,-996,2326,719,0x02EF,0,0,0,0,0x00,0,0
798,2416,851,80,124,0x50DC,0x7C75,708,-889,2328,719,0x02EF,0,0,0,0,0x00,0,0
799,2419,848,80,121,0x50A0,0x7967,708,-782,2331,719,0x02EF,0,0,0,0,0x00,0,0
800,2422,845,80,118,0x5064,0x76C4,708,-675,2334,719,0x02EF,0,0,0,0,0x00,0,0
801,2425,843,80,116,0x5028,0x748C,708,-568,2337,719,0x02EF,0,0,0,0,0x00,0,0
802,2427,841,80,114,0x50EC,0x72BF,708,-461,2339,719,0x02EF,0,0,0,0,0x00,0,0
803,2430,840,80,113,0x50B0,0x715D,708,-354,2342,719,0x02EF,0,0,0,0,0x00,0,0
804,2433,839,80,112,0x5074,0x7066,708,-247,2345,719,0x02EF,0,0,0,0,0x00,0,0
805,2436,838,80,111,0x5038,0x6FDA,708,-140,2348,719,0x02EF,0,0,0,0,0x00,0,0
806,2438,838,80,111,0x50FC,0x6FB9,708,-33,2350,719,0x02EF,0,0,0,0,0x00,0,0
807,2441,839,80,112,0x50C0,0x7003,708,74,2353,719,0x02EF,0,0,0,0,0x00,0,0
808,2444,839,80,112,0x5084,0x70B8,708,181,2356,719,0x02EF,0,0,0,0,0x00,0,0
809,2447,840,80,113,0x5048,0x71D8,708,288,2359,719,0x02EF,0,0,0,0,0x00,0,0
810,2450,841,80,114,0x500C,0x7200,708,0,2362,719,0x02EF,0,0,0,0,0x00,0,0
811,2452,841,80,114,0x50D0,0x7200,708,0,2364,719,0x02EF,0,0,0,0,0x00,0,0
812,2455,841,80,114,0x5094,0x7200,708,0,2367,719,0x02EF,0,0,0,0,0x00,0,0
813,2458,841,80,114,0x5058,0x7200,708,0,2370,719,0x02EF,0,0,0,0,0x00,0,0
814,2461,841,80,114,0x501C,0x7200,708,0,2373,719,0x02EF,0,0,0,0,0x00,0,0
815,2463,841,80,114,0x50E0,0x7200,708,0,2375,719,0x02EF,0,0,0,0,0x00,0,0
816,2466,841,80,114,0x50A4,0x7200,708,0,2378,719,0x02EF,0,0,0,0,0x00,0,0
817,2469,841,80,114,0x5068,0x7200,708,-1424,2381,719,0x02EF,0,0,0,0,0x00,0,0
818,2472,835,80,108,0x502C,0x6CDB,708,-1317,2384,719,0x02EF,0,0,0,0,0x00,0,0
819,2474,831,80,104,0x50F0,0x6821,708,-1210,2386,719,0x02EF,0,0,0,0,0x00,0,0
820,2477,826,80,99,0x50B4,0x63D2,708,-1103,2389,719,0x02EF,0,0,0,0,0x00,0,0
821,2480,822,80,95,0x5078,0x5FEE,708,-996,2392,719,0x02EF,0,0,0,0,0x00,0,0
822,2483,819,80,92,0x503C,0x5C75,708,-889,2395,719,0x02EF,0,0,0,0,0x00,0,0
823,2486,816,80,89,0x5000,0x5967,708,-782,2398,719,0x02EF,0,0,0,0,0x00,0,0
824,2488,813,80,86,0x50C4,0x56C4,708,-675,2400,719,0x02EF,0,0,0,0,0x00,0,0
825,2491,811,80,84,0x5088,0x548C,708,-568,2403,719,0x02EF,0,0,0,0,0x00,0,0
826,2494,809,80,82,0x504C,0x52BF,708,-461,2406,719,0x02EF,0,0,0,0,0x00,0,0
827,2497,808,80,81,0x5010,0x515D,708,-354,2409,719,0x02EF,0,0,0,0,0x00,0,0
828,2499,807,80,80,0x50D4,0x5066,708,-247,2411,719,0x02EF,0,0,0,0,0x00,0,0
829,2502,806,80,79,0x5098,0x4FDA,708,-140,2414,719,0x02EF,0,0,0,0,0x00,0,0
830,2505,806,80,79,0x505C,0x4FB9,708,-33,2417,719,0x02EF,0,0,0,0,0x00,0,0
831,2508,807,80,80,0x5020,0x5003,708,74,2420,719,0x02EF,0,0,0,0,0x02,0,1
832,2510,807,80,80,0x50E4,0x50B8,708,181,2422,719,0x02EF,0,0,0,0,0x02,0,1
833,2513,808,80,81,0x50A8,0x51D8,708,288,2425,719,0x02EF,0,0,0,0,0x02,0,1
834,2516,809,80,82,0x506C,0x5200,708,-1424,2428,719,0x02EF,0,0,0,0,0x00,0,0
835,2519,803,80,76,0x5030,0x4CDB,708,-1317,2431,719,0x02EF,0,0,0,0,0x00,0,0
836,2521,799,80,72,0x50F4,0x4821,708,-1210,2433,719,0x02EF,0,0,0,0,0x00,0,0
837,2524,794,80,67,0x50B8,0x43D2,708,-1103,2436,719,0x02EF,0,0,0,0,0x00,0,0
838,2527,790,80,64,0x507C,0x4000,708,-996,2439,718,0x02EE,238,0,0,0,0x00,0,0
839,2530,787,80,64,0x5040,0x4000,708,-889,2442,715,0x02EB,117,0,0,0,0x00,0,0
840,2533,784,80,64,0x5004,0x4000,708,-782,2445,712,0x02E8,103,0,0,0,0x00,0,0
841,2535,781,80,64,0x50C8,0x4000,708,-675,2447,709,0x02E5,196,0,0,0,0x00,0,0
842,2538,779,80,64,0x508C,0x4000,708,-568,2450,707,0x02E3,140,0,0,0,0x00,0,0
843,2541,777,80,64,0x5050,0x4000,708,-461,2453,705,0x02E1,191,0,0,0,0x00,0,0
844,2544,776,80,64,0x5014,0x4000,708,-354,2456,704,0x02E0,93,0,0,0,0x00,0,0
845,2546,775,80,64,0x50D8,0x4000,708,-247,2458,703,0x02DF,102,0,0,0,0x00,0,0
846,2549,774,80,64,0x509C,0x4000,708,-140,2461,702,0x02DE,218,0,0,0,0x00,0,0
847,2552,774,80,64,0x5060,0x4000,708,-33,2464,702,0x02DE,185,0,0,0,0x00,0,0
848,2555,774,80,64,0x5024,0x404A,708,74,2467,702,0x02DE,185,0,0,0,0x00,0,0
849,2557,774,80,64,0x50E8,0x40FF,708,181,2469,702,0x02DE,185,0,0,0,0x00,0,0
850,2560,776,80,66,0x50AC,0x421F,708,288,2472,702,0x02DE,185,0,0,0,0x00,0,0
851,2563,777,80,67,0x5070,0x43AA,708,395,2475,702,0x02DE,185,0,0,0,0x00,0,0
852,2566,779,80,69,0x5034,0x45A0,708,502,2478,702,0x02DE,185,0,0,0,0x00,0,0
853,2568,782,80,72,0x50F8,0x4801,708,609,2480,702,0x02DE,185,0,0,0,0x00,0,0
854,2571,784,80,74,0x50BC,0x4ACD,708,716,2483,702,0x02DE,185,0,0,0,0x00,0,0
855,2574,788,80,78,0x5080,0x4E04,708,823,2486,702,0x02DE,185,0,0,0,0x00,0,0
856,2577,791,80,81,0x5044,0x51A6,708,930,2489,702,0x02DE,185,0,0,0,0x00,0,0
857,2580,795,80,85,0x5008,0x55B3,708,1037,2492,702,0x02DE,185,0,0,0,0x00,0,0
858,2582,800,80,90,0x50CC,0x5A2B,708,1144,2494,702,0x02DE,185,0,0,0,0x00,0,0
859,2585,805,80,95,0x5090,0x5F0E,708,1251,2497,702,0x02DE,185,0,0,0,0x00,0,0
860,2588,809,80,99,0x5054,0x6300,708,0,2500,702,0x02DE,185,0,0,0,0x00,0,0
861,2591,809,80,99,0x5018,0x6300,708,0,2503,702,0x02DE,185,0,0,0,0x00,0,0
862,2593,809,80,99,0x50DC,0x6300,708,0,2505,702,0x02DE,185,0,0,0,0x00,0,0
863,2596,809,80,99,0x50A0,0x6300,708,-1424,2508,702,0x02DE,185,0,0,0,0x00,0,0
864,2599,803,80,93,0x5064,0x5DDB,708,-1317,2511,702,0x02DE,185,0,0,0,0x00,0,0
865,2602,799,80,89,0x5028,0x5921,708,-1210,2514,702,0x02DE,185,0,0,0,0x00,0,0
866,2604,794,80,84,0x50EC,0x54D2,708,-1103,2516,702,0x02DE,185,0,0,0,0x00,0,0
867,2607,790,80,80,0x50B0,0x50EE,708,-996,2519,702,0x02DE,185,0,0,0,0x00,0,0
868,2610,787,80,77,0x5074,0x4D75,708,-889,2522,702,0x02DE,185,0,0,0,0x00,0,0
869,2613,784,80,74,0x5038,0x4A67,708,-782,2525,702,0x02DE,185,0,0,0,0x00,0,0
870,2615,781,80,71,0x50FC,0x47C4,708,-675,2527,702,0x02DE,185,0,0,0,0x00,0,0
871,2618,779,80,69,0x50C0,0x458C,708,-568,2530,702,0x02DE,185,0,0,0,0x00,0,0
872,2621,777,80,67,0x5084,0x43BF,708,-461,2533,702,0x02DE,185,0,0,0,0x00,0,0
873,2624,776,80,66,0x5048,0x425D,708,-354,2536,702,0x02DE,185,0,0,0,0x00,0,0
874,2627,775,80,65,0x500C,0x4166,708,-247,2539,702,0x02DE,185,0,0,0,0x00,0,0
875,2629,774,80,64,0x50D0,0x40DA,708,-140,2541,702,0x02DE,185,0,0,0,0x00,0,0
876,2632,774,80,64,0x5094,0x40B9,708,-33,2544,702,0x02DE,185,0,0,0,0x00,0,0
877,2635,775,80,65,0x5058,0x4103,708,74,2547,702,0x02DE,185,0,0,0,0x00,0,0
878,2638,775,80,65,0x501C,0x41B8,708,181,2550,702,0x02DE,185,0,0,0,0x00,0,0
879,2640,776,80,66,0x50E0,0x42D8,708,288,2552,702,0x02DE,185,0,0,0,0x00,0,0
880,2643,778,80,68,0x50A4,0x4463,708,395,2555,702,0x02DE,185,0,0,0,0x00,0,0
881,2646,780,80,70,0x5068,0x4659,708,502,2558,702,0x02DE,185,0,0,0,0x00,0,0
882,2649,782,80,72,0x502C,0x48BA,708,609,2561,702,0x02DE,185,0,0,0,0x00,0,0
883,2651,785,80,75,0x50F0,0x4B86,708,716,2563,702,0x02DE,185,0,0,0,0x00,0,0
884,2654,788,80,78,0x50B4,0x4EBD,708,823,2566,702,0x02DE,185,0,0,0,0x00,0,0
885,2657,792,80,82,0x5078,0x525F,708,930,2569,702,0x02DE,185,0,0,0,0x00,0,0
886,2660,793,80,83,0x503C,0x5300,708,0,2572,702,0x02DE,185,0,0,0,0x00,0,0
887,2663,793,80,83,0x5000,0x5300,708,0,2575,702,0x02DE,185,0,0,0,0x00,0,0
888,2665,793,80,83,0x50C4,0x5300,708,0,2577,702,0x02DE,185,0,0,0,0x00,0,0
889,2668,793,80,83,0x5088,0x5300,708,0,2580,702,0x02DE,185,0,0,0,0x00,0,0
890,2671,793,80,83,0x504C,0x5300,708,0,2583,702,0x02DE,185,0,0,0,0x00,0,0
891,2674,793,80,83,0x5010,0x5300,708,0,2586,702,0x02DE,185,0,0,0,0x00,0,0
892,2676,793,80,83,0x50D4,0x5300,708,0,2588,702,0x02DE,185,0,0,0,0x00,0,0
893,2679,793,80,83,0x5098,0x5300,708,0,2591,702,0x02DE,185,0,0,0,0x00,0,0
894,2682,793,80,83,0x505C,0x5300,708,0,2594,702,0x02DE,185,0,0,0,0x00,0,0
895,2685,793,80,83,0x5020,0x536B,708,107,2597,702,0x02DE,185,0,0,0,0x00,0,0
896,2687,794,80,84,0x50E4,0x5441,708,214,2599,702,0x02DE,185,0,0,0,0x00,0,0
897,2690,795,80,85,0x50A8,0x5582,708,321,2602,702,0x02DE,185,0,0,0,0x00,0,0
898,2693,797,80,87,0x506C,0x572E,708,428,2605,702,0x02DE,185,0,0,0,0x00,0,0
899,2696,799,80,89,0x5030,0x5945,708,535,2608,702,0x02DE,185,0,0,0,0x00,0,0
900,2698,801,80,91,0x50F4,0x5BC7,708,642,2610,702,0x02DE,185,0,0,0,0x00,0,0
901,2701,804,80,94,0x50B8,0x5EB4,708,749,2613,702,0x02DE,185,0,0,0,0x00,0,0
902,2704,808,80,98,0x507C,0x620C,708,856,2616,702,0x02DE,185,0,0,0,0x00,0,0
903,2707,811,80,101,0x5040,0x65CF,708,963,2619,702,0x02DE,185,0,0,0,0x00,0,0
904,2710,815,80,105,0x5004,0x69FD,708,1070,2622,702,0x02DE,185,0,0,0,0x00,0,0
905,2712,820,80,110,0x50C8,0x6E96,708,1177,2624,702,0x02DE,185,0,0,0,0x00,0,0
906,2715,825,80,115,0x508C,0x739A,708,1284,2627,702,0x02DE,185,0,0,0,0x00,0,0
907,2718,825,80,115,0x5050,0x7300,708,0,2630,702,0x02DE,185,0,0,0,0x00,0,0
908,2721,825,80,115,0x5014,0x7300,708,0,2633,702,0x02DE,185,0,0,0,0x00,0,0
909,2723,825,80,115,0x50D8,0x7300,708,0,2635,702,0x02DE,185,0,0,0,0x00,0,0
910,2726,825,80,115,0x509C,0x7300,708,0,2638,702,0x02DE,185,0,0,0,0x00,0,0
911,2729,825,80,115,0x5060,0x7300,708,0,2641,702,0x02DE,185,0,0,0,0x00,0,0
912,2732,825,80,115,0x5024,0x7300,708,0,2644,702,0x02DE,185,0,0,0,0x00,0,0
913,2734,825,80,115,0x50E8,0x7300,708,0,2646,702,0x02DE,185,0,0,0,0x00,0,0
914,2737,825,80,115,0x50AC,0x7300,708,0,2649,702,0x02DE,185,0,0,0,0x00,0,0
915,2740,825,80,115,0x5070,0x7300,708,-1424,2652,702,0x02DE,185,0,0,0,0x00,0,0
916,2743,819,80,109,0x5034,0x6DDB,708,-1317,2655,702,0x02DE,185,0,0,0,0x00,0,0
917,2745,815,80,105,0x50F8,0x6921,708,-1210,2657,702,0x02DE,185,0,0,0,0x00,0,0
918,2748,810,80,100,0x50BC,0x64D2,708,-1103,2660,702,0x02DE,185,0,0,0,0x00,0,0
919,2751,806,80,96,0x5080,0x60EE,708,-996,2663,702,0x02DE,185,0,0,0,0x00,0,0
920,2754,803,80,93,0x5044,0x5D75,708,-889,2666,702,0x02DE,185,0,0,0,0x00,0,0
921,2757,800,80,90,0x5008,0x5A67,708,-782,2669,702,0x02DE,185,0,0,0,0x00,0,0
922,2759,797,80,87,0x50CC,0x57C4,708,-675,2671,702,0x02DE,185,0,0,0,0x00,0,0
923,2762,795,80,85,0x5090,0x558C,708,-568,2674,702,0x02DE,185,0,0,0,0x00,0,0
924,2765,793,80,83,0x5054,0x53BF,708,-461,2677,702,0x02DE,185,0,0,0,0x00,0,0
925,2768,792,80,82,0x5018,0x525D,708,-354,2680,702,0x02DE,185,0,0,0,0x00,0,0
926,2770,791,80,81,0x50DC,0x5166,708,-247,2682,702,0x02DE,185,0,0,0,0x00,0,0
927,2773,790,80,80,0x50A0,0x50DA,708,-140,2685,702,0x02DE,185,0,0,0,0x00,0,0
928,2776,790,80,80,0x5064,0x50B9,708,-33,2688,702,0x02DE,185,0,0,0,0x00,0,0
929,2779,791,80,81,0x5028,0x5103,708,74,2691,702,0x02DE,185,0,0,0,0x00,0,0
930,2781,791,80,81,0x50EC,0x51B8,708,181,2693,702,0x02DE,185,0,0,0,0x00,0,0
931,2784,792,80,82,0x50B0,0x52D8,708,288,2696,702,0x02DE,185,0,0,0,0x00,0,0
932,2787,794,80,84,0x5074,0x5463,708,395,2699,702,0x02DE,185,0,0,0,0x00,0,0
933,2790,796,80,86,0x5038,0x5659,708,502,2702,702,0x02DE,185,0,0,0,0x00,0,0
934,2792,798,80,88,0x50FC,0x58BA,708,609,2704,702,0x02DE,185,0,0,0,0x00,0,0
935,2795,801,80,91,0x50C0,0x5B86,708,716,2707,702,0x02DE,185,0,0,0,0x00,0,0
936,2798,804,80,94,0x5084,0x5EBD,708,823,2710,702,0x02DE,185,0,0,0,0x00,0,0
937,2801,808,80,98,0x5048,0x625F,708,930,2713,702,0x02DE,185,0,0,0,0x00,0,0
938,2804,812,80,102,0x500C,0x666C,708,1037,2716,702,0x02DE,185,0,0,0,0x00,0,0
939,2806,816,80,106,0x50D0,0x6AE4,708,1144,2718,702,0x02DE,185,0,0,0,0x00,0,0
940,2809,821,80,111,0x5094,0x6FC7,708,1251,2721,702,0x02DE,185,0,0,0,0x00,0,0
941,2812,827,80,117,0x5058,0x7515,708,1358,2724,702,0x02DE,185,0,0,0,0x00,0,0
942,2815,832,80,122,0x501C,0x7ACE,708,1465,2727,702,0x02DE,185,0,0,0,0x00,0,0
943,2817,838,80,128,0x50E0,0x80F2,708,1572,2729,702,0x02DE,185,0,0,0,0x00,0,0
944,2820,845,80,135,0x50A4,0x8781,708,1679,2732,702,0x02DE,185,0,0,0,0x00,0,0
945,2823,852,80,142,0x5068,0x8E7B,708,1786,2735,702,0x02DE,185,0,0,0,0x00,0,0
946,2826,857,80,147,0x502C,0x9300,708,0,2738,702,0x02DE,185,0,0,0,0x00,0,0
947,2828,857,80,147,0x50F0,0x9300,708,0,2740,702,0x02DE,185,0,0,0,0x00,0,0
948,2831,857,80,147,0x50B4,0x9300,708,0,2743,702,0x02DE,185,0,0,0,0x00,0,0
949,2834,857,80,147,0x5078,0x9300,708,0,2746,702,0x02DE,185,0,0,0,0x00,0,0
950,2837,857,80,147,0x503C,0x9300,708,0,2749,702,0x02DE,185,0,0,0,0x00,0,0
951,2840,857,80,147,0x5000,0x9300,708,0,2752,702,0x02DE,185,0,0,0,0x00,0,0
952,2842,857,80,147,0x50C4,0x9300,708,0,2754,702,0x02DE,185,0,0,0,0x00,0,0
953,2845,857,80,147,0x5088,0x9300,708,0,2757,702,0x02DE,185,0,0,0,0x00,0,0
954,2848,857,80,147,0x504C,0x9300,708,0,2760,702,0x02DE,185,0,0,0,0x00,0,0
955,2851,857,80,147,0x5010,0x9300,708,0,2763,702,0x02DE,185,0,0,0,0x00,0,0
956,2853,857,80,147,0x50D4,0x9300,708,0,2765,702,0x02DE,185,0,0,0,0x00,0,0
957,2856,857,80,147,0x5098,0x9300,708,0,2768,702,0x02DE,185,0,0,0,0x00,0,0
958,2859,857,80,147,0x505C,0x9300,708,0,2771,702,0x02DE,185,0,0,0,0x00,0,0
959,2862,857,80,147,0x5020,0x9300,708,0,2774,702,0x02DE,185,0,0,0,0x00,0,0
960,2864,857,80,147,0x50E4,0x9300,708,0,2776,702,0x02DE,185,0,0,0,0x00,0,0
961,2867,857,80,147,0x50A8,0x9300,708,-1424,2779,702,0x02DE,185,0,0,0,0x00,0,0
962,2870,851,80,141,0x506C,0x8DDB,708,-1317,2782,702,0x02DE,185,0,0,0,0x00,0,0
963,2873,847,80,137,0x5030,0x8921,708,-1210,2785,702,0x02DE,185,0,0,0,0x00,0,0
964,2875,842,80,132,0x50F4,0x84D2,708,-1103,2787,702,0x02DE,185,0,0,0,0x00,0,0
965,2878,838,80,128,0x50B8,0x80EE,708,-996,2790,702,0x02DE,185,0,0,0,0x00,0,0
966,2881,835,80,125,0x507C,0x7D75,708,-889,2793,702,0x02DE,185,0,0,0,0x00,0,0
967,2884,832,80,122,0x5040,0x7A67,708,-782,2796,702,0x02DE,185,0,0,0,0x00,0,0
968,2887,829,80,119,0x5004,0x77C4,708,-675,2799,702,0x02DE,185,0,0,0,0x00,0,0
969,2889,827,80,117,0x50C8,0x758C,708,-568,2801,702,0x02DE,185,0,0,0,0x00,0,0
970,2892,825,80,115,0x508C,0x73BF,708,-461,2804,702,0x02DE,185,0,0,0,0x00,0,0
971,2895,824,80,114,0x5050,0x725D,708,-354,2807,702,0x02DE,185,0,0,0,0x00,0,0
972,2898,823,80,113,0x5014,0x7166,708,-247,2810,702,0x02DE,185,0,0,0,0x00,0,0
973,2900,822,80,112,0x50D8,0x70DA,708,-140,2812,702,0x02DE,185,0,0,0,0x00,0,0
974,2903,822,80,112,0x509C,0x70B9,708,-33,2815,702,0x02DE,185,0,0,0,0x00,0,0
975,2906,823,80,113,0x5060,0x7103,708,74,2818,702,0x02DE,185,0,0,0,0x00,0,0
976,2909,823,80,113,0x5024,0x71B8,708,181,2821,702,0x02DE,185,0,0,0,0x00,0,0
977,2911,824,80,114,0x50E8,0x72D8,708,288,2823,702,0x02DE,185,0,0,0,0x00,0,0
978,2914,826,80,116,0x50AC,0x7463,708,395,2826,702,0x02DE,185,0,0,0,0x00,0,0
979,2917,828,80,118,0x5070,0x7659,708,502,2829,702,0x02DE,185,0,0,0,0x00,0,0
980,2920,830,80,120,0x5034,0x78BA,708,609,2832,702,0x02DE,185,0,0,0,0x00,0,0
981,2922,833,80,123,0x50F8,0x7B86,708,716,2834,702,0x02DE,185,0,0,0,0x00,0,0
982,2925,836,80,126,0x50BC,0x7EBD,708,823,2837,702,0x02DE,185,0,0,0,0x00,0,0
983,2928,840,80,130,0x5080,0x825F,708,930,2840,702,0x02DE,185,0,0,0,0x00,0,0
984,2931,841,80,131,0x5044,0x8300,708,0,2843,702,0x02DE,185,0,0,0,0x00,0,0
985,2934,841,80,131,0x5008,0x8300,708,0,2846,702,0x02DE,185,0,0,0,0x00,0,0
986,2936,841,80,131,0x50CC,0x8300,708,0,2848,702,0x02DE,185,0,0,0,0x00,0,0
987,2939,841,80,131,0x5090,0x8300,708,0,2851,702,0x02DE,185,0,0,0,0x00,0,0
988,2942,841,80,131,0x5054,0x8300,708,0,2854,702,0x02DE,185,0,0,0,0x00,0,0
989,2945,841,80,131,0x5018,0x8300,708,0,2857,702,0x02DE,185,0,0,0,0x00,0,0
990,2947,841,80,131,0x50DC,0x8300,708,0,2859,702,0x02DE,185,0,0,0,0x00,0,0
991,2950,841,80,131,0x50A0,0x8300,708,0,2862,702,0x02DE,185,0,0,0,0x00,0,0
992,2953,841,80,131,0x5064,0x8300,708,0,2865,702,0x02DE,185,0,0,0,0x00,0,0
993,2956,841,80,131,0x5028,0x8300,708,0,2868,702,0x02DE,185,0,0,0,0x00,0,0
994,2958,841,80,131,0x50EC,0x8300,708,0,2870,702,0x02DE,185,0,0,0,0x00,0,0
995,2961,841,80,131,0x50B0,0x8300,708,0,2873,702,0x02DE,185,0,0,0,0x00,0,0
996,2964,841,80,131,0x5074,0x8300,708,-1424,2876,702,0x02DE,185,0,0,0,0x00,0,0
997,2967,835,80,125,0x5038,0x7DDB,708,-1317,2879,702,0x02DE,185,0,0,0,0x00,0,0
998,2969,831,80,121,0x50FC,0x7921,708,-1210,2881,702,0x02DE,185,0,0,0,0x00,0,0
999,2972,826,80,116,0x50C0,0x74D2,708,-1103,2884,702,0x02DE,185,0,0,0,0x00,0,0
1000,2975,822,80,112,0x5084,0x70EE,708,-996,2887,702,0x02DE,185,0,0,0,0x00,0,0
1001,2978,819,80,109,0x5048,0x6D75,708,-889,2890,702,0x02DE,185,0,0,0,0x00,0,0
1002,2981,816,80,106,0x500C,0x6A67,708,-782,2893,702,0x02DE,185,0,0,0,0x00,0,0
1003,2983,813,80,103,0x50D0,0x67C4,708,-675,2895,702,0x02DE,185,0,0,0,0x00,0,0
1004,2986,811,80,101,0x5094,0x658C,708,-568,2898,702,0x02DE,185,0,0,0,0x00,0,0
1005,2989,809,80,99,0x5058,0x63BF,708,-461,2901,702,0x02DE,185,0,0,0,0x00,0,0
1006,2992,808,80,98,0x501C,0x625D,708,-354,2904,702,0x02DE,185,0,0,0,0x00,0,0
1007,2994,807,80,97,0x50E0,0x6166,708,-247,2906,702,0x02DE,185,0,0,0,0x00,0,0
1008,2997,806,80,96,0x50A4,0x60DA,708,-140,2909,702,0x02DE,185,0,0,0,0x00,0,0
1009,3000,806,80,96,0x5068,0x60B9,708,-33,2912,702,0x02DE,185,0,0,0,0x00,0,0
1010,3003,807,80,97,0x502C,0x6103,708,74,2915,702,0x02DE,185,0,0,0,0x00,0,0
1011,3005,807,80,97,0x50F0,0x61B8,708,181,2917,702,0x02DE,185,0,0,0,0x00,0,0
1012,3008,808,80,98,0x50B4,0x62D8,708,288,2920,702,0x02DE,185,0,0,0,0x00,0,0
1013,3011,810,80,100,0x5078,0x6463,708,395,2923,702,0x02DE,185,0,0,0,0x00,0,0
1014,3014,812,80,102,0x503C,0x6659,708,502,2926,702,0x02DE,185,0,0,0,0x00,0,0
1015,3017,814,80,104,0x5000,0x68BA,708,609,2929,702,0x02DE,185,0,0,0,0x00,0,0
1016,3019,817,80,107,0x50C4,0x6B86,708,716,2931,702,0x02DE,185,0,0,0,0x00,0,0
1017,3022,820,80,110,0x5088,0x6EBD,708,823,2934,702,0x02DE,185,0,0,0,0x00,0,0
1018,3025,824,80,114,0x504C,0x725F,708,930,2937,702,0x02DE,185,0,0,0,0x00,0,0
1019,3028,825,80,115,0x5010,0x7300,708,0,2940,702,0x02DE,185,0,0,0,0x00,0,0
1020,3030,825,80,115,0x50D4,0x7300,708,0,2942,702,0x02DE,185,0,0,0,0x00,0,0
1021,3033,825,80,115,0x5098,0x7300,708,0,2945,702,0x02DE,185,0,0,0,0x00,0,0
1022,3036,825,80,115,0x505C,0x7300,708,-1424,2948,702,0x02DE,185,0,0,0,0x00,0,0
1023,3039,819,80,109,0x5020,0x6DDB,708,-1317,2951,702,0x02DE,185,0,0,0,0x00,0,0
1024,3041,815,80,105,0x50E4,0x6921,708,-1210,2953,702,0x02DE,185,0,0,0,0x00,0,0
1025,3044,810,80,100,0x50A8,0x64D2,708,-1103,2956,702,0x02DE,185,0,0,0,0x00,0,0
1026,3047,806,80,96,0x506C,0x60EE,708,-996,2959,702,0x02DE,185,0,0,0,0x00,0,0
1027,3050,803,80,93,0x5030,0x5D75,708,-889,2962,702,0x02DE,185,0,0,0,0x00,0,0
1028,3052,800,80,90,0x50F4,0x5A67,708,-782,2964,702,0x02DE,185,0,0,0,0x00,0,0
1029,3055,797,80,87,0x50B8,0x57C4,708,-675,2967,702,0x02DE,185,0,0,0,0x00,0,0
1030,3058,795,80,85,0x507C,0x558C,708,-568,2970,702,0x02DE,185,0,0,0,0x00,0,0
1031,3061,793,80,83,0x5040,0x53BF,708,-461,2973,702,0x02DE,185,0,0,0,0x00,0,0
1032,3064,792,80,82,0x5004,0x525D,708,-354,2976,702,0x02DE,185,0,0,0,0x00,0,0
1033,3066,791,80,81,0x50C8,0x5166,708,-247,2978,702,0x02DE,185,0,0,0,0x00,0,0
1034,3069,790,80,80,0x508C,0x50DA,708,-140,2981,702,0x02DE,185,0,0,0,0x00,0,0
1035,3072,790,80,80,0x5050,0x50B9,708,-33,2984,702,0x02DE,185,0,0,0,0x00,0,0
1036,3075,791,80,81,0x5014,0x5103,708,74,2987,702,0x02DE,185,0,0,0,0x00,0,0
1037,3077,791,80,81,0x50D8,0x51B8,708,181,2989,702,0x02DE,185,0,0,0,0x00,0,0
1038,3080,792,80,82,0x509C,0x52D8,708,288,2992,702,0x02DE,185,0,0,0,0x00,0,0
1039,3083,794,80,84,0x5060,0x5463,708,395,2995,702,0x02DE,185,0,0,0,0x00,0,0
1040,3086,793,80,83,0x5024,0x5300,708,0,2998,702,0x02DE,185,0,0,0,0x00,0,0
1041,3088,793,80,83,0x50E8,0x5300,708,0,3000,702,0x02DE,185,0,0,0,0x00,0,0
1042,3091,793,80,83,0x50AC,0x5300,708,-1424,3003,702,0x02DE,185,0,0,0,0x00,0,0
1043,3094,787,80,77,0x5070,0x4DDB,708,-1317,3006,702,0x02DE,185,0,0,0,0x00,0,0
1044,3097,783,80,73,0x5034,0x4921,708,-1210,3009,702,0x02DE,185,0,0,0,0x00,0,0
1045,3099,778,80,68,0x50F8,0x44D2,708,-1103,3011,702,0x02DE,185,0,0,0,0x00,0,0
1046,3102,774,80,64,0x50BC,0x40EE,708,-996,3014,702,0x02DE,185,0,0,0,0x00,0,0
1047,3105,772,80,64,0x5080,0x4000,708,-889,3017,700,0x02DC,46,0,0,0,0x00,0,0
1048,3108,769,80,64,0x5044,0x4000,708,-782,3020,697,0x02D9,32,0,0,0,0x00,0,0
1049,3111,766,80,64,0x5008,0x4000,708,-675,3023,694,0x02D6,125,0,0,0,0x00,0,0
1050,3113,764,80,64,0x50CC,0x4000,708,-568,3025,692,0x02D4,69,0,0,0,0x00,0,0
1051,3116,762,80,64,0x5090,0x4000,708,-461,3028,690,0x02D2,120,0,0,0,0x00,0,0
1052,3119,761,80,64,0x5054,0x4000,708,-354,3031,689,0x02D1,22,0,0,0,0x00,0,0
1053,3122,760,80,64,0x5018,0x4000,708,-247,3034,688,0x02D0,31,0,0,0,0x00,0,0
1054,3124,759,80,64,0x50DC,0x4000,708,-140,3036,687,0x02CF,147,0,0,0,0x00,0,0
1055,3127,759,80,64,0x50A0,0x4000,708,-33,3039,687,0x02CF,114,0,0,0,0x00,0,0
1056,3130,759,80,64,0x5064,0x404A,708,74,3042,687,0x02CF,114,0,0,0,0x00,0,0
1057,3133,759,80,64,0x5028,0x40FF,708,181,3045,687,0x02CF,114,0,0,0,0x00,0,0
1058,3135,761,80,66,0x50EC,0x421F,708,288,3047,687,0x02CF,114,0,0,0,0x00,0,0
1059,3138,762,80,67,0x50B0,0x43AA,708,395,3050,687,0x02CF,114,0,0,0,0x00,0,0
1060,3141,764,80,69,0x5074,0x45A0,708,502,3053,687,0x02CF,114,0,0,0,0x00,0,0
1061,3144,767,80,72,0x5038,0x4801,708,609,3056,687,0x02CF,114,0,0,0,0x00,0,0
1062,3146,769,80,74,0x50FC,0x4ACD,708,716,3058,687,0x02CF,114,0,0,0,0x00,0,0
1063,3149,773,80,78,0x50C0,0x4E04,708,823,3061,687,0x02CF,114,0,0,0,0x00,0,0
1064,3152,776,80,81,0x5084,0x51A6,708,930,3064,687,0x02CF,114,0,0,0,0x00,0,0
1065,3155,780,80,85,0x5048,0x55B3,708,1037,3067,687,0x02CF,114,0,0,0,0x00,0,0
1066,3158,785,80,90,0x500C,0x5A2B,708,1144,3070,687,0x02CF,114,0,0,0,0x00,0,0
1067,3160,790,80,95,0x50D0,0x5F0E,708,1251,3072,687,0x02CF,114,0,0,0,0x00,0,0
1068,3163,793,80,98,0x5094,0x6200,708,0,3075,687,0x02CF,114,0,0,0,0x00,0,0
1069,3166,793,80,98,0x5058,0x6200,708,0,3078,687,0x02CF,114,0,0,0,0x00,0,0
1070,3169,793,80,98,0x501C,0x6200,708,0,3081,687,0x02CF,114,0,0,0,0x00,0,0
1071,3171,793,80,98,0x50E0,0x6200,708,0,3083,687,0x02CF,114,0,0,0,0x00,0,0
1072,3174,793,80,98,0x50A4,0x6200,708,0,3086,687,0x02CF,114,0,0,0,0x00,0,0
1073,3177,793,80,98,0x5068,0x6200,708,0,3089,687,0x02CF,114,0,0,0,0x00,0,0
1074,3180,793,80,98,0x502C,0x626B,708,107,3092,687,0x02CF,114,0,0,0,0x00,0,0
1075,3182,794,80,99,0x50F0,0x6341,708,214,3094,687,0x02CF,114,0,0,0,0x00,0,0
1076,3185,795,80,100,0x50B4,0x6482,708,321,3097,687,0x02CF,114,0,0,0,0x00,0,0
1077,3188,797,80,102,0x5078,0x662E,708,428,3100,687,0x02CF,114,0,0,0,0x00,0,0
1078,3191,799,80,104,0x503C,0x6845,708,535,3103,687,0x02CF,114,0,0,0,0x00,0,0
1079,3194,801,80,106,0x5000,0x6AC7,708,642,3106,687,0x02CF,114,0,0,0,0x00,0,0
1080,3196,804,80,109,0x50C4,0x6DB4,708,749,3108,687,0x02CF,114,0,0,0,0x00,0,0
1081,3199,808,80,113,0x5088,0x710C,708,856,3111,687,0x02CF,114,0,0,0,0x00,0,0
1082,3202,809,80,114,0x504C,0x7200,708,0,3114,687,0x02CF,114,0,0,0,0x00,0,0
1083,3205,809,80,114,0x5010,0x7200,708,-1424,3117,687,0x02CF,114,0,0,0,0x00,0,0
1084,3207,803,80,108,0x50D4,0x6CDB,708,-1317,3119,687,0x02CF,114,0,0,0,0x00,0,0
1085,3210,799,80,104,0x5098,0x6821,708,-1210,3122,687,0x02CF,114,0,0,0,0x00,0,0
1086,3213,794,80,99,0x505C,0x63D2,708,-1103,3125,687,0x02CF,114,0,0,0,0x00,0,0
1087,3216,790,80,95,0x5020,0x5FEE,708,-996,3128,687,0x02CF,114,0,0,0,0x00,0,0
1088,3218,787,80,92,0x50E4,0x5C75,708,-889,3130,687,0x02CF,114,0,0,0,0x00,0,0
1089,3221,784,80,89,0x50A8,0x5967,708,-782,3133,687,0x02CF,114,0,0,0,0x00,0,0
1090,3224,781,80,86,0x506C,0x56C4,708,-675,3136,687,0x02CF,114,0,0,0,0x00,0,0
1091,3227,779,80,84,0x5030,0x548C,708,-568,3139,687,0x02CF,114,0,0,0,0x00,0,0
1092,3229,777,80,82,0x50F4,0x52BF,708,-461,3141,687,0x02CF,114,0,0,0,0x00,0,0
1093,3232,776,80,81,0x50B8,0x515D,708,-354,3144,687,0x02CF,114,0,0,0,0x00,0,0
1094,3235,775,80,80,0x507C,0x5066,708,-247,3147,687,0x02CF,114,0,0,0,0x00,0,0
1095,3238,774,80,79,0x5040,0x4FDA,708,-140,3150,687,0x02CF,114,0,0,0,0x00,0,0
1096,3241,774,80,79,0x5004,0x4FB9,708,-33,3153,687,0x02CF,114,0,0,0,0x00,0,0
1097,3243,775,80,80,0x50C8,0x5003,708,74,3155,687,0x02CF,114,0,0,0,0x00,0,0
1098,3246,775,80,80,0x508C,0x50B8,708,181,3158,687,0x02CF,114,0,0,0,0x00,0,0
1099,3249,776,80,81,0x5050,0x51D8,708,288,3161,687,0x02CF,114,0,0,0,0x00,0,0
1100,3252,778,80,83,0x5014,0x5363,708,395,3164,687,0x02CF,114,0,0,0,0x00,0,0
1101,3254,780,80,85,0x50D8,0x5559,708,502,3166,687,0x02CF,114,0,0,0,0x00,0,0
1102,3257,782,80,87,0x509C,0x57BA,708,609,3169,687,0x02CF,114,0,0,0,0x00,0,0
1103,3260,785,80,90,0x5060,0x5A86,708,716,3172,687,0x02CF,114,0,0,0,0x00,0,0
1104,3263,788,80,93,0x5024,0x5DBD,708,823,3175,687,0x02CF,114,0,0,0,0x00,0,0
1105,3265,792,80,97,0x50E8,0x615F,708,930,3177,687,0x02CF,114,0,0,0,0x00,0,0
1106,3268,796,80,101,0x50AC,0x656C,708,1037,3180,687,0x02CF,114,0,0,0,0x00,0,0
1107,3271,800,80,105,0x5070,0x69E4,708,1144,3183,687,0x02CF,114,0,0,0,0x00,0,0
1108,3274,805,80,110,0x5034,0x6EC7,708,1251,3186,687,0x02CF,114,0,0,0,0x00,0,0
1109,3276,809,80,114,0x50F8,0x7200,708,0,3188,687,0x02CF,114,0,0,0,0x00,0,0
1110,3279,809,80,114,0x50BC,0x7200,708,0,3191,687,0x02CF,114,0,0,0,0x00,0,0
1111,3282,809,80,114,0x5080,0x7200,708,0,3194,687,0x02CF,114,0,0,0,0x00,0,0
1112,3285,809,80,114,0x5044,0x7200,708,0,3197,687,0x02CF,114,0,0,0,0x00,0,0
1113,3288,809,80,114,0x5008,0x7200,708,-1424,3200,687,0x02CF,114,0,0,0,0x00,0,0
1114,3290,803,80,108,0x50CC,0x6CDB,708,-1317,3202,687,0x02CF,114,0,0,0,0x00,0,0
1115,3293,799,80,104,0x5090,0x6821,708,-1210,3205,687,0x02CF,114,0,0,0,0x00,0,0
1116,3296,794,80,99,0x5054,0x63D2,708,-1103,3208,687,0x02CF,114,0,0,0,0x00,0,0
1117,3299,790,80,95,0x5018,0x5FEE,708,-996,3211,687,0x02CF,114,0,0,0,0x00,0,0
1118,3301,787,80,92,0x50DC,0x5C75,708,-889,3213,687,0x02CF,114,0,0,0,0x00,0,0
1119,3304,784,80,89,0x50A0,0x5967,708,-782,3216,687,0x02CF,114,0,0,0,0x00,0,0
1120,3307,781,80,86,0x5064,0x56C4,708,-675,3219,687,0x02CF,114,0,0,0,0x00,0,0
1121,3310,779,80,84,0x5028,0x548C,708,-568,3222,687,0x02CF,114,0,0,0,0x00,0,0
1122,3312,777,80,82,0x50EC,0x52BF,708,-461,3224,687,0x02CF,114,0,0,0,0x00,0,0
1123,3315,776,80,81,0x50B0,0x515D,708,-354,3227,687,0x02CF,114,0,0,0,0x00,0,0
1124,3318,775,80,80,0x5074,0x5066,708,-247,3230,687,0x02CF,114,0,0,0,0x00,0,0
1125,3321,774,80,79,0x5038,0x4FDA,708,-140,3233,687,0x02CF,114,0,0,0,0x00,0,0
1126,3323,774,80,79,0x50FC,0x4FB9,708,-33,3235,687,0x02CF,114,0,0,0,0x00,0,0
1127,3326,775,80,80,0x50C0,0x5003,708,74,3238,687,0x02CF,114,0,0,0,0x00,0,0
1128,3329,775,80,80,0x5084,0x50B8,708,181,3241,687,0x02CF,114,0,0,0,0x00,0,0
1129,3332,776,80,81,0x5048,0x51D8,708,288,3244,687,0x02CF,114,0,0,0,0x00,0,0
1130,3335,778,80,83,0x500C,0x5363,708,395,3247,687,0x02CF,114,0,0,0,0x00,0,0
1131,3337,780,80,85,0x50D0,0x5559,708,502,3249,687,0x02CF,114,0,0,0,0x00,0,0
1132,3340,782,80,87,0x5094,0x57BA,708,609,3252,687,0x02CF,114,0,0,0,0x00,0,0
1133,3343,785,80,90,0x5058,0x5A86,708,716,3255,687,0x02CF,114,0,0,0,0x00,0,0
1134,3346,788,80,93,0x501C,0x5DBD,708,823,3258,687,0x02CF,114,0,0,0,0x00,0,0
1135,3348,792,80,97,0x50E0,0x615F,708,930,3260,687,0x02CF,114,0,0,0,0x00,0,0
1136,3351,796,80,101,0x50A4,0x656C,708,1037,3263,687,0x02CF,114,0,0,0,0x00,0,0
1137,3354,800,80,105,0x5068,0x69E4,708,1144,3266,687,0x02CF,114,0,0,0,0x00,0,0
1138,3357,805,80,110,0x502C,0x6EC7,708,1251,3269,687,0x02CF,114,0,0,0,0x00,0,0
1139,3359,811,80,116,0x50F0,0x7415,708,1358,3271,687,0x02CF,114,0,0,0,0x00,0,0
1140,3362,816,80,121,0x50B4,0x79CE,708,1465,3274,687,0x02CF,114,0,0,0,0x00,0,0
1141,3365,822,80,127,0x5078,0x7FF2,708,1572,3277,687,0x02CF,114,0,0,0,0x00,0,0
1142,3368,829,80,134,0x503C,0x8681,708,1679,3280,687,0x02CF,114,0,0,0,0x00,0,0
1143,3371,836,80,141,0x5000,0x8D7B,708,1786,3283,687,0x02CF,114,0,0,0,0x00,0,0
1144,3373,841,80,146,0x50C4,0x9200,708,0,3285,687,0x02CF,114,0,0,0,0x00,0,0
1145,3376,841,80,146,0x5088,0x9200,708,0,3288,687,0x02CF,114,0,0,0,0x00,0,0
1146,3379,841,80,146,0x504C,0x9200,708,0,3291,687,0x02CF,114,0,0,0,0x00,0,0
1147,3382,841,80,146,0x5010,0x9200,708,0,3294,687,0x02CF,114,0,0,0,0x00,0,0
1148,3384,841,80,146,0x50D4,0x9200,708,0,3296,687,0x02CF,114,0,0,0,0x00,0,0
1149,3387,841,80,146,0x5098,0x9200,708,0,3299,687,0x02CF,114,0,0,0,0x00,0,0
1150,3390,841,80,146,0x505C,0x9200,708,0,3302,687,0x02CF,114,0,0,0,0x00,0,0
1151,3393,841,80,146,0x5020,0x9200,708,0,3305,687,0x02CF,114,0,0,0,0x00,0,0
1152,3395,841,80,146,0x50E4,0x9200,708,-1424,3307,687,0x02CF,114,0,0,0,0x00,0,0
1153,3398,835,80,140,0x50A8,0x8CDB,708,-1317,3310,687,0x02CF,114,0,0,0,0x00,0,0
1154,3401,831,80,136,0x506C,0x8821,708,-1210,3313,687,0x02CF,114,0,0,0,0x00,0,0
1155,3404,826,80,131,0x5030,0x83D2,708,-1103,3316,687,0x02CF,114,0,0,0,0x00,0,0
1156,3406,822,80,127,0x50F4,0x7FEE,708,-996,3318,687,0x02CF,114,0,0,0,0x00,0,0
1157,3409,819,80,124,0x50B8,0x7C75,708,-889,3321,687,0x02CF,114,0,0,0,0x00,0,0
1158,3412,816,80,121,0x507C,0x7967,708,-782,3324,687,0x02CF,114,0,0,0,0x00,0,0
1159,3415,813,80,118,0x5040,0x76C4,708,-675,3327,687,0x02CF,114,0,0,0,0x00,0,0
1160,3418,811,80,116,0x5004,0x748C,708,-568,3330,687,0x02CF,114,0,0,0,0x00,0,0
1161,3420,809,80,114,0x50C8,0x72BF,708,-461,3332,687,0x02CF,114,0,0,0,0x00,0,0
1162,3423,808,80,113,0x508C,0x715D,708,-354,3335,687,0x02CF,114,0,0,0,0x00,0,0
1163,3426,807,80,112,0x5050,0x7066,708,-247,3338,687,0x02CF,114,0,0,0,0x00,0,0
1164,3429,806,80,111,0x5014,0x6FDA,708,-140,3341,687,0x02CF,114,0,0,0,0x00,0,0
1165,3431,806,80,111,0x50D8,0x6FB9,708,-33,3343,687,0x02CF,114,0,0,0,0x00,0,0
1166,3434,807,80,112,0x509C,0x7003,708,74,3346,687,0x02CF,114,0,0,0,0x00,0,0
1167,3437,807,80,112,0x5060,0x70B8,708,181,3349,687,0x02CF,114,0,0,0,0x00,0,0
1168,3440,808,80,113,0x5024,0x71D8,708,288,3352,687,0x02CF,114,0,0,0,0x00,0,0
1169,3442,810,80,115,0x50E8,0x7363,708,395,3354,687,0x02CF,114,0,0,0,0x00,0,0
1170,3445,812,80,117,0x50AC,0x7559,708,502,3357,687,0x02CF,114,0,0,0,0x00,0,0
1171,3448,814,80,119,0x5070,0x77BA,708,609,3360,687,0x02CF,114,0,0,0,0x00,0,0
1172,3451,817,80,122,0x5034,0x7A86,708,716,3363,687,0x02CF,114,0,0,0,0x00,0,0
1173,3453,820,80,125,0x50F8,0x7DBD,708,823,3365,687,0x02CF,114,0,0,0,0x00,0,0
1174,3456,824,80,129,0x50BC,0x815F,708,930,3368,687,0x02CF,114,0,0,0,0x00,0,0
1175,3459,825,80,130,0x5080,0x8200,708,0,3371,687,0x02CF,114,0,0,0,0x00,0,0
1176,3462,825,80,130,0x5044,0x8200,708,0,3374,687,0x02CF,114,0,0,0,0x00,0,0
1177,3465,825,80,130,0x5008,0x8200,708,0,3377,687,0x02CF,114,0,0,0,0x00,0,0
1178,3467,825,80,130,0x50CC,0x8200,708,0,3379,687,0x02CF,114,0,0,0,0x00,0,0
1179,3470,825,80,130,0x5090,0x8200,708,0,3382,687,0x02CF,114,0,0,0,0x00,0,0
1180,3473,825,80,130,0x5054,0x8200,708,-1424,3385,687,0x02CF,114,0,0,0,0x00,0,0
1181,3476,819,80,124,0x5018,0x7CDB,708,-1317,3388,687,0x02CF,114,0,0,0,0x00,0,0
1182,3478,815,80,120,0x50DC,0x7821,708,-1210,3390,687,0x02CF,114,0,0,0,0x00,0,0
1183,3481,810,80,115,0x50A0,0x73D2,708,-1103,3393,687,0x02CF,114,0,0,0,0x00,0,0
1184,3484,806,80,111,0x5064,0x6FEE,708,-996,3396,687,0x02CF,114,0,0,0,0x00,0,0
1185,3487,803,80,108,0x5028,0x6C75,708,-889,3399,687,0x02CF,114,0,0,0,0x00,0,0
1186,3489,800,80,105,0x50EC,0x6967,708,-782,3401,687,0x02CF,114,0,0,0,0x00,0,0
1187,3492,797,80,102,0x50B0,0x66C4,708,-675,3404,687,0x02CF,114,0,0,0,0x00,0,0
1188,3495,795,80,100,0x5074,0x648C,708,-568,3407,687,0x02CF,114,0,0,0,0x00,0,0
1189,3498,793,80,98,0x5038,0x62BF,708,-461,3410,687,0x02CF,114,0,0,0,0x00,0,0
1190,3500,792,80,97,0x50FC,0x615D,708,-354,3412,687,0x02CF,114,0,0,0,0x00,0,0
1191,3503,791,80,96,0x50C0,0x6066,708,-247,3415,687,0x02CF,114,0,0,0,0x00,0,0
1192,3506,790,80,95,0x5084,0x5FDA,708,-140,3418,687,0x02CF,114,0,0,0,0x00,0,0
1193,3509,790,80,95,0x5048,0x5FB9,708,-33,3421,687,0x02CF,114,0,0,0,0x00,0,0
1194,3512,791,80,96,0x500C,0x6003,708,74,3424,687,0x02CF,114,0,0,0,0x00,0,0
1195,3514,791,80,96,0x50D0,0x60B8,708,181,3426,687,0x02CF,114,0,0,0,0x00,0,0
1196,3517,792,80,97,0x5094,0x61D8,708,288,3429,687,0x02CF,114,0,0,0,0x00,0,0
1197,3520,793,80,98,0x5058,0x6200,708,0,3432,687,0x02CF,114,0,0,0,0x00,0,0
1198,3523,793,80,98,0x501C,0x6200,708,-1424,3435,687,0x02CF,114,0,0,0,0x00,0,0
1199,3525,787,80,92,0x50E0,0x5CDB,708,-1317,3437,687,0x02CF,114,0,0,0,0x00,0,0
1200,3528,783,80,88,0x50A4,0x5821,708,-1210,3440,687,0x02CF,114,0,0,0,0x00,0,0
1201,3531,778,80,83,0x5068,0x53D2,708,-1103,3443,687,0x02CF,114,0,0,0,0x00,0,0
1202,3534,774,80,79,0x502C,0x4FEE,708,-996,3446,687,0x02CF,114,0,0,0,0x00,0,0
1203,3536,771,80,76,0x50F0,0x4C75,708,-889,3448,687,0x02CF,114,0,0,0,0x00,0,0
1204,3539,768,80,73,0x50B4,0x4967,708,-782,3451,687,0x02CF,114,0,0,0,0x00,0,0
1205,3542,765,80,70,0x5078,0x46C4,708,-675,3454,687,0x02CF,114,0,0,0,0x00,0,0
1206,3545,763,80,68,0x503C,0x448C,708,-568,3457,687,0x02CF,114,0,0,0,0x00,0,0
1207,3548,761,80,66,0x5000,0x42BF,708,-461,3460,687,0x02CF,114,0,0,0,0x00,0,0
1208,3550,760,80,65,0x50C4,0x415D,708,-354,3462,687,0x02CF,114,0,0,0,0x00,0,0
1209,3553,759,80,64,0x5088,0x4066,708,-247,3465,687,0x02CF,114,0,0,0,0x00,0,0
1210,3556,759,80,64,0x504C,0x4000,708,-140,3468,687,0x02CF,76,0,0,0,0x00,0,0
1211,3559,759,80,64,0x5010,0x4000,708,-33,3471,687,0x02CF,43,0,0,0,0x00,0,0
1212,3561,759,80,64,0x50D4,0x404A,708,74,3473,687,0x02CF,43,0,0,0,0x00,0,0
1213,3564,759,80,64,0x5098,0x40FF,708,181,3476,687,0x02CF,43,0,0,0,0x00,0,0
1214,3567,761,80,66,0x505C,0x421F,708,288,3479,687,0x02CF,43,0,0,0,0x00,0,0
1215,3570,762,80,67,0x5020,0x43AA,708,395,3482,687,0x02CF,43,0,0,0,0x00,0,0
1216,3572,764,80,69,0x50E4,0x45A0,708,502,3484,687,0x02CF,43,0,0,0,0x00,0,0
1217,3575,767,80,72,0x50A8,0x4801,708,609,3487,687,0x02CF,43,0,0,0,0x00,0,0
1218,3578,769,80,74,0x506C,0x4ACD,708,716,3490,687,0x02CF,43,0,0,0,0x00,0,0
1219,3581,773,80,78,0x5030,0x4E04,708,823,3493,687,0x02CF,43,0,0,0,0x00,0,0
1220,3583,776,80,81,0x50F4,0x51A6,708,930,3495,687,0x02CF,43,0,0,0,0x00,0,0
1221,3586,780,80,85,0x50B8,0x55B3,708,1037,3498,687,0x02CF,43,0,0,0,0x00,0,0
1222,3589,785,80,90,0x507C,0x5A2B,708,1144,3501,687,0x02CF,43,0,0,0,0x00,0,0
1223,3592,790,80,95,0x5040,0x5F0E,708,1251,3504,687,0x02CF,43,0,0,0,0x00,0,0
1224,3595,793,80,98,0x5004,0x6200,708,0,3507,687,0x02CF,43,0,0,0,0x00,0,0
1225,3597,793,80,98,0x50C8,0x6200,708,0,3509,687,0x02CF,43,0,0,0,0x00,0,0
1226,3600,793,80,98,0x508C,0x6200,708,0,3512,687,0x02CF,43,0,0,0,0x00,0,0
1227,3603,793,80,98,0x5050,0x6200,708,0,3515,687,0x02CF,43,0,0,0,0x00,0,0
1228,3606,793,80,98,0x5014,0x6200,708,0,3518,687,0x02CF,43,0,0,0,0x00,0,0
1229,3608,793,80,98,0x50D8,0x6200,708,0,3520,687,0x02CF,43,0,0,0,0x00,0,0
1230,3611,793,80,98,0x509C,0x626B,708,107,3523,687,0x02CF,43,0,0,0,0x00,0,0
1231,3614,794,80,99,0x5060,0x6341,708,214,3526,687,0x02CF,43,0,0,0,0x00,0,0
1232,3617,795,80,100,0x5024,0x6482,708,321,3529,687,0x02CF,43,0,0,0,0x00,0,0
1233,3619,797,80,102,0x50E8,0x662E,708,428,3531,687,0x02CF,43,0,0,0,0x00,0,0
1234,3622,799,80,104,0x50AC,0x6845,708,535,3534,687,0x02CF,43,0,0,0,0x00,0,0
1235,3625,801,80,106,0x5070,0x6AC7,708,642,3537,687,0x02CF,43,0,0,0,0x00,0,0
1236,3628,804,80,109,0x5034,0x6DB4,708,749,3540,687,0x02CF,43,0,0,0,0x00,0,0
1237,3630,808,80,113,0x50F8,0x710C,708,856,3542,687,0x02CF,43,0,0,0,0x00,0,0
1238,3633,811,80,116,0x50BC,0x74CF,708,963,3545,687,0x02CF,43,0,0,0,0x00,0,0
1239,3636,815,80,120,0x5080,0x78FD,708,1070,3548,687,0x02CF,43,0,0,0,0x00,0,0
1240,3639,820,80,125,0x5044,0x7D96,708,1177,3551,687,0x02CF,43,0,0,0,0x00,0,0
1241,3642,825,80,130,0x5008,0x829A,708,1284,3554,687,0x02CF,43,0,0,0,0x00,0,0
1242,3644,825,80,130,0x50CC,0x8200,708,0,3556,687,0x02CF,43,0,0,0,0x00,0,0
1243,3647,825,80,130,0x5090,0x8200,708,0,3559,687,0x02CF,43,0,0,0,0x00,0,0
1244,3650,825,80,130,0x5054,0x8200,708,-1424,3562,687,0x02CF,43,0,0,0,0x00,0,0
1245,3653,819,80,124,0x5018,0x7CDB,708,-1317,3565,687,0x02CF,43,0,0,0,0x00,0,0
1246,3655,815,80,120,0x50DC,0x7821,708,-1210,3567,687,0x02CF,43,0,0,0,0x00,0,0
1247,3658,810,80,115,0x50A0,0x73D2,708,-1103,3570,687,0x02CF,43,0,0,0,0x00,0,0
1248,3661,806,80,111,0x5064,0x6FEE,708,-996,3573,687,0x02CF,43,0,0,0,0x00,0,0
1249,3664,803,80,108,0x5028,0x6C75,708,-889,3576,687,0x02CF,43,0,0,0,0x00,0,0
1250,3666,800,80,105,0x50EC,0x6967,708,-782,3578,687,0x02CF,43,0,0,0,0x00,0,0
1251,3669,797,80,102,0x50B0,0x66C4,708,-675,3581,687,0x02CF,43,0,0,0,0x00,0,0
1252,3672,795,80,100,0x5074,0x648C,708,-568,3584,687,0x02CF,43,0,0,0,0x00,0,0
1253,3675,793,80,98,0x5038,0x62BF,708,-461,3587,687,0x02CF,43,0,0,0,0x00,0,0
1254,3677,792,80,97,0x50FC,0x615D,708,-354,3589,687,0x02CF,43,0,0,0,0x00,0,0
1255,3680,791,80,96,0x50C0,0x6066,708,-247,3592,687,0x02CF,43,0,0,0,0x00,0,0
1256,3683,790,80,95,0x5084,0x5FDA,708,-140,3595,687,0x02CF,43,0,0,0,0x00,0,0
1257,3686,790,80,95,0x5048,0x5FB9,708,-33,3598,687,0x02CF,43,0,0,0,0x00,0,0
1258,3689,791,80,96,0x500C,0x6003,708,74,3601,687,0x02CF,43,0,0,0,0x00,0,0
1259,3691,791,80,96,0x50D0,0x60B8,708,181,3603,687,0x02CF,43,0,0,0,0x00,0,0
1260,3694,792,80,97,0x5094,0x61D8,708,288,3606,687,0x02CF,43,0,0,0,0x00,0,0
1261,3697,794,80,99,0x5058,0x6363,708,395,3609,687,0x02CF,43,0,0,0,0x00,0,0
1262,3700,796,80,101,0x501C,0x6559,708,502,3612,687,0x02CF,43,0,0,0,0x00,0,0
1263,3702,798,80,103,0x50E0,0x67BA,708,609,3614,687,0x02CF,43,0,0,0,0x00,0,0
1264,3705,801,80,106,0x50A4,0x6A86,708,716,3617,687,0x02CF,43,0,0,0,0x00,0,0
1265,3708,804,80,109,0x5068,0x6DBD,708,823,3620,687,0x02CF,43,0,0,0,0x00,0,0
1266,3711,808,80,113,0x502C,0x715F,708,930,3623,687,0x02CF,43,0,0,0,0x00,0,0
1267,3713,812,80,117,0x50F0,0x756C,708,1037,3625,687,0x02CF,43,0,0,0,0x00,0,0
1268,3716,816,80,121,0x50B4,0x79E4,708,1144,3628,687,0x02CF,43,0,0,0,0x00,0,0
1269,3719,821,80,126,0x5078,0x7EC7,708,1251,3631,687,0x02CF,43,0,0,0,0x00,0,0
1270,3722,825,80,130,0x503C,0x8200,708,0,3634,687,0x02CF,43,0,0,0,0x00,0,0
1271,3725,825,80,130,0x5000,0x8200,708,0,3637,687,0x02CF,43,0,0,0,0x00,0,0
1272,3727,825,80,130,0x50C4,0x8200,708,-1424,3639,687,0x02CF,43,0,0,0,0x00,0,0
1273,3730,819,80,124,0x5088,0x7CDB,708,-1317,3642,687,0x02CF,43,0,0,0,0x00,0,0
1274,3733,815,80,120,0x504C,0x7821,708,-1210,3645,687,0x02CF,43,0,0,0,0x00,0,0
1275,3736,810,80,115,0x5010,0x73D2,708,-1103,3648,687,0x02CF,43,0,0,0,0x00,0,0
1276,3738,806,80,111,0x50D4,0x6FEE,708,-996,3650,687,0x02CF,43,0,0,0,0x00,0,0
1277,3741,803,80,108,0x5098,0x6C75,708,-889,3653,687,0x02CF,43,0,0,0,0x00,0,0
1278,3744,800,80,105,0x505C,0x6967,708,-782,3656,687,0x02CF,43,0,0,0,0x00,0,0
1279,3747,797,80,102,0x5020,0x66C4,708,-675,3659,687,0x02CF,43,0,0,0,0x00,0,0
1280,3749,795,80,100,0x50E4,0x648C,708,-568,3661,687,0x02CF,43,0,0,0,0x00,0,0
1281,3752,793,80,98,0x50A8,0x62BF,708,-461,3664,687,0x02CF,43,0,0,0,0x00,0,0
1282,3755,792,80,97,0x506C,0x615D,708,-354,3667,687,0x02CF,43,0,0,0,0x00,0,0
1283,3758,791,80,96,0x5030,0x6066,708,-247,3670,687,0x02CF,43,0,0,0,0x00,0,0
1284,3760,790,80,95,0x50F4,0x5FDA,708,-140,3672,687,0x02CF,43,0,0,0,0x00,0,0
1285,3763,790,80,95,0x50B8,0x5FB9,708,-33,3675,687,0x02CF,43,0,0,0,0x00,0,0
1286,3766,791,80,96,0x507C,0x6003,708,74,3678,687,0x02CF,43,0,0,0,0x00,0,0
1287,3769,791,80,96,0x5040,0x60B8,708,181,3681,687,0x02CF,43,0,0,0,0x00,0,0
1288,3772,792,80,97,0x5004,0x61D8,708,288,3684,687,0x02CF,43,0,0,0,0x00,0,0
1289,3774,794,80,99,0x50C8,0x6363,708,395,3686,687,0x02CF,43,0,0,0,0x00,0,0
1290,3777,796,80,101,0x508C,0x6559,708,502,3689,687,0x02CF,43,0,0,0,0x00,0,0
1291,3780,798,80,103,0x5050,0x67BA,708,609,3692,687,0x02CF,43,0,0,0,0x00,0,0
1292,3783,801,80,106,0x5014,0x6A86,708,716,3695,687,0x02CF,43,0,0,0,0x00,0,0
1293,3785,804,80,109,0x50D8,0x6DBD,708,823,3697,687,0x02CF,43,0,0,0,0x00,0,0
1294,3788,808,80,113,0x509C,0x715F,708,930,3700,687,0x02CF,43,0,0,0,0x00,0,0
1295,3791,809,80,114,0x5060,0x7200,708,0,3703,687,0x02CF,43,0,0,0,0x00,0,0
1296,3794,809,80,114,0x5024,0x7200,708,0,3706,687,0x02CF,43,0,0,0,0x00,0,0
1297,3796,809,80,114,0x50E8,0x7200,708,0,3708,687,0x02CF,43,0,0,0,0x00,0,0
1298,3799,809,80,114,0x50AC,0x7200,708,-1424,3711,687,0x02CF,43,0,0,0,0x00,0,0
1299,3802,803,80,108,0x5070,0x6CDB,708,-1317,3714,687,0x02CF,43,0,0,0,0x00,0,0
1300,3805,799,80,104,0x5034,0x6821,708,-1210,3717,687,0x02CF,43,0,0,0,0x00,0,0
1301,3807,794,80,99,0x50F8,0x63D2,708,-1103,3719,687,0x02CF,43,0,0,0,0x00,0,0
1302,3810,790,80,95,0x50BC,0x5FEE,708,-996,3722,687,0x02CF,43,0,0,0,0x00,0,0
1303,3813,787,80,92,0x5080,0x5C75,708,-889,3725,687,0x02CF,43,0,0,0,0x00,0,0
1304,3816,784,80,89,0x5044,0x5967,708,-782,3728,687,0x02CF,43,0,0,0,0x00,0,0
1305,3819,781,80,86,0x5008,0x56C4,708,-675,3731,687,0x02CF,43,0,0,0,0x00,0,0
1306,3821,779,80,84,0x50CC,0x548C,708,-568,3733,687,0x02CF,43,0,0,0,0x00,0,0
1307,3824,777,80,82,0x5090,0x52BF,708,-461,3736,687,0x02CF,43,0,0,0,0x00,0,0
1308,3827,776,80,81,0x5054,0x515D,708,-354,3739,687,0x02CF,43,0,0,0,0x00,0,0
1309,3830,775,80,80,0x5018,0x5066,708,-247,3742,687,0x02CF,43,0,0,0,0x00,0,0
1310,3832,774,80,79,0x50DC,0x4FDA,708,-140,3744,687,0x02CF,43,0,0,0,0x00,0,0
1311,3835,774,80,79,0x50A0,0x4FB9,708,-33,3747,687,0x02CF,43,0,0,0,0x00,0,0
1312,3838,775,80,80,0x5064,0x5003,708,74,3750,687,0x02CF,43,0,0,0,0x00,0,0
1313,3841,775,80,80,0x5028,0x50B8,708,181,3753,687,0x02CF,43,0,0,0,0x00,0,0
1314,3843,776,80,81,0x50EC,0x51D8,708,288,3755,687,0x02CF,43,0,0,0,0x00,0,0
1315,3846,778,80,83,0x50B0,0x5363,708,395,3758,687,0x02CF,43,0,0,0,0x00,0,0
1316,3849,780,80,85,0x5074,0x5559,708,502,3761,687,0x02CF,43,0,0,0,0x00,0,0
1317,3852,782,80,87,0x5038,0x57BA,708,609,3764,687,0x02CF,43,0,0,0,0x00,0,0
1318,3854,785,80,90,0x50FC,0x5A86,708,716,3766,687,0x02CF,43,0,0,0,0x00,0,0
1319,3857,788,80,93,0x50C0,0x5DBD,708,823,3769,687,0x02CF,43,0,0,0,0x00,0,0
1320,3860,792,80,97,0x5084,0x615F,708,930,3772,687,0x02CF,43,0,0,0,0x00,0,0
1321,3863,796,80,101,0x5048,0x656C,708,1037,3775,687,0x02CF,43,0,0,0,0x00,0,0
1322,3866,800,80,105,0x500C,0x69E4,708,1144,3778,687,0x02CF,43,0,0,0,0x00,0,0
1323,3868,805,80,110,0x50D0,0x6EC7,708,1251,3780,687,0x02CF,43,0,0,0,0x00,0,0
1324,3871,809,80,114,0x5094,0x7200,708,0,3783,687,0x02CF,43,0,0,0,0x00,0,0
1325,3874,809,80,114,0x5058,0x7200,708,0,3786,687,0x02CF,43,0,0,0,0x00,0,0
1326,3877,809,80,114,0x501C,0x7200,708,0,3789,687,0x02CF,43,0,0,0,0x00,0,0
1327,3879,809,80,114,0x50E0,0x7200,708,0,3791,687,0x02CF,43,0,0,0,0x00,0,0
1328,3882,809,80,114,0x50A4,0x7200,708,0,3794,687,0x02CF,43,0,0,0,0x00,0,0
1329,3885,809,80,114,0x5068,0x7200,708,0,3797,687,0x02CF,43,0,0,0,0x00,0,0
1330,3888,809,80,114,0x502C,0x7200,708,0,3800,687,0x02CF,43,0,0,0,0x00,0,0
1331,3890,809,80,114,0x50F0,0x7200,708,0,3802,687,0x02CF,43,0,0,0,0x00,0,0
1332,3893,809,80,114,0x50B4,0x7200,708,-1424,3805,687,0x02CF,43,0,0,0,0x00,0,0
1333,3896,803,80,108,0x5078,0x6CDB,708,-1317,3808,687,0x02CF,43,0,0,0,0x00,0,0
1334,3899,799,80,104,0x503C,0x6821,708,-1210,3811,687,0x02CF,43,0,0,0,0x00,0,0
1335,3902,794,80,99,0x5000,0x63D2,708,-1103,3814,687,0x02CF,43,0,0,0,0x00,0,0
1336,3904,790,80,95,0x50C4,0x5FEE,708,-996,3816,687,0x02CF,43,0,0,0,0x00,0,0
1337,3907,787,80,92,0x5088,0x5C75,708,-889,3819,687,0x02CF,43,0,0,0,0x00,0,0
1338,3910,784,80,89,0x504C,0x5967,708,-782,3822,687,0x02CF,43,0,0,0,0x00,0,0
1339,3913,781,80,86,0x5010,0x56C4,708,-675,3825,687,0x02CF,43,0,0,0,0x00,0,0
1340,3915,779,80,84,0x50D4,0x548C,708,-568,3827,687,0x02CF,43,0,0,0,0x00,0,0
1341,3918,777,80,82,0x5098,0x52BF,708,-461,3830,687,0x02CF,43,0,0,0,0x00,0,0
1342,3921,776,80,81,0x505C,0x515D,708,-354,3833,687,0x02CF,43,0,0,0,0x00,0,0
1343,3924,775,80,80,0x5020,0x5066,708,-247,3836,687,0x02CF,43,0,0,0,0x00,0,0
1344,3926,774,80,79,0x50E4,0x4FDA,708,-140,3838,687,0x02CF,43,0,0,0,0x00,0,0
1345,3929,774,80,79,0x50A8,0x4FB9,708,-33,3841,687,0x02CF,43,0,0,0,0x00,0,0
1346,3932,775,80,80,0x506C,0x5003,708,74,3844,687,0x02CF,43,0,0,0,0x00,0,0
1347,3935,775,80,80,0x5030,0x50B8,708,181,3847,687,0x02CF,43,0,0,0,0x00,0,0
1348,3937,776,80,81,0x50F4,0x51D8,708,288,3849,687,0x02CF,43,0,0,0,0x00,0,0
1349,3940,778,80,83,0x50B8,0x5363,708,395,3852,687,0x02CF,43,0,0,0,0x00,0,0
1350,3943,780,80,85,0x507C,0x5559,708,502,3855,687,0x02CF,43,0,0,0,0x00,0,0
1351,3946,782,80,87,0x5040,0x57BA,708,609,3858,687,0x02CF,43,0,0,0,0x00,0,0
1352,3949,785,80,90,0x5004,0x5A86,708,716,3861,687,0x02CF,43,0,0,0,0x00,0,0
1353,3951,788,80,93,0x50C8,0x5DBD,708,823,3863,687,0x02CF,43,0,0,0,0x00,0,0
1354,3954,792,80,97,0x508C,0x615F,708,930,3866,687,0x02CF,43,0,0,0,0x00,0,0
1355,3957,796,80,101,0x5050,0x656C,708,1037,3869,687,0x02CF,43,0,0,0,0x00,0,0
1356,3960,800,80,105,0x5014,0x69E4,708,1144,3872,687,0x02CF,43,0,0,0,0x00,0,0
1357,3962,805,80,110,0x50D8,0x6EC7,708,1251,3874,687,0x02CF,43,0,0,0,0x00,0,0
1358,3965,811,80,116,0x509C,0x7415,708,1358,3877,687,0x02CF,43,0,0,0,0x00,0,0
1359,3968,816,80,121,0x5060,0x79CE,708,1465,3880,687,0x02CF,43,0,0,0,0x00,0,0
1360,3971,822,80,127,0x5024,0x7FF2,708,1572,3883,687,0x02CF,43,0,0,0,0x02,0,1
1361,3973,825,80,130,0x50E8,0x8200,708,-1424,3885,687,0x02CF,43,0,0,0,0x00,0,0
1362,3976,819,80,124,0x50AC,0x7CDB,708,-1317,3888,687,0x02CF,43,0,0,0,0x00,0,0
1363,3979,815,80,120,0x5070,0x7821,708,-1210,3891,687,0x02CF,43,0,0,0,0x00,0,0
1364,3982,810,80,115,0x5034,0x73D2,708,-1103,3894,687,0x02CF,43,0,0,0,0x00,0,0
1365,3984,806,80,111,0x50F8,0x6FEE,708,-996,3896,687,0x02CF,43,0,0,0,0x00,0,0
1366,3987,803,80,108,0x50BC,0x6C75,708,-889,3899,687,0x02CF,43,0,0,0,0x00,0,0
1367,3990,800,80,105,0x5080,0x6967,708,-782,3902,687,0x02CF,43,0,0,0,0x00,0,0
1368,3993,797,80,102,0x5044,0x66C4,708,-675,3905,687,0x02CF,43,0,0,0,0x00,0,0
1369,3996,795,80,100,0x5008,0x648C,708,-568,3908,687,0x02CF,43,0,0,0,0x00,0,0
1370,3998,793,80,98,0x50CC,0x62BF,708,-461,3910,687,0x02CF,43,0,0,0,0x00,0,0
1371,4001,792,80,97,0x5090,0x615D,708,-354,3913,687,0x02CF,43,0,0,0,0x00,0,0
1372,4004,791,80,96,0x5054,0x6066,708,-247,3916,687,0x02CF,43,0,0,0,0x00,0,0
1373,4007,790,80,95,0x5018,0x5FDA,708,-140,3919,687,0x02CF,43,0,0,0,0x00,0,0
1374,4009,790,80,95,0x50DC,0x5FB9,708,-33,3921,687,0x02CF,43,0,0,0,0x00,0,0
1375,4012,791,80,96,0x50A0,0x6003,708,74,3924,687,0x02CF,43,0,0,0,0x00,0,0
1376,4015,791,80,96,0x5064,0x60B8,708,181,3927,687,0x02CF,43,0,0,0,0x00,0,0
1377,4018,792,80,97,0x5028,0x61D8,708,288,3930,687,0x02CF,43,0,0,0,0x00,0,0
1378,4020,793,80,98,0x50EC,0x6200,708,-1424,3932,687,0x02CF,43,0,0,0,0x00,0,0
1379,4023,787,80,92,0x50B0,0x5CDB,708,-1317,3935,687,0x02CF,43,0,0,0,0x00,0,0
1380,4026,783,80,88,0x5074,0x5821,708,-1210,3938,687,0x02CF,43,0,0,0,0x00,0,0
1381,4029,778,80,83,0x5038,0x53D2,708,-1103,3941,687,0x02CF,43,0,0,0,0x00,0,0
1382,4031,774,80,79,0x50FC,0x4FEE,708,-996,3943,687,0x02CF,43,0,0,0,0x00,0,0
1383,4034,771,80,76,0x50C0,0x4C75,708,-889,3946,687,0x02CF,43,0,0,0,0x00,0,0
1384,4037,768,80,73,0x5084,0x4967,708,-782,3949,687,0x02CF,43,0,0,0,0x00,0,0
1385,4040,765,80,70,0x5048,0x46C4,708,-675,3952,687,0x02CF,43,0,0,0,0x00,0,0
1386,4043,763,80,68,0x500C,0x448C,708,-568,3955,687,0x02CF,43,0,0,0,0x00,0,0
1387,4045,761,80,66,0x50D0,0x42BF,708,-461,3957,687,0x02CF,43,0,0,0,0x00,0,0
1388,4048,760,80,65,0x5094,0x415D,708,-354,3960,687,0x02CF,43,0,0,0,0x00,0,0
1389,4051,759,80,64,0x5058,0x4066,708,-247,3963,687,0x02CF,43,0,0,0,0x00,0,0
1390,4054,759,80,64,0x501C,0x4000,708,-140,3966,687,0x02CF,5,0,0,0,0x00,0,0
1391,4056,758,80,64,0x50E0,0x4000,708,-33,3968,686,0x02CE,228,0,0,0,0x00,0,0
1392,4059,758,80,64,0x50A4,0x404A,708,74,3971,686,0x02CE,228,0,0,0,0x00,0,0
1393,4062,758,80,64,0x5068,0x40FF,708,181,3974,686,0x02CE,228,0,0,0,0x00,0,0
1394,4065,760,80,66,0x502C,0x421F,708,288,3977,686,0x02CE,228,0,0,0,0x00,0,0
1395,4067,761,80,67,0x50F0,0x43AA,708,395,3979,686,0x02CE,228,0,0,0,0x00,0,0
1396,4070,763,80,69,0x50B4,0x45A0,708,502,3982,686,0x02CE,228,0,0,0,0x00,0,0
1397,4073,766,80,72,0x5078,0x4801,708,609,3985,686,0x02CE,228,0,0,0,0x00,0,0
1398,4076,768,80,74,0x503C,0x4ACD,708,716,3988,686,0x02CE,228,0,0,0,0x00,0,0
1399,4079,772,80,78,0x5000,0x4E04,708,823,3991,686,0x02CE,228,0,0,0,0x00,0,0
1400,4081,775,80,81,0x50C4,0x51A6,708,930,3993,686,0x02CE,228,0,0,0,0x00,0,0
1401,4084,779,80,85,0x5088,0x55B3,708,1037,3996,686,0x02CE,228,0,0,0,0x00,0,0
1402,4087,784,80,90,0x504C,0x5A2B,708,1144,3999,686,0x02CE,228,0,0,0,0x00,0,0
1403,4090,789,80,95,0x5010,0x5F0E,708,1251,4002,686,0x02CE,228,0,0,0,0x00,0,0
1404,4092,794,80,100,0x50D4,0x645C,708,1358,4004,686,0x02CE,228,0,0,0,0x00,0,0
1405,4095,800,80,106,0x5098,0x6A15,708,1465,4007,686,0x02CE,228,0,0,0,0x00,0,0
1406,4098,806,80,112,0x505C,0x7039,708,1572,4010,686,0x02CE,228,0,0,0,0x00,0,0
1407,4101,812,80,118,0x5020,0x76C8,708,1679,4013,686,0x02CE,228,0,0,0,0x00,0,0
1408,4103,819,80,125,0x50E4,0x7DC2,708,1786,4015,686,0x02CE,228,0,0,0,0x00,0,0
1409,4106,827,80,133,0x50A8,0x8527,708,1893,4018,686,0x02CE,228,0,0,0,0x00,0,0
1410,4109,834,80,140,0x506C,0x8C21,708,1786,4021,686,0x02CE,228,0,0,0,0x00,0,0
1411,4112,841,80,147,0x5030,0x9386,708,1893,4024,686,0x02CE,228,0,0,0,0x00,0,0
1412,4114,848,80,154,0x50F4,0x9A80,708,1786,4026,686,0x02CE,228,0,0,0,0x00,0,0
1413,4117,856,80,160,0x50B8,0xA000,708,1893,4029,688,0x02D0,201,0,0,0,0x00,0,0
1414,4120,857,80,160,0x507C,0xA000,708,0,4032,689,0x02D1,201,0,0,0,0x00,0,0
1415,4123,857,80,160,0x5040,0xA000,708,0,4035,689,0x02D1,201,0,0,0,0x00,0,0
1416,4126,857,80,160,0x5004,0xA000,708,0,4038,689,0x02D1,201,0,0,0,0x00,0,0
1417,4128,857,80,160,0x50C8,0xA000,708,0,4040,689,0x02D1,201,0,0,0,0x00,0,0
1418,4131,857,80,160,0x508C,0xA000,708,-1424,4043,689,0x02D1,201,0,0,0,0x00,0,0
1419,4134,851,80,154,0x5050,0x9ADB,708,-1317,4046,689,0x02D1,201,0,0,0,0x00,0,0
1420,4137,847,80,150,0x5014,0x9621,708,-1210,4049,689,0x02D1,201,0,0,0,0x00,0,0
1421,4139,842,80,145,0x50D8,0x91D2,708,-1103,4051,689,0x02D1,201,0,0,0,0x00,0,0
1422,4142,838,80,141,0x509C,0x8DEE,708,-996,4054,689,0x02D1,201,0,0,0,0x00,0,0
1423,4145,835,80,138,0x5060,0x8A75,708,-889,4057,689,0x02D1,201,0,0,0,0x00,0,0
1424,4148,832,80,135,0x5024,0x8767,708,-782,4060,689,0x02D1,201,0,0,0,0x00,0,0
1425,4150,829,80,132,0x50E8,0x84C4,708,-675,4062,689,0x02D1,201,0,0,0,0x00,0,0
1426,4153,827,80,130,0x50AC,0x828C,708,-568,4065,689,0x02D1,201,0,0,0,0x00,0,0
1427,4156,825,80,128,0x5070,0x80BF,708,-461,4068,689,0x02D1,201,0,0,0,0x00,0,0
1428,4159,824,80,127,0x5034,0x7F5D,708,-354,4071,689,0x02D1,201,0,0,0,0x00,0,0
1429,4161,823,80,126,0x50F8,0x7E66,708,-247,4073,689,0x02D1,201,0,0,0,0x00,0,0
1430,4164,822,80,125,0x50BC,0x7DDA,708,-140,4076,689,0x02D1,201,0,0,0,0x00,0,0
1431,4167,822,80,125,0x5080,0x7DB9,708,-33,4079,689,0x02D1,201,0,0,0,0x00,0,0
1432,4170,823,80,126,0x5044,0x7E03,708,74,4082,689,0x02D1,201,0,0,0,0x00,0,0
1433,4173,823,80,126,0x5008,0x7EB8,708,181,4085,689,0x02D1,201,0,0,0,0x00,0,0
1434,4175,824,80,127,0x50CC,0x7FD8,708,288,4087,689,0x02D1,201,0,0,0,0x00,0,0
1435,4178,826,80,129,0x5090,0x8163,708,395,4090,689,0x02D1,201,0,0,0,0x00,0,0
1436,4181,828,80,131,0x5054,0x8359,708,502,4093,689,0x02D1,201,0,0,0,0x00,0,0
1437,4184,830,80,133,0x5018,0x85BA,708,609,4096,689,0x02D1,201,0,0,0,0x00,0,0
1438,4186,833,80,136,0x50DC,0x8886,708,716,4098,689,0x02D1,201,0,0,0,0x00,0,0
1439,4189,836,80,139,0x50A0,0x8BBD,708,823,4101,689,0x02D1,201,0,0,0,0x00,0,0
1440,4192,840,80,143,0x5064,0x8F5F,708,930,4104,689,0x02D1,201,0,0,0,0x00,0,0
1441,4195,844,80,147,0x5028,0x936C,708,1037,4107,689,0x02D1,201,0,0,0,0x00,0,0
1442,4197,848,80,151,0x50EC,0x97E4,708,1144,4109,689,0x02D1,201,0,0,0,0x00,0,0
1443,4200,853,80,156,0x50B0,0x9CC7,708,1251,4112,689,0x02D1,201,0,0,0,0x00,0,0
1444,4203,859,80,160,0x5074,0xA000,708,1358,4115,691,0x02D3,222,0,0,0,0x00,0,0
1445,4206,865,80,160,0x5038,0xA000,708,1465,4118,697,0x02D9,151,0,0,0,0x00,0,0
1446,4208,871,80,160,0x50FC,0xA000,708,1572,4120,703,0x02DF,187,0,0,0,0x00,0,0
1447,4211,878,80,160,0x50C0,0xA000,708,1679,4123,710,0x02E6,74,0,0,0,0x00,0,0
1448,4214,885,80,160,0x5084,0xA000,708,1786,4126,717,0x02ED,68,0,0,0,0x02,0,1
1449,4217,889,80,162,0x5048,0xA244,708,-1424,4129,719,0x02EF,0,0,0,0,0x00,0,0
1450,4220,884,80,157,0x500C,0x9D1F,708,-1317,4132,719,0x02EF,0,0,0,0,0x00,0,0
1451,4222,879,80,152,0x50D0,0x9865,708,-1210,4134,719,0x02EF,0,0,0,0,0x00,0,0
1452,4225,875,80,148,0x5094,0x9416,708,-1103,4137,719,0x02EF,0,0,0,0,0x00,0,0
1453,4228,871,80,144,0x5058,0x9032,708,-996,4140,719,0x02EF,0,0,0,0,0x00,0,0
1454,4231,867,80,140,0x501C,0x8CB9,708,-889,4143,719,0x02EF,0,0,0,0,0x00,0,0
1455,4233,864,80,137,0x50E0,0x89AB,708,-782,4145,719,0x02EF,0,0,0,0,0x00,0,0
1456,4236,862,80,135,0x50A4,0x8708,708,-675,4148,719,0x02EF,0,0,0,0,0x00,0,0
1457,4239,859,80,132,0x5068,0x84D0,708,-568,4151,719,0x02EF,0,0,0,0,0x00,0,0
1458,4242,858,80,131,0x502C,0x8303,708,-461,4154,719,0x02EF,0,0,0,0,0x00,0,0
1459,4244,856,80,129,0x50F0,0x81A1,708,-354,4156,719,0x02EF,0,0,0,0,0x00,0,0
1460,4247,855,80,128,0x50B4,0x80AA,708,-247,4159,719,0x02EF,0,0,0,0,0x00,0,0
1461,4250,855,80,128,0x5078,0x801E,708,-140,4162,719,0x02EF,0,0,0,0,0x00,0,0
1462,4253,854,80,127,0x503C,0x7FFD,708,-33,4165,719,0x02EF,0,0,0,0,0x00,0,0
1463,4256,855,80,128,0x5000,0x8047,708,74,4168,719,0x02EF,0,0,0,0,0x00,0,0
1464,4258,855,80,128,0x50C4,0x80FC,708,181,4170,719,0x02EF,0,0,0,0,0x00,0,0
1465,4261,857,80,130,0x5088,0x821C,708,288,4173,719,0x02EF,0,0,0,0,0x00,0,0
1466,4264,858,80,131,0x504C,0x83A7,708,395,4176,719,0x02EF,0,0,0,0,0x00,0,0
1467,4267,860,80,133,0x5010,0x859D,708,502,4179,719,0x02EF,0,0,0,0,0x00,0,0
1468,4269,862,80,135,0x50D4,0x87FE,708,609,4181,719,0x02EF,0,0,0,0,0x00,0,0
1469,4272,865,80,138,0x5098,0x8ACA,708,716,4184,719,0x02EF,0,0,0,0,0x00,0,0
1470,4275,869,80,142,0x505C,0x8E01,708,823,4187,719,0x02EF,0,0,0,0,0x00,0,0
1471,4278,872,80,145,0x5020,0x91A3,708,930,4190,719,0x02EF,0,0,0,0,0x00,0,0
1472,4280,876,80,149,0x50E4,0x95B0,708,1037,4192,719,0x02EF,0,0,0,0,0x00,0,0
1473,4283,881,80,154,0x50A8,0x9A28,708,1144,4195,719,0x02EF,0,0,0,0,0x00,0,0
1474,4286,886,80,159,0x506C,0x9F0B,708,1251,4198,719,0x02EF,0,0,0,0,0x00,0,0
1475,4289,891,80,164,0x5030,0xA459,708,1358,4201,719,0x02EF,0,0,0,0,0x00,0,0
1476,4291,897,80,170,0x50F4,0xAA12,708,1465,4203,719,0x02EF,0,0,0,0,0x00,0,0
1477,4294,903,80,176,0x50B8,0xB036,708,1572,4206,719,0x02EF,0,0,0,0,0x00,0,0
1478,4297,905,80,178,0x507C,0xB200,708,0,4209,719,0x02EF,0,0,0,0,0x00,0,0
1479,4300,905,80,178,0x5040,0xB200,708,0,4212,719,0x02EF,0,0,0,0,0x00,0,0
1480,4303,905,80,178,0x5004,0xB200,708,0,4215,719,0x02EF,0,0,0,0,0x00,0,0
1481,4305,905,80,178,0x50C8,0xB200,708,0,4217,719,0x02EF,0,0,0,0,0x00,0,0
1482,4308,905,80,178,0x508C,0xB200,708,0,4220,719,0x02EF,0,0,0,0,0x00,0,0
1483,4311,905,80,178,0x5050,0xB200,708,0,4223,719,0x02EF,0,0,0,0,0x00,0,0
1484,4314,905,80,178,0x5014,0xB200,708,0,4226,719,0x02EF,0,0,0,0,0x00,0,0
1485,4316,905,80,178,0x50D8,0xB200,708,0,4228,719,0x02EF,0,0,0,0,0x00,0,0
1486,4319,905,80,178,0x509C,0xB200,708,0,4231,719,0x02EF,0,0,0,0,0x00,0,0
1487,4322,905,80,178,0x5060,0xB200,708,0,4234,719,0x02EF,0,0,0,0,0x00,0,0
1488,4325,905,80,178,0x5024,0xB200,708,0,4237,719,0x02EF,0,0,0,0,0x00,0,0
1489,4327,905,80,178,0x50E8,0xB200,708,0,4239,719,0x02EF,0,0,0,0,0x00,0,0
1490,4330,905,80,178,0x50AC,0xB200,708,-1424,4242,719,0x02EF,0,0,0,0,0x00,0,0
1491,4333,899,80,172,0x5070,0xACDB,708,-1317,4245,719,0x02EF,0,0,0,0,0x00,0,0
1492,4336,895,80,168,0x5034,0xA821,708,-1210,4248,719,0x02EF,0,0,0,0,0x00,0,0
1493,4338,890,80,163,0x50F8,0xA3D2,708,-1103,4250,719,0x02EF,0,0,0,0,0x00,0,0
1494,4341,886,80,159,0x50BC,0x9FEE,708,-996,4253,719,0x02EF,0,0,0,0,0x00,0,0
1495,4344,883,80,156,0x5080,0x9C75,708,-889,4256,719,0x02EF,0,0,0,0,0x00,0,0
1496,4347,880,80,153,0x5044,0x9967,708,-782,4259,719,0x02EF,0,0,0,0,0x00,0,0
1497,4350,877,80,150,0x5008,0x96C4,708,-675,4262,719,0x02EF,0,0,0,0,0x00,0,0
1498,4352,875,80,148,0x50CC,0x948C,708,-568,4264,719,0x02EF,0,0,0,0,0x00,0,0
1499,4355,873,80,146,0x5090,0x92BF,708,-461,4267,719,0x02EF,0,0,0,0,0x00,0,0
1500,4358,872,80,145,0x5054,0x915D,708,-354,4270,719,0x02EF,0,0,0,0,0x00,0,0
1501,4361,871,80,144,0x5018,0x9066,708,-247,4273,719,0x02EF,0,0,0,0,0x00,0,0
1502,4363,870,80,143,0x50DC,0x8FDA,708,-140,4275,719,0x02EF,0,0,0,0,0x00,0,0
1503,4366,870,80,143,0x50A0,0x8FB9,708,-33,4278,719,0x02EF,0,0,0,0,0x00,0,0
1504,4369,871,80,144,0x5064,0x9003,708,74,4281,719,0x02EF,0,0,0,0,0x00,0,0
1505,4372,871,80,144,0x5028,0x90B8,708,181,4284,719,0x02EF,0,0,0,0,0x00,0,0
1506,4374,872,80,145,0x50EC,0x91D8,708,288,4286,719,0x02EF,0,0,0,0,0x00,0,0
1507,4377,874,80,147,0x50B0,0x9363,708,395,4289,719,0x02EF,0,0,0,0,0x00,0,0
1508,4380,876,80,149,0x5074,0x9559,708,502,4292,719,0x02EF,0,0,0,0,0x00,0,0
1509,4383,878,80,151,0x5038,0x97BA,708,609,4295,719,0x02EF,0,0,0,0,0x00,0,0
1510,4385,881,80,154,0x50FC,0x9A86,708,716,4297,719,0x02EF,0,0,0,0,0x00,0,0
1511,4388,884,80,157,0x50C0,0x9DBD,708,823,4300,719,0x02EF,0,0,0,0,0x00,0,0
1512,4391,888,80,161,0x5084,0xA15F,708,930,4303,719,0x02EF,0,0,0,0,0x00,0,0
1513,4394,892,80,165,0x5048,0xA56C,708,1037,4306,719,0x02EF,0,0,0,0,0x00,0,0
1514,4397,896,80,169,0x500C,0xA9E4,708,1144,4309,719,0x02EF,0,0,0,0,0x00,0,0
1515,4399,901,80,174,0x50D0,0xAEC7,708,1251,4311,719,0x02EF,0,0,0,0,0x00,0,0
1516,4402,905,80,178,0x5094,0xB200,708,0,4314,719,0x02EF,0,0,0,0,0x00,0,0
1517,4405,905,80,178,0x5058,0xB200,708,0,4317,719,0x02EF,0,0,0,0,0x00,0,0
1518,4408,905,80,178,0x501C,0xB200,708,0,4320,719,0x02EF,0,0,0,0,0x00,0,0
1519,4410,905,80,178,0x50E0,0xB200,708,0,4322,719,0x02EF,0,0,0,0,0x00,0,0
1520,4413,905,80,178,0x50A4,0xB200,708,0,4325,719,0x02EF,0,0,0,0,0x00,0,0
1521,4416,905,80,178,0x5068,0xB200,708,0,4328,719,0x02EF,0,0,0,0,0x00,0,0
1522,4419,905,80,178,0x502C,0xB200,708,0,4331,719,0x02EF,0,0,0,0,0x00,0,0
1523,4421,905,80,178,0x50F0,0xB200,708,0,4333,719,0x02EF,0,0,0,0,0x00,0,0
1524,4424,905,80,178,0x50B4,0xB200,708,0,4336,719,0x02EF,0,0,0,0,0x00,0,0
1525,4427,905,80,178,0x5078,0xB200,708,0,4339,719,0x02EF,0,0,0,0,0x00,0,0
1526,4430,905,80,178,0x503C,0xB200,708,0,4342,719,0x02EF,0,0,0,0,0x00,0,0
1527,4433,905,80,178,0x5000,0xB200,708,0,4345,719,0x02EF,0,0,0,0,0x00,0,0
1528,4435,905,80,178,0x50C4,0xB200,708,0,4347,719,0x02EF,0,0,0,0,0x00,0,0
1529,4438,905,80,178,0x5088,0xB200,708,0,4350,719,0x02EF,0,0,0,0,0x00,0,0
1530,4441,905,80,178,0x504C,0xB200,708,0,4353,719,0x02EF,0,0,0,0,0x00,0,0
1531,4444,905,80,178,0x5010,0xB200,708,0,4356,719,0x02EF,0,0,0,0,0x00,0,0
1532,4446,905,80,178,0x50D4,0xB200,708,0,4358,719,0x02EF,0,0,0,0,0x00,0,0
1533,4449,905,80,178,0x5098,0xB200,708,0,4361,719,0x02EF,0,0,0,0,0x00,0,0
1534,4452,905,80,178,0x505C,0xB200,708,0,4364,719,0x02EF,0,0,0,0,0x00,0,0
1535,4455,905,80,178,0x5020,0xB200,708,0,4367,719,0x02EF,0,0,0,0,0x00,0,0
1536,4457,905,80,178,0x50E4,0xB200,708,-1424,4369,719,0x02EF,0,0,0,0,0x00,0,0
1537,4460,899,80,172,0x50A8,0xACDB,708,-1317,4372,719,0x02EF,0,0,0,0,0x00,0,0
1538,4463,895,80,168,0x506C,0xA821,708,-1210,4375,719,0x02EF,0,0,0,0,0x00,0,0
1539,4466,890,80,163,0x5030,0xA3D2,708,-1103,4378,719,0x02EF,0,0,0,0,0x00,0,0
1540,4468,886,80,159,0x50F4,0x9FEE,708,-996,4380,719,0x02EF,0,0,0,0,0x00,0,0
1541,4471,883,80,156,0x50B8,0x9C75,708,-889,4383,719,0x02EF,0,0,0,0,0x00,0,0
1542,4474,880,80,153,0x507C,0x9967,708,-782,4386,719,0x02EF,0,0,0,0,0x00,0,0
1543,4477,877,80,150,0x5040,0x96C4,708,-675,4389,719,0x02EF,0,0,0,0,0x00,0,0
1544,4480,875,80,148,0x5004,0x948C,708,-568,4392,719,0x02EF,0,0,0,0,0x00,0,0
1545,4482,873,80,146,0x50C8,0x92BF,708,-461,4394,719,0x02EF,0,0,0,0,0x00,0,0
1546,4485,872,80,145,0x508C,0x915D,708,-354,4397,719,0x02EF,0,0,0,0,0x00,0,0
1547,4488,871,80,144,0x5050,0x9066,708,-247,4400,719,0x02EF,0,0,0,0,0x00,0,0
1548,4491,870,80,143,0x5014,0x8FDA,708,-140,4403,719,0x02EF,0,0,0,0,0x00,0,0
1549,4493,870,80,143,0x50D8,0x8FB9,708,-33,4405,719,0x02EF,0,0,0,0,0x00,0,0
1550,4496,871,80,144,0x509C,0x9003,708,74,4408,719,0x02EF,0,0,0,0,0x00,0,0
1551,4499,871,80,144,0x5060,0x90B8,708,181,4411,719,0x02EF,0,0,0,0,0x00,0,0
1552,4502,872,80,145,0x5024,0x91D8,708,288,4414,719,0x02EF,0,0,0,0,0x00,0,0
1553,4504,874,80,147,0x50E8,0x9363,708,395,4416,719,0x02EF,0,0,0,0,0x00,0,0
1554,4507,876,80,149,0x50AC,0x9559,708,502,4419,719,0x02EF,0,0,0,0,0x00,0,0
1555,4510,878,80,151,0x5070,0x97BA,708,609,4422,719,0x02EF,0,0,0,0,0x00,0,0
1556,4513,881,80,154,0x5034,0x9A86,708,716,4425,719,0x02EF,0,0,0,0,0x00,0,0
1557,4515,884,80,157,0x50F8,0x9DBD,708,823,4427,719,0x02EF,0,0,0,0,0x00,0,0
1558,4518,888,80,161,0x50BC,0xA15F,708,930,4430,719,0x02EF,0,0,0,0,0x00,0,0
1559,4521,892,80,165,0x5080,0xA56C,708,1037,4433,719,0x02EF,0,0,0,0,0x00,0,0
1560,4524,896,80,169,0x5044,0xA9E4,708,1144,4436,719,0x02EF,0,0,0,0,0x00,0,0
1561,4527,901,80,174,0x5008,0xAEC7,708,1251,4439,719,0x02EF,0,0,0,0,0x00,0,0
1562,4529,905,80,178,0x50CC,0xB200,708,0,4441,719,0x02EF,0,0,0,0,0x00,0,0
1563,4532,905,80,178,0x5090,0xB200,708,0,4444,719,0x02EF,0,0,0,0,0x00,0,0
1564,4535,905,80,178,0x5054,0xB200,708,0,4447,719,0x02EF,0,0,0,0,0x00,0,0
1565,4538,905,80,178,0x5018,0xB200,708,0,4450,719,0x02EF,0,0,0,0,0x00,0,0
1566,4540,905,80,178,0x50DC,0xB200,708,0,4452,719,0x02EF,0,0,0,0,0x00,0,0
1567,4543,905,80,178,0x50A0,0xB200,708,0,4455,719,0x02EF,0,0,0,0,0x00,0,0
1568,4546,905,80,178,0x5064,0xB200,708,0,4458,719,0x02EF,0,0,0,0,0x00,0,0
1569,4549,905,80,178,0x5028,0xB200,708,0,4461,719,0x02EF,0,0,0,0,0x00,0,0
1570,4551,905,80,178,0x50EC,0xB200,708,0,4463,719,0x02EF,0,0,0,0,0x00,0,0
1571,4554,905,80,178,0x50B0,0xB200,708,0,4466,719,0x02EF,0,0,0,0,0x00,0,0
1572,4557,905,80,178,0x5074,0xB200,708,0,4469,719,0x02EF,0,0,0,0,0x00,0,0
1573,4560,905,80,178,0x5038,0xB200,708,0,4472,719,0x02EF,0,0,0,0,0x00,0,0
1574,4562,905,80,178,0x50FC,0xB200,708,0,4474,719,0x02EF,0,0,0,0,0x00,0,0
1575,4565,905,80,178,0x50C0,0xB200,708,0,4477,719,0x02EF,0,0,0,0,0x00,0,0
1576,4568,905,80,178,0x5084,0xB200,708,0,4480,719,0x02EF,0,0,0,0,0x00,0,0
1577,4571,905,80,178,0x5048,0xB200,708,0,4483,719,0x02EF,0,0,0,0,0x00,0,0
1578,4574,905,80,178,0x500C,0xB200,708,0,4486,719,0x02EF,0,0,0,0,0x00,0,0
1579,4576,905,80,178,0x50D0,0xB200,708,0,4488,719,0x02EF,0,0,0,0,0x00,0,0
1580,4579,905,80,178,0x5094,0xB200,708,0,4491,719,0x02EF,0,0,0,0,0x00,0,0
1581,4582,905,80,178,0x5058,0xB200,708,0,4494,719,0x02EF,0,0,0,0,0x00,0,0
1582,4585,905,80,178,0x501C,0xB200,708,0,4497,719,0x02EF,0,0,0,0,0x00,0,0
1583,4587,905,80,178,0x50E0,0xB200,708,0,4499,719,0x02EF,0,0,0,0,0x00,0,0
1584,4590,905,80,178,0x50A4,0xB200,708,0,4502,719,0x02EF,0,0,0,0,0x00,0,0
1585,4593,905,80,178,0x5068,0xB200,708,0,4505,719,0x02EF,0,0,0,0,0x00,0,0
1586,4596,905,80,178,0x502C,0xB200,708,0,4508,719,0x02EF,0,0,0,0,0x00,0,0
1587,4598,905,80,178,0x50F0,0xB200,708,-1424,4510,719,0x02EF,0,0,0,0,0x00,0,0
1588,4601,899,80,172,0x50B4,0xACDB,708,-1317,4513,719,0x02EF,0,0,0,0,0x00,0,0
1589,4604,895,80,168,0x5078,0xA821,708,-1210,4516,719,0x02EF,0,0,0,0,0x00,0,0
1590,4607,890,80,163,0x503C,0xA3D2,708,-1103,4519,719,0x02EF,0,0,0,0,0x00,0,0
1591,4610,886,80,159,0x5000,0x9FEE,708,-996,4522,719,0x02EF,0,0,0,0,0x00,0,0
1592,4612,883,80,156,0x50C4,0x9C75,708,-889,4524,719,0x02EF,0,0,0,0,0x00,0,0
1593,4615,880,80,153,0x5088,0x9967,708,-782,4527,719,0x02EF,0,0,0,0,0x00,0,0
1594,4618,877,80,150,0x504C,0x96C4,708,-675,4530,719,0x02EF,0,0,0,0,0x00,0,0
1595,4621,875,80,148,0x5010,0x948C,708,-568,4533,719,0x02EF,0,0,0,0,0x00,0,0
1596,4623,873,80,146,0x50D4,0x92BF,708,-461,4535,719,0x02EF,0,0,0,0,0x00,0,0
1597,4626,872,80,145,0x5098,0x915D,708,-354,4538,719,0x02EF,0,0,0,0,0x00,0,0
1598,4629,871,80,144,0x505C,0x9066,708,-247,4541,719,0x02EF,0,0,0,0,0x00,0,0
1599,4632,870,80,143,0x5020,0x8FDA,708,-140,4544,719,0x02EF,0,0,0,0,0x00,0,0
1600,4634,870,80,143,0x50E4,0x8FB9,708,-33,4546,719,0x02EF,0,0,0,0,0x00,0,0
1601,4637,871,80,144,0x50A8,0x9003,708,74,4549,719,0x02EF,0,0,0,0,0x00,0,0
1602,4640,871,80,144,0x506C,0x90B8,708,181,4552,719,0x02EF,0,0,0,0,0x00,0,0
1603,4643,872,80,145,0x5030,0x91D8,708,288,4555,719,0x02EF,0,0,0,0,0x00,0,0
1604,4645,874,80,147,0x50F4,0x9363,708,395,4557,719,0x02EF,0,0,0,0,0x00,0,0
1605,4648,876,80,149,0x50B8,0x9559,708,502,4560,719,0x02EF,0,0,0,0,0x00,0,0
1606,4651,878,80,151,0x507C,0x97BA,708,609,4563,719,0x02EF,0,0,0,0,0x00,0,0
1607,4654,881,80,154,0x5040,0x9A86,708,716,4566,719,0x02EF,0,0,0,0,0x00,0,0
1608,4657,884,80,157,0x5004,0x9DBD,708,823,4569,719,0x02EF,0,0,0,0,0x00,0,0
1609,4659,888,80,161,0x50C8,0xA15F,708,930,4571,719,0x02EF,0,0,0,0,0x00,0,0
1610,4662,892,80,165,0x508C,0xA56C,708,1037,4574,719,0x02EF,0,0,0,0,0x00,0,0
1611,4665,896,80,169,0x5050,0xA9E4,708,1144,4577,719,0x02EF,0,0,0,0,0x00,0,0
1612,4668,901,80,174,0x5014,0xAEC7,708,1251,4580,719,0x02EF,0,0,0,0,0x00,0,0
1613,4670,905,80,178,0x50D8,0xB200,708,0,4582,719,0x02EF,0,0,0,0,0x00,0,0
1614,4673,905,80,178,0x509C,0xB200,708,0,4585,719,0x02EF,0,0,0,0,0x00,0,0
1615,4676,905,80,178,0x5060,0xB200,708,0,4588,719,0x02EF,0,0,0,0,0x00,0,0
1616,4679,905,80,178,0x5024,0xB200,708,0,4591,719,0x02EF,0,0,0,0,0x00,0,0
1617,4681,905,80,178,0x50E8,0xB200,708,0,4593,719,0x02EF,0,0,0,0,0x00,0,0
1618,4684,905,80,178,0x50AC,0xB200,708,0,4596,719,0x02EF,0,0,0,0,0x00,0,0
1619,4687,905,80,178,0x5070,0xB200,708,0,4599,719,0x02EF,0,0,0,0,0x00,0,0
1620,4690,905,80,178,0x5034,0xB200,708,0,4602,719,0x02EF,0,0,0,0,0x00,0,0
1621,4692,905,80,178,0x50F8,0xB200,708,0,4604,719,0x02EF,0,0,0,0,0x00,0,0
1622,4695,905,80,178,0x50BC,0xB200,708,0,4607,719,0x02EF,0,0,0,0,0x00,0,0
1623,4698,905,80,178,0x5080,0xB200,708,0,4610,719,0x02EF,0,0,0,0,0x00,0,0
1624,4701,905,80,178,0x5044,0xB200,708,0,4613,719,0x02EF,0,0,0,0,0x00,0,0
1625,4704,905,80,178,0x5008,0xB200,708,0,4616,719,0x02EF,0,0,0,0,0x00,0,0
1626,4706,905,80,178,0x50CC,0xB200,708,0,4618,719,0x02EF,0,0,0,0,0x00,0,0
1627,4709,905,80,178,0x5090,0xB200,708,0,4621,719,0x02EF,0,0,0,0,0x00,0,0
1628,4712,905,80,178,0x5054,0xB200,708,0,4624,719,0x02EF,0,0,0,0,0x00,0,0
1629,4715,905,80,178,0x5018,0xB200,708,0,4627,719,0x02EF,0,0,0,0,0x00,0,0
1630,4717,905,80,178,0x50DC,0xB200,708,0,4629,719,0x02EF,0,0,0,0,0x00,0,0
1631,4720,905,80,178,0x50A0,0xB200,708,-1424,4632,719,0x02EF,0,0,0,0,0x00,0,0
1632,4723,899,80,172,0x5064,0xACDB,708,-1317,4635,719,0x02EF,0,0,0,0,0x00,0,0
1633,4726,895,80,168,0x5028,0xA821,708,-1210,4638,719,0x02EF,0,0,0,0,0x00,0,0
1634,4728,890,80,163,0x50EC,0xA3D2,708,-1103,4640,719,0x02EF,0,0,0,0,0x00,0,0
1635,4731,886,80,159,0x50B0,0x9FEE,708,-996,4643,719,0x02EF,0,0,0,0,0x00,0,0
1636,4734,883,80,156,0x5074,0x9C75,708,-889,4646,719,0x02EF,0,0,0,0,0x00,0,0
1637,4737,880,80,153,0x5038,0x9967,708,-782,4649,719,0x02EF,0,0,0,0,0x00,0,0
1638,4739,877,80,150,0x50FC,0x96C4,708,-675,4651,719,0x02EF,0,0,0,0,0x00,0,0
1639,4742,875,80,148,0x50C0,0x948C,708,-568,4654,719,0x02EF,0,0,0,0,0x00,0,0
1640,4745,873,80,146,0x5084,0x92BF,708,-461,4657,719,0x02EF,0,0,0,0,0x00,0,0
1641,4748,872,80,145,0x5048,0x915D,708,-354,4660,719,0x02EF,0,0,0,0,0x00,0,0
1642,4751,871,80,144,0x500C,0x9066,708,-247,4663,719,0x02EF,0,0,0,0,0x00,0,0
1643,4753,870,80,143,0x50D0,0x8FDA,708,-140,4665,719,0x02EF,0,0,0,0,0x00,0,0
1644,4756,870,80,143,0x5094,0x8FB9,708,-33,4668,719,0x02EF,0,0,0,0,0x00,0,0
1645,4759,871,80,144,0x5058,0x9003,708,74,4671,719,0x02EF,0,0,0,0,0x00,0,0
1646,4762,871,80,144,0x501C,0x90B8,708,181,4674,719,0x02EF,0,0,0,0,0x00,0,0
1647,4764,872,80,145,0x50E0,0x91D8,708,288,4676,719,0x02EF,0,0,0,0,0x00,0,0
1648,4767,874,80,147,0x50A4,0x9363,708,395,4679,719,0x02EF,0,0,0,0,0x00,0,0
1649,4770,876,80,149,0x5068,0x9559,708,502,4682,719,0x02EF,0,0,0,0,0x00,0,0
1650,4773,878,80,151,0x502C,0x97BA,708,609,4685,719,0x02EF,0,0,0,0,0x00,0,0
1651,4775,881,80,154,0x50F0,0x9A86,708,716,4687,719,0x02EF,0,0,0,0,0x00,0,0
1652,4778,884,80,157,0x50B4,0x9DBD,708,823,4690,719,0x02EF,0,0,0,0,0x00,0,0
1653,4781,888,80,161,0x5078,0xA15F,708,930,4693,719,0x02EF,0,0,0,0,0x00,0,0
1654,4784,889,80,162,0x503C,0xA200,708,0,4696,719,0x02EF,0,0,0,0,0x00,0,0
1655,4787,889,80,162,0x5000,0xA200,708,0,4699,719,0x02EF,0,0,0,0,0x00,0,0
1656,4789,889,80,162,0x50C4,0xA200,708,0,4701,719,0x02EF,0,0,0,0,0x00,0,0
1657,4792,889,80,162,0x5088,0xA200,708,0,4704,719,0x02EF,0,0,0,0,0x00,0,0
1658,4795,889,80,162,0x504C,0xA200,708,-1424,4707,719,0x02EF,0,0,0,0,0x00,0,0
1659,4798,883,80,156,0x5010,0x9CDB,708,-1317,4710,719,0x02EF,0,0,0,0,0x00,0,0
1660,4800,879,80,152,0x50D4,0x9821,708,-1210,4712,719,0x02EF,0,0,0,0,0x00,0,0
1661,4803,874,80,147,0x5098,0x93D2,708,-1103,4715,719,0x02EF,0,0,0,0,0x00,0,0
1662,4806,870,80,143,0x505C,0x8FEE,708,-996,4718,719,0x02EF,0,0,0,0,0x00,0,0
1663,4809,867,80,140,0x5020,0x8C75,708,-889,4721,719,0x02EF,0,0,0,0,0x00,0,0
1664,4811,864,80,137,0x50E4,0x8967,708,-782,4723,719,0x02EF,0,0,0,0,0x00,0,0
1665,4814,861,80,134,0x50A8,0x86C4,708,-675,4726,719,0x02EF,0,0,0,0,0x00,0,0
1666,4817,859,80,132,0x506C,0x848C,708,-568,4729,719,0x02EF,0,0,0,0,0x00,0,0
1667,4820,857,80,130,0x5030,0x82BF,708,-461,4732,719,0x02EF,0,0,0,0,0x00,0,0
1668,4822,856,80,129,0x50F4,0x815D,708,-354,4734,719,0x02EF,0,0,0,0,0x00,0,0
1669,4825,855,80,128,0x50B8,0x8066,708,-247,4737,719,0x02EF,0,0,0,0,0x00,0,0
1670,4828,854,80,127,0x507C,0x7FDA,708,-140,4740,719,0x02EF,0,0,0,0,0x00,0,0
1671,4831,854,80,127,0x5040,0x7FB9,708,-33,4743,719,0x02EF,0,0,0,0,0x00,0,0
1672,4834,855,80,128,0x5004,0x8003,708,74,4746,719,0x02EF,0,0,0,0,0x00,0,0
1673,4836,855,80,128,0x50C8,0x80B8,708,181,4748,719,0x02EF,0,0,0,0,0x00,0,0
1674,4839,856,80,129,0x508C,0x81D8,708,288,4751,719,0x02EF,0,0,0,0,0x00,0,0
1675,4842,858,80,131,0x5050,0x8363,708,395,4754,719,0x02EF,0,0,0,0,0x00,0,0
1676,4845,860,80,133,0x5014,0x8559,708,502,4757,719,0x02EF,0,0,0,0,0x00,0,0
1677,4847,862,80,135,0x50D8,0x87BA,708,609,4759,719,0x02EF,0,0,0,0,0x00,0,0
1678,4850,865,80,138,0x509C,0x8A86,708,716,4762,719,0x02EF,0,0,0,0,0x00,0,0
1679,4853,868,80,141,0x5060,0x8DBD,708,823,4765,719,0x02EF,0,0,0,0,0x00,0,0
1680,4856,872,80,145,0x5024,0x915F,708,930,4768,719,0x02EF,0,0,0,0,0x00,0,0
1681,4858,876,80,149,0x50E8,0x956C,708,1037,4770,719,0x02EF,0,0,0,0,0x00,0,0
1682,4861,880,80,153,0x50AC,0x99E4,708,1144,4773,719,0x02EF,0,0,0,0,0x00,0,0
1683,4864,885,80,158,0x5070,0x9EC7,708,1251,4776,719,0x02EF,0,0,0,0,0x00,0,0
1684,4867,889,80,162,0x5034,0xA200,708,0,4779,719,0x02EF,0,0,0,0,0x00,0,0
1685,4869,889,80,162,0x50F8,0xA200,708,0,4781,719,0x02EF,0,0,0,0,0x00,0,0
1686,4872,889,80,162,0x50BC,0xA200,708,0,4784,719,0x02EF,0,0,0,0,0x00,0,0
1687,4875,889,80,162,0x5080,0xA200,708,0,4787,719,0x02EF,0,0,0,0,0x00,0,0
1688,4878,889,80,162,0x5044,0xA200,708,0,4790,719,0x02EF,0,0,0,0,0x00,0,0
1689,4881,889,80,162,0x5008,0xA200,708,0,4793,719,0x02EF,0,0,0,0,0x00,0,0
1690,4883,889,80,162,0x50CC,0xA200,708,0,4795,719,0x02EF,0,0,0,0,0x00,0,0
1691,4886,889,80,162,0x5090,0xA200,708,0,4798,719,0x02EF,0,0,0,0,0x00,0,0
1692,4889,889,80,162,0x5054,0xA200,708,0,4801,719,0x02EF,0,0,0,0,0x00,0,0
1693,4892,889,80,162,0x5018,0xA200,708,0,4804,719,0x02EF,0,0,0,0,0x00,0,0
1694,4894,889,80,162,0x50DC,0xA200,708,0,4806,719,0x02EF,0,0,0,0,0x00,0,0
1695,4897,889,80,162,0x50A0,0xA200,708,0,4809,719,0x02EF,0,0,0,0,0x00,0,0
1696,4900,889,80,162,0x5064,0xA200,708,0,4812,719,0x02EF,0,0,0,0,0x00,0,0
1697,4903,889,80,162,0x5028,0xA200,708,0,4815,719,0x02EF,0,0,0,0,0x00,0,0
1698,4905,889,80,162,0x50EC,0xA200,708,0,4817,719,0x02EF,0,0,0,0,0x00,0,0
1699,4908,889,80,162,0x50B0,0xA200,708,0,4820,719,0x02EF,0,0,0,0,0x00,0,0
1700,4911,889,80,162,0x5074,0xA200,708,0,4823,719,0x02EF,0,0,0,0,0x00,0,0
1701,4914,889,80,162,0x5038,0xA200,708,0,4826,719,0x02EF,0,0,0,0,0x00,0,0
1702,4916,889,80,162,0x50FC,0xA200,708,-1424,4828,719,0x02EF,0,0,0,0,0x00,0,0
1703,4919,883,80,156,0x50C0,0x9CDB,708,-1317,4831,719,0x02EF,0,0,0,0,0x00,0,0
1704,4922,879,80,152,0x5084,0x9821,708,-1210,4834,719,0x02EF,0,0,0,0,0x00,0,0
1705,4925,874,80,147,0x5048,0x93D2,708,-1103,4837,719,0x02EF,0,0,0,0,0x00,0,0
1706,4928,870,80,143,0x500C,0x8FEE,708,-996,4840,719,0x02EF,0,0,0,0,0x00,0,0
1707,4930,867,80,140,0x50D0,0x8C75,708,-889,4842,719,0x02EF,0,0,0,0,0x00,0,0
1708,4933,864,80,137,0x5094,0x8967,708,-782,4845,719,0x02EF,0,0,0,0,0x00,0,0
1709,4936,861,80,134,0x5058,0x86C4,708,-675,4848,719,0x02EF,0,0,0,0,0x00,0,0
1710,4939,859,80,132,0x501C,0x848C,708,-568,4851,719,0x02EF,0,0,0,0,0x00,0,0
1711,4941,857,80,130,0x50E0,0x82BF,708,-461,4853,719,0x02EF,0,0,0,0,0x00,0,0
1712,4944,856,80,129,0x50A4,0x815D,708,-354,4856,719,0x02EF,0,0,0,0,0x00,0,0
1713,4947,855,80,128,0x5068,0x8066,708,-247,4859,719,0x02EF,0,0,0,0,0x00,0,0
1714,4950,854,80,127,0x502C,0x7FDA,708,-140,4862,719,0x02EF,0,0,0,0,0x00,0,0
1715,4952,854,80,127,0x50F0,0x7FB9,708,-33,4864,719,0x02EF,0,0,0,0,0x00,0,0
1716,4955,855,80,128,0x50B4,0x8003,708,74,4867,719,0x02EF,0,0,0,0,0x00,0,0
1717,4958,855,80,128,0x5078,0x80B8,708,181,4870,719,0x02EF,0,0,0,0,0x00,0,0
1718,4961,856,80,129,0x503C,0x81D8,708,288,4873,719,0x02EF,0,0,0,0,0x00,0,0
1719,4964,858,80,131,0x5000,0x8363,708,395,4876,719,0x02EF,0,0,0,0,0x00,0,0
1720,4966,860,80,133,0x50C4,0x8559,708,502,4878,719,0x02EF,0,0,0,0,0x00,0,0
1721,4969,862,80,135,0x5088,0x87BA,708,609,4881,719,0x02EF,0,0,0,0,0x00,0,0
1722,4972,865,80,138,0x504C,0x8A86,708,716,4884,719,0x02EF,0,0,0,0,0x00,0,0
1723,4975,868,80,141,0x5010,0x8DBD,708,823,4887,719,0x02EF,0,0,0,0,0x00,0,0
1724,4977,872,80,145,0x50D4,0x915F,708,930,4889,719,0x02EF,0,0,0,0,0x00,0,0
1725,4980,873,80,146,0x5098,0x9200,708,0,4892,719,0x02EF,0,0,0,0,0x00,0,0
1726,4983,873,80,146,0x505C,0x9200,708,0,4895,719,0x02EF,0,0,0,0,0x00,0,0
1727,4986,873,80,146,0x5020,0x9200,708,0,4898,719,0x02EF,0,0,0,0,0x00,0,0
1728,4988,873,80,146,0x50E4,0x9200,708,0,4900,719,0x02EF,0,0,0,0,0x00,0,0
1729,4991,873,80,146,0x50A8,0x9200,708,0,4903,719,0x02EF,0,0,0,0,0x00,0,0
1730,4994,873,80,146,0x506C,0x9200,708,0,4906,719,0x02EF,0,0,0,0,0x00,0,0
1731,4997,873,80,146,0x5030,0x9200,708,0,4909,719,0x02EF,0,0,0,0,0x00,0,0
1732,4999,873,80,146,0x50F4,0x9200,708,0,4911,719,0x02EF,0,0,0,0,0x00,0,0
1733,5002,873,80,146,0x50B8,0x9200,708,0,4914,719,0x02EF,0,0,0,0,0x00,0,0
1734,5005,873,80,146,0x507C,0x9200,708,0,4917,719,0x02EF,0,0,0,0,0x00,0,0
1735,5008,873,80,146,0x5040,0x9200,708,0,4920,719,0x02EF,0,0,0,0,0x00,0,0
1736,5011,873,80,146,0x5004,0x9200,708,0,4923,719,0x02EF,0,0,0,0,0x00,0,0
1737,5013,873,80,146,0x50C8,0x9200,708,0,4925,719,0x02EF,0,0,0,0,0x00,0,0
1738,5016,873,80,146,0x508C,0x9200,708,0,4928,719,0x02EF,0,0,0,0,0x00,0,0
1739,5019,873,80,146,0x5050,0x9200,708,0,4931,719,0x02EF,0,0,0,0,0x00,0,0
1740,5022,873,80,146,0x5014,0x9200,708,0,4934,719,0x02EF,0,0,0,0,0x00,0,0
1741,5024,873,80,146,0x50D8,0x9200,708,0,4936,719,0x02EF,0,0,0,0,0x00,0,0
1742,5027,873,80,146,0x509C,0x9200,708,0,4939,719,0x02EF,0,0,0,0,0x00,0,0
1743,5030,873,80,146,0x5060,0x9200,708,0,4942,719,0x02EF,0,0,0,0,0x00,0,0
1744,5033,873,80,146,0x5024,0x9200,708,0,4945,719,0x02EF,0,0,0,0,0x00,0,0
1745,5035,873,80,146,0x50E8,0x9200,708,0,4947,719,0x02EF,0,0,0,0,0x00,0,0
1746,5038,873,80,146,0x50AC,0x9200,708,0,4950,719,0x02EF,0,0,0,0,0x00,0,0
1747,5041,873,80,146,0x5070,0x9200,708,0,4953,719,0x02EF,0,0,0,0,0x00,0,0
1748,5044,873,80,146,0x5034,0x9200,708,0,4956,719,0x02EF,0,0,0,0,0x00,0,0
1749,5046,873,80,146,0x50F8,0x9200,708,-1424,4958,719,0x02EF,0,0,0,0,0x00,0,0
1750,5049,867,80,140,0x50BC,0x8CDB,708,-1317,4961,719,0x02EF,0,0,0,0,0x00,0,0
1751,5052,863,80,136,0x5080,0x8821,708,-1210,4964,719,0x02EF,0,0,0,0,0x00,0,0
1752,5055,858,80,131,0x5044,0x83D2,708,-1103,4967,719,0x02EF,0,0,0,0,0x00,0,0
1753,5058,854,80,127,0x5008,0x7FEE,708,-996,4970,719,0x02EF,0,0,0,0,0x00,0,0
1754,5060,851,80,124,0x50CC,0x7C75,708,-889,4972,719,0x02EF,0,0,0,0,0x00,0,0
1755,5063,848,80,121,0x5090,0x7967,708,-782,4975,719,0x02EF,0,0,0,0,0x00,0,0
1756,5066,845,80,118,0x5054,0x76C4,708,-675,4978,719,0x02EF,0,0,0,0,0x00,0,0
1757,5069,843,80,116,0x5018,0x748C,708,-568,4981,719,0x02EF,0,0,0,0,0x00,0,0
1758,5071,841,80,114,0x50DC,0x72BF,708,-461,4983,719,0x02EF,0,0,0,0,0x00,0,0
1759,5074,840,80,113,0x50A0,0x715D,708,-354,4986,719,0x02EF,0,0,0,0,0x00,0,0
1760,5077,839,80,112,0x5064,0x7066,708,-247,4989,719,0x02EF,0,0,0,0,0x00,0,0
1761,5080,838,80,111,0x5028,0x6FDA,708,-140,4992,719,0x02EF,0,0,0,0,0x00,0,0
1762,5082,838,80,111,0x50EC,0x6FB9,708,-33,4994,719,0x02EF,0,0,0,0,0x00,0,0
1763,5085,839,80,112,0x50B0,0x7003,708,74,4997,719,0x02EF,0,0,0,0,0x00,0,0
1764,5088,839,80,112,0x5074,0x70B8,708,181,5000,719,0x02EF,0,0,0,0,0x00,0,0
1765,5091,840,80,113,0x5038,0x71D8,708,288,5003,719,0x02EF,0,0,0,0,0x00,0,0
1766,5093,842,80,115,0x50FC,0x7363,708,395,5005,719,0x02EF,0,0,0,0,0x00,0,0
1767,5096,844,80,117,0x50C0,0x7559,708,502,5008,719,0x02EF,0,0,0,0,0x00,0,0
1768,5099,846,80,119,0x5084,0x77BA,708,609,5011,719,0x02EF,0,0,0,0,0x00,0,0
1769,5102,849,80,122,0x5048,0x7A86,708,716,5014,719,0x02EF,0,0,0,0,0x00,0,0
1770,5105,852,80,125,0x500C,0x7DBD,708,823,5017,719,0x02EF,0,0,0,0,0x00,0,0
1771,5107,856,80,129,0x50D0,0x815F,708,930,5019,719,0x02EF,0,0,0,0,0x00,0,0
1772,5110,857,80,130,0x5094,0x8200,708,0,5022,719,0x02EF,0,0,0,0,0x00,0,0
1773,5113,857,80,130,0x5058,0x8200,708,0,5025,719,0x02EF,0,0,0,0,0x00,0,0
1774,5116,857,80,130,0x501C,0x8200,708,0,5028,719,0x02EF,0,0,0,0,0x00,0,0
1775,5118,857,80,130,0x50E0,0x8200,708,0,5030,719,0x02EF,0,0,0,0,0x00,0,0
1776,5121,857,80,130,0x50A4,0x8200,708,0,5033,719,0x02EF,0,0,0,0,0x00,0,0
1777,5124,857,80,130,0x5068,0x8200,708,0,5036,719,0x02EF,0,0,0,0,0x00,0,0
1778,5127,857,80,130,0x502C,0x8200,708,0,5039,719,0x02EF,0,0,0,0,0x00,0,0
1779,5129,857,80,130,0x50F0,0x8200,708,0,5041,719,0x02EF,0,0,0,0,0x00,0,0
1780,5132,857,80,130,0x50B4,0x8200,708,0,5044,719,0x02EF,0,0,0,0,0x00,0,0
1781,5135,857,80,130,0x5078,0x8200,708,0,5047,719,0x02EF,0,0,0,0,0x00,0,0
1782,5138,857,80,130,0x503C,0x8200,708,0,5050,719,0x02EF,0,0,0,0,0x00,0,0
1783,5141,857,80,130,0x5000,0x8200,708,0,5053,719,0x02EF,0,0,0,0,0x00,0,0
1784,5143,857,80,130,0x50C4,0x8200,708,0,5055,719,0x02EF,0,0,0,0,0x00,0,0
1785,5146,857,80,130,0x5088,0x8200,708,0,5058,719,0x02EF,0,0,0,0,0x00,0,0
1786,5149,857,80,130,0x504C,0x8200,708,0,5061,719,0x02EF,0,0,0,0,0x00,0,0
1787,5152,857,80,130,0x5010,0x8200,708,0,5064,719,0x02EF,0,0,0,0,0x00,0,0
1788,5154,857,80,130,0x50D4,0x8200,708,0,5066,719,0x02EF,0,0,0,0,0x00,0,0
1789,5157,857,80,130,0x5098,0x8200,708,0,5069,719,0x02EF,0,0,0,0,0x00,0,0
1790,5160,857,80,130,0x505C,0x8200,708,0,5072,719,0x02EF,0,0,0,0,0x00,0,0
1791,5163,857,80,130,0x5020,0x8200,708,0,5075,719,0x02EF,0,0,0,0,0x00,0,0
1792,5165,857,80,130,0x50E4,0x8200,708,0,5077,719,0x02EF,0,0,0,0,0x00,0,0
1793,5168,857,80,130,0x50A8,0x8200,708,0,5080,719,0x02EF,0,0,0,0,0x00,0,0
1794,5171,857,80,130,0x506C,0x8200,708,0,5083,719,0x02EF,0,0,0,0,0x00,0,0
1795,5174,857,80,130,0x5030,0x8200,708,-1424,5086,719,0x02EF,0,0,0,0,0x00,0,0
1796,5176,851,80,124,0x50F4,0x7CDB,708,-1317,5088,719,0x02EF,0,0,0,0,0x00,0,0
1797,5179,847,80,120,0x50B8,0x7821,708,-1210,5091,719,0x02EF,0,0,0,0,0x00,0,0
1798,5182,842,80,115,0x507C,0x73D2,708,-1103,5094,719,0x02EF,0,0,0,0,0x00,0,0
1799,5185,838,80,111,0x5040,0x6FEE,708,-996,5097,719,0x02EF,0,0,0,0,0x00,0,0
1800,5188,835,80,108,0x5004,0x6C75,708,-889,5100,719,0x02EF,0,0,0,0,0x00,0,0
1801,5190,832,80,105,0x50C8,0x6967,708,-782,5102,719,0x02EF,0,0,0,0,0x00,0,0
1802,5193,829,80,102,0x508C,0x66C4,708,-675,5105,719,0x02EF,0,0,0,0,0x00,0,0
1803,5196,827,80,100,0x5050,0x648C,708,-568,5108,719,0x02EF,0,0,0,0,0x00,0,0
1804,5199,825,80,98,0x5014,0x62BF,708,-461,5111,719,0x02EF,0,0,0,0,0x00,0,0
1805,5201,824,80,97,0x50D8,0x615D,708,-354,5113,719,0x02EF,0,0,0,0,0x00,0,0
1806,5204,823,80,96,0x509C,0x6066,708,-247,5116,719,0x02EF,0,0,0,0,0x00,0,0
1807,5207,822,80,95,0x5060,0x5FDA,708,-140,5119,719,0x02EF,0,0,0,0,0x00,0,0
1808,5210,822,80,95,0x5024,0x5FB9,708,-33,5122,719,0x02EF,0,0,0,0,0x00,0,0
1809,5212,823,80,96,0x50E8,0x6003,708,74,5124,719,0x02EF,0,0,0,0,0x00,0,0
1810,5215,823,80,96,0x50AC,0x60B8,708,181,5127,719,0x02EF,0,0,0,0,0x00,0,0
1811,5218,824,80,97,0x5070,0x61D8,708,288,5130,719,0x02EF,0,0,0,0,0x00,0,0
1812,5221,826,80,99,0x5034,0x6363,708,395,5133,719,0x02EF,0,0,0,0,0x00,0,0
1813,5223,828,80,101,0x50F8,0x6559,708,502,5135,719,0x02EF,0,0,0,0,0x00,0,0
1814,5226,830,80,103,0x50BC,0x67BA,708,609,5138,719,0x02EF,0,0,0,0,0x00,0,0
1815,5229,833,80,106,0x5080,0x6A86,708,716,5141,719,0x02EF,0,0,0,0,0x00,0,0
1816,5232,836,80,109,0x5044,0x6DBD,708,823,5144,719,0x02EF,0,0,0,0,0x00,0,0
1817,5235,840,80,113,0x5008,0x715F,708,930,5147,719,0x02EF,0,0,0,0,0x00,0,0
1818,5237,841,80,114,0x50CC,0x7200,708,0,5149,719,0x02EF,0,0,0,0,0x00,0,0
1819,5240,841,80,114,0x5090,0x7200,708,0,5152,719,0x02EF,0,0,0,0,0x00,0,0
1820,5243,841,80,114,0x5054,0x7200,708,0,5155,719,0x02EF,0,0,0,0,0x00,0,0
1821,5246,841,80,114,0x5018,0x7200,708,0,5158,719,0x02EF,0,0,0,0,0x00,0,0
1822,5248,841,80,114,0x50DC,0x7200,708,-1424,5160,719,0x02EF,0,0,0,0,0x00,0,0
1823,5251,835,80,108,0x50A0,0x6CDB,708,-1317,5163,719,0x02EF,0,0,0,0,0x00,0,0
1824,5254,831,80,104,0x5064,0x6821,708,-1210,5166,719,0x02EF,0,0,0,0,0x00,0,0
1825,5257,826,80,99,0x5028,0x63D2,708,-1103,5169,719,0x02EF,0,0,0,0,0x00,0,0
1826,5259,822,80,95,0x50EC,0x5FEE,708,-996,5171,719,0x02EF,0,0,0,0,0x00,0,0
1827,5262,819,80,92,0x50B0,0x5C75,708,-889,5174,719,0x02EF,0,0,0,0,0x00,0,0
1828,5265,816,80,89,0x5074,0x5967,708,-782,5177,719,0x02EF,0,0,0,0,0x00,0,0
1829,5268,813,80,86,0x5038,0x56C4,708,-675,5180,719,0x02EF,0,0,0,0,0x00,0,0
1830,5270,811,80,84,0x50FC,0x548C,708,-568,5182,719,0x02EF,0,0,0,0,0x00,0,0
1831,5273,809,80,82,0x50C0,0x52BF,708,-461,5185,719,0x02EF,0,0,0,0,0x00,0,0
1832,5276,808,80,81,0x5084,0x515D,708,-354,5188,719,0x02EF,0,0,0,0,0x00,0,0
1833,5279,807,80,80,0x5048,0x5066,708,-247,5191,719,0x02EF,0,0,0,0,0x00,0,0
1834,5282,806,80,79,0x500C,0x4FDA,708,-140,5194,719,0x02EF,0,0,0,0,0x00,0,0
1835,5284,806,80,79,0x50D0,0x4FB9,708,-33,5196,719,0x02EF,0,0,0,0,0x00,0,0
1836,5287,807,80,80,0x5094,0x5003,708,74,5199,719,0x02EF,0,0,0,0,0x00,0,0
1837,5290,807,80,80,0x5058,0x50B8,708,181,5202,719,0x02EF,0,0,0,0,0x00,0,0
1838,5293,808,80,81,0x501C,0x51D8,708,288,5205,719,0x02EF,0,0,0,0,0x00,0,0
1839,5295,810,80,83,0x50E0,0x5363,708,395,5207,719,0x02EF,0,0,0,0,0x00,0,0
1840,5298,812,80,85,0x50A4,0x5559,708,502,5210,719,0x02EF,0,0,0,0,0x00,0,0
1841,5301,814,80,87,0x5068,0x57BA,708,609,5213,719,0x02EF,0,0,0,0,0x00,0,0
1842,5304,817,80,90,0x502C,0x5A86,708,716,5216,719,0x02EF,0,0,0,0,0x00,0,0
1843,5306,820,80,93,0x50F0,0x5DBD,708,823,5218,719,0x02EF,0,0,0,0,0x00,0,0
1844,5309,824,80,97,0x50B4,0x615F,708,930,5221,719,0x02EF,0,0,0,0,0x00,0,0
1845,5312,825,80,98,0x5078,0x6200,708,0,5224,719,0x02EF,0,0,0,0,0x00,0,0
1846,5315,825,80,98,0x503C,0x6200,708,0,5227,719,0x02EF,0,0,0,0,0x00,0,0
1847,5318,825,80,98,0x5000,0x6200,708,0,5230,719,0x02EF,0,0,0,0,0x00,0,0
1848,5320,825,80,98,0x50C4,0x6200,708,0,5232,719,0x02EF,0,0,0,0,0x00,0,0
1849,5323,825,80,98,0x5088,0x6200,708,0,5235,719,0x02EF,0,0,0,0,0x00,0,0
1850,5326,825,80,98,0x504C,0x6200,708,0,5238,719,0x02EF,0,0,0,0,0x00,0,0
1851,5329,825,80,98,0x5010,0x6200,708,0,5241,719,0x02EF,0,0,0,0,0x00,0,0
1852,5331,825,80,98,0x50D4,0x6200,708,0,5243,719,0x02EF,0,0,0,0,0x00,0,0
1853,5334,825,80,98,0x5098,0x6200,708,0,5246,719,0x02EF,0,0,0,0,0x00,0,0
1854,5337,825,80,98,0x505C,0x6200,708,-1424,5249,719,0x02EF,0,0,0,0,0x00,0,0
1855,5340,819,80,92,0x5020,0x5CDB,708,-1317,5252,719,0x02EF,0,0,0,0,0x00,0,0
1856,5342,815,80,88,0x50E4,0x5821,708,-1210,5254,719,0x02EF,0,0,0,0,0x00,0,0
1857,5345,810,80,83,0x50A8,0x53D2,708,-1103,5257,719,0x02EF,0,0,0,0,0x00,0,0
1858,5348,806,80,79,0x506C,0x4FEE,708,-996,5260,719,0x02EF,0,0,0,0,0x00,0,0
1859,5351,803,80,76,0x5030,0x4C75,708,-889,5263,719,0x02EF,0,0,0,0,0x00,0,0
1860,5353,800,80,73,0x50F4,0x4967,708,-782,5265,719,0x02EF,0,0,0,0,0x00,0,0
1861,5356,797,80,70,0x50B8,0x46C4,708,-675,5268,719,0x02EF,0,0,0,0,0x00,0,0
1862,5359,795,80,68,0x507C,0x448C,708,-568,5271,719,0x02EF,0,0,0,0,0x00,0,0
1863,5362,793,80,66,0x5040,0x42BF,708,-461,5274,719,0x02EF,0,0,0,0,0x00,0,0
1864,5365,792,80,65,0x5004,0x415D,708,-354,5277,719,0x02EF,0,0,0,0,0x00,0,0
1865,5367,791,80,64,0x50C8,0x4066,708,-247,5279,719,0x02EF,0,0,0,0,0x00,0,0
1866,5370,790,80,64,0x508C,0x4000,708,-140,5282,718,0x02EE,218,0,0,0,0x00,0,0
1867,5373,790,80,64,0x5050,0x4000,708,-33,5285,718,0x02EE,185,0,0,0,0x00,0,0
1868,5376,790,80,64,0x5014,0x404A,708,74,5288,718,0x02EE,185,0,0,0,0x00,0,0
1869,5378,790,80,64,0x50D8,0x40FF,708,181,5290,718,0x02EE,185,0,0,0,0x00,0,0
1870,5381,792,80,66,0x509C,0x421F,708,288,5293,718,0x02EE,185,0,0,0,0x00,0,0
1871,5384,793,80,67,0x5060,0x43AA,708,395,5296,718,0x02EE,185,0,0,0,0x00,0,0
1872,5387,795,80,69,0x5024,0x45A0,708,502,5299,718,0x02EE,185,0,0,0,0x00,0,0
1873,5389,798,80,72,0x50E8,0x4801,708,609,5301,718,0x02EE,185,0,0,0,0x00,0,0
1874,5392,800,80,74,0x50AC,0x4ACD,708,716,5304,718,0x02EE,185,0,0,0,0x02,0,1
1875,5395,804,80,78,0x5070,0x4E04,708,823,5307,718,0x02EE,185,0,0,0,0x02,0,1
1876,5398,807,80,81,0x5034,0x51A6,708,930,5310,718,0x02EE,185,0,0,0,0x02,0,1
1877,5400,809,80,83,0x50F8,0x5300,708,-1424,5312,718,0x02EE,185,0,0,0,0x00,0,0
1878,5403,803,80,77,0x50BC,0x4DDB,708,-1317,5315,718,0x02EE,185,0,0,0,0x00,0,0
1879,5406,799,80,73,0x5080,0x4921,708,-1210,5318,718,0x02EE,185,0,0,0,0x00,0,0
1880,5409,794,80,68,0x5044,0x44D2,708,-1103,5321,718,0x02EE,185,0,0,0,0x00,0,0
1881,5412,790,80,64,0x5008,0x40EE,708,-996,5324,718,0x02EE,185,0,0,0,0x00,0,0
1882,5414,788,80,64,0x50CC,0x4000,708,-889,5326,716,0x02EC,46,0,0,0,0x00,0,0
1883,5417,785,80,64,0x5090,0x4000,708,-782,5329,713,0x02E9,32,0,0,0,0x00,0,0
1884,5420,782,80,64,0x5054,0x4000,708,-675,5332,710,0x02E6,125,0,0,0,0x00,0,0
1885,5423,780,80,64,0x5018,0x4000,708,-568,5335,708,0x02E4,69,0,0,0,0x00,0,0
1886,5425,778,80,64,0x50DC,0x4000,708,-461,5337,706,0x02E2,120,0,0,0,0x00,0,0
1887,5428,777,80,64,0x50A0,0x4000,708,-354,5340,705,0x02E1,22,0,0,0,0x00,0,0
1888,5431,776,80,64,0x5064,0x4000,708,-247,5343,704,0x02E0,31,0,0,0,0x00,0,0
1889,5434,775,80,64,0x5028,0x4000,708,-140,5346,703,0x02DF,147,0,0,0,0x00,0,0
1890,5436,775,80,64,0x50EC,0x4000,708,-33,5348,703,0x02DF,114,0,0,0,0x00,0,0
1891,5439,775,80,64,0x50B0,0x404A,708,74,5351,703,0x02DF,114,0,0,0,0x00,0,0
1892,5442,775,80,64,0x5074,0x40FF,708,181,5354,703,0x02DF,114,0,0,0,0x00,0,0
1893,5445,777,80,66,0x5038,0x421F,708,288,5357,703,0x02DF,114,0,0,0,0x00,0,0
1894,5447,778,80,67,0x50FC,0x43AA,708,395,5359,703,0x02DF,114,0,0,0,0x00,0,0
1895,5450,780,80,69,0x50C0,0x45A0,708,502,5362,703,0x02DF,114,0,0,0,0x00,0,0
1896,5453,783,80,72,0x5084,0x4801,708,609,5365,703,0x02DF,114,0,0,0,0x00,0,0
1897,5456,785,80,74,0x5048,0x4ACD,708,716,5368,703,0x02DF,114,0,0,0,0x00,0,0
1898,5459,789,80,78,0x500C,0x4E04,708,823,5371,703,0x02DF,114,0,0,0,0x00,0,0
1899,5461,792,80,81,0x50D0,0x51A6,708,930,5373,703,0x02DF,114,0,0,0,0x02,0,1
1900,5464,793,80,82,0x5094,0x5200,708,-1424,5376,703,0x02DF,114,0,0,0,0x00,0,0
1901,5467,787,80,76,0x5058,0x4CDB,708,-1317,5379,703,0x02DF,114,0,0,0,0x00,0,0
1902,5470,783,80,72,0x501C,0x4821,708,-1210,5382,703,0x02DF,114,0,0,0,0x00,0,0
1903,5472,778,80,67,0x50E0,0x43D2,708,-1103,5384,703,0x02DF,114,0,0,0,0x00,0,0
1904,5475,775,80,64,0x50A4,0x4000,708,-996,5387,703,0x02DF,96,0,0,0,0x00,0,0
1905,5478,771,80,64,0x5068,0x4000,708,-889,5390,699,0x02DB,231,0,0,0,0x00,0,0
1906,5481,768,80,64,0x502C,0x4000,708,-782,5393,696,0x02D8,217,0,0,0,0x00,0,0
1907,5483,766,80,64,0x50F0,0x4000,708,-675,5395,694,0x02D6,54,0,0,0,0x00,0,0
1908,5486,763,80,64,0x50B4,0x4000,708,-568,5398,691,0x02D3,254,0,0,0,0x00,0,0
1909,5489,762,80,64,0x5078,0x4000,708,-461,5401,690,0x02D2,49,0,0,0,0x00,0,0
1910,5492,760,80,64,0x503C,0x4000,708,-354,5404,688,0x02D0,207,0,0,0,0x00,0,0
1911,5495,759,80,64,0x5000,0x4000,708,-247,5407,687,0x02CF,216,0,0,0,0x00,0,0
1912,5497,759,80,64,0x50C4,0x4000,708,-140,5409,687,0x02CF,76,0,0,0,0x00,0,0
1913,5500,759,80,64,0x5088,0x4000,708,-33,5412,687,0x02CF,43,0,0,0,0x00,0,0
1914,5503,759,80,64,0x504C,0x404A,708,74,5415,687,0x02CF,43,0,0,0,0x00,0,0
1915,5506,759,80,64,0x5010,0x40FF,708,181,5418,687,0x02CF,43,0,0,0,0x00,0,0
1916,5508,761,80,66,0x50D4,0x421F,708,288,5420,687,0x02CF,43,0,0,0,0x00,0,0
1917,5511,762,80,67,0x5098,0x43AA,708,395,5423,687,0x02CF,43,0,0,0,0x00,0,0
1918,5514,764,80,69,0x505C,0x45A0,708,502,5426,687,0x02CF,43,0,0,0,0x00,0,0
1919,5517,767,80,72,0x5020,0x4801,708,609,5429,687,0x02CF,43,0,0,0,0x00,0,0
1920,5519,769,80,74,0x50E4,0x4ACD,708,716,5431,687,0x02CF,43,0,0,0,0x00,0,0
1921,5522,773,80,78,0x50A8,0x4E04,708,823,5434,687,0x02CF,43,0,0,0,0x00,0,0
1922,5525,776,80,81,0x506C,0x51A6,708,930,5437,687,0x02CF,43,0,0,0,0x00,0,0
1923,5528,777,80,82,0x5030,0x5200,708,0,5440,687,0x02CF,43,0,0,0,0x00,0,0
1924,5530,777,80,82,0x50F4,0x5200,708,0,5442,687,0x02CF,43,0,0,0,0x00,0,0
1925,5533,777,80,82,0x50B8,0x5200,708,-1424,5445,687,0x02CF,43,0,0,0,0x00,0,0
1926,5536,771,80,76,0x507C,0x4CDB,708,-1317,5448,687,0x02CF,43,0,0,0,0x00,0,0
1927,5539,767,80,72,0x5040,0x4821,708,-1210,5451,687,0x02CF,43,0,0,0,0x00,0,0
1928,5542,762,80,67,0x5004,0x43D2,708,-1103,5454,687,0x02CF,43,0,0,0,0x00,0,0
1929,5544,759,80,64,0x50C8,0x4000,708,-996,5456,687,0x02CF,25,0,0,0,0x00,0,0
1930,5547,755,80,64,0x508C,0x4000,708,-889,5459,683,0x02CB,160,0,0,0,0x00,0,0
1931,5550,752,80,64,0x5050,0x4000,708,-782,5462,680,0x02C8,146,0,0,0,0x00,0,0
1932,5553,749,80,64,0x5014,0x4000,708,-675,5465,677,0x02C5,239,0,0,0,0x00,0,0
1933,5555,747,80,64,0x50D8,0x4000,708,-568,5467,675,0x02C3,183,0,0,0,0x00,0,0
1934,5558,745,80,64,0x509C,0x4000,708,-461,5470,673,0x02C1,234,0,0,0,0x00,0,0
1935,5561,744,80,64,0x5060,0x4000,708,-354,5473,672,0x02C0,136,0,0,0,0x00,0,0
1936,5564,743,80,64,0x5024,0x4000,708,-247,5476,671,0x02BF,145,0,0,0,0x00,0,0
1937,5566,743,80,64,0x50E8,0x4000,708,-140,5478,671,0x02BF,5,0,0,0,0x00,0,0
1938,5569,742,80,64,0x50AC,0x4000,708,-33,5481,670,0x02BE,228,0,0,0,0x00,0,0
1939,5572,742,80,64,0x5070,0x404A,708,74,5484,670,0x02BE,228,0,0,0,0x00,0,0
1940,5575,742,80,64,0x5034,0x40FF,708,181,5487,670,0x02BE,228,0,0,0,0x00,0,0
1941,5577,744,80,66,0x50F8,0x421F,708,288,5489,670,0x02BE,228,0,0,0,0x00,0,0
1942,5580,745,80,67,0x50BC,0x43AA,708,395,5492,670,0x02BE,228,0,0,0,0x00,0,0
1943,5583,747,80,69,0x5080,0x45A0,708,502,5495,670,0x02BE,228,0,0,0,0x00,0,0
1944,5586,750,80,72,0x5044,0x4801,708,609,5498,670,0x02BE,228,0,0,0,0x00,0,0
1945,5589,752,80,74,0x5008,0x4ACD,708,716,5501,670,0x02BE,228,0,0,0,0x00,0,0
1946,5591,756,80,78,0x50CC,0x4E04,708,823,5503,670,0x02BE,228,0,0,0,0x00,0,0
1947,5594,759,80,81,0x5090,0x51A6,708,930,5506,670,0x02BE,228,0,0,0,0x00,0,0
1948,5597,761,80,83,0x5054,0x5300,708,0,5509,670,0x02BE,228,0,0,0,0x00,0,0
1949,5600,761,80,83,0x5018,0x5300,708,0,5512,670,0x02BE,228,0,0,0,0x00,0,0
1950,5602,761,80,83,0x50DC,0x5300,708,-1424,5514,670,0x02BE,228,0,0,0,0x00,0,0
1951,5605,755,80,77,0x50A0,0x4DDB,708,-1317,5517,670,0x02BE,228,0,0,0,0x00,0,0
1952,5608,751,80,73,0x5064,0x4921,708,-1210,5520,670,0x02BE,228,0,0,0,0x00,0,0
1953,5611,746,80,68,0x5028,0x44D2,708,-1103,5523,670,0x02BE,228,0,0,0,0x00,0,0
1954,5613,742,80,64,0x50EC,0x40EE,708,-996,5525,670,0x02BE,228,0,0,0,0x00,0,0
1955,5616,740,80,64,0x50B0,0x4000,708,-889,5528,668,0x02BC,89,0,0,0,0x00,0,0
1956,5619,737,80,64,0x5074,0x4000,708,-782,5531,665,0x02B9,75,0,0,0,0x00,0,0
1957,5622,734,80,64,0x5038,0x4000,708,-675,5534,662,0x02B6,168,0,0,0,0x00,0,0
1958,5624,732,80,64,0x50FC,0x4000,708,-568,5536,660,0x02B4,112,0,0,0,0x00,0,0
1959,5627,730,80,64,0x50C0,0x4000,708,-461,5539,658,0x02B2,163,0,0,0,0x00,0,0
1960,5630,729,80,64,0x5084,0x4000,708,-354,5542,657,0x02B1,65,0,0,0,0x00,0,0
1961,5633,728,80,64,0x5048,0x4000,708,-247,5545,656,0x02B0,74,0,0,0,0x00,0,0
1962,5636,727,80,64,0x500C,0x4000,708,-140,5548,655,0x02AF,190,0,0,0,0x00,0,0
1963,5638,727,80,64,0x50D0,0x4000,708,-33,5550,655,0x02AF,157,0,0,0,0x00,0,0
1964,5641,727,80,64,0x5094,0x404A,708,74,5553,655,0x02AF,157,0,0,0,0x00,0,0
1965,5644,727,80,64,0x5058,0x40FF,708,181,5556,655,0x02AF,157,0,0,0,0x00,0,0
1966,5647,729,80,66,0x501C,0x421F,708,288,5559,655,0x02AF,157,0,0,0,0x00,0,0
1967,5649,730,80,67,0x50E0,0x43AA,708,395,5561,655,0x02AF,157,0,0,0,0x00,0,0
1968,5652,732,80,69,0x50A4,0x45A0,708,502,5564,655,0x02AF,157,0,0,0,0x00,0,0
1969,5655,735,80,72,0x5068,0x4801,708,609,5567,655,0x02AF,157,0,0,0,0x00,0,0
1970,5658,737,80,74,0x502C,0x4ACD,708,716,5570,655,0x02AF,157,0,0,0,0x00,0,0
1971,5660,741,80,78,0x50F0,0x4E04,708,823,5572,655,0x02AF,157,0,0,0,0x00,0,0
1972,5663,744,80,81,0x50B4,0x51A6,708,930,5575,655,0x02AF,157,0,0,0,0x00,0,0
1973,5666,745,80,82,0x5078,0x5200,708,0,5578,655,0x02AF,157,0,0,0,0x00,0,0
1974,5669,745,80,82,0x503C,0x5200,708,0,5581,655,0x02AF,157,0,0,0,0x00,0,0
1975,5672,745,80,82,0x5000,0x5200,708,0,5584,655,0x02AF,157,0,0,0,0x00,0,0
1976,5674,745,80,82,0x50C4,0x5200,708,0,5586,655,0x02AF,157,0,0,0,0x00,0,0
1977,5677,745,80,82,0x5088,0x5200,708,0,5589,655,0x02AF,157,0,0,0,0x00,0,0
1978,5680,745,80,82,0x504C,0x5200,708,0,5592,655,0x02AF,157,0,0,0,0x00,0,0
1979,5683,745,80,82,0x5010,0x5200,708,-1424,5595,655,0x02AF,157,0,0,0,0x00,0,0
1980,5685,739,80,76,0x50D4,0x4CDB,708,-1317,5597,655,0x02AF,157,0,0,0,0x00,0,0
1981,5688,735,80,72,0x5098,0x4821,708,-1210,5600,655,0x02AF,157,0,0,0,0x00,0,0
1982,5691,730,80,67,0x505C,0x43D2,708,-1103,5603,655,0x02AF,157,0,0,0,0x00,0,0
1983,5694,727,80,64,0x5020,0x4000,708,-996,5606,655,0x02AF,139,0,0,0,0x00,0,0
1984,5696,724,80,64,0x50E4,0x4000,708,-889,5608,652,0x02AC,18,0,0,0,0x00,0,0
1985,5699,721,80,64,0x50A8,0x4000,708,-782,5611,649,0x02A9,4,0,0,0,0x00,0,0
1986,5702,718,80,64,0x506C,0x4000,708,-675,5614,646,0x02A6,97,0,0,0,0x00,0,0
1987,5705,716,80,64,0x5030,0x4000,708,-568,5617,644,0x02A4,41,0,0,0,0x00,0,0
1988,5707,714,80,64,0x50F4,0x4000,708,-461,5619,642,0x02A2,92,0,0,0,0x00,0,0
1989,5710,712,80,64,0x50B8,0x4000,708,-354,5622,640,0x02A0,250,0,0,0,0x00,0,0
1990,5713,712,80,64,0x507C,0x4000,708,-247,5625,640,0x02A0,3,0,0,0,0x00,0,0
1991,5716,711,80,64,0x5040,0x4000,708,-140,5628,639,0x029F,119,0,0,0,0x00,0,0
1992,5719,711,80,64,0x5004,0x4000,708,-33,5631,639,0x029F,86,0,0,0,0x00,0,0
1993,5721,711,80,64,0x50C8,0x404A,708,74,5633,639,0x029F,86,0,0,0,0x00,0,0
1994,5724,711,80,64,0x508C,0x40FF,708,181,5636,639,0x029F,86,0,0,0,0x00,0,0
1995,5727,713,80,66,0x5050,0x421F,708,288,5639,639,0x029F,86,0,0,0,0x00,0,0
1996,5730,714,80,67,0x5014,0x43AA,708,395,5642,639,0x029F,86,0,0,0,0x02,0,1
1997,5732,716,80,69,0x50D8,0x45A0,708,502,5644,639,0x029F,86,0,0,0,0x02,0,1
1998,5735,719,80,72,0x509C,0x4801,708,609,5647,639,0x029F,86,0,0,0,0x02,0,1
1999,5738,721,80,74,0x5060,0x4ACD,708,716,5650,639,0x029F,86,0,0,0,0x02,0,1
2000,5741,725,80,78,0x5024,0x4E04,708,823,5653,639,0x029F,86,0,0,0,0x02,0,1
2001,5743,728,80,81,0x50E8,0x51A6,708,930,5655,639,0x029F,86,0,0,0,0x02,0,1
2002,5746,729,80,82,0x50AC,0x5200,708,-1424,5658,639,0x029F,86,0,0,0,0x00,0,0
2003,5749,723,80,76,0x5070,0x4CDB,708,-1317,5661,639,0x029F,86,0,0,0,0x00,0,0
2004,5752,719,80,72,0x5034,0x4821,708,-1210,5664,639,0x029F,86,0,0,0,0x00,0,0
2005,5754,714,80,67,0x50F8,0x43D2,708,-1103,5666,639,0x029F,86,0,0,0,0x00,0,0
2006,5757,711,80,64,0x50BC,0x4000,708,-996,5669,639,0x029F,68,0,0,0,0x00,0,0
2007,5760,707,80,64,0x5080,0x4000,708,-889,5672,635,0x029B,203,0,0,0,0x00,0,0
2008,5763,704,80,64,0x5044,0x4000,708,-782,5675,632,0x0298,189,0,0,0,0x00,0,0
2009,5766,702,80,64,0x5008,0x4000,708,-675,5678,630,0x0296,26,0,0,0,0x00,0,0
2010,5768,699,80,64,0x50CC,0x4000,708,-568,5680,627,0x0293,226,0,0,0,0x00,0,0
2011,5771,698,80,64,0x5090,0x4000,708,-461,5683,626,0x0292,21,0,0,0,0x00,0,0
2012,5774,696,80,64,0x5054,0x4000,708,-354,5686,624,0x0290,179,0,0,0,0x00,0,0
2013,5777,695,80,64,0x5018,0x4000,708,-247,5689,623,0x028F,188,0,0,0,0x00,0,0
2014,5779,695,80,64,0x50DC,0x4000,708,-140,5691,623,0x028F,48,0,0,0,0x00,0,0
2015,5782,695,80,64,0x50A0,0x4000,708,-33,5694,623,0x028F,15,0,0,0,0x00,0,0
2016,5785,695,80,64,0x5064,0x404A,708,74,5697,623,0x028F,15,0,0,0,0x00,0,0
2017,5788,695,80,64,0x5028,0x40FF,708,181,5700,623,0x028F,15,0,0,0,0x00,0,0
2018,5790,697,80,66,0x50EC,0x421F,708,288,5702,623,0x028F,15,0,0,0,0x00,0,0
2019,5793,698,80,67,0x50B0,0x43AA,708,395,5705,623,0x028F,15,0,0,0,0x00,0,0
2020,5796,700,80,69,0x5074,0x45A0,708,502,5708,623,0x028F,15,0,0,0,0x00,0,0
2021,5799,703,80,72,0x5038,0x4801,708,609,5711,623,0x028F,15,0,0,0,0x00,0,0
2022,5801,705,80,74,0x50FC,0x4ACD,708,716,5713,623,0x028F,15,0,0,0,0x00,0,0
2023,5804,709,80,78,0x50C0,0x4E04,708,823,5716,623,0x028F,15,0,0,0,0x00,0,0
2024,5807,712,80,81,0x5084,0x51A6,708,930,5719,623,0x028F,15,0,0,0,0x00,0,0
2025,5810,713,80,82,0x5048,0x5200,708,0,5722,623,0x028F,15,0,0,0,0x00,0,0
2026,5813,713,80,82,0x500C,0x5200,708,0,5725,623,0x028F,15,0,0,0,0x00,0,0
2027,5815,713,80,82,0x50D0,0x5200,708,0,5727,623,0x028F,15,0,0,0,0x00,0,0
2028,5818,713,80,82,0x5094,0x5200,708,-1424,5730,623,0x028F,15,0,0,0,0x00,0,0
2029,5821,707,80,76,0x5058,0x4CDB,708,-1317,5733,623,0x028F,15,0,0,0,0x00,0,0
2030,5824,703,80,72,0x501C,0x4821,708,-1210,5736,623,0x028F,15,0,0,0,0x00,0,0
2031,5826,698,80,67,0x50E0,0x43D2,708,-1103,5738,623,0x028F,15,0,0,0,0x00,0,0
2032,5829,694,80,64,0x50A4,0x4000,708,-996,5741,622,0x028E,253,0,0,0,0x00,0,0
2033,5832,691,80,64,0x5068,0x4000,708,-889,5744,619,0x028B,132,0,0,0,0x00,0,0
2034,5835,688,80,64,0x502C,0x4000,708,-782,5747,616,0x0288,118,0,0,0,0x00,0,0
2035,5837,685,80,64,0x50F0,0x4000,708,-675,5749,613,0x0285,211,0,0,0,0x00,0,0
2036,5840,683,80,64,0x50B4,0x4000,708,-568,5752,611,0x0283,155,0,0,0,0x00,0,0
2037,5843,681,80,64,0x5078,0x4000,708,-461,5755,609,0x0281,206,0,0,0,0x00,0,0
2038,5846,680,80,64,0x503C,0x4000,708,-354,5758,608,0x0280,108,0,0,0,0x00,0,0
2039,5849,679,80,64,0x5000,0x4000,708,-247,5761,607,0x027F,117,0,0,0,0x00,0,0
2040,5851,678,80,64,0x50C4,0x4000,708,-140,5763,606,0x027E,233,0,0,0,0x00,0,0
2041,5854,678,80,64,0x5088,0x4000,708,-33,5766,606,0x027E,200,0,0,0,0x00,0,0
2042,5857,678,80,64,0x504C,0x404A,708,74,5769,606,0x027E,200,0,0,0,0x00,0,0
2043,5860,678,80,64,0x5010,0x40FF,708,181,5772,606,0x027E,200,0,0,0,0x00,0,0
2044,5862,680,80,66,0x50D4,0x421F,708,288,5774,606,0x027E,200,0,0,0,0x00,0,0
2045,5865,681,80,67,0x5098,0x43AA,708,395,5777,606,0x027E,200,0,0,0,0x00,0,0
2046,5868,683,80,69,0x505C,0x45A0,708,502,5780,606,0x027E,200,0,0,0,0x00,0,0
2047,5871,686,80,72,0x5020,0x4801,708,609,5783,606,0x027E,200,0,0,0,0x00,0,0
2048,5873,688,80,74,0x50E4,0x4ACD,708,716,5785,606,0x027E,200,0,0,0,0x00,0,0
2049,5876,692,80,78,0x50A8,0x4E04,708,823,5788,606,0x027E,200,0,0,0,0x00,0,0
2050,5879,695,80,81,0x506C,0x51A6,708,930,5791,606,0x027E,200,0,0,0,0x00,0,0
2051,5882,699,80,85,0x5030,0x55B3,708,1037,5794,606,0x027E,200,0,0,0,0x00,0,0
2052,5884,704,80,90,0x50F4,0x5A2B,708,1144,5796,606,0x027E,200,0,0,0,0x00,0,0
2053,5887,709,80,95,0x50B8,0x5F0E,708,1251,5799,606,0x027E,200,0,0,0,0x00,0,0
2054,5890,714,80,100,0x507C,0x645C,708,1358,5802,606,0x027E,200,0,0,0,0x00,0,0
2055,5893,720,80,106,0x5040,0x6A15,708,1465,5805,606,0x027E,200,0,0,0,0x00,0,0
2056,5896,726,80,112,0x5004,0x7039,708,1572,5808,606,0x027E,200,0,0,0,0x00,0,0
2057,5898,729,80,115,0x50C8,0x7300,708,0,5810,606,0x027E,200,0,0,0,0x00,0,0
2058,5901,729,80,115,0x508C,0x7300,708,0,5813,606,0x027E,200,0,0,0,0x00,0,0
2059,5904,729,80,115,0x5050,0x7300,708,0,5816,606,0x027E,200,0,0,0,0x00,0,0
2060,5907,729,80,115,0x5014,0x7300,708,0,5819,606,0x027E,200,0,0,0,0x00,0,0
2061,5909,729,80,115,0x50D8,0x7300,708,0,5821,606,0x027E,200,0,0,0,0x00,0,0
2062,5912,729,80,115,0x509C,0x7300,708,0,5824,606,0x027E,200,0,0,0,0x00,0,0
2063,5915,729,80,115,0x5060,0x7300,708,0,5827,606,0x027E,200,0,0,0,0x00,0,0
2064,5918,729,80,115,0x5024,0x7300,708,0,5830,606,0x027E,200,0,0,0,0x00,0,0
2065,5920,729,80,115,0x50E8,0x7300,708,0,5832,606,0x027E,200,0,0,0,0x00,0,0
2066,5923,729,80,115,0x50AC,0x7300,708,-1424,5835,606,0x027E,200,0,0,0,0x00,0,0
2067,5926,723,80,109,0x5070,0x6DDB,708,-1317,5838,606,0x027E,200,0,0,0,0x00,0,0
2068,5929,719,80,105,0x5034,0x6921,708,-1210,5841,606,0x027E,200,0,0,0,0x00,0,0
2069,5931,714,80,100,0x50F8,0x64D2,708,-1103,5843,606,0x027E,200,0,0,0,0x00,0,0
2070,5934,710,80,96,0x50BC,0x60EE,708,-996,5846,606,0x027E,200,0,0,0,0x00,0,0
2071,5937,707,80,93,0x5080,0x5D75,708,-889,5849,606,0x027E,200,0,0,0,0x00,0,0
2072,5940,704,80,90,0x5044,0x5A67,708,-782,5852,606,0x027E,200,0,0,0,0x00,0,0
2073,5943,701,80,87,0x5008,0x57C4,708,-675,5855,606,0x027E,200,0,0,0,0x00,0,0
2074,5945,699,80,85,0x50CC,0x558C,708,-568,5857,606,0x027E,200,0,0,0,0x00,0,0
2075,5948,697,80,83,0x5090,0x53BF,708,-461,5860,606,0x027E,200,0,0,0,0x00,0,0
2076,5951,696,80,82,0x5054,0x525D,708,-354,5863,606,0x027E,200,0,0,0,0x00,0,0
2077,5954,695,80,81,0x5018,0x5166,708,-247,5866,606,0x027E,200,0,0,0,0x00,0,0
2078,5956,694,80,80,0x50DC,0x50DA,708,-140,5868,606,0x027E,200,0,0,0,0x00,0,0
2079,5959,694,80,80,0x50A0,0x50B9,708,-33,5871,606,0x027E,200,0,0,0,0x00,0,0
2080,5962,695,80,81,0x5064,0x5103,708,74,5874,606,0x027E,200,0,0,0,0x00,0,0
2081,5965,695,80,81,0x5028,0x51B8,708,181,5877,606,0x027E,200,0,0,0,0x00,0,0
2082,5967,696,80,82,0x50EC,0x52D8,708,288,5879,606,0x027E,200,0,0,0,0x00,0,0
2083,5970,697,80,83,0x50B0,0x5300,708,0,5882,606,0x027E,200,0,0,0,0x00,0,0
2084,5973,697,80,83,0x5074,0x5300,708,0,5885,606,0x027E,200,0,0,0,0x00,0,0
2085,5976,697,80,83,0x5038,0x5300,708,0,5888,606,0x027E,200,0,0,0,0x00,0,0
2086,5978,697,80,83,0x50FC,0x5300,708,0,5890,606,0x027E,200,0,0,0,0x00,0,0
2087,5981,697,80,83,0x50C0,0x5300,708,0,5893,606,0x027E,200,0,0,0,0x00,0,0
2088,5984,697,80,83,0x5084,0x5300,708,0,5896,606,0x027E,200,0,0,0,0x00,0,0
2089,5987,697,80,83,0x5048,0x5300,708,-1424,5899,606,0x027E,200,0,0,0,0x00,0,0
2090,5990,691,80,77,0x500C,0x4DDB,708,-1317,5902,606,0x027E,200,0,0,0,0x00,0,0
2091,5992,687,80,73,0x50D0,0x4921,708,-1210,5904,606,0x027E,200,0,0,0,0x00,0,0
2092,5995,682,80,68,0x5094,0x44D2,708,-1103,5907,606,0x027E,200,0,0,0,0x00,0,0
2093,5998,678,80,64,0x5058,0x40EE,708,-996,5910,606,0x027E,200,0,0,0,0x00,0,0
2094,6001,676,80,64,0x501C,0x4000,708,-889,5913,604,0x027C,61,0,0,0,0x00,0,0
2095,6003,673,80,64,0x50E0,0x4000,708,-782,5915,601,0x0279,47,0,0,0,0x00,0,0
2096,6006,670,80,64,0x50A4,0x4000,708,-675,5918,598,0x0276,140,0,0,0,0x00,0,0
2097,6009,668,80,64,0x5068,0x4000,708,-568,5921,596,0x0274,84,0,0,0,0x00,0,0
2098,6012,666,80,64,0x502C,0x4000,708,-461,5924,594,0x0272,135,0,0,0,0x00,0,0
2099,6014,665,80,64,0x50F0,0x4000,708,-354,5926,593,0x0271,37,0,0,0,0x00,0,0
2100,6017,664,80,64,0x50B4,0x4000,708,-247,5929,592,0x0270,46,0,0,0,0x00,0,0
2101,6020,663,80,64,0x5078,0x4000,708,-140,5932,591,0x026F,162,0,0,0,0x00,0,0
2102,6023,663,80,64,0x503C,0x4000,708,-33,5935,591,0x026F,129,0,0,0,0x00,0,0
2103,6026,663,80,64,0x5000,0x404A,708,74,5938,591,0x026F,129,0,0,0,0x00,0,0
2104,6028,663,80,64,0x50C4,0x40FF,708,181,5940,591,0x026F,129,0,0,0,0x00,0,0
2105,6031,665,80,66,0x5088,0x421F,708,288,5943,591,0x026F,129,0,0,0,0x00,0,0
2106,6034,666,80,67,0x504C,0x43AA,708,395,5946,591,0x026F,129,0,0,0,0x00,0,0
2107,6037,668,80,69,0x5010,0x45A0,708,502,5949,591,0x026F,129,0,0,0,0x00,0,0
2108,6039,671,80,72,0x50D4,0x4801,708,609,5951,591,0x026F,129,0,0,0,0x00,0,0
2109,6042,673,80,74,0x5098,0x4ACD,708,716,5954,591,0x026F,129,0,0,0,0x00,0,0
2110,6045,677,80,78,0x505C,0x4E04,708,823,5957,591,0x026F,129,0,0,0,0x00,0,0
2111,6048,680,80,81,0x5020,0x51A6,708,930,5960,591,0x026F,129,0,0,0,0x00,0,0
2112,6050,681,80,82,0x50E4,0x5200,708,0,5962,591,0x026F,129,0,0,0,0x00,0,0
2113,6053,681,80,82,0x50A8,0x5200,708,0,5965,591,0x026F,129,0,0,0,0x00,0,0
2114,6056,681,80,82,0x506C,0x5200,708,-1424,5968,591,0x026F,129,0,0,0,0x00,0,0
2115,6059,675,80,76,0x5030,0x4CDB,708,-1317,5971,591,0x026F,129,0,0,0,0x00,0,0
2116,6061,671,80,72,0x50F4,0x4821,708,-1210,5973,591,0x026F,129,0,0,0,0x00,0,0
2117,6064,666,80,67,0x50B8,0x43D2,708,-1103,5976,591,0x026F,129,0,0,0,0x00,0,0
2118,6067,663,80,64,0x507C,0x4000,708,-996,5979,591,0x026F,111,0,0,0,0x00,0,0
2119,6070,659,80,64,0x5040,0x4000,708,-889,5982,587,0x026B,246,0,0,0,0x00,0,0
2120,6073,656,80,64,0x5004,0x4000,708,-782,5985,584,0x0268,232,0,0,0,0x00,0,0
2121,6075,654,80,64,0x50C8,0x4000,708,-675,5987,582,0x0266,69,0,0,0,0x00,0,0
2122,6078,652,80,64,0x508C,0x4000,708,-568,5990,580,0x0264,13,0,0,0,0x00,0,0
2123,6081,650,80,64,0x5050,0x4000,708,-461,5993,578,0x0262,64,0,0,0,0x00,0,0
2124,6084,648,80,64,0x5014,0x4000,708,-354,5996,576,0x0260,222,0,0,0,0x00,0,0
2125,6086,647,80,64,0x50D8,0x4000,708,-247,5998,575,0x025F,231,0,0,0,0x00,0,0
2126,6089,647,80,64,0x509C,0x4000,708,-140,6001,575,0x025F,91,0,0,0,0x00,0,0
2127,6092,647,80,64,0x5060,0x4000,708,-33,6004,575,0x025F,58,0,0,0,0x00,0,0
2128,6095,647,80,64,0x5024,0x404A,708,74,6007,575,0x025F,58,0,0,0,0x00,0,0
2129,6097,647,80,64,0x50E8,0x40FF,708,181,6009,575,0x025F,58,0,0,0,0x00,0,0
2130,6100,649,80,66,0x50AC,0x421F,708,288,6012,575,0x025F,58,0,0,0,0x00,0,0
2131,6103,650,80,67,0x5070,0x43AA,708,395,6015,575,0x025F,58,0,0,0,0x00,0,0
2132,6106,652,80,69,0x5034,0x45A0,708,502,6018,575,0x025F,58,0,0,0,0x00,0,0
2133,6108,655,80,72,0x50F8,0x4801,708,609,6020,575,0x025F,58,0,0,0,0x00,0,0
2134,6111,657,80,74,0x50BC,0x4ACD,708,716,6023,575,0x025F,58,0,0,0,0x00,0,0
2135,6114,661,80,78,0x5080,0x4E04,708,823,6026,575,0x025F,58,0,0,0,0x00,0,0
2136,6117,664,80,81,0x5044,0x51A6,708,930,6029,575,0x025F,58,0,0,0,0x00,0,0
2137,6120,665,80,82,0x5008,0x5200,708,0,6032,575,0x025F,58,0,0,0,0x00,0,0
2138,6122,665,80,82,0x50CC,0x5200,708,0,6034,575,0x025F,58,0,0,0,0x00,0,0
2139,6125,665,80,82,0x5090,0x5200,708,0,6037,575,0x025F,58,0,0,0,0x00,0,0
2140,6128,665,80,82,0x5054,0x5200,708,-1424,6040,575,0x025F,58,0,0,0,0x00,0,0
2141,6131,659,80,76,0x5018,0x4CDB,708,-1317,6043,575,0x025F,58,0,0,0,0x00,0,0
2142,6133,655,80,72,0x50DC,0x4821,708,-1210,6045,575,0x025F,58,0,0,0,0x00,0,0
2143,6136,650,80,67,0x50A0,0x43D2,708,-1103,6048,575,0x025F,58,0,0,0,0x00,0,0
2144,6139,647,80,64,0x5064,0x4000,708,-996,6051,575,0x025F,40,0,0,0,0x00,0,0
2145,6142,643,80,64,0x5028,0x4000,708,-889,6054,571,0x025B,175,0,0,0,0x00,0,0
2146,6144,640,80,64,0x50EC,0x4000,708,-782,6056,568,0x0258,161,0,0,0,0x00,0,0
2147,6147,637,80,64,0x50B0,0x4000,708,-675,6059,565,0x0255,254,0,0,0,0x00,0,0
2148,6150,635,80,64,0x5074,0x4000,708,-568,6062,563,0x0253,198,0,0,0,0x00,0,0
2149,6153,633,80,64,0x5038,0x4000,708,-461,6065,561,0x0251,249,0,0,0,0x00,0,0
2150,6155,632,80,64,0x50FC,0x4000,708,-354,6067,560,0x0250,151,0,0,0,0x00,0,0
2151,6158,631,80,64,0x50C0,0x4000,708,-247,6070,559,0x024F,160,0,0,0,0x00,0,0
2152,6161,631,80,64,0x5084,0x4000,708,-140,6073,559,0x024F,20,0,0,0,0x00,0,0
2153,6164,630,80,64,0x5048,0x4000,708,-33,6076,558,0x024E,243,0,0,0,0x00,0,0
2154,6167,630,80,64,0x500C,0x404A,708,74,6079,558,0x024E,243,0,0,0,0x00,0,0
2155,6169,630,80,64,0x50D0,0x40FF,708,181,6081,558,0x024E,243,0,0,0,0x00,0,0
2156,6172,632,80,66,0x5094,0x421F,708,288,6084,558,0x024E,243,0,0,0,0x00,0,0
2157,6175,633,80,67,0x5058,0x4300,708,0,6087,558,0x024E,243,0,0,0,0x00,0,0
2158,6178,633,80,67,0x501C,0x4300,708,0,6090,558,0x024E,243,0,0,0,0x00,0,0
2159,6180,633,80,67,0x50E0,0x4300,708,0,6092,558,0x024E,243,0,0,0,0x00,0,0
2160,6183,633,80,67,0x50A4,0x4300,708,0,6095,558,0x024E,243,0,0,0,0x00,0,0
2161,6186,633,80,67,0x5068,0x4300,708,0,6098,558,0x024E,243,0,0,0,0x00,0,0
2162,6189,633,80,67,0x502C,0x4300,708,0,6101,558,0x024E,243,0,0,0,0x00,0,0
2163,6191,633,80,67,0x50F0,0x4300,708,-1424,6103,558,0x024E,243,0,0,0,0x00,0,0
2164,6194,628,80,64,0x50B4,0x4000,708,-1317,6106,556,0x024C,206,0,0,0,0x00,0,0
2165,6197,624,80,64,0x5078,0x4000,708,-1210,6109,552,0x0248,20,0,0,0,0x00,0,0
2166,6200,619,80,64,0x503C,0x4000,708,-1103,6112,547,0x0243,197,0,0,0,0x00,0,0
2167,6203,615,80,64,0x5000,0x4000,708,-996,6115,543,0x023F,225,0,0,0,0x00,0,0
2168,6205,612,80,64,0x50C4,0x4000,708,-889,6117,540,0x023C,104,0,0,0,0x00,0,0
2169,6208,609,80,64,0x5088,0x4000,708,-782,6120,537,0x0239,90,0,0,0,0x00,0,0
2170,6211,606,80,64,0x504C,0x4000,708,-675,6123,534,0x0236,183,0,0,0,0x00,0,0
2171,6214,604,80,64,0x5010,0x4000,708,-568,6126,532,0x0234,127,0,0,0,0x00,0,0
2172,6216,602,80,64,0x50D4,0x4000,708,-461,6128,530,0x0232,178,0,0,0,0x00,0,0
2173,6219,601,80,64,0x5098,0x4000,708,-354,6131,529,0x0231,80,0,0,0,0x00,0,0
2174,6222,600,80,64,0x505C,0x4000,708,-247,6134,528,0x0230,89,0,0,0,0x00,0,0
2175,6225,599,80,64,0x5020,0x4000,708,-140,6137,527,0x022F,205,0,0,0,0x00,0,0
2176,6227,599,80,64,0x50E4,0x4000,708,-33,6139,527,0x022F,172,0,0,0,0x00,0,0
2177,6230,599,80,64,0x50A8,0x404A,708,74,6142,527,0x022F,172,0,0,0,0x00,0,0
2178,6233,599,80,64,0x506C,0x40FF,708,181,6145,527,0x022F,172,0,0,0,0x00,0,0
2179,6236,601,80,66,0x5030,0x4200,708,0,6148,527,0x022F,172,0,0,0,0x00,0,0
2180,6238,601,80,66,0x50F4,0x4200,708,0,6150,527,0x022F,172,0,0,0,0x00,0,0
2181,6241,601,80,66,0x50B8,0x4200,708,0,6153,527,0x022F,172,0,0,0,0x00,0,0
2182,6244,601,80,66,0x507C,0x4200,708,0,6156,527,0x022F,172,0,0,0,0x00,0,0
2183,6247,601,80,66,0x5040,0x4200,708,0,6159,527,0x022F,172,0,0,0,0x00,0,0
2184,6250,601,80,66,0x5004,0x4200,708,0,6162,527,0x022F,172,0,0,0,0x00,0,0
2185,6252,601,80,66,0x50C8,0x4200,708,0,6164,527,0x022F,172,0,0,0,0x00,0,0
2186,6255,601,80,66,0x508C,0x4200,708,-1424,6167,527,0x022F,172,0,0,0,0x00,0,0
2187,6258,596,80,64,0x5050,0x4000,708,-1317,6170,524,0x022C,135,0,0,0,0x00,0,0
2188,6261,591,80,64,0x5014,0x4000,708,-1210,6173,519,0x0227,205,0,0,0,0x00,0,0
2189,6263,587,80,64,0x50D8,0x4000,708,-1103,6175,515,0x0223,126,0,0,0,0x00,0,0
2190,6266,583,80,64,0x509C,0x4000,708,-996,6178,511,0x021F,154,0,0,0,0x00,0,0
2191,6269,580,80,64,0x5060,0x4000,708,-889,6181,508,0x021C,33,0,0,0,0x00,0,0
2192,6272,577,80,64,0x5024,0x4000,708,-782,6184,505,0x0219,19,0,0,0,0x00,0,0
2193,6274,574,80,64,0x50E8,0x4000,708,-675,6186,502,0x0216,112,0,0,0,0x00,0,0
2194,6277,572,80,64,0x50AC,0x4000,708,-568,6189,500,0x0214,56,0,0,0,0x00,0,0
2195,6280,570,80,64,0x5070,0x4000,708,-461,6192,498,0x0212,107,0,0,0,0x00,0,0
2196,6283,569,80,64,0x5034,0x4000,708,-354,6195,497,0x0211,9,0,0,0,0x00,0,0
2197,6285,568,80,64,0x50F8,0x4000,708,-247,6197,496,0x0210,18,0,0,0,0x00,0,0
2198,6288,567,80,64,0x50BC,0x4000,708,-140,6200,495,0x020F,134,0,0,0,0x00,0,0
2199,6291,567,80,64,0x5080,0x4000,708,-33,6203,495,0x020F,101,0,0,0,0x00,0,0
2200,6294,567,80,64,0x5044,0x404A,708,74,6206,495,0x020F,101,0,0,0,0x00,0,0
2201,6297,567,80,64,0x5008,0x40FF,708,181,6209,495,0x020F,101,0,0,0,0x00,0,0
2202,6299,569,80,66,0x50CC,0x4200,708,0,6211,495,0x020F,101,0,0,0,0x00,0,0
2203,6302,569,80,66,0x5090,0x4200,708,0,6214,495,0x020F,101,0,0,0,0x00,0,0
2204,6305,569,80,66,0x5054,0x4200,708,0,6217,495,0x020F,101,0,0,0,0x00,0,0
2205,6308,569,80,66,0x5018,0x4200,708,0,6220,495,0x020F,101,0,0,0,0x00,0,0
2206,6310,569,80,66,0x50DC,0x4200,708,0,6222,495,0x020F,101,0,0,0,0x00,0,0
2207,6313,569,80,66,0x50A0,0x4200,708,0,6225,495,0x020F,101,0,0,0,0x00,0,0
2208,6316,569,80,66,0x5064,0x4200,708,0,6228,495,0x020F,101,0,0,0,0x00,0,0
2209,6319,569,80,66,0x5028,0x4200,708,0,6231,495,0x020F,101,0,0,0,0x00,0,0
2210,6321,569,80,66,0x50EC,0x4200,708,0,6233,495,0x020F,101,0,0,0,0x00,0,0
2211,6324,569,80,66,0x50B0,0x4200,708,-1424,6236,495,0x020F,101,0,0,0,0x00,0,0
2212,6327,564,80,64,0x5074,0x4000,708,-1317,6239,492,0x020C,64,0,0,0,0x00,0,0
2213,6330,559,80,64,0x5038,0x4000,708,-1210,6242,487,0x0207,134,0,0,0,0x00,0,0
2214,6332,555,80,64,0x50FC,0x4000,708,-1103,6244,483,0x0203,55,0,0,0,0x00,0,0
2215,6335,551,80,64,0x50C0,0x4000,708,-996,6247,479,0x01EF,83,0,0,0,0x00,0,0
2216,6338,547,80,64,0x5084,0x4000,708,-889,6250,475,0x01EB,218,0,0,0,0x00,0,0
2217,6341,544,80,64,0x5048,0x4000,708,-782,6253,472,0x01E8,204,0,0,0,0x00,0,0
2218,6344,542,80,64,0x500C,0x4000,708,-675,6256,470,0x01E6,41,0,0,0,0x00,0,0
2219,6346,539,80,64,0x50D0,0x4000,708,-568,6258,467,0x01E3,241,0,0,0,0x00,0,0
2220,6349,538,80,64,0x5094,0x4000,708,-461,6261,466,0x01E2,36,0,0,0,0x00,0,0
2221,6352,536,80,64,0x5058,0x4000,708,-354,6264,464,0x01E0,194,0,0,0,0x00,0,0
2222,6355,535,80,64,0x501C,0x4000,708,-247,6267,463,0x01DF,203,0,0,0,0x00,0,0
2223,6357,535,80,64,0x50E0,0x4000,708,-140,6269,463,0x01DF,63,0,0,0,0x00,0,0
2224,6360,535,80,64,0x50A4,0x4000,708,-33,6272,463,0x01DF,30,0,0,0,0x00,0,0
2225,6363,535,80,64,0x5068,0x404A,708,74,6275,463,0x01DF,30,0,0,0,0x00,0,0
2226,6366,535,80,64,0x502C,0x40FF,708,181,6278,463,0x01DF,30,0,0,0,0x00,0,0
2227,6368,537,80,66,0x50F0,0x4200,708,0,6280,463,0x01DF,30,0,0,0,0x00,0,0
2228,6371,537,80,66,0x50B4,0x4200,708,0,6283,463,0x01DF,30,0,0,0,0x00,0,0
2229,6374,537,80,66,0x5078,0x4200,708,0,6286,463,0x01DF,30,0,0,0,0x00,0,0
2230,6377,537,80,66,0x503C,0x4200,708,0,6289,463,0x01DF,30,0,0,0,0x00,0,0
2231,6380,537,80,66,0x5000,0x4200,708,0,6292,463,0x01DF,30,0,0,0,0x00,0,0
2232,6382,537,80,66,0x50C4,0x4200,708,0,6294,463,0x01DF,30,0,0,0,0x00,0,0
2233,6385,537,80,66,0x5088,0x4200,708,0,6297,463,0x01DF,30,0,0,0,0x00,0,0
2234,6388,537,80,66,0x504C,0x4200,708,0,6300,463,0x01DF,30,0,0,0,0x00,0,0
2235,6391,537,80,66,0x5010,0x4200,708,0,6303,463,0x01DF,30,0,0,0,0x00,0,0
2236,6393,537,80,66,0x50D4,0x4200,708,0,6305,463,0x01DF,30,0,0,0,0x00,0,0
2237,6396,537,80,66,0x5098,0x4200,708,0,6308,463,0x01DF,30,0,0,0,0x00,0,0
2238,6399,537,80,66,0x505C,0x4200,708,0,6311,463,0x01DF,30,0,0,0,0x00,0,0
2239,6402,537,80,66,0x5020,0x4200,708,0,6314,463,0x01DF,30,0,0,0,0x00,0,0
2240,6404,537,80,66,0x50E4,0x4200,708,0,6316,463,0x01DF,30,0,0,0,0x00,0,0
2241,6407,537,80,66,0x50A8,0x4200,708,0,6319,463,0x01DF,30,0,0,0,0x00,0,0
2242,6410,537,80,66,0x506C,0x4200,708,0,6322,463,0x01DF,30,0,0,0,0x00,0,0
2243,6413,537,80,66,0x5030,0x4200,708,0,6325,463,0x01DF,30,0,0,0,0x00,0,0
2244,6415,537,80,66,0x50F4,0x4200,708,0,6327,463,0x01DF,30,0,0,0,0x00,0,0
2245,6418,537,80,66,0x50B8,0x4200,708,0,6330,463,0x01DF,30,0,0,0,0x00,0,0
2246,6421,537,80,66,0x507C,0x4200,708,0,6333,463,0x01DF,30,0,0,0,0x00,0,0
2247,6424,537,80,66,0x5040,0x4200,708,0,6336,463,0x01DF,30,0,0,0,0x00,0,0
2248,6427,537,80,66,0x5004,0x4200,708,0,6339,463,0x01DF,30,0,0,0,0x00,0,0
2249,6429,537,80,66,0x50C8,0x4200,708,0,6341,463,0x01DF,30,0,0,0,0x00,0,0
2250,6432,537,80,66,0x508C,0x4200,708,0,6344,463,0x01DF,30,0,0,0,0x00,0,0
2251,6435,537,80,66,0x5050,0x4200,708,0,6347,463,0x01DF,30,0,0,0,0x00,0,0
2252,6438,537,80,66,0x5014,0x4200,708,0,6350,463,0x01DF,30,0,0,0,0x00,0,0
2253,6440,537,80,66,0x50D8,0x4200,708,0,6352,463,0x01DF,30,0,0,0,0x00,0,0
2254,6443,537,80,66,0x509C,0x4200,708,0,6355,463,0x01DF,30,0,0,0,0x00,0,0
2255,6446,537,80,66,0x5060,0x4200,708,0,6358,463,0x01DF,30,0,0,0,0x00,0,0
2256,6449,537,80,66,0x5024,0x4200,708,0,6361,463,0x01DF,30,0,0,0,0x00,0,0
2257,6451,537,80,66,0x50E8,0x4200,708,0,6363,463,0x01DF,30,0,0,0,0x00,0,0
2258,6454,537,80,66,0x50AC,0x4200,708,0,6366,463,0x01DF,30,0,0,0,0x00,0,0
2259,6457,537,80,66,0x5070,0x4200,708,0,6369,463,0x01DF,30,0,0,0,0x00,0,0
2260,6460,537,80,66,0x5034,0x4200,708,0,6372,463,0x01DF,30,0,0,0,0x00,0,0
2261,6462,537,80,66,0x50F8,0x4200,708,0,6374,463,0x01DF,30,0,0,0,0x00,0,0
2262,6465,537,80,66,0x50BC,0x4200,708,0,6377,463,0x01DF,30,0,0,0,0x00,0,0
2263,6468,537,80,66,0x5080,0x4200,708,0,6380,463,0x01DF,30,0,0,0,0x00,0,0
2264,6471,537,80,66,0x5044,0x4200,708,0,6383,463,0x01DF,30,0,0,0,0x00,0,0
2265,6474,537,80,66,0x5008,0x4200,708,0,6386,463,0x01DF,30,0,0,0,0x00,0,0
2266,6476,537,80,66,0x50CC,0x4200,708,0,6388,463,0x01DF,30,0,0,0,0x00,0,0
2267,6479,537,80,66,0x5090,0x4200,708,0,6391,463,0x01DF,30,0,0,0,0x00,0,0
2268,6482,537,80,66,0x5054,0x4200,708,0,6394,463,0x01DF,30,0,0,0,0x00,0,0
2269,6485,537,80,66,0x5018,0x4200,708,0,6397,463,0x01DF,30,0,0,0,0x00,0,0
2270,6487,537,80,66,0x50DC,0x4200,708,0,6399,463,0x01DF,30,0,0,0,0x00,0,0
2271,6490,537,80,66,0x50A0,0x4200,708,0,6402,463,0x01DF,30,0,0,0,0x00,0,0
2272,6493,537,80,66,0x5064,0x4200,708,-1424,6405,463,0x01DF,30,0,0,0,0x00,0,0
2273,6496,531,80,64,0x5028,0x4000,708,-1317,6408,459,0x01DB,249,0,0,0,0x00,0,0
2274,6498,527,80,64,0x50EC,0x4000,708,-1210,6410,455,0x01D7,63,0,0,0,0x00,0,0
2275,6501,522,80,64,0x50B0,0x4000,708,-1103,6413,450,0x01D2,240,0,0,0,0x00,0,0
2276,6504,519,80,64,0x5074,0x4000,708,-996,6416,447,0x01CF,12,0,0,0,0x00,0,0
2277,6507,515,80,64,0x5038,0x4000,708,-889,6419,443,0x01CB,147,0,0,0,0x00,0,0
2278,6509,512,80,64,0x50FC,0x4000,708,-782,6421,440,0x01C8,133,0,0,0,0x00,0,0
2279,6512,509,80,64,0x50C0,0x4000,708,-675,6424,437,0x01C5,226,0,0,0,0x00,0,0
2280,6515,507,80,64,0x5084,0x4000,708,-568,6427,435,0x01C3,170,0,0,0,0x00,0,0
2281,6518,505,80,64,0x5048,0x4000,708,-461,6430,433,0x01C1,221,0,0,0,0x00,0,0
2282,6521,504,80,64,0x500C,0x4000,708,-354,6433,432,0x01C0,123,0,0,0,0x00,0,0
2283,6523,503,80,64,0x50D0,0x4000,708,-247,6435,431,0x01BF,132,0,0,0,0x00,0,0
2284,6526,502,80,64,0x5094,0x4000,708,-140,6438,430,0x01BE,248,0,0,0,0x00,0,0
2285,6529,502,80,64,0x5058,0x4000,708,-33,6441,430,0x01BE,215,0,0,0,0x00,0,0
2286,6532,502,80,64,0x501C,0x404A,708,74,6444,430,0x01BE,215,0,0,0,0x00,0,0
2287,6534,502,80,64,0x50E0,0x40FF,708,181,6446,430,0x01BE,215,0,0,0,0x00,0,0
2288,6537,504,80,66,0x50A4,0x421F,708,288,6449,430,0x01BE,215,0,0,0,0x00,0,0
2289,6540,505,80,67,0x5068,0x43AA,708,395,6452,430,0x01BE,215,0,0,0,0x00,0,0
2290,6543,507,80,69,0x502C,0x45A0,708,502,6455,430,0x01BE,215,0,0,0,0x00,0,0
2291,6545,510,80,72,0x50F0,0x4801,708,609,6457,430,0x01BE,215,0,0,0,0x00,0,0
2292,6548,512,80,74,0x50B4,0x4ACD,708,716,6460,430,0x01BE,215,0,0,0,0x00,0,0
2293,6551,516,80,78,0x5078,0x4E04,708,823,6463,430,0x01BE,215,0,0,0,0x00,0,0
2294,6554,519,80,81,0x503C,0x51A6,708,930,6466,430,0x01BE,215,0,0,0,0x00,0,0
2295,6557,523,80,85,0x5000,0x55B3,708,1037,6469,430,0x01BE,215,0,0,0,0x00,0,0
2296,6559,528,80,90,0x50C4,0x5A2B,708,1144,6471,430,0x01BE,215,0,0,0,0x00,0,0
2297,6562,533,80,95,0x5088,0x5F0E,708,1251,6474,430,0x01BE,215,0,0,0,0x00,0,0
2298,6565,538,80,100,0x504C,0x645C,708,1358,6477,430,0x01BE,215,0,0,0,0x00,0,0
2299,6568,544,80,106,0x5010,0x6A15,708,1465,6480,430,0x01BE,215,0,0,0,0x00,0,0
2300,6570,550,80,112,0x50D4,0x7039,708,1572,6482,430,0x01BE,215,0,0,0,0x00,0,0
2301,6573,556,80,118,0x5098,0x76C8,708,1679,6485,430,0x01BE,215,0,0,0,0x00,0,0
2302,6576,563,80,125,0x505C,0x7DC2,708,1786,6488,430,0x01BE,215,0,0,0,0x00,0,0
2303,6579,571,80,133,0x5020,0x8527,708,1893,6491,430,0x01BE,215,0,0,0,0x00,0,0
2304,6581,578,80,140,0x50E4,0x8C21,708,1786,6493,430,0x01BE,215,0,0,0,0x00,0,0
2305,6584,585,80,147,0x50A8,0x9386,708,1893,6496,430,0x01BE,215,0,0,0,0x00,0,0
2306,6587,592,80,154,0x506C,0x9A80,708,1786,6499,430,0x01BE,215,0,0,0,0x00,0,0
2307,6590,600,80,160,0x5030,0xA000,708,1893,6502,432,0x01C0,188,0,0,0,0x00,0,0
2308,6592,607,80,160,0x50F4,0xA000,708,1786,6504,439,0x01C7,182,0,0,0,0x00,0,0
2309,6595,615,80,160,0x50B8,0xA000,708,1893,6507,447,0x01CF,27,0,0,0,0x00,0,0
2310,6598,622,80,160,0x507C,0xA000,708,1786,6510,454,0x01D6,21,0,0,0,0x00,0,0
2311,6601,629,80,160,0x5040,0xA000,708,1893,6513,461,0x01DD,122,0,0,0,0x00,0,0
2312,6604,636,80,160,0x5004,0xA000,708,1786,6516,468,0x01E4,116,0,0,0,0x00,0,0
2313,6606,643,80,160,0x50C8,0xA000,708,1893,6518,475,0x01EB,217,0,0,0,0x00,0,0
2314,6609,650,80,160,0x508C,0xA000,708,1786,6521,482,0x0202,211,0,0,0,0x00,0,0
2315,6612,658,80,160,0x5050,0xA000,708,1893,6524,490,0x020A,56,0,0,0,0x00,0,0
2316,6615,665,80,160,0x5014,0xA000,708,1786,6527,497,0x0211,50,0,0,0,0x00,0,0
2317,6617,672,80,160,0x50D8,0xA000,708,1893,6529,504,0x0218,151,0,0,0,0x00,0,0
2318,6620,679,80,160,0x509C,0xA000,708,1786,6532,511,0x021F,145,0,0,0,0x00,0,0
2319,6623,686,80,160,0x5060,0xA000,708,1893,6535,518,0x0226,246,0,0,0,0x00,0,0
2320,6626,693,80,160,0x5024,0xA000,708,1786,6538,525,0x022D,240,0,0,0,0x00,0,0
2321,6628,701,80,160,0x50E8,0xA000,708,1893,6540,533,0x0235,85,0,0,0,0x00,0,0
2322,6631,708,80,160,0x50AC,0xA000,708,1786,6543,540,0x023C,79,0,0,0,0x00,0,0
2323,6634,715,80,160,0x5070,0xA000,708,1893,6546,547,0x0243,180,0,0,0,0x00,0,0
2324,6637,722,80,160,0x5034,0xA000,708,1786,6549,554,0x024A,174,0,0,0,0x00,0,0
2325,6639,730,80,160,0x50F8,0xA000,708,1893,6551,562,0x0252,19,0,0,0,0x00,0,0
2326,6642,737,80,160,0x50BC,0xA000,708,1786,6554,569,0x0259,13,0,0,0,0x00,0,0
2327,6645,744,80,160,0x5080,0xA000,708,1893,6557,576,0x0260,114,0,0,0,0x00,0,0
2328,6648,751,80,160,0x5044,0xA000,708,1786,6560,583,0x0267,108,0,0,0,0x00,0,0
2329,6651,758,80,160,0x5008,0xA000,708,1893,6563,590,0x026E,209,0,0,0,0x00,0,0
2330,6653,761,80,160,0x50CC,0xA000,708,-1424,6565,593,0x0271,209,0,0,0,0x00,0,0
2331,6656,755,80,154,0x5090,0x9ADB,708,-1317,6568,593,0x0271,209,0,0,0,0x00,0,0
2332,6659,751,80,150,0x5054,0x9621,708,-1210,6571,593,0x0271,209,0,0,0,0x00,0,0
2333,6662,746,80,145,0x5018,0x91D2,708,-1103,6574,593,0x0271,209,0,0,0,0x00,0,0
2334,6664,742,80,141,0x50DC,0x8DEE,708,-996,6576,593,0x0271,209,0,0,0,0x00,0,0
2335,6667,739,80,138,0x50A0,0x8A75,708,-889,6579,593,0x0271,209,0,0,0,0x00,0,0
2336,6670,736,80,135,0x5064,0x8767,708,-782,6582,593,0x0271,209,0,0,0,0x00,0,0
2337,6673,733,80,132,0x5028,0x84C4,708,-675,6585,593,0x0271,209,0,0,0,0x00,0,0
2338,6675,731,80,130,0x50EC,0x828C,708,-568,6587,593,0x0271,209,0,0,0,0x00,0,0
2339,6678,729,80,128,0x50B0,0x80BF,708,-461,6590,593,0x0271,209,0,0,0,0x00,0,0
2340,6681,728,80,127,0x5074,0x7F5D,708,-354,6593,593,0x0271,209,0,0,0,0x00,0,0
2341,6684,727,80,126,0x5038,0x7E66,708,-247,6596,593,0x0271,209,0,0,0,0x00,0,0
2342,6686,726,80,125,0x50FC,0x7DDA,708,-140,6598,593,0x0271,209,0,0,0,0x00,0,0
2343,6689,726,80,125,0x50C0,0x7DB9,708,-33,6601,593,0x0271,209,0,0,0,0x00,0,0
2344,6692,727,80,126,0x5084,0x7E03,708,74,6604,593,0x0271,209,0,0,0,0x00,0,0
2345,6695,727,80,126,0x5048,0x7EB8,708,181,6607,593,0x0271,209,0,0,0,0x00,0,0
2346,6698,728,80,127,0x500C,0x7FD8,708,288,6610,593,0x0271,209,0,0,0,0x00,0,0
2347,6700,730,80,129,0x50D0,0x8163,708,395,6612,593,0x0271,209,0,0,0,0x00,0,0
2348,6703,732,80,131,0x5094,0x8359,708,502,6615,593,0x0271,209,0,0,0,0x00,0,0
2349,6706,734,80,133,0x5058,0x85BA,708,609,6618,593,0x0271,209,0,0,0,0x00,0,0
2350,6709,737,80,136,0x501C,0x8886,708,716,6621,593,0x0271,209,0,0,0,0x00,0,0
2351,6711,740,80,139,0x50E0,0x8BBD,708,823,6623,593,0x0271,209,0,0,0,0x00,0,0
2352,6714,744,80,143,0x50A4,0x8F5F,708,930,6626,593,0x0271,209,0,0,0,0x00,0,0
2353,6717,748,80,147,0x5068,0x936C,708,1037,6629,593,0x0271,209,0,0,0,0x00,0,0
2354,6720,752,80,151,0x502C,0x97E4,708,1144,6632,593,0x0271,209,0,0,0,0x00,0,0
2355,6722,757,80,156,0x50F0,0x9CC7,708,1251,6634,593,0x0271,209,0,0,0,0x00,0,0
2356,6725,763,80,160,0x50B4,0xA000,708,1358,6637,595,0x0273,230,0,0,0,0x00,0,0
2357,6728,769,80,160,0x5078,0xA000,708,1465,6640,601,0x0279,159,0,0,0,0x00,0,0
2358,6731,775,80,160,0x503C,0xA000,708,1572,6643,607,0x027F,195,0,0,0,0x00,0,0
2359,6734,777,80,160,0x5000,0xA000,708,-1424,6646,609,0x0281,195,0,0,0,0x00,0,0
2360,6736,771,80,154,0x50C4,0x9ADB,708,-1317,6648,609,0x0281,195,0,0,0,0x00,0,0
2361,6739,767,80,150,0x5088,0x9621,708,-1210,6651,609,0x0281,195,0,0,0,0x00,0,0
2362,6742,762,80,145,0x504C,0x91D2,708,-1103,6654,609,0x0281,195,0,0,0,0x00,0,0
2363,6745,758,80,141,0x5010,0x8DEE,708,-996,6657,609,0x0281,195,0,0,0,0x00,0,0
2364,6747,755,80,138,0x50D4,0x8A75,708,-889,6659,609,0x0281,195,0,0,0,0x00,0,0
2365,6750,752,80,135,0x5098,0x8767,708,-782,6662,609,0x0281,195,0,0,0,0x00,0,0
2366,6753,749,80,132,0x505C,0x84C4,708,-675,6665,609,0x0281,195,0,0,0,0x00,0,0
2367,6756,747,80,130,0x5020,0x828C,708,-568,6668,609,0x0281,195,0,0,0,0x00,0,0
2368,6758,745,80,128,0x50E4,0x80BF,708,-461,6670,609,0x0281,195,0,0,0,0x00,0,0
2369,6761,744,80,127,0x50A8,0x7F5D,708,-354,6673,609,0x0281,195,0,0,0,0x00,0,0
2370,6764,743,80,126,0x506C,0x7E66,708,-247,6676,609,0x0281,195,0,0,0,0x00,0,0
2371,6767,742,80,125,0x5030,0x7DDA,708,-140,6679,609,0x0281,195,0,0,0,0x00,0,0
2372,6769,742,80,125,0x50F4,0x7DB9,708,-33,6681,609,0x0281,195,0,0,0,0x00,0,0
2373,6772,743,80,126,0x50B8,0x7E03,708,74,6684,609,0x0281,195,0,0,0,0x00,0,0
2374,6775,743,80,126,0x507C,0x7EB8,708,181,6687,609,0x0281,195,0,0,0,0x00,0,0
2375,6778,744,80,127,0x5040,0x7FD8,708,288,6690,609,0x0281,195,0,0,0,0x00,0,0
2376,6781,746,80,129,0x5004,0x8163,708,395,6693,609,0x0281,195,0,0,0,0x00,0,0
2377,6783,748,80,131,0x50C8,0x8359,708,502,6695,609,0x0281,195,0,0,0,0x00,0,0
2378,6786,750,80,133,0x508C,0x85BA,708,609,6698,609,0x0281,195,0,0,0,0x00,0,0
2379,6789,753,80,136,0x5050,0x8886,708,716,6701,609,0x0281,195,0,0,0,0x00,0,0
2380,6792,756,80,139,0x5014,0x8BBD,708,823,6704,609,0x0281,195,0,0,0,0x00,0,0
2381,6794,760,80,143,0x50D8,0x8F5F,708,930,6706,609,0x0281,195,0,0,0,0x00,0,0
2382,6797,764,80,147,0x509C,0x936C,708,1037,6709,609,0x0281,195,0,0,0,0x00,0,0
2383,6800,768,80,151,0x5060,0x97E4,708,1144,6712,609,0x0281,195,0,0,0,0x00,0,0
2384,6803,773,80,156,0x5024,0x9CC7,708,1251,6715,609,0x0281,195,0,0,0,0x00,0,0
2385,6805,779,80,160,0x50E8,0xA000,708,1358,6717,611,0x0283,216,0,0,0,0x00,0,0
2386,6808,785,80,160,0x50AC,0xA000,708,1465,6720,617,0x0289,145,0,0,0,0x00,0,0
2387,6811,791,80,160,0x5070,0xA000,708,1572,6723,623,0x028F,181,0,0,0,0x00,0,0
2388,6814,793,80,160,0x5034,0xA000,708,-1424,6726,625,0x0291,181,0,0,0,0x00,0,0
2389,6816,787,80,154,0x50F8,0x9ADB,708,-1317,6728,625,0x0291,181,0,0,0,0x00,0,0
2390,6819,783,80,150,0x50BC,0x9621,708,-1210,6731,625,0x0291,181,0,0,0,0x00,0,0
2391,6822,778,80,145,0x5080,0x91D2,708,-1103,6734,625,0x0291,181,0,0,0,0x00,0,0
2392,6825,774,80,141,0x5044,0x8DEE,708,-996,6737,625,0x0291,181,0,0,0,0x00,0,0
2393,6828,771,80,138,0x5008,0x8A75,708,-889,6740,625,0x0291,181,0,0,0,0x00,0,0
2394,6830,768,80,135,0x50CC,0x8767,708,-782,6742,625,0x0291,181,0,0,0,0x00,0,0
2395,6833,765,80,132,0x5090,0x84C4,708,-675,6745,625,0x0291,181,0,0,0,0x00,0,0
2396,6836,763,80,130,0x5054,0x828C,708,-568,6748,625,0x0291,181,0,0,0,0x00,0,0
2397,6839,761,80,128,0x5018,0x80BF,708,-461,6751,625,0x0291,181,0,0,0,0x00,0,0
2398,6841,760,80,127,0x50DC,0x7F5D,708,-354,6753,625,0x0291,181,0,0,0,0x00,0,0
2399,6844,759,80,126,0x50A0,0x7E66,708,-247,6756,625,0x0291,181,0,0,0,0x00,0,0
2400,6847,758,80,125,0x5064,0x7DDA,708,-140,6759,625,0x0291,181,0,0,0,0x00,0,0
2401,6850,758,80,125,0x5028,0x7DB9,708,-33,6762,625,0x0291,181,0,0,0,0x00,0,0
2402,6852,759,80,126,0x50EC,0x7E03,708,74,6764,625,0x0291,181,0,0,0,0x00,0,0
2403,6855,759,80,126,0x50B0,0x7EB8,708,181,6767,625,0x0291,181,0,0,0,0x00,0,0
2404,6858,760,80,127,0x5074,0x7FD8,708,288,6770,625,0x0291,181,0,0,0,0x00,0,0
2405,6861,761,80,128,0x5038,0x8000,708,-1424,6773,625,0x0291,181,0,0,0,0x00,0,0
2406,6863,755,80,122,0x50FC,0x7ADB,708,-1317,6775,625,0x0291,181,0,0,0,0x00,0,0
2407,6866,751,80,118,0x50C0,0x7621,708,-1210,6778,625,0x0291,181,0,0,0,0x00,0,0
2408,6869,746,80,113,0x5084,0x71D2,708,-1103,6781,625,0x0291,181,0,0,0,0x00,0,0
2409,6872,742,80,109,0x5048,0x6DEE,708,-996,6784,625,0x0291,181,0,0,0,0x00,0,0
2410,6875,739,80,106,0x500C,0x6A75,708,-889,6787,625,0x0291,181,0,0,0,0x00,0,0
2411,6877,736,80,103,0x50D0,0x6767,708,-782,6789,625,0x0291,181,0,0,0,0x00,0,0
2412,6880,733,80,100,0x5094,0x64C4,708,-675,6792,625,0x0291,181,0,0,0,0x00,0,0
2413,6883,731,80,98,0x5058,0x628C,708,-568,6795,625,0x0291,181,0,0,0,0x00,0,0
2414,6886,729,80,96,0x501C,0x60BF,708,-461,6798,625,0x0291,181,0,0,0,0x00,0,0
2415,6888,728,80,95,0x50E0,0x5F5D,708,-354,6800,625,0x0291,181,0,0,0,0x00,0,0
2416,6891,727,80,94,0x50A4,0x5E66,708,-247,6803,625,0x0291,181,0,0,0,0x00,0,0
2417,6894,726,80,93,0x5068,0x5DDA,708,-140,6806,625,0x0291,181,0,0,0,0x00,0,0
2418,6897,726,80,93,0x502C,0x5DB9,708,-33,6809,625,0x0291,181,0,0,0,0x00,0,0
2419,6899,727,80,94,0x50F0,0x5E03,708,74,6811,625,0x0291,181,0,0,0,0x00,0,0
2420,6902,727,80,94,0x50B4,0x5EB8,708,181,6814,625,0x0291,181,0,0,0,0x00,0,0
2421,6905,728,80,95,0x5078,0x5FD8,708,288,6817,625,0x0291,181,0,0,0,0x00,0,0
2422,6908,729,80,96,0x503C,0x6000,708,-1424,6820,625,0x0291,181,0,0,0,0x00,0,0
2423,6911,723,80,90,0x5000,0x5ADB,708,-1317,6823,625,0x0291,181,0,0,0,0x00,0,0
2424,6913,719,80,86,0x50C4,0x5621,708,-1210,6825,625,0x0291,181,0,0,0,0x00,0,0
2425,6916,714,80,81,0x5088,0x51D2,708,-1103,6828,625,0x0291,181,0,0,0,0x00,0,0
2426,6919,710,80,77,0x504C,0x4DEE,708,-996,6831,625,0x0291,181,0,0,0,0x00,0,0
2427,6922,707,80,74,0x5010,0x4A75,708,-889,6834,625,0x0291,181,0,0,0,0x00,0,0
2428,6924,704,80,71,0x50D4,0x4767,708,-782,6836,625,0x0291,181,0,0,0,0x00,0,0
2429,6927,701,80,68,0x5098,0x44C4,708,-675,6839,625,0x0291,181,0,0,0,0x00,0,0
2430,6930,699,80,66,0x505C,0x428C,708,-568,6842,625,0x0291,181,0,0,0,0x00,0,0
2431,6933,697,80,64,0x5020,0x40BF,708,-461,6845,625,0x0291,181,0,0,0,0x00,0,0
2432,6935,697,80,64,0x50E4,0x4000,708,-354,6847,625,0x0291,18,0,0,0,0x00,0,0
2433,6938,696,80,64,0x50A8,0x4000,708,-247,6850,624,0x0290,27,0,0,0,0x00,0,0
2434,6941,695,80,64,0x506C,0x4000,708,-140,6853,623,0x028F,143,0,0,0,0x00,0,0
2435,6944,695,80,64,0x5030,0x4000,708,-33,6856,623,0x028F,110,0,0,0,0x00,0,0
2436,6946,695,80,64,0x50F4,0x404A,708,74,6858,623,0x028F,110,0,0,0,0x00,0,0
2437,6949,695,80,64,0x50B8,0x40FF,708,181,6861,623,0x028F,110,0,0,0,0x00,0,0
2438,6952,697,80,66,0x507C,0x421F,708,288,6864,623,0x028F,110,0,0,0,0x00,0,0
2439,6955,698,80,67,0x5040,0x43AA,708,395,6867,623,0x028F,110,0,0,0,0x00,0,0
2440,6958,700,80,69,0x5004,0x45A0,708,502,6870,623,0x028F,110,0,0,0,0x00,0,0
2441,6960,703,80,72,0x50C8,0x4801,708,609,6872,623,0x028F,110,0,0,0,0x00,0,0
2442,6963,705,80,74,0x508C,0x4ACD,708,716,6875,623,0x028F,110,0,0,0,0x00,0,0
2443,6966,709,80,78,0x5050,0x4E04,708,823,6878,623,0x028F,110,0,0,0,0x00,0,0
2444,6969,712,80,81,0x5014,0x51A6,708,930,6881,623,0x028F,110,0,0,0,0x00,0,0
2445,6971,716,80,85,0x50D8,0x55B3,708,1037,6883,623,0x028F,110,0,0,0,0x00,0,0
2446,6974,721,80,90,0x509C,0x5A2B,708,1144,6886,623,0x028F,110,0,0,0,0x00,0,0
2447,6977,726,80,95,0x5060,0x5F0E,708,1251,6889,623,0x028F,110,0,0,0,0x00,0,0
2448,6980,729,80,98,0x5024,0x6200,708,0,6892,623,0x028F,110,0,0,0,0x00,0,0
2449,6982,729,80,98,0x50E8,0x6200,708,0,6894,623,0x028F,110,0,0,0,0x00,0,0
2450,6985,729,80,98,0x50AC,0x6200,708,-1424,6897,623,0x028F,110,0,0,0,0x00,0,0
2451,6988,723,80,92,0x5070,0x5CDB,708,-1317,6900,623,0x028F,110,0,0,0,0x00,0,0
2452,6991,719,80,88,0x5034,0x5821,708,-1210,6903,623,0x028F,110,0,0,0,0x00,0,0
2453,6993,714,80,83,0x50F8,0x53D2,708,-1103,6905,623,0x028F,110,0,0,0,0x00,0,0
2454,6996,710,80,79,0x50BC,0x4FEE,708,-996,6908,623,0x028F,110,0,0,0,0x00,0,0
2455,6999,707,80,76,0x5080,0x4C75,708,-889,6911,623,0x028F,110,0,0,0,0x00,0,0
2456,7002,704,80,73,0x5044,0x4967,708,-782,6914,623,0x028F,110,0,0,0,0x00,0,0
2457,7005,701,80,70,0x5008,0x46C4,708,-675,6917,623,0x028F,110,0,0,0,0x00,0,0
2458,7007,699,80,68,0x50CC,0x448C,708,-568,6919,623,0x028F,110,0,0,0,0x00,0,0
2459,7010,697,80,66,0x5090,0x42BF,708,-461,6922,623,0x028F,110,0,0,0,0x00,0,0
2460,7013,696,80,65,0x5054,0x415D,708,-354,6925,623,0x028F,110,0,0,0,0x00,0,0
2461,7016,695,80,64,0x5018,0x4066,708,-247,6928,623,0x028F,110,0,0,0,0x00,0,0
2462,7018,695,80,64,0x50DC,0x4000,708,-140,6930,623,0x028F,72,0,0,0,0x00,0,0
2463,7021,695,80,64,0x50A0,0x4000,708,-33,6933,623,0x028F,39,0,0,0,0x00,0,0
2464,7024,695,80,64,0x5064,0x404A,708,74,6936,623,0x028F,39,0,0,0,0x00,0,0
2465,7027,695,80,64,0x5028,0x40FF,708,181,6939,623,0x028F,39,0,0,0,0x00,0,0
2466,7029,697,80,66,0x50EC,0x421F,708,288,6941,623,0x028F,39,0,0,0,0x00,0,0
2467,7032,698,80,67,0x50B0,0x43AA,708,395,6944,623,0x028F,39,0,0,0,0x00,0,0
2468,7035,700,80,69,0x5074,0x45A0,708,502,6947,623,0x028F,39,0,0,0,0x00,0,0
2469,7038,703,80,72,0x5038,0x4801,708,609,6950,623,0x028F,39,0,0,0,0x00,0,0
2470,7040,705,80,74,0x50FC,0x4ACD,708,716,6952,623,0x028F,39,0,0,0,0x00,0,0
2471,7043,709,80,78,0x50C0,0x4E04,708,823,6955,623,0x028F,39,0,0,0,0x00,0,0
2472,7046,712,80,81,0x5084,0x51A6,708,930,6958,623,0x028F,39,0,0,0,0x00,0,0
2473,7049,716,80,85,0x5048,0x55B3,708,1037,6961,623,0x028F,39,0,0,0,0x00,0,0
2474,7052,713,80,82,0x500C,0x5200,708,-1424,6964,623,0x028F,39,0,0,0,0x00,0,0
2475,7054,707,80,76,0x50D0,0x4CDB,708,-1317,6966,623,0x028F,39,0,0,0,0x00,0,0
2476,7057,703,80,72,0x5094,0x4821,708,-1210,6969,623,0x028F,39,0,0,0,0x00,0,0
2477,7060,698,80,67,0x5058,0x43D2,708,-1103,6972,623,0x028F,39,0,0,0,0x00,0,0
2478,7063,695,80,64,0x501C,0x4000,708,-996,6975,623,0x028F,21,0,0,0,0x00,0,0
2479,7065,691,80,64,0x50E0,0x4000,708,-889,6977,619,0x028B,156,0,0,0,0x00,0,0
2480,7068,688,80,64,0x50A4,0x4000,708,-782,6980,616,0x0288,142,0,0,0,0x00,0,0
2481,7071,685,80,64,0x5068,0x4000,708,-675,6983,613,0x0285,235,0,0,0,0x00,0,0
2482,7074,683,80,64,0x502C,0x4000,708,-568,6986,611,0x0283,179,0,0,0,0x00,0,0
2483,7076,681,80,64,0x50F0,0x4000,708,-461,6988,609,0x0281,230,0,0,0,0x00,0,0
2484,7079,680,80,64,0x50B4,0x4000,708,-354,6991,608,0x0280,132,0,0,0,0x00,0,0
2485,7082,679,80,64,0x5078,0x4000,708,-247,6994,607,0x027F,141,0,0,0,0x00,0,0
2486,7085,679,80,64,0x503C,0x4000,708,-140,6997,607,0x027F,1,0,0,0,0x00,0,0
2487,7088,678,80,64,0x5000,0x4000,708,-33,7000,606,0x027E,224,0,0,0,0x00,0,0
2488,7090,678,80,64,0x50C4,0x404A,708,74,7002,606,0x027E,224,0,0,0,0x00,0,0
2489,7093,678,80,64,0x5088,0x40FF,708,181,7005,606,0x027E,224,0,0,0,0x00,0,0
2490,7096,680,80,66,0x504C,0x421F,708,288,7008,606,0x027E,224,0,0,0,0x00,0,0
2491,7099,681,80,67,0x5010,0x43AA,708,395,7011,606,0x027E,224,0,0,0,0x00,0,0
2492,7101,683,80,69,0x50D4,0x45A0,708,502,7013,606,0x027E,224,0,0,0,0x00,0,0
2493,7104,686,80,72,0x5098,0x4801,708,609,7016,606,0x027E,224,0,0,0,0x00,0,0
2494,7107,688,80,74,0x505C,0x4ACD,708,716,7019,606,0x027E,224,0,0,0,0x00,0,0
2495,7110,692,80,78,0x5020,0x4E04,708,823,7022,606,0x027E,224,0,0,0,0x00,0,0
2496,7112,695,80,81,0x50E4,0x51A6,708,930,7024,606,0x027E,224,0,0,0,0x00,0,0
2497,7115,699,80,85,0x50A8,0x55B3,708,1037,7027,606,0x027E,224,0,0,0,0x00,0,0
2498,7118,704,80,90,0x506C,0x5A2B,708,1144,7030,606,0x027E,224,0,0,0,0x00,0,0
2499,7121,709,80,95,0x5030,0x5F0E,708,1251,7033,606,0x027E,224,0,0,0,0x00,0,0
2500,7123,714,80,100,0x50F4,0x645C,708,1358,7035,606,0x027E,224,0,0,0,0x00,0,0
2501,7126,720,80,106,0x50B8,0x6A15,708,1465,7038,606,0x027E,224,0,0,0,0x00,0,0
2502,7129,726,80,112,0x507C,0x7039,708,1572,7041,606,0x027E,224,0,0,0,0x00,0,0
2503,7132,729,80,115,0x5040,0x7300,708,-1424,7044,606,0x027E,224,0,0,0,0x00,0,0
2504,7135,723,80,109,0x5004,0x6DDB,708,-1317,7047,606,0x027E,224,0,0,0,0x00,0,0
2505,7137,719,80,105,0x50C8,0x6921,708,-1210,7049,606,0x027E,224,0,0,0,0x00,0,0
2506,7140,714,80,100,0x508C,0x64D2,708,-1103,7052,606,0x027E,224,0,0,0,0x00,0,0
2507,7143,710,80,96,0x5050,0x60EE,708,-996,7055,606,0x027E,224,0,0,0,0x00,0,0
2508,7146,707,80,93,0x5014,0x5D75,708,-889,7058,606,0x027E,224,0,0,0,0x00,0,0
2509,7148,704,80,90,0x50D8,0x5A67,708,-782,7060,606,0x027E,224,0,0,0,0x00,0,0
2510,7151,701,80,87,0x509C,0x57C4,708,-675,7063,606,0x027E,224,0,0,0,0x00,0,0
2511,7154,699,80,85,0x5060,0x558C,708,-568,7066,606,0x027E,224,0,0,0,0x00,0,0
2512,7157,697,80,83,0x5024,0x53BF,708,-461,7069,606,0x027E,224,0,0,0,0x00,0,0
2513,7159,696,80,82,0x50E8,0x525D,708,-354,7071,606,0x027E,224,0,0,0,0x00,0,0
2514,7162,695,80,81,0x50AC,0x5166,708,-247,7074,606,0x027E,224,0,0,0,0x00,0,0
2515,7165,694,80,80,0x5070,0x50DA,708,-140,7077,606,0x027E,224,0,0,0,0x00,0,0
2516,7168,694,80,80,0x5034,0x50B9,708,-33,7080,606,0x027E,224,0,0,0,0x00,0,0
2517,7170,695,80,81,0x50F8,0x5103,708,74,7082,606,0x027E,224,0,0,0,0x00,0,0
2518,7173,695,80,81,0x50BC,0x51B8,708,181,7085,606,0x027E,224,0,0,0,0x00,0,0
2519,7176,696,80,82,0x5080,0x52D8,708,288,7088,606,0x027E,224,0,0,0,0x00,0,0
2520,7179,698,80,84,0x5044,0x5463,708,395,7091,606,0x027E,224,0,0,0,0x00,0,0
2521,7182,700,80,86,0x5008,0x5659,708,502,7094,606,0x027E,224,0,0,0,0x00,0,0
2522,7184,702,80,88,0x50CC,0x58BA,708,609,7096,606,0x027E,224,0,0,0,0x00,0,0
2523,7187,705,80,91,0x5090,0x5B86,708,716,7099,606,0x027E,224,0,0,0,0x00,0,0
2524,7190,708,80,94,0x5054,0x5EBD,708,823,7102,606,0x027E,224,0,0,0,0x00,0,0
2525,7193,712,80,98,0x5018,0x625F,708,930,7105,606,0x027E,224,0,0,0,0x00,0,0
2526,7195,716,80,102,0x50DC,0x666C,708,1037,7107,606,0x027E,224,0,0,0,0x00,0,0
2527,7198,720,80,106,0x50A0,0x6AE4,708,1144,7110,606,0x027E,224,0,0,0,0x00,0,0
2528,7201,725,80,111,0x5064,0x6FC7,708,1251,7113,606,0x027E,224,0,0,0,0x00,0,0
2529,7204,729,80,115,0x5028,0x7300,708,0,7116,606,0x027E,224,0,0,0,0x00,0,0
2530,7206,729,80,115,0x50EC,0x7300,708,0,7118,606,0x027E,224,0,0,0,0x00,0,0
2531,7209,729,80,115,0x50B0,0x7300,708,0,7121,606,0x027E,224,0,0,0,0x00,0,0
2532,7212,729,80,115,0x5074,0x7300,708,0,7124,606,0x027E,224,0,0,0,0x00,0,0
2533,7215,729,80,115,0x5038,0x7300,708,0,7127,606,0x027E,224,0,0,0,0x00,0,0
2534,7217,729,80,115,0x50FC,0x7300,708,0,7129,606,0x027E,224,0,0,0,0x00,0,0
2535,7220,729,80,115,0x50C0,0x7300,708,-1424,7132,606,0x027E,224,0,0,0,0x00,0,0
2536,7223,723,80,109,0x5084,0x6DDB,708,-1317,7135,606,0x027E,224,0,0,0,0x00,0,0
2537,7226,719,80,105,0x5048,0x6921,708,-1210,7138,606,0x027E,224,0,0,0,0x00,0,0
2538,7229,714,80,100,0x500C,0x64D2,708,-1103,7141,606,0x027E,224,0,0,0,0x00,0,0
2539,7231,710,80,96,0x50D0,0x60EE,708,-996,7143,606,0x027E,224,0,0,0,0x00,0,0
2540,7234,707,80,93,0x5094,0x5D75,708,-889,7146,606,0x027E,224,0,0,0,0x00,0,0
2541,7237,704,80,90,0x5058,0x5A67,708,-782,7149,606,0x027E,224,0,0,0,0x00,0,0
2542,7240,701,80,87,0x501C,0x57C4,708,-675,7152,606,0x027E,224,0,0,0,0x00,0,0
2543,7242,699,80,85,0x50E0,0x558C,708,-568,7154,606,0x027E,224,0,0,0,0x00,0,0
2544,7245,697,80,83,0x50A4,0x53BF,708,-461,7157,606,0x027E,224,0,0,0,0x00,0,0
2545,7248,696,80,82,0x5068,0x525D,708,-354,7160,606,0x027E,224,0,0,0,0x00,0,0
2546,7251,695,80,81,0x502C,0x5166,708,-247,7163,606,0x027E,224,0,0,0,0x00,0,0
2547,7253,694,80,80,0x50F0,0x50DA,708,-140,7165,606,0x027E,224,0,0,0,0x00,0,0
2548,7256,694,80,80,0x50B4,0x50B9,708,-33,7168,606,0x027E,224,0,0,0,0x00,0,0
2549,7259,695,80,81,0x5078,0x5103,708,74,7171,606,0x027E,224,0,0,0,0x00,0,0
2550,7262,695,80,81,0x503C,0x51B8,708,181,7174,606,0x027E,224,0,0,0,0x00,0,0
2551,7265,696,80,82,0x5000,0x52D8,708,288,7177,606,0x027E,224,0,0,0,0x00,0,0
2552,7267,698,80,84,0x50C4,0x5463,708,395,7179,606,0x027E,224,0,0,0,0x00,0,0
2553,7270,700,80,86,0x5088,0x5659,708,502,7182,606,0x027E,224,0,0,0,0x00,0,0
2554,7273,702,80,88,0x504C,0x58BA,708,609,7185,606,0x027E,224,0,0,0,0x00,0,0
2555,7276,705,80,91,0x5010,0x5B86,708,716,7188,606,0x027E,224,0,0,0,0x00,0,0
2556,7278,708,80,94,0x50D4,0x5EBD,708,823,7190,606,0x027E,224,0,0,0,0x00,0,0
2557,7281,712,80,98,0x5098,0x625F,708,930,7193,606,0x027E,224,0,0,0,0x00,0,0
2558,7284,716,80,102,0x505C,0x666C,708,1037,7196,606,0x027E,224,0,0,0,0x00,0,0
2559,7287,720,80,106,0x5020,0x6AE4,708,1144,7199,606,0x027E,224,0,0,0,0x00,0,0
2560,7289,725,80,111,0x50E4,0x6FC7,708,1251,7201,606,0x027E,224,0,0,0,0x00,0,0
2561,7292,731,80,117,0x50A8,0x7515,708,1358,7204,606,0x027E,224,0,0,0,0x00,0,0
2562,7295,736,80,122,0x506C,0x7ACE,708,1465,7207,606,0x027E,224,0,0,0,0x00,0,0
2563,7298,742,80,128,0x5030,0x80F2,708,1572,7210,606,0x027E,224,0,0,0,0x00,0,0
2564,7300,749,80,135,0x50F4,0x8781,708,1679,7212,606,0x027E,224,0,0,0,0x00,0,0
2565,7303,756,80,142,0x50B8,0x8E7B,708,1786,7215,606,0x027E,224,0,0,0,0x00,0,0
2566,7306,763,80,149,0x507C,0x95E0,708,1893,7218,606,0x027E,224,0,0,0,0x00,0,0
2567,7309,770,80,156,0x5040,0x9CDA,708,1786,7221,606,0x027E,224,0,0,0,0x00,0,0
2568,7312,779,80,160,0x5004,0xA000,708,1893,7224,611,0x0283,31,0,0,0,0x00,0,0
2569,7314,786,80,160,0x50C8,0xA000,708,1786,7226,618,0x028A,25,0,0,0,0x00,0,0
2570,7317,793,80,160,0x508C,0xA000,708,1893,7229,625,0x0291,126,0,0,0,0x00,0,0
2571,7320,800,80,160,0x5050,0xA000,708,1786,7232,632,0x0298,120,0,0,0,0x00,0,0
2572,7323,807,80,160,0x5014,0xA000,708,1893,7235,639,0x029F,221,0,0,0,0x00,0,0
2573,7325,814,80,160,0x50D8,0xA000,708,1786,7237,646,0x02A6,215,0,0,0,0x00,0,0
2574,7328,822,80,160,0x509C,0xA000,708,1893,7240,654,0x02AE,60,0,0,0,0x00,0,0
2575,7331,829,80,160,0x5060,0xA000,708,1786,7243,661,0x02B5,54,0,0,0,0x00,0,0
2576,7334,836,80,160,0x5024,0xA000,708,1893,7246,668,0x02BC,155,0,0,0,0x00,0,0
2577,7336,843,80,160,0x50E8,0xA000,708,1786,7248,675,0x02C3,149,0,0,0,0x00,0,0
2578,7339,850,80,160,0x50AC,0xA000,708,1893,7251,682,0x02CA,250,0,0,0,0x00,0,0
2579,7342,857,80,160,0x5070,0xA000,708,1786,7254,689,0x02D1,244,0,0,0,0x00,0,0
2580,7345,865,80,160,0x5034,0xA000,708,1893,7257,697,0x02D9,89,0,0,0,0x00,0,0
2581,7347,872,80,160,0x50F8,0xA000,708,1786,7259,704,0x02E0,83,0,0,0,0x00,0,0
2582,7350,879,80,160,0x50BC,0xA000,708,1893,7262,711,0x02E7,184,0,0,0,0x00,0,0
2583,7353,886,80,160,0x5080,0xA000,708,1786,7265,718,0x02EE,178,0,0,0,0x00,0,0
2584,7356,889,80,162,0x5044,0xA2B2,708,-1424,7268,719,0x02EF,0,0,0,0,0x00,0,0
2585,7359,884,80,157,0x5008,0x9D8D,708,-1317,7271,719,0x02EF,0,0,0,0,0x00,0,0
2586,7361,879,80,152,0x50CC,0x98D3,708,-1210,7273,719,0x02EF,0,0,0,0,0x00,0,0
2587,7364,875,80,148,0x5090,0x9484,708,-1103,7276,719,0x02EF,0,0,0,0,0x00,0,0
2588,7367,871,80,144,0x5054,0x90A0,708,-996,7279,719,0x02EF,0,0,0,0,0x00,0,0
2589,7370,868,80,141,0x5018,0x8D27,708,-889,7282,719,0x02EF,0,0,0,0,0x00,0,0
2590,7372,865,80,138,0x50DC,0x8A19,708,-782,7284,719,0x02EF,0,0,0,0,0x00,0,0
2591,7375,862,80,135,0x50A0,0x8776,708,-675,7287,719,0x02EF,0,0,0,0,0x00,0,0
2592,7378,860,80,133,0x5064,0x853E,708,-568,7290,719,0x02EF,0,0,0,0,0x00,0,0
2593,7381,858,80,131,0x5028,0x8371,708,-461,7293,719,0x02EF,0,0,0,0,0x00,0,0
2594,7383,857,80,130,0x50EC,0x820F,708,-354,7295,719,0x02EF,0,0,0,0,0x00,0,0
2595,7386,856,80,129,0x50B0,0x8118,708,-247,7298,719,0x02EF,0,0,0,0,0x00,0,0
2596,7389,855,80,128,0x5074,0x808C,708,-140,7301,719,0x02EF,0,0,0,0,0x00,0,0
2597,7392,855,80,128,0x5038,0x806B,708,-33,7304,719,0x02EF,0,0,0,0,0x00,0,0
2598,7394,855,80,128,0x50FC,0x80B5,708,74,7306,719,0x02EF,0,0,0,0,0x00,0,0
2599,7397,856,80,129,0x50C0,0x816A,708,181,7309,719,0x02EF,0,0,0,0,0x00,0,0
2600,7400,857,80,130,0x5084,0x828A,708,288,7312,719,0x02EF,0,0,0,0,0x00,0,0
2601,7403,859,80,132,0x5048,0x8415,708,395,7315,719,0x02EF,0,0,0,0,0x00,0,0
2602,7406,857,80,130,0x500C,0x8200,708,-1424,7318,719,0x02EF,0,0,0,0,0x00,0,0
2603,7408,851,80,124,0x50D0,0x7CDB,708,-1317,7320,719,0x02EF,0,0,0,0,0x00,0,0
2604,7411,847,80,120,0x5094,0x7821,708,-1210,7323,719,0x02EF,0,0,0,0,0x00,0,0
2605,7414,842,80,115,0x5058,0x73D2,708,-1103,7326,719,0x02EF,0,0,0,0,0x00,0,0
2606,7417,838,80,111,0x501C,0x6FEE,708,-996,7329,719,0x02EF,0,0,0,0,0x00,0,0
2607,7419,835,80,108,0x50E0,0x6C75,708,-889,7331,719,0x02EF,0,0,0,0,0x00,0,0
2608,7422,832,80,105,0x50A4,0x6967,708,-782,7334,719,0x02EF,0,0,0,0,0x00,0,0
2609,7425,829,80,102,0x5068,0x66C4,708,-675,7337,719,0x02EF,0,0,0,0,0x00,0,0
2610,7428,827,80,100,0x502C,0x648C,708,-568,7340,719,0x02EF,0,0,0,0,0x00,0,0
2611,7430,825,80,98,0x50F0,0x62BF,708,-461,7342,719,0x02EF,0,0,0,0,0x00,0,0
2612,7433,824,80,97,0x50B4,0x615D,708,-354,7345,719,0x02EF,0,0,0,0,0x00,0,0
2613,7436,823,80,96,0x5078,0x6066,708,-247,7348,719,0x02EF,0,0,0,0,0x00,0,0
2614,7439,822,80,95,0x503C,0x5FDA,708,-140,7351,719,0x02EF,0,0,0,0,0x00,0,0
2615,7442,822,80,95,0x5000,0x5FB9,708,-33,7354,719,0x02EF,0,0,0,0,0x00,0,0
2616,7444,823,80,96,0x50C4,0x6003,708,74,7356,719,0x02EF,0,0,0,0,0x00,0,0
2617,7447,823,80,96,0x5088,0x60B8,708,181,7359,719,0x02EF,0,0,0,0,0x00,0,0
2618,7450,824,80,97,0x504C,0x61D8,708,288,7362,719,0x02EF,0,0,0,0,0x00,0,0
2619,7453,825,80,98,0x5010,0x6200,708,-1424,7365,719,0x02EF,0,0,0,0,0x00,0,0
2620,7455,819,80,92,0x50D4,0x5CDB,708,-1317,7367,719,0x02EF,0,0,0,0,0x00,0,0
2621,7458,815,80,88,0x5098,0x5821,708,-1210,7370,719,0x02EF,0,0,0,0,0x00,0,0
2622,7461,810,80,83,0x505C,0x53D2,708,-1103,7373,719,0x02EF,0,0,0,0,0x00,0,0
2623,7464,806,80,79,0x5020,0x4FEE,708,-996,7376,719,0x02EF,0,0,0,0,0x00,0,0
2624,7466,803,80,76,0x50E4,0x4C75,708,-889,7378,719,0x02EF,0,0,0,0,0x00,0,0
2625,7469,800,80,73,0x50A8,0x4967,708,-782,7381,719,0x02EF,0,0,0,0,0x00,0,0
2626,7472,797,80,70,0x506C,0x46C4,708,-675,7384,719,0x02EF,0,0,0,0,0x00,0,0
2627,7475,795,80,68,0x5030,0x448C,708,-568,7387,719,0x02EF,0,0,0,0,0x00,0,0
2628,7477,793,80,66,0x50F4,0x42BF,708,-461,7389,719,0x02EF,0,0,0,0,0x00,0,0
2629,7480,792,80,65,0x50B8,0x415D,708,-354,7392,719,0x02EF,0,0,0,0,0x00,0,0
2630,7483,791,80,64,0x507C,0x4066,708,-247,7395,719,0x02EF,0,0,0,0,0x00,0,0
2631,7486,790,80,64,0x5040,0x4000,708,-140,7398,718,0x02EE,218,0,0,0,0x00,0,0
2632,7489,790,80,64,0x5004,0x4000,708,-33,7401,718,0x02EE,185,0,0,0,0x00,0,0
2633,7491,790,80,64,0x50C8,0x404A,708,74,7403,718,0x02EE,185,0,0,0,0x00,0,0
2634,7494,790,80,64,0x508C,0x40FF,708,181,7406,718,0x02EE,185,0,0,0,0x00,0,0
2635,7497,792,80,66,0x5050,0x421F,708,288,7409,718,0x02EE,185,0,0,0,0x00,0,0
2636,7500,793,80,67,0x5014,0x4300,708,-1424,7412,718,0x02EE,185,0,0,0,0x00,0,0
2637,7502,788,80,64,0x50D8,0x4000,708,-1317,7414,716,0x02EC,148,0,0,0,0x00,0,0
2638,7505,783,80,64,0x509C,0x4000,708,-1210,7417,711,0x02E7,218,0,0,0,0x00,0,0
2639,7508,779,80,64,0x5060,0x4000,708,-1103,7420,707,0x02E3,139,0,0,0,0x00,0,0
2640,7511,775,80,64,0x5024,0x4000,708,-996,7423,703,0x02DF,167,0,0,0,0x00,0,0
2641,7513,772,80,64,0x50E8,0x4000,708,-889,7425,700,0x02DC,46,0,0,0,0x00,0,0
2642,7516,769,80,64,0x50AC,0x4000,708,-782,7428,697,0x02D9,32,0,0,0,0x00,0,0
2643,7519,766,80,64,0x5070,0x4000,708,-675,7431,694,0x02D6,125,0,0,0,0x00,0,0
2644,7522,764,80,64,0x5034,0x4000,708,-568,7434,692,0x02D4,69,0,0,0,0x00,0,0
2645,7524,762,80,64,0x50F8,0x4000,708,-461,7436,690,0x02D2,120,0,0,0,0x00,0,0
2646,7527,761,80,64,0x50BC,0x4000,708,-354,7439,689,0x02D1,22,0,0,0,0x00,0,0
2647,7530,760,80,64,0x5080,0x4000,708,-247,7442,688,0x02D0,31,0,0,0,0x00,0,0
2648,7533,759,80,64,0x5044,0x4000,708,-140,7445,687,0x02CF,147,0,0,0,0x00,0,0
2649,7536,759,80,64,0x5008,0x4000,708,-33,7448,687,0x02CF,114,0,0,0,0x00,0,0
2650,7538,759,80,64,0x50CC,0x404A,708,74,7450,687,0x02CF,114,0,0,0,0x00,0,0
2651,7541,759,80,64,0x5090,0x40FF,708,181,7453,687,0x02CF,114,0,0,0,0x00,0,0
2652,7544,761,80,66,0x5054,0x421F,708,288,7456,687,0x02CF,114,0,0,0,0x00,0,0
2653,7547,762,80,67,0x5018,0x43AA,708,395,7459,687,0x02CF,114,0,0,0,0x00,0,0
2654,7549,761,80,66,0x50DC,0x4200,708,-1424,7461,687,0x02CF,114,0,0,0,0x00,0,0
2655,7552,756,80,64,0x50A0,0x4000,708,-1317,7464,684,0x02CC,77,0,0,0,0x00,0,0
2656,7555,751,80,64,0x5064,0x4000,708,-1210,7467,679,0x02C7,147,0,0,0,0x00,0,0
2657,7558,747,80,64,0x5028,0x4000,708,-1103,7470,675,0x02C3,68,0,0,0,0x00,0,0
2658,7560,743,80,64,0x50EC,0x4000,708,-996,7472,671,0x02BF,96,0,0,0,0x00,0,0
2659,7563,739,80,64,0x50B0,0x4000,708,-889,7475,667,0x02BB,231,0,0,0,0x00,0,0
2660,7566,736,80,64,0x5074,0x4000,708,-782,7478,664,0x02B8,217,0,0,0,0x00,0,0
2661,7569,734,80,64,0x5038,0x4000,708,-675,7481,662,0x02B6,54,0,0,0,0x00,0,0
2662,7571,731,80,64,0x50FC,0x4000,708,-568,7483,659,0x02B3,254,0,0,0,0x00,0,0
2663,7574,730,80,64,0x50C0,0x4000,708,-461,7486,658,0x02B2,49,0,0,0,0x00,0,0
2664,7577,728,80,64,0x5084,0x4000,708,-354,7489,656,0x02B0,207,0,0,0,0x00,0,0
2665,7580,727,80,64,0x5048,0x4000,708,-247,7492,655,0x02AF,216,0,0,0,0x00,0,0
2666,7583,727,80,64,0x500C,0x4000,708,-140,7495,655,0x02AF,76,0,0,0,0x00,0,0
2667,7585,727,80,64,0x50D0,0x4000,708,-33,7497,655,0x02AF,43,0,0,0,0x00,0,0
2668,7588,727,80,64,0x5094,0x404A,708,74,7500,655,0x02AF,43,0,0,0,0x00,0,0
2669,7591,727,80,64,0x5058,0x40FF,708,181,7503,655,0x02AF,43,0,0,0,0x00,0,0
2670,7594,729,80,66,0x501C,0x421F,708,288,7506,655,0x02AF,43,0,0,0,0x00,0,0
2671,7596,730,80,67,0x50E0,0x43AA,708,395,7508,655,0x02AF,43,0,0,0,0x00,0,0
2672,7599,732,80,69,0x50A4,0x45A0,708,502,7511,655,0x02AF,43,0,0,0,0x00,0,0
2673,7602,735,80,72,0x5068,0x4801,708,609,7514,655,0x02AF,43,0,0,0,0x00,0,0
2674,7605,737,80,74,0x502C,0x4ACD,708,716,7517,655,0x02AF,43,0,0,0,0x00,0,0
2675,7607,741,80,78,0x50F0,0x4E04,708,823,7519,655,0x02AF,43,0,0,0,0x00,0,0
2676,7610,744,80,81,0x50B4,0x51A6,708,930,7522,655,0x02AF,43,0,0,0,0x00,0,0
2677,7613,748,80,85,0x5078,0x55B3,708,1037,7525,655,0x02AF,43,0,0,0,0x00,0,0
2678,7616,753,80,90,0x503C,0x5A2B,708,1144,7528,655,0x02AF,43,0,0,0,0x00,0,0
2679,7619,758,80,95,0x5000,0x5F0E,708,1251,7531,655,0x02AF,43,0,0,0,0x00,0,0
2680,7621,761,80,98,0x50C4,0x6200,708,-1424,7533,655,0x02AF,43,0,0,0,0x00,0,0
2681,7624,755,80,92,0x5088,0x5CDB,708,-1317,7536,655,0x02AF,43,0,0,0,0x00,0,0
2682,7627,751,80,88,0x504C,0x5821,708,-1210,7539,655,0x02AF,43,0,0,0,0x00,0,0
2683,7630,746,80,83,0x5010,0x53D2,708,-1103,7542,655,0x02AF,43,0,0,0,0x00,0,0
2684,7632,742,80,79,0x50D4,0x4FEE,708,-996,7544,655,0x02AF,43,0,0,0,0x00,0,0
2685,7635,739,80,76,0x5098,0x4C75,708,-889,7547,655,0x02AF,43,0,0,0,0x00,0,0
2686,7638,736,80,73,0x505C,0x4967,708,-782,7550,655,0x02AF,43,0,0,0,0x00,0,0
2687,7641,733,80,70,0x5020,0x46C4,708,-675,7553,655,0x02AF,43,0,0,0,0x00,0,0
2688,7643,731,80,68,0x50E4,0x448C,708,-568,7555,655,0x02AF,43,0,0,0,0x00,0,0
2689,7646,729,80,66,0x50A8,0x42BF,708,-461,7558,655,0x02AF,43,0,0,0,0x00,0,0
2690,7649,728,80,65,0x506C,0x415D,708,-354,7561,655,0x02AF,43,0,0,0,0x00,0,0
2691,7652,727,80,64,0x5030,0x4066,708,-247,7564,655,0x02AF,43,0,0,0,0x00,0,0
2692,7654,727,80,64,0x50F4,0x4000,708,-140,7566,655,0x02AF,5,0,0,0,0x00,0,0
2693,7657,726,80,64,0x50B8,0x4000,708,-33,7569,654,0x02AE,228,0,0,0,0x00,0,0
2694,7660,726,80,64,0x507C,0x404A,708,74,7572,654,0x02AE,228,0,0,0,0x00,0,0
2695,7663,726,80,64,0x5040,0x40FF,708,181,7575,654,0x02AE,228,0,0,0,0x00,0,0
2696,7666,728,80,66,0x5004,0x421F,708,288,7578,654,0x02AE,228,0,0,0,0x00,0,0
2697,7668,729,80,67,0x50C8,0x43AA,708,395,7580,654,0x02AE,228,0,0,0,0x00,0,0
2698,7671,731,80,69,0x508C,0x45A0,708,502,7583,654,0x02AE,228,0,0,0,0x00,0,0
2699,7674,734,80,72,0x5050,0x4801,708,609,7586,654,0x02AE,228,0,0,0,0x00,0,0
2700,7677,736,80,74,0x5014,0x4ACD,708,716,7589,654,0x02AE,228,0,0,0,0x00,0,0
2701,7679,740,80,78,0x50D8,0x4E04,708,823,7591,654,0x02AE,228,0,0,0,0x00,0,0
2702,7682,743,80,81,0x509C,0x51A6,708,930,7594,654,0x02AE,228,0,0,0,0x00,0,0
2703,7685,747,80,85,0x5060,0x55B3,708,1037,7597,654,0x02AE,228,0,0,0,0x00,0,0
2704,7688,752,80,90,0x5024,0x5A2B,708,1144,7600,654,0x02AE,228,0,0,0,0x00,0,0
2705,7690,757,80,95,0x50E8,0x5F0E,708,1251,7602,654,0x02AE,228,0,0,0,0x00,0,0
2706,7693,762,80,100,0x50AC,0x645C,708,1358,7605,654,0x02AE,228,0,0,0,0x00,0,0
2707,7696,768,80,106,0x5070,0x6A15,708,1465,7608,654,0x02AE,228,0,0,0,0x00,0,0
2708,7699,774,80,112,0x5034,0x7039,708,1572,7611,654,0x02AE,228,0,0,0,0x00,0,0
2709,7701,780,80,118,0x50F8,0x76C8,708,1679,7613,654,0x02AE,228,0,0,0,0x00,0,0
2710,7704,787,80,125,0x50BC,0x7DC2,708,1786,7616,654,0x02AE,228,0,0,0,0x00,0,0
2711,7707,795,80,133,0x5080,0x8527,708,1893,7619,654,0x02AE,228,0,0,0,0x00,0,0
2712,7710,802,80,140,0x5044,0x8C21,708,1786,7622,654,0x02AE,228,0,0,0,0x00,0,0
2713,7713,809,80,147,0x5008,0x9386,708,1893,7625,654,0x02AE,228,0,0,0,0x00,0,0
2714,7715,816,80,154,0x50CC,0x9A80,708,1786,7627,654,0x02AE,228,0,0,0,0x00,0,0
2715,7718,824,80,160,0x5090,0xA000,708,1893,7630,656,0x02B0,201,0,0,0,0x00,0,0
2716,7721,825,80,160,0x5054,0xA000,708,0,7633,657,0x02B1,201,0,0,0,0x00,0,0
2717,7724,825,80,160,0x5018,0xA000,708,0,7636,657,0x02B1,201,0,0,0,0x00,0,0
2718,7726,825,80,160,0x50DC,0xA000,708,0,7638,657,0x02B1,201,0,0,0,0x00,0,0
2719,7729,825,80,160,0x50A0,0xA000,708,0,7641,657,0x02B1,201,0,0,0,0x00,0,0
2720,7732,825,80,160,0x5064,0xA000,708,0,7644,657,0x02B1,201,0,0,0,0x00,0,0
2721,7735,825,80,160,0x5028,0xA000,708,-1424,7647,657,0x02B1,201,0,0,0,0x00,0,0
2722,7737,819,80,154,0x50EC,0x9ADB,708,-1317,7649,657,0x02B1,201,0,0,0,0x00,0,0
2723,7740,815,80,150,0x50B0,0x9621,708,-1210,7652,657,0x02B1,201,0,0,0,0x00,0,0
2724,7743,810,80,145,0x5074,0x91D2,708,-1103,7655,657,0x02B1,201,0,0,0,0x00,0,0
2725,7746,806,80,141,0x5038,0x8DEE,708,-996,7658,657,0x02B1,201,0,0,0,0x00,0,0
2726,7748,803,80,138,0x50FC,0x8A75,708,-889,7660,657,0x02B1,201,0,0,0,0x00,0,0
2727,7751,800,80,135,0x50C0,0x8767,708,-782,7663,657,0x02B1,201,0,0,0,0x00,0,0
2728,7754,797,80,132,0x5084,0x84C4,708,-675,7666,657,0x02B1,201,0,0,0,0x00,0,0
2729,7757,795,80,130,0x5048,0x828C,708,-568,7669,657,0x02B1,201,0,0,0,0x00,0,0
2730,7760,793,80,128,0x500C,0x80BF,708,-461,7672,657,0x02B1,201,0,0,0,0x00,0,0
2731,7762,792,80,127,0x50D0,0x7F5D,708,-354,7674,657,0x02B1,201,0,0,0,0x00,0,0
2732,7765,791,80,126,0x5094,0x7E66,708,-247,7677,657,0x02B1,201,0,0,0,0x00,0,0
2733,7768,790,80,125,0x5058,0x7DDA,708,-140,7680,657,0x02B1,201,0,0,0,0x00,0,0
2734,7771,790,80,125,0x501C,0x7DB9,708,-33,7683,657,0x02B1,201,0,0,0,0x00,0,0
2735,7773,791,80,126,0x50E0,0x7E03,708,74,7685,657,0x02B1,201,0,0,0,0x00,0,0
2736,7776,791,80,126,0x50A4,0x7EB8,708,181,7688,657,0x02B1,201,0,0,0,0x00,0,0
2737,7779,792,80,127,0x5068,0x7FD8,708,288,7691,657,0x02B1,201,0,0,0,0x00,0,0
2738,7782,794,80,129,0x502C,0x8163,708,395,7694,657,0x02B1,201,0,0,0,0x00,0,0
2739,7784,796,80,131,0x50F0,0x8359,708,502,7696,657,0x02B1,201,0,0,0,0x00,0,0
2740,7787,798,80,133,0x50B4,0x85BA,708,609,7699,657,0x02B1,201,0,0,0,0x00,0,0
2741,7790,801,80,136,0x5078,0x8886,708,716,7702,657,0x02B1,201,0,0,0,0x00,0,0
2742,7793,804,80,139,0x503C,0x8BBD,708,823,7705,657,0x02B1,201,0,0,0,0x00,0,0
2743,7796,808,80,143,0x5000,0x8F5F,708,930,7708,657,0x02B1,201,0,0,0,0x00,0,0
2744,7798,812,80,147,0x50C4,0x936C,708,1037,7710,657,0x02B1,201,0,0,0,0x00,0,0
2745,7801,816,80,151,0x5088,0x97E4,708,1144,7713,657,0x02B1,201,0,0,0,0x00,0,0
2746,7804,809,80,144,0x504C,0x9000,708,0,7716,657,0x02B1,201,0,0,0,0x00,0,0
2747,7807,809,80,144,0x5010,0x9000,708,0,7719,657,0x02B1,201,0,0,0,0x00,0,0
2748,7809,809,80,144,0x50D4,0x9000,708,0,7721,657,0x02B1,201,0,0,0,0x00,0,0
2749,7812,809,80,144,0x5098,0x9000,708,0,7724,657,0x02B1,201,0,0,0,0x00,0,0
2750,7815,809,80,144,0x505C,0x9000,708,0,7727,657,0x02B1,201,0,0,0,0x00,0,0
2751,7818,809,80,144,0x5020,0x9000,708,0,7730,657,0x02B1,201,0,0,0,0x00,0,0
2752,7820,809,80,144,0x50E4,0x9000,708,-1424,7732,657,0x02B1,201,0,0,0,0x00,0,0
2753,7823,803,80,138,0x50A8,0x8ADB,708,-1317,7735,657,0x02B1,201,0,0,0,0x00,0,0
2754,7826,799,80,134,0x506C,0x8621,708,-1210,7738,657,0x02B1,201,0,0,0,0x00,0,0
2755,7829,794,80,129,0x5030,0x81D2,708,-1103,7741,657,0x02B1,201,0,0,0,0x00,0,0
2756,7831,790,80,125,0x50F4,0x7DEE,708,-996,7743,657,0x02B1,201,0,0,0,0x00,0,0
2757,7834,787,80,122,0x50B8,0x7A75,708,-889,7746,657,0x02B1,201,0,0,0,0x00,0,0
2758,7837,784,80,119,0x507C,0x7767,708,-782,7749,657,0x02B1,201,0,0,0,0x00,0,0
2759,7840,781,80,116,0x5040,0x74C4,708,-675,7752,657,0x02B1,201,0,0,0,0x00,0,0
2760,7843,779,80,114,0x5004,0x728C,708,-568,7755,657,0x02B1,201,0,0,0,0x00,0,0
2761,7845,777,80,112,0x50C8,0x70BF,708,-461,7757,657,0x02B1,201,0,0,0,0x00,0,0
2762,7848,776,80,111,0x508C,0x6F5D,708,-354,7760,657,0x02B1,201,0,0,0,0x00,0,0
2763,7851,775,80,110,0x5050,0x6E66,708,-247,7763,657,0x02B1,201,0,0,0,0x00,0,0
2764,7854,774,80,109,0x5014,0x6DDA,708,-140,7766,657,0x02B1,201,0,0,0,0x00,0,0
2765,7856,774,80,109,0x50D8,0x6DB9,708,-33,7768,657,0x02B1,201,0,0,0,0x00,0,0
2766,7859,775,80,110,0x509C,0x6E03,708,74,7771,657,0x02B1,201,0,0,0,0x00,0,0
2767,7862,775,80,110,0x5060,0x6EB8,708,181,7774,657,0x02B1,201,0,0,0,0x00,0,0
2768,7865,776,80,111,0x5024,0x6FD8,708,288,7777,657,0x02B1,201,0,0,0,0x00,0,0
2769,7867,778,80,113,0x50E8,0x7163,708,395,7779,657,0x02B1,201,0,0,0,0x00,0,0
2770,7870,780,80,115,0x50AC,0x7359,708,502,7782,657,0x02B1,201,0,0,0,0x00,0,0
2771,7873,782,80,117,0x5070,0x75BA,708,609,7785,657,0x02B1,201,0,0,0,0x00,0,0
2772,7876,785,80,120,0x5034,0x7886,708,716,7788,657,0x02B1,201,0,0,0,0x00,0,0
2773,7878,788,80,123,0x50F8,0x7BBD,708,823,7790,657,0x02B1,201,0,0,0,0x00,0,0
2774,7881,792,80,127,0x50BC,0x7F5F,708,930,7793,657,0x02B1,201,0,0,0,0x00,0,0
2775,7884,793,80,128,0x5080,0x8000,708,0,7796,657,0x02B1,201,0,0,0,0x00,0,0
2776,7887,793,80,128,0x5044,0x8000,708,0,7799,657,0x02B1,201,0,0,0,0x00,0,0
2777,7890,793,80,128,0x5008,0x8000,708,0,7802,657,0x02B1,201,0,0,0,0x00,0,0
2778,7892,793,80,128,0x50CC,0x8000,708,0,7804,657,0x02B1,201,0,0,0,0x00,0,0
2779,7895,793,80,128,0x5090,0x8000,708,-1424,7807,657,0x02B1,201,0,0,0,0x00,0,0
2780,7898,787,80,122,0x5054,0x7ADB,708,-1317,7810,657,0x02B1,201,0,0,0,0x00,0,0
2781,7901,783,80,118,0x5018,0x7621,708,-1210,7813,657,0x02B1,201,0,0,0,0x00,0,0
2782,7903,778,80,113,0x50DC,0x71D2,708,-1103,7815,657,0x02B1,201,0,0,0,0x00,0,0
2783,7906,774,80,109,0x50A0,0x6DEE,708,-996,7818,657,0x02B1,201,0,0,0,0x00,0,0
2784,7909,771,80,106,0x5064,0x6A75,708,-889,7821,657,0x02B1,201,0,0,0,0x00,0,0
2785,7912,768,80,103,0x5028,0x6767,708,-782,7824,657,0x02B1,201,0,0,0,0x00,0,0
2786,7914,765,80,100,0x50EC,0x64C4,708,-675,7826,657,0x02B1,201,0,0,0,0x00,0,0
2787,7917,763,80,98,0x50B0,0x628C,708,-568,7829,657,0x02B1,201,0,0,0,0x00,0,0
2788,7920,761,80,96,0x5074,0x60BF,708,-461,7832,657,0x02B1,201,0,0,0,0x00,0,0
2789,7923,760,80,95,0x5038,0x5F5D,708,-354,7835,657,0x02B1,201,0,0,0,0x00,0,0
2790,7925,759,80,94,0x50FC,0x5E66,708,-247,7837,657,0x02B1,201,0,0,0,0x00,0,0
2791,7928,758,80,93,0x50C0,0x5DDA,708,-140,7840,657,0x02B1,201,0,0,0,0x00,0,0
2792,7931,758,80,93,0x5084,0x5DB9,708,-33,7843,657,0x02B1,201,0,0,0,0x00,0,0
2793,7934,759,80,94,0x5048,0x5E03,708,74,7846,657,0x02B1,201,0,0,0,0x00,0,0
2794,7937,759,80,94,0x500C,0x5EB8,708,181,7849,657,0x02B1,201,0,0,0,0x00,0,0
2795,7939,760,80,95,0x50D0,0x5FD8,708,288,7851,657,0x02B1,201,0,0,0,0x00,0,0
2796,7942,762,80,97,0x5094,0x6163,708,395,7854,657,0x02B1,201,0,0,0,0x00,0,0
2797,7945,764,80,99,0x5058,0x6359,708,502,7857,657,0x02B1,201,0,0,0,0x00,0,0
2798,7948,766,80,101,0x501C,0x65BA,708,609,7860,657,0x02B1,201,0,0,0,0x00,0,0
2799,7950,769,80,104,0x50E0,0x6886,708,716,7862,657,0x02B1,201,0,0,0,0x00,0,0
2800,7953,772,80,107,0x50A4,0x6BBD,708,823,7865,657,0x02B1,201,0,0,0,0x00,0,0
2801,7956,776,80,111,0x5068,0x6F5F,708,930,7868,657,0x02B1,201,0,0,0,0x00,0,0
2802,7959,780,80,115,0x502C,0x736C,708,1037,7871,657,0x02B1,201,0,0,0,0x00,0,0
2803,7961,784,80,119,0x50F0,0x77E4,708,1144,7873,657,0x02B1,201,0,0,0,0x00,0,0
2804,7964,777,80,112,0x50B4,0x7000,708,0,7876,657,0x02B1,201,0,0,0,0x00,0,0
2805,7967,777,80,112,0x5078,0x7000,708,0,7879,657,0x02B1,201,0,0,0,0x00,0,0
2806,7970,777,80,112,0x503C,0x7000,708,0,7882,657,0x02B1,201,0,0,0,0x00,0,0
2807,7973,777,80,112,0x5000,0x7000,708,0,7885,657,0x02B1,201,0,0,0,0x00,0,0
2808,7975,777,80,112,0x50C4,0x7000,708,-1424,7887,657,0x02B1,201,0,0,0,0x00,0,0
2809,7978,771,80,106,0x5088,0x6ADB,708,-1317,7890,657,0x02B1,201,0,0,0,0x00,0,0
2810,7981,767,80,102,0x504C,0x6621,708,-1210,7893,657,0x02B1,201,0,0,0,0x00,0,0
2811,7984,762,80,97,0x5010,0x61D2,708,-1103,7896,657,0x02B1,201,0,0,0,0x00,0,0
2812,7986,758,80,93,0x50D4,0x5DEE,708,-996,7898,657,0x02B1,201,0,0,0,0x00,0,0
2813,7989,755,80,90,0x5098,0x5A75,708,-889,7901,657,0x02B1,201,0,0,0,0x00,0,0
2814,7992,752,80,87,0x505C,0x5767,708,-782,7904,657,0x02B1,201,0,0,0,0x00,0,0
2815,7995,749,80,84,0x5020,0x54C4,708,-675,7907,657,0x02B1,201,0,0,0,0x00,0,0
2816,7997,747,80,82,0x50E4,0x528C,708,-568,7909,657,0x02B1,201,0,0,0,0x00,0,0
2817,8000,745,80,80,0x50A8,0x50BF,708,-461,7912,657,0x02B1,201,0,0,0,0x00,0,0
2818,8003,744,80,79,0x506C,0x4F5D,708,-354,7915,657,0x02B1,201,0,0,0,0x00,0,0
2819,8006,743,80,78,0x5030,0x4E66,708,-247,7918,657,0x02B1,201,0,0,0,0x00,0,0
2820,8008,742,80,77,0x50F4,0x4DDA,708,-140,7920,657,0x02B1,201,0,0,0,0x00,0,0
2821,8011,742,80,77,0x50B8,0x4DB9,708,-33,7923,657,0x02B1,201,0,0,0,0x00,0,0
2822,8014,743,80,78,0x507C,0x4E03,708,74,7926,657,0x02B1,201,0,0,0,0x00,0,0
2823,8017,743,80,78,0x5040,0x4EB8,708,181,7929,657,0x02B1,201,0,0,0,0x00,0,0
2824,8020,744,80,79,0x5004,0x4FD8,708,288,7932,657,0x02B1,201,0,0,0,0x00,0,0
2825,8022,746,80,81,0x50C8,0x5163,708,395,7934,657,0x02B1,201,0,0,0,0x00,0,0
2826,8025,748,80,83,0x508C,0x5359,708,502,7937,657,0x02B1,201,0,0,0,0x00,0,0
2827,8028,750,80,85,0x5050,0x55BA,708,609,7940,657,0x02B1,201,0,0,0,0x00,0,0
2828,8031,753,80,88,0x5014,0x5886,708,716,7943,657,0x02B1,201,0,0,0,0x00,0,0
2829,8033,756,80,91,0x50D8,0x5BBD,708,823,7945,657,0x02B1,201,0,0,0,0x00,0,0
2830,8036,760,80,95,0x509C,0x5F5F,708,930,7948,657,0x02B1,201,0,0,0,0x00,0,0
2831,8039,764,80,99,0x5060,0x636C,708,1037,7951,657,0x02B1,201,0,0,0,0x00,0,0
2832,8042,768,80,103,0x5024,0x67E4,708,1144,7954,657,0x02B1,201,0,0,0,0x00,0,0
2833,8044,761,80,96,0x50E8,0x6000,708,0,7956,657,0x02B1,201,0,0,0,0x00,0,0
2834,8047,761,80,96,0x50AC,0x6000,708,0,7959,657,0x02B1,201,0,0,0,0x00,0,0
2835,8050,761,80,96,0x5070,0x6000,708,0,7962,657,0x02B1,201,0,0,0,0x00,0,0
2836,8053,761,80,96,0x5034,0x6000,708,0,7965,657,0x02B1,201,0,0,0,0x00,0,0
2837,8055,761,80,96,0x50F8,0x6000,708,0,7967,657,0x02B1,201,0,0,0,0x00,0,0
2838,8058,761,80,96,0x50BC,0x6000,708,-1424,7970,657,0x02B1,201,0,0,0,0x00,0,0
2839,8061,755,80,90,0x5080,0x5ADB,708,-1317,7973,657,0x02B1,201,0,0,0,0x00,0,0
2840,8064,751,80,86,0x5044,0x5621,708,-1210,7976,657,0x02B1,201,0,0,0,0x00,0,0
2841,8067,746,80,81,0x5008,0x51D2,708,-1103,7979,657,0x02B1,201,0,0,0,0x00,0,0
2842,8069,742,80,77,0x50CC,0x4DEE,708,-996,7981,657,0x02B1,201,0,0,0,0x00,0,0
2843,8072,739,80,74,0x5090,0x4A75,708,-889,7984,657,0x02B1,201,0,0,0,0x00,0,0
2844,8075,736,80,71,0x5054,0x4767,708,-782,7987,657,0x02B1,201,0,0,0,0x00,0,0
2845,8078,733,80,68,0x5018,0x44C4,708,-675,7990,657,0x02B1,201,0,0,0,0x00,0,0
2846,8080,731,80,66,0x50DC,0x428C,708,-568,7992,657,0x02B1,201,0,0,0,0x00,0,0
2847,8083,729,80,64,0x50A0,0x40BF,708,-461,7995,657,0x02B1,201,0,0,0,0x00,0,0
2848,8086,729,80,64,0x5064,0x4000,708,-354,7998,657,0x02B1,38,0,0,0,0x00,0,0
2849,8089,728,80,64,0x5028,0x4000,708,-247,8001,656,0x02B0,47,0,0,0,0x00,0,0
2850,8091,727,80,64,0x50EC,0x4000,708,-140,8003,655,0x02AF,163,0,0,0,0x02,0,1
2851,8094,727,80,64,0x50B0,0x4000,708,-33,8006,655,0x02AF,130,0,0,0,0x02,0,1
2852,8097,727,80,64,0x5074,0x404A,708,74,8009,655,0x02AF,130,0,0,0,0x02,0,1
2853,8100,727,80,64,0x5038,0x40FF,708,181,8012,655,0x02AF,130,0,0,0,0x02,0,1
2854,8102,729,80,66,0x50FC,0x421F,708,288,8014,655,0x02AF,130,0,0,0,0x02,0,1
2855,8105,730,80,67,0x50C0,0x43AA,708,395,8017,655,0x02AF,130,0,0,0,0x02,0,1
2856,8108,729,80,66,0x5084,0x4200,708,-1424,8020,655,0x02AF,130,0,0,0,0x00,0,0
2857,8111,724,80,64,0x5048,0x4000,708,-1317,8023,652,0x02AC,93,0,0,0,0x00,0,0
2858,8114,719,80,64,0x500C,0x4000,708,-1210,8026,647,0x02A7,163,0,0,0,0x00,0,0
2859,8116,715,80,64,0x50D0,0x4000,708,-1103,8028,643,0x02A3,84,0,0,0,0x00,0,0
2860,8119,711,80,64,0x5094,0x4000,708,-996,8031,639,0x029F,112,0,0,0,0x00,0,0
2861,8122,707,80,64,0x5058,0x4000,708,-889,8034,635,0x029B,247,0,0,0,0x00,0,0
2862,8125,704,80,64,0x501C,0x4000,708,-782,8037,632,0x0298,233,0,0,0,0x00,0,0
2863,8127,702,80,64,0x50E0,0x4000,708,-675,8039,630,0x0296,70,0,0,0,0x00,0,0
2864,8130,700,80,64,0x50A4,0x4000,708,-568,8042,628,0x0294,14,0,0,0,0x00,0,0
2865,8133,698,80,64,0x5068,0x4000,708,-461,8045,626,0x0292,65,0,0,0,0x00,0,0
2866,8136,696,80,64,0x502C,0x4000,708,-354,8048,624,0x0290,223,0,0,0,0x00,0,0
2867,8138,695,80,64,0x50F0,0x4000,708,-247,8050,623,0x028F,232,0,0,0,0x00,0,0
2868,8141,695,80,64,0x50B4,0x4000,708,-140,8053,623,0x028F,92,0,0,0,0x00,0,0
2869,8144,695,80,64,0x5078,0x4000,708,-33,8056,623,0x028F,59,0,0,0,0x00,0,0
2870,8147,695,80,64,0x503C,0x404A,708,74,8059,623,0x028F,59,0,0,0,0x00,0,0
2871,8150,695,80,64,0x5000,0x40FF,708,181,8062,623,0x028F,59,0,0,0,0x00,0,0
2872,8152,697,80,66,0x50C4,0x421F,708,288,8064,623,0x028F,59,0,0,0,0x00,0,0
2873,8155,698,80,67,0x5088,0x43AA,708,395,8067,623,0x028F,59,0,0,0,0x00,0,0
2874,8158,700,80,69,0x504C,0x45A0,708,502,8070,623,0x028F,59,0,0,0,0x00,0,0
2875,8161,703,80,72,0x5010,0x4801,708,609,8073,623,0x028F,59,0,0,0,0x00,0,0
2876,8163,705,80,74,0x50D4,0x4ACD,708,716,8075,623,0x028F,59,0,0,0,0x00,0,0
2877,8166,709,80,78,0x5098,0x4E04,708,823,8078,623,0x028F,59,0,0,0,0x00,0,0
2878,8169,712,80,81,0x505C,0x51A6,708,930,8081,623,0x028F,59,0,0,0,0x00,0,0
2879,8172,713,80,82,0x5020,0x5200,708,-1424,8084,623,0x028F,59,0,0,0,0x00,0,0
2880,8174,707,80,76,0x50E4,0x4CDB,708,-1317,8086,623,0x028F,59,0,0,0,0x00,0,0
2881,8177,703,80,72,0x50A8,0x4821,708,-1210,8089,623,0x028F,59,0,0,0,0x00,0,0
2882,8180,698,80,67,0x506C,0x43D2,708,-1103,8092,623,0x028F,59,0,0,0,0x00,0,0
2883,8183,695,80,64,0x5030,0x4000,708,-996,8095,623,0x028F,41,0,0,0,0x00,0,0
2884,8185,691,80,64,0x50F4,0x4000,708,-889,8097,619,0x028B,176,0,0,0,0x00,0,0
2885,8188,688,80,64,0x50B8,0x4000,708,-782,8100,616,0x0288,162,0,0,0,0x00,0,0
2886,8191,685,80,64,0x507C,0x4000,708,-675,8103,613,0x0285,255,0,0,0,0x00,0,0
2887,8194,683,80,64,0x5040,0x4000,708,-568,8106,611,0x0283,199,0,0,0,0x00,0,0
2888,8197,681,80,64,0x5004,0x4000,708,-461,8109,609,0x0281,250,0,0,0,0x00,0,0
2889,8199,680,80,64,0x50C8,0x4000,708,-354,8111,608,0x0280,152,0,0,0,0x00,0,0
2890,8202,679,80,64,0x508C,0x4000,708,-247,8114,607,0x027F,161,0,0,0,0x00,0,0
2891,8205,679,80,64,0x5050,0x4000,708,-140,8117,607,0x027F,21,0,0,0,0x00,0,0
2892,8208,678,80,64,0x5014,0x4000,708,-33,8120,606,0x027E,244,0,0,0,0x00,0,0
2893,8210,678,80,64,0x50D8,0x404A,708,74,8122,606,0x027E,244,0,0,0,0x00,0,0
2894,8213,678,80,64,0x509C,0x40FF,708,181,8125,606,0x027E,244,0,0,0,0x00,0,0
2895,8216,680,80,66,0x5060,0x421F,708,288,8128,606,0x027E,244,0,0,0,0x00,0,0
2896,8219,681,80,67,0x5024,0x43AA,708,395,8131,606,0x027E,244,0,0,0,0x00,0,0
2897,8221,683,80,69,0x50E8,0x45A0,708,502,8133,606,0x027E,244,0,0,0,0x00,0,0
2898,8224,686,80,72,0x50AC,0x4801,708,609,8136,606,0x027E,244,0,0,0,0x00,0,0
2899,8227,688,80,74,0x5070,0x4ACD,708,716,8139,606,0x027E,244,0,0,0,0x00,0,0
2900,8230,692,80,78,0x5034,0x4E04,708,823,8142,606,0x027E,244,0,0,0,0x00,0,0
2901,8232,695,80,81,0x50F8,0x51A6,708,930,8144,606,0x027E,244,0,0,0,0x00,0,0
2902,8235,699,80,85,0x50BC,0x55B3,708,1037,8147,606,0x027E,244,0,0,0,0x00,0,0
2903,8238,697,80,83,0x5080,0x5300,708,-1424,8150,606,0x027E,244,0,0,0,0x00,0,0
2904,8241,691,80,77,0x5044,0x4DDB,708,-1317,8153,606,0x027E,244,0,0,0,0x00,0,0
2905,8244,687,80,73,0x5008,0x4921,708,-1210,8156,606,0x027E,244,0,0,0,0x00,0,0
2906,8246,682,80,68,0x50CC,0x44D2,708,-1103,8158,606,0x027E,244,0,0,0,0x00,0,0
2907,8249,678,80,64,0x5090,0x40EE,708,-996,8161,606,0x027E,244,0,0,0,0x00,0,0
2908,8252,676,80,64,0x5054,0x4000,708,-889,8164,604,0x027C,105,0,0,0,0x00,0,0
2909,8255,673,80,64,0x5018,0x4000,708,-782,8167,601,0x0279,91,0,0,0,0x00,0,0
2910,8257,670,80,64,0x50DC,0x4000,708,-675,8169,598,0x0276,184,0,0,0,0x00,0,0
2911,8260,668,80,64,0x50A0,0x4000,708,-568,8172,596,0x0274,128,0,0,0,0x00,0,0
2912,8263,666,80,64,0x5064,0x4000,708,-461,8175,594,0x0272,179,0,0,0,0x00,0,0
2913,8266,665,80,64,0x5028,0x4000,708,-354,8178,593,0x0271,81,0,0,0,0x00,0,0
2914,8268,664,80,64,0x50EC,0x4000,708,-247,8180,592,0x0270,90,0,0,0,0x00,0,0
2915,8271,663,80,64,0x50B0,0x4000,708,-140,8183,591,0x026F,206,0,0,0,0x00,0,0
2916,8274,663,80,64,0x5074,0x4000,708,-33,8186,591,0x026F,173,0,0,0,0x00,0,0
2917,8277,663,80,64,0x5038,0x404A,708,74,8189,591,0x026F,173,0,0,0,0x00,0,0
2918,8279,663,80,64,0x50FC,0x40FF,708,181,8191,591,0x026F,173,0,0,0,0x00,0,0
2919,8282,665,80,66,0x50C0,0x421F,708,288,8194,591,0x026F,173,0,0,0,0x00,0,0
2920,8285,666,80,67,0x5084,0x43AA,708,395,8197,591,0x026F,173,0,0,0,0x00,0,0
2921,8288,668,80,69,0x5048,0x45A0,708,502,8200,591,0x026F,173,0,0,0,0x00,0,0
2922,8291,671,80,72,0x500C,0x4801,708,609,8203,591,0x026F,173,0,0,0,0x00,0,0
2923,8293,673,80,74,0x50D0,0x4ACD,708,716,8205,591,0x026F,173,0,0,0,0x00,0,0
2924,8296,677,80,78,0x5094,0x4E04,708,823,8208,591,0x026F,173,0,0,0,0x00,0,0
2925,8299,680,80,81,0x5058,0x51A6,708,930,8211,591,0x026F,173,0,0,0,0x00,0,0
2926,8302,681,80,82,0x501C,0x5200,708,-1424,8214,591,0x026F,173,0,0,0,0x00,0,0
2927,8304,675,80,76,0x50E0,0x4CDB,708,-1317,8216,591,0x026F,173,0,0,0,0x00,0,0
2928,8307,671,80,72,0x50A4,0x4821,708,-1210,8219,591,0x026F,173,0,0,0,0x00,0,0
2929,8310,666,80,67,0x5068,0x43D2,708,-1103,8222,591,0x026F,173,0,0,0,0x00,0,0
2930,8313,663,80,64,0x502C,0x4000,708,-996,8225,591,0x026F,155,0,0,0,0x00,0,0
2931,8315,660,80,64,0x50F0,0x4000,708,-889,8227,588,0x026C,34,0,0,0,0x00,0,0
2932,8318,657,80,64,0x50B4,0x4000,708,-782,8230,585,0x0269,20,0,0,0,0x00,0,0
2933,8321,654,80,64,0x5078,0x4000,708,-675,8233,582,0x0266,113,0,0,0,0x00,0,0
2934,8324,652,80,64,0x503C,0x4000,708,-568,8236,580,0x0264,57,0,0,0,0x00,0,0
2935,8327,650,80,64,0x5000,0x4000,708,-461,8239,578,0x0262,108,0,0,0,0x00,0,0
2936,8329,649,80,64,0x50C4,0x4000,708,-354,8241,577,0x0261,10,0,0,0,0x00,0,0
2937,8332,648,80,64,0x5088,0x4000,708,-247,8244,576,0x0260,19,0,0,0,0x00,0,0
2938,8335,647,80,64,0x504C,0x4000,708,-140,8247,575,0x025F,135,0,0,0,0x00,0,0
2939,8338,647,80,64,0x5010,0x4000,708,-33,8250,575,0x025F,102,0,0,0,0x00,0,0
2940,8340,647,80,64,0x50D4,0x404A,708,74,8252,575,0x025F,102,0,0,0,0x00,0,0
2941,8343,647,80,64,0x5098,0x40FF,708,181,8255,575,0x025F,102,0,0,0,0x00,0,0
2942,8346,649,80,66,0x505C,0x421F,708,288,8258,575,0x025F,102,0,0,0,0x00,0,0
2943,8349,650,80,67,0x5020,0x43AA,708,395,8261,575,0x025F,102,0,0,0,0x00,0,0
2944,8351,652,80,69,0x50E4,0x45A0,708,502,8263,575,0x025F,102,0,0,0,0x00,0,0
2945,8354,655,80,72,0x50A8,0x4801,708,609,8266,575,0x025F,102,0,0,0,0x00,0,0
2946,8357,657,80,74,0x506C,0x4ACD,708,716,8269,575,0x025F,102,0,0,0,0x00,0,0
2947,8360,661,80,78,0x5030,0x4E04,708,823,8272,575,0x025F,102,0,0,0,0x00,0,0
2948,8362,664,80,81,0x50F4,0x51A6,708,930,8274,575,0x025F,102,0,0,0,0x00,0,0
2949,8365,665,80,82,0x50B8,0x5200,708,-1424,8277,575,0x025F,102,0,0,0,0x00,0,0
2950,8368,659,80,76,0x507C,0x4CDB,708,-1317,8280,575,0x025F,102,0,0,0,0x00,0,0
2951,8371,655,80,72,0x5040,0x4821,708,-1210,8283,575,0x025F,102,0,0,0,0x00,0,0
2952,8374,650,80,67,0x5004,0x43D2,708,-1103,8286,575,0x025F,102,0,0,0,0x00,0,0
2953,8376,647,80,64,0x50C8,0x4000,708,-996,8288,575,0x025F,84,0,0,0,0x00,0,0
2954,8379,643,80,64,0x508C,0x4000,708,-889,8291,571,0x025B,219,0,0,0,0x00,0,0
2955,8382,640,80,64,0x5050,0x4000,708,-782,8294,568,0x0258,205,0,0,0,0x00,0,0
2956,8385,638,80,64,0x5014,0x4000,708,-675,8297,566,0x0256,42,0,0,0,0x00,0,0
2957,8387,635,80,64,0x50D8,0x4000,708,-568,8299,563,0x0253,242,0,0,0,0x00,0,0
2958,8390,634,80,64,0x509C,0x4000,708,-461,8302,562,0x0252,37,0,0,0,0x00,0,0
2959,8393,632,80,64,0x5060,0x4000,708,-354,8305,560,0x0250,195,0,0,0,0x00,0,0
2960,8396,631,80,64,0x5024,0x4000,708,-247,8308,559,0x024F,204,0,0,0,0x00,0,0
2961,8398,631,80,64,0x50E8,0x4000,708,-140,8310,559,0x024F,64,0,0,0,0x00,0,0
2962,8401,631,80,64,0x50AC,0x4000,708,-33,8313,559,0x024F,31,0,0,0,0x00,0,0
2963,8404,631,80,64,0x5070,0x404A,708,74,8316,559,0x024F,31,0,0,0,0x00,0,0
2964,8407,631,80,64,0x5034,0x40FF,708,181,8319,559,0x024F,31,0,0,0,0x00,0,0
2965,8409,633,80,66,0x50F8,0x421F,708,288,8321,559,0x024F,31,0,0,0,0x00,0,0
2966,8412,634,80,67,0x50BC,0x43AA,708,395,8324,559,0x024F,31,0,0,0,0x00,0,0
2967,8415,636,80,69,0x5080,0x45A0,708,502,8327,559,0x024F,31,0,0,0,0x00,0,0
2968,8418,639,80,72,0x5044,0x4801,708,609,8330,559,0x024F,31,0,0,0,0x00,0,0
2969,8421,641,80,74,0x5008,0x4ACD,708,716,8333,559,0x024F,31,0,0,0,0x00,0,0
2970,8423,645,80,78,0x50CC,0x4E04,708,823,8335,559,0x024F,31,0,0,0,0x00,0,0
2971,8426,648,80,81,0x5090,0x51A6,708,930,8338,559,0x024F,31,0,0,0,0x00,0,0
2972,8429,652,80,85,0x5054,0x55B3,708,1037,8341,559,0x024F,31,0,0,0,0x00,0,0
2973,8432,657,80,90,0x5018,0x5A2B,708,1144,8344,559,0x024F,31,0,0,0,0x00,0,0
2974,8434,662,80,95,0x50DC,0x5F0E,708,1251,8346,559,0x024F,31,0,0,0,0x00,0,0
2975,8437,667,80,100,0x50A0,0x645C,708,1358,8349,559,0x024F,31,0,0,0,0x00,0,0
2976,8440,673,80,106,0x5064,0x6A15,708,1465,8352,559,0x024F,31,0,0,0,0x00,0,0
2977,8443,679,80,112,0x5028,0x7039,708,1572,8355,559,0x024F,31,0,0,0,0x00,0,0
2978,8445,681,80,114,0x50EC,0x7200,708,-1424,8357,559,0x024F,31,0,0,0,0x00,0,0
2979,8448,675,80,108,0x50B0,0x6CDB,708,-1317,8360,559,0x024F,31,0,0,0,0x00,0,0
2980,8451,671,80,104,0x5074,0x6821,708,-1210,8363,559,0x024F,31,0,0,0,0x00,0,0
2981,8454,666,80,99,0x5038,0x63D2,708,-1103,8366,559,0x024F,31,0,0,0,0x00,0,0
2982,8456,662,80,95,0x50FC,0x5FEE,708,-996,8368,559,0x024F,31,0,0,0,0x00,0,0
2983,8459,659,80,92,0x50C0,0x5C75,708,-889,8371,559,0x024F,31,0,0,0,0x00,0,0
2984,8462,656,80,89,0x5084,0x5967,708,-782,8374,559,0x024F,31,0,0,0,0x00,0,0
2985,8465,653,80,86,0x5048,0x56C4,708,-675,8377,559,0x024F,31,0,0,0,0x00,0,0
2986,8468,651,80,84,0x500C,0x548C,708,-568,8380,559,0x024F,31,0,0,0,0x00,0,0
2987,8470,649,80,82,0x50D0,0x52BF,708,-461,8382,559,0x024F,31,0,0,0,0x00,0,0
2988,8473,648,80,81,0x5094,0x515D,708,-354,8385,559,0x024F,31,0,0,0,0x00,0,0
2989,8476,647,80,80,0x5058,0x5066,708,-247,8388,559,0x024F,31,0,0,0,0x00,0,0
2990,8479,646,80,79,0x501C,0x4FDA,708,-140,8391,559,0x024F,31,0,0,0,0x00,0,0
2991,8481,646,80,79,0x50E0,0x4FB9,708,-33,8393,559,0x024F,31,0,0,0,0x00,0,0
2992,8484,647,80,80,0x50A4,0x5003,708,74,8396,559,0x024F,31,0,0,0,0x00,0,0
2993,8487,647,80,80,0x5068,0x50B8,708,181,8399,559,0x024F,31,0,0,0,0x00,0,0
2994,8490,648,80,81,0x502C,0x51D8,708,288,8402,559,0x024F,31,0,0,0,0x00,0,0
2995,8492,650,80,83,0x50F0,0x5363,708,395,8404,559,0x024F,31,0,0,0,0x00,0,0
2996,8495,652,80,85,0x50B4,0x5559,708,502,8407,559,0x024F,31,0,0,0,0x00,0,0
2997,8498,654,80,87,0x5078,0x57BA,708,609,8410,559,0x024F,31,0,0,0,0x00,0,0
2998,8501,657,80,90,0x503C,0x5A86,708,716,8413,559,0x024F,31,0,0,0,0x00,0,0
2999,8504,660,80,93,0x5000,0x5DBD,708,823,8416,559,0x024F,31,0,0,0,0x00,0,0
3000,8506,664,80,97,0x50C4,0x615F,708,930,8418,559,0x024F,31,0,0,0,0x00,0,0
3001,8509,665,80,98,0x5088,0x6200,708,-1424,8421,559,0x024F,31,0,0,0,0x00,0,0
3002,8512,659,80,92,0x504C,0x5CDB,708,-1317,8424,559,0x024F,31,0,0,0,0x00,0,0
3003,8515,655,80,88,0x5010,0x5821,708,-1210,8427,559,0x024F,31,0,0,0,0x00,0,0
3004,8517,650,80,83,0x50D4,0x53D2,708,-1103,8429,559,0x024F,31,0,0,0,0x00,0,0
3005,8520,646,80,79,0x5098,0x4FEE,708,-996,8432,559,0x024F,31,0,0,0,0x00,0,0
3006,8523,643,80,76,0x505C,0x4C75,708,-889,8435,559,0x024F,31,0,0,0,0x00,0,0
3007,8526,640,80,73,0x5020,0x4967,708,-782,8438,559,0x024F,31,0,0,0,0x00,0,0
3008,8528,637,80,70,0x50E4,0x46C4,708,-675,8440,559,0x024F,31,0,0,0,0x00,0,0
3009,8531,635,80,68,0x50A8,0x448C,708,-568,8443,559,0x024F,31,0,0,0,0x00,0,0
3010,8534,633,80,66,0x506C,0x42BF,708,-461,8446,559,0x024F,31,0,0,0,0x00,0,0
3011,8537,632,80,65,0x5030,0x415D,708,-354,8449,559,0x024F,31,0,0,0,0x00,0,0
3012,8539,631,80,64,0x50F4,0x4066,708,-247,8451,559,0x024F,31,0,0,0,0x00,0,0
3013,8542,630,80,64,0x50B8,0x4000,708,-140,8454,558,0x024E,249,0,0,0,0x00,0,0
3014,8545,630,80,64,0x507C,0x4000,708,-33,8457,558,0x024E,216,0,0,0,0x00,0,0
3015,8548,630,80,64,0x5040,0x404A,708,74,8460,558,0x024E,216,0,0,0,0x00,0,0
3016,8551,630,80,64,0x5004,0x40FF,708,181,8463,558,0x024E,216,0,0,0,0x00,0,0
3017,8553,632,80,66,0x50C8,0x421F,708,288,8465,558,0x024E,216,0,0,0,0x00,0,0
3018,8556,633,80,67,0x508C,0x43AA,708,395,8468,558,0x024E,216,0,0,0,0x00,0,0
3019,8559,635,80,69,0x5050,0x45A0,708,502,8471,558,0x024E,216,0,0,0,0x00,0,0
3020,8562,638,80,72,0x5014,0x4801,708,609,8474,558,0x024E,216,0,0,0,0x00,0,0
3021,8564,640,80,74,0x50D8,0x4ACD,708,716,8476,558,0x024E,216,0,0,0,0x00,0,0
3022,8567,644,80,78,0x509C,0x4E04,708,823,8479,558,0x024E,216,0,0,0,0x00,0,0
3023,8570,647,80,81,0x5060,0x51A6,708,930,8482,558,0x024E,216,0,0,0,0x00,0,0
3024,8573,651,80,85,0x5024,0x55B3,708,1037,8485,558,0x024E,216,0,0,0,0x00,0,0
3025,8575,656,80,90,0x50E8,0x5A2B,708,1144,8487,558,0x024E,216,0,0,0,0x00,0,0
3026,8578,661,80,95,0x50AC,0x5F0E,708,1251,8490,558,0x024E,216,0,0,0,0x00,0,0
3027,8581,665,80,99,0x5070,0x6300,708,-1424,8493,558,0x024E,216,0,0,0,0x00,0,0
3028,8584,659,80,93,0x5034,0x5DDB,708,-1317,8496,558,0x024E,216,0,0,0,0x00,0,0
3029,8586,655,80,89,0x50F8,0x5921,708,-1210,8498,558,0x024E,216,0,0,0,0x00,0,0
3030,8589,650,80,84,0x50BC,0x54D2,708,-1103,8501,558,0x024E,216,0,0,0,0x00,0,0
3031,8592,646,80,80,0x5080,0x50EE,708,-996,8504,558,0x024E,216,0,0,0,0x00,0,0
3032,8595,643,80,77,0x5044,0x4D75,708,-889,8507,558,0x024E,216,0,0,0,0x00,0,0
3033,8598,640,80,74,0x5008,0x4A67,708,-782,8510,558,0x024E,216,0,0,0,0x00,0,0
3034,8600,637,80,71,0x50CC,0x47C4,708,-675,8512,558,0x024E,216,0,0,0,0x00,0,0
3035,8603,635,80,69,0x5090,0x458C,708,-568,8515,558,0x024E,216,0,0,0,0x00,0,0
3036,8606,633,80,67,0x5054,0x43BF,708,-461,8518,558,0x024E,216,0,0,0,0x00,0,0
3037,8609,632,80,66,0x5018,0x425D,708,-354,8521,558,0x024E,216,0,0,0,0x00,0,0
3038,8611,631,80,65,0x50DC,0x4166,708,-247,8523,558,0x024E,216,0,0,0,0x00,0,0
3039,8614,630,80,64,0x50A0,0x40DA,708,-140,8526,558,0x024E,216,0,0,0,0x00,0,0
3040,8617,630,80,64,0x5064,0x40B9,708,-33,8529,558,0x024E,216,0,0,0,0x00,0,0
3041,8620,631,80,65,0x5028,0x4103,708,74,8532,558,0x024E,216,0,0,0,0x00,0,0
3042,8622,631,80,65,0x50EC,0x41B8,708,181,8534,558,0x024E,216,0,0,0,0x00,0,0
3043,8625,632,80,66,0x50B0,0x42D8,708,288,8537,558,0x024E,216,0,0,0,0x00,0,0
3044,8628,634,80,68,0x5074,0x4463,708,395,8540,558,0x024E,216,0,0,0,0x00,0,0
3045,8631,636,80,70,0x5038,0x4659,708,502,8543,558,0x024E,216,0,0,0,0x00,0,0
3046,8633,638,80,72,0x50FC,0x48BA,708,609,8545,558,0x024E,216,0,0,0,0x00,0,0
3047,8636,641,80,75,0x50C0,0x4B86,708,716,8548,558,0x024E,216,0,0,0,0x00,0,0
3048,8639,644,80,78,0x5084,0x4EBD,708,823,8551,558,0x024E,216,0,0,0,0x00,0,0
3049,8642,648,80,82,0x5048,0x525F,708,930,8554,558,0x024E,216,0,0,0,0x00,0,0
3050,8645,652,80,86,0x500C,0x566C,708,1037,8557,558,0x024E,216,0,0,0,0x00,0,0
3051,8647,656,80,90,0x50D0,0x5AE4,708,1144,8559,558,0x024E,216,0,0,0,0x00,0,0
3052,8650,661,80,95,0x5094,0x5FC7,708,1251,8562,558,0x024E,216,0,0,0,0x00,0,0
3053,8653,667,80,101,0x5058,0x6515,708,1358,8565,558,0x024E,216,0,0,0,0x00,0,0
3054,8656,672,80,106,0x501C,0x6ACE,708,1465,8568,558,0x024E,216,0,0,0,0x00,0,0
3055,8658,678,80,112,0x50E0,0x70F2,708,1572,8570,558,0x024E,216,0,0,0,0x00,0,0
3056,8661,685,80,119,0x50A4,0x7781,708,1679,8573,558,0x024E,216,0,0,0,0x00,0,0
3057,8664,692,80,126,0x5068,0x7E7B,708,1786,8576,558,0x024E,216,0,0,0,0x00,0,0
3058,8667,699,80,133,0x502C,0x85E0,708,1893,8579,558,0x024E,216,0,0,0,0x00,0,0
3059,8669,706,80,140,0x50F0,0x8CDA,708,1786,8581,558,0x024E,216,0,0,0,0x00,0,0
3060,8672,713,80,147,0x50B4,0x9300,708,0,8584,558,0x024E,216,0,0,0,0x00,0,0
3061,8675,713,80,147,0x5078,0x9300,708,0,8587,558,0x024E,216,0,0,0,0x00,0,0
3062,8678,713,80,147,0x503C,0x9300,708,0,8590,558,0x024E,216,0,0,0,0x00,0,0
3063,8681,713,80,147,0x5000,0x9300,708,0,8593,558,0x024E,216,0,0,0,0x00,0,0
3064,8683,713,80,147,0x50C4,0x9300,708,0,8595,558,0x024E,216,0,0,0,0x00,0,0
3065,8686,713,80,147,0x5088,0x9300,708,0,8598,558,0x024E,216,0,0,0,0x00,0,0
3066,8689,713,80,147,0x504C,0x9300,708,0,8601,558,0x024E,216,0,0,0,0x00,0,0
3067,8692,713,80,147,0x5010,0x9300,708,-1424,8604,558,0x024E,216,0,0,0,0x00,0,0
3068,8694,707,80,141,0x50D4,0x8DDB,708,-1317,8606,558,0x024E,216,0,0,0,0x00,0,0
3069,8697,703,80,137,0x5098,0x8921,708,-1210,8609,558,0x024E,216,0,0,0,0x00,0,0
3070,8700,698,80,132,0x505C,0x84D2,708,-1103,8612,558,0x024E,216,0,0,0,0x00,0,0
3071,8703,694,80,128,0x5020,0x80EE,708,-996,8615,558,0x024E,216,0,0,0,0x00,0,0
3072,8705,691,80,125,0x50E4,0x7D75,708,-889,8617,558,0x024E,216,0,0,0,0x00,0,0
3073,8708,688,80,122,0x50A8,0x7A67,708,-782,8620,558,0x024E,216,0,0,0,0x00,0,0
3074,8711,685,80,119,0x506C,0x77C4,708,-675,8623,558,0x024E,216,0,0,0,0x00,0,0
3075,8714,683,80,117,0x5030,0x758C,708,-568,8626,558,0x024E,216,0,0,0,0x00,0,0
3076,8716,681,80,115,0x50F4,0x73BF,708,-461,8628,558,0x024E,216,0,0,0,0x00,0,0
3077,8719,680,80,114,0x50B8,0x725D,708,-354,8631,558,0x024E,216,0,0,0,0x00,0,0
3078,8722,679,80,113,0x507C,0x7166,708,-247,8634,558,0x024E,216,0,0,0,0x00,0,0
3079,8725,678,80,112,0x5040,0x70DA,708,-140,8637,558,0x024E,216,0,0,0,0x00,0,0
3080,8728,678,80,112,0x5004,0x70B9,708,-33,8640,558,0x024E,216,0,0,0,0x00,0,0
3081,8730,679,80,113,0x50C8,0x7103,708,74,8642,558,0x024E,216,0,0,0,0x00,0,0
3082,8733,679,80,113,0x508C,0x71B8,708,181,8645,558,0x024E,216,0,0,0,0x00,0,0
3083,8736,680,80,114,0x5050,0x72D8,708,288,8648,558,0x024E,216,0,0,0,0x00,0,0
3084,8739,682,80,116,0x5014,0x7463,708,395,8651,558,0x024E,216,0,0,0,0x00,0,0
3085,8741,684,80,118,0x50D8,0x7659,708,502,8653,558,0x024E,216,0,0,0,0x00,0,0
3086,8744,686,80,120,0x509C,0x78BA,708,609,8656,558,0x024E,216,0,0,0,0x00,0,0
3087,8747,689,80,123,0x5060,0x7B86,708,716,8659,558,0x024E,216,0,0,0,0x00,0,0
3088,8750,692,80,126,0x5024,0x7EBD,708,823,8662,558,0x024E,216,0,0,0,0x00,0,0
3089,8752,696,80,130,0x50E8,0x825F,708,930,8664,558,0x024E,216,0,0,0,0x00,0,0
3090,8755,700,80,134,0x50AC,0x866C,708,1037,8667,558,0x024E,216,0,0,0,0x00,0,0
3091,8758,704,80,138,0x5070,0x8AE4,708,1144,8670,558,0x024E,216,0,0,0,0x00,0,0
3092,8761,709,80,143,0x5034,0x8FC7,708,1251,8673,558,0x024E,216,0,0,0,0x00,0,0
3093,8763,715,80,149,0x50F8,0x9515,708,1358,8675,558,0x024E,216,0,0,0,0x00,0,0
3094,8766,720,80,154,0x50BC,0x9ACE,708,1465,8678,558,0x024E,216,0,0,0,0x00,0,0
3095,8769,727,80,160,0x5080,0xA000,708,1572,8681,559,0x024F,202,0,0,0,0x00,0,0
3096,8772,734,80,160,0x5044,0xA000,708,1679,8684,566,0x0256,89,0,0,0,0x00,0,0
3097,8775,741,80,160,0x5008,0xA000,708,1786,8687,573,0x025D,83,0,0,0,0x00,0,0
3098,8777,745,80,160,0x50CC,0xA000,708,-1424,8689,577,0x0261,83,0,0,0,0x00,0,0
3099,8780,739,80,154,0x5090,0x9ADB,708,-1317,8692,577,0x0261,83,0,0,0,0x00,0,0
3100,8783,735,80,150,0x5054,0x9621,708,-1210,8695,577,0x0261,83,0,0,0,0x00,0,0
3101,8786,730,80,145,0x5018,0x91D2,708,-1103,8698,577,0x0261,83,0,0,0,0x00,0,0
3102,8788,726,80,141,0x50DC,0x8DEE,708,-996,8700,577,0x0261,83,0,0,0,0x00,0,0
3103,8791,723,80,138,0x50A0,0x8A75,708,-889,8703,577,0x0261,83,0,0,0,0x00,0,0
3104,8794,720,80,135,0x5064,0x8767,708,-782,8706,577,0x0261,83,0,0,0,0x00,0,0
3105,8797,717,80,132,0x5028,0x84C4,708,-675,8709,577,0x0261,83,0,0,0,0x00,0,0
3106,8799,715,80,130,0x50EC,0x828C,708,-568,8711,577,0x0261,83,0,0,0,0x00,0,0
3107,8802,713,80,128,0x50B0,0x80BF,708,-461,8714,577,0x0261,83,0,0,0,0x00,0,0
3108,8805,712,80,127,0x5074,0x7F5D,708,-354,8717,577,0x0261,83,0,0,0,0x00,0,0
3109,8808,711,80,126,0x5038,0x7E66,708,-247,8720,577,0x0261,83,0,0,0,0x00,0,0
3110,8810,710,80,125,0x50FC,0x7DDA,708,-140,8722,577,0x0261,83,0,0,0,0x00,0,0
3111,8813,710,80,125,0x50C0,0x7DB9,708,-33,8725,577,0x0261,83,0,0,0,0x00,0,0
3112,8816,711,80,126,0x5084,0x7E03,708,74,8728,577,0x0261,83,0,0,0,0x00,0,0
3113,8819,711,80,126,0x5048,0x7EB8,708,181,8731,577,0x0261,83,0,0,0,0x00,0,0
3114,8822,712,80,127,0x500C,0x7FD8,708,288,8734,577,0x0261,83,0,0,0,0x00,0,0
3115,8824,714,80,129,0x50D0,0x8163,708,395,8736,577,0x0261,83,0,0,0,0x00,0,0
3116,8827,716,80,131,0x5094,0x8359,708,502,8739,577,0x0261,83,0,0,0,0x00,0,0
3117,8830,713,80,128,0x5058,0x8000,708,0,8742,577,0x0261,83,0,0,0,0x00,0,0
3118,8833,713,80,128,0x501C,0x8000,708,0,8745,577,0x0261,83,0,0,0,0x00,0,0
3119,8835,713,80,128,0x50E0,0x8000,708,0,8747,577,0x0261,83,0,0,0,0x00,0,0
3120,8838,713,80,128,0x50A4,0x8000,708,0,8750,577,0x0261,83,0,0,0,0x00,0,0
3121,8841,713,80,128,0x5068,0x8000,708,0,8753,577,0x0261,83,0,0,0,0x00,0,0
3122,8844,713,80,128,0x502C,0x8000,708,0,8756,577,0x0261,83,0,0,0,0x00,0,0
3123,8846,713,80,128,0x50F0,0x8000,708,0,8758,577,0x0261,83,0,0,0,0x00,0,0
3124,8849,713,80,128,0x50B4,0x8000,708,0,8761,577,0x0261,83,0,0,0,0x00,0,0
3125,8852,713,80,128,0x5078,0x8000,708,0,8764,577,0x0261,83,0,0,0,0x00,0,0
3126,8855,713,80,128,0x503C,0x8000,708,0,8767,577,0x0261,83,0,0,0,0x00,0,0
3127,8858,713,80,128,0x5000,0x8000,708,0,8770,577,0x0261,83,0,0,0,0x00,0,0
3128,8860,713,80,128,0x50C4,0x8000,708,0,8772,577,0x0261,83,0,0,0,0x00,0,0
3129,8863,713,80,128,0x5088,0x8000,708,0,8775,577,0x0261,83,0,0,0,0x00,0,0
3130,8866,713,80,128,0x504C,0x8000,708,0,8778,577,0x0261,83,0,0,0,0x00,0,0
3131,8869,713,80,128,0x5010,0x8000,708,0,8781,577,0x0261,83,0,0,0,0x00,0,0
3132,8871,713,80,128,0x50D4,0x8000,708,-1424,8783,577,0x0261,83,0,0,0,0x00,0,0
3133,8874,707,80,122,0x5098,0x7ADB,708,-1317,8786,577,0x0261,83,0,0,0,0x00,0,0
3134,8877,703,80,118,0x505C,0x7621,708,-1210,8789,577,0x0261,83,0,0,0,0x00,0,0
3135,8880,698,80,113,0x5020,0x71D2,708,-1103,8792,577,0x0261,83,0,0,0,0x00,0,0
3136,8882,694,80,109,0x50E4,0x6DEE,708,-996,8794,577,0x0261,83,0,0,0,0x00,0,0
3137,8885,691,80,106,0x50A8,0x6A75,708,-889,8797,577,0x0261,83,0,0,0,0x00,0,0
3138,8888,688,80,103,0x506C,0x6767,708,-782,8800,577,0x0261,83,0,0,0,0x00,0,0
3139,8891,685,80,100,0x5030,0x64C4,708,-675,8803,577,0x0261,83,0,0,0,0x00,0,0
3140,8893,683,80,98,0x50F4,0x628C,708,-568,8805,577,0x0261,83,0,0,0,0x00,0,0
3141,8896,681,80,96,0x50B8,0x60BF,708,-461,8808,577,0x0261,83,0,0,0,0x00,0,0
3142,8899,680,80,95,0x507C,0x5F5D,708,-354,8811,577,0x0261,83,0,0,0,0x00,0,0
3143,8902,679,80,94,0x5040,0x5E66,708,-247,8814,577,0x0261,83,0,0,0,0x00,0,0
3144,8905,678,80,93,0x5004,0x5DDA,708,-140,8817,577,0x0261,83,0,0,0,0x00,0,0
3145,8907,678,80,93,0x50C8,0x5DB9,708,-33,8819,577,0x0261,83,0,0,0,0x00,0,0
3146,8910,679,80,94,0x508C,0x5E03,708,74,8822,577,0x0261,83,0,0,0,0x00,0,0
3147,8913,679,80,94,0x5050,0x5EB8,708,181,8825,577,0x0261,83,0,0,0,0x00,0,0
3148,8916,680,80,95,0x5014,0x5FD8,708,288,8828,577,0x0261,83,0,0,0,0x00,0,0
3149,8918,681,80,96,0x50D8,0x6000,708,0,8830,577,0x0261,83,0,0,0,0x00,0,0
3150,8921,681,80,96,0x509C,0x6000,708,0,8833,577,0x0261,83,0,0,0,0x00,0,0
3151,8924,681,80,96,0x5060,0x6000,708,0,8836,577,0x0261,83,0,0,0,0x00,0,0
3152,8927,681,80,96,0x5024,0x6000,708,0,8839,577,0x0261,83,0,0,0,0x00,0,0
3153,8929,681,80,96,0x50E8,0x6000,708,0,8841,577,0x0261,83,0,0,0,0x00,0,0
3154,8932,681,80,96,0x50AC,0x6000,708,0,8844,577,0x0261,83,0,0,0,0x00,0,0
3155,8935,681,80,96,0x5070,0x6000,708,0,8847,577,0x0261,83,0,0,0,0x00,0,0
3156,8938,681,80,96,0x5034,0x6000,708,0,8850,577,0x0261,83,0,0,0,0x00,0,0
3157,8940,681,80,96,0x50F8,0x6000,708,0,8852,577,0x0261,83,0,0,0,0x00,0,0
3158,8943,681,80,96,0x50BC,0x6000,708,0,8855,577,0x0261,83,0,0,0,0x00,0,0
3159,8946,681,80,96,0x5080,0x6000,708,0,8858,577,0x0261,83,0,0,0,0x00,0,0
3160,8949,681,80,96,0x5044,0x6000,708,0,8861,577,0x0261,83,0,0,0,0x00,0,0
3161,8952,681,80,96,0x5008,0x6000,708,0,8864,577,0x0261,83,0,0,0,0x00,0,0
3162,8954,681,80,96,0x50CC,0x6000,708,-1424,8866,577,0x0261,83,0,0,0,0x00,0,0
3163,8957,675,80,90,0x5090,0x5ADB,708,-1317,8869,577,0x0261,83,0,0,0,0x00,0,0
3164,8960,671,80,86,0x5054,0x5621,708,-1210,8872,577,0x0261,83,0,0,0,0x00,0,0
3165,8963,666,80,81,0x5018,0x51D2,708,-1103,8875,577,0x0261,83,0,0,0,0x00,0,0
3166,8965,662,80,77,0x50DC,0x4DEE,708,-996,8877,577,0x0261,83,0,0,0,0x00,0,0
3167,8968,659,80,74,0x50A0,0x4A75,708,-889,8880,577,0x0261,83,0,0,0,0x00,0,0
3168,8971,656,80,71,0x5064,0x4767,708,-782,8883,577,0x0261,83,0,0,0,0x00,0,0
3169,8974,653,80,68,0x5028,0x44C4,708,-675,8886,577,0x0261,83,0,0,0,0x00,0,0
3170,8976,651,80,66,0x50EC,0x428C,708,-568,8888,577,0x0261,83,0,0,0,0x00,0,0
3171,8979,649,80,64,0x50B0,0x40BF,708,-461,8891,577,0x0261,83,0,0,0,0x00,0,0
3172,8982,648,80,64,0x5074,0x4000,708,-354,8894,576,0x0260,176,0,0,0,0x00,0,0
3173,8985,647,80,64,0x5038,0x4000,708,-247,8897,575,0x025F,185,0,0,0,0x00,0,0
3174,8987,647,80,64,0x50FC,0x4000,708,-140,8899,575,0x025F,45,0,0,0,0x00,0,0
3175,8990,647,80,64,0x50C0,0x4000,708,-33,8902,575,0x025F,12,0,0,0,0x00,0,0
3176,8993,647,80,64,0x5084,0x404A,708,74,8905,575,0x025F,12,0,0,0,0x00,0,0
3177,8996,647,80,64,0x5048,0x40FF,708,181,8908,575,0x025F,12,0,0,0,0x00,0,0
3178,8999,649,80,66,0x500C,0x421F,708,288,8911,575,0x025F,12,0,0,0,0x00,0,0
3179,9001,650,80,67,0x50D0,0x43AA,708,395,8913,575,0x025F,12,0,0,0,0x00,0,0
3180,9004,649,80,66,0x5094,0x4200,708,0,8916,575,0x025F,12,0,0,0,0x00,0,0
3181,9007,649,80,66,0x5058,0x4200,708,0,8919,575,0x025F,12,0,0,0,0x00,0,0
3182,9010,649,80,66,0x501C,0x4200,708,0,8922,575,0x025F,12,0,0,0,0x00,0,0
3183,9012,649,80,66,0x50E0,0x4200,708,0,8924,575,0x025F,12,0,0,0,0x00,0,0
3184,9015,649,80,66,0x50A4,0x4200,708,0,8927,575,0x025F,12,0,0,0,0x00,0,0
3185,9018,649,80,66,0x5068,0x4200,708,0,8930,575,0x025F,12,0,0,0,0x00,0,0
3186,9021,649,80,66,0x502C,0x4200,708,0,8933,575,0x025F,12,0,0,0,0x00,0,0
3187,9023,649,80,66,0x50F0,0x4200,708,0,8935,575,0x025F,12,0,0,0,0x00,0,0
3188,9026,649,80,66,0x50B4,0x4200,708,0,8938,575,0x025F,12,0,0,0,0x00,0,0
3189,9029,649,80,66,0x5078,0x4200,708,0,8941,575,0x025F,12,0,0,0,0x00,0,0
3190,9032,649,80,66,0x503C,0x4200,708,0,8944,575,0x025F,12,0,0,0,0x00,0,0
3191,9035,649,80,66,0x5000,0x4200,708,0,8947,575,0x025F,12,0,0,0,0x00,0,0
3192,9037,649,80,66,0x50C4,0x4200,708,0,8949,575,0x025F,12,0,0,0,0x00,0,0
3193,9040,649,80,66,0x5088,0x4200,708,0,8952,575,0x025F,12,0,0,0,0x00,0,0
3194,9043,649,80,66,0x504C,0x4200,708,0,8955,575,0x025F,12,0,0,0,0x00,0,0
3195,9046,649,80,66,0x5010,0x4200,708,-1424,8958,575,0x025F,12,0,0,0,0x00,0,0
3196,9048,643,80,64,0x50D4,0x4000,708,-1317,8960,571,0x025B,231,0,0,0,0x00,0,0
3197,9051,639,80,64,0x5098,0x4000,708,-1210,8963,567,0x0257,45,0,0,0,0x00,0,0
3198,9054,634,80,64,0x505C,0x4000,708,-1103,8966,562,0x0252,222,0,0,0,0x00,0,0
3199,9057,630,80,64,0x5020,0x4000,708,-996,8969,558,0x024E,250,0,0,0,0x00,0,0
3200,9059,627,80,64,0x50E4,0x4000,708,-889,8971,555,0x024B,129,0,0,0,0x00,0,0
3201,9062,624,80,64,0x50A8,0x4000,708,-782,8974,552,0x0248,115,0,0,0,0x00,0,0
3202,9065,621,80,64,0x506C,0x4000,708,-675,8977,549,0x0245,208,0,0,0,0x00,0,0
3203,9068,619,80,64,0x5030,0x4000,708,-568,8980,547,0x0243,152,0,0,0,0x00,0,0
3204,9070,617,80,64,0x50F4,0x4000,708,-461,8982,545,0x0241,203,0,0,0,0x00,0,0
3205,9073,616,80,64,0x50B8,0x4000,708,-354,8985,544,0x0240,105,0,0,0,0x00,0,0
3206,9076,615,80,64,0x507C,0x4000,708,-247,8988,543,0x023F,114,0,0,0,0x00,0,0
3207,9079,614,80,64,0x5040,0x4000,708,-140,8991,542,0x023E,230,0,0,0,0x00,0,0
3208,9082,614,80,64,0x5004,0x4000,708,-33,8994,542,0x023E,197,0,0,0,0x00,0,0
3209,9084,614,80,64,0x50C8,0x404A,708,74,8996,542,0x023E,197,0,0,0,0x00,0,0
3210,9087,614,80,64,0x508C,0x40FF,708,181,8999,542,0x023E,197,0,0,0,0x00,0,0
3211,9090,616,80,66,0x5050,0x421F,708,288,9002,542,0x023E,197,0,0,0,0x00,0,0
3212,9093,617,80,67,0x5014,0x43AA,708,395,9005,542,0x023E,197,0,0,0,0x00,0,0
3213,9095,619,80,69,0x50D8,0x45A0,708,502,9007,542,0x023E,197,0,0,0,0x00,0,0
3214,9098,622,80,72,0x509C,0x4801,708,609,9010,542,0x023E,197,0,0,0,0x00,0,0
3215,9101,624,80,74,0x5060,0x4ACD,708,716,9013,542,0x023E,197,0,0,0,0x00,0,0
3216,9104,628,80,78,0x5024,0x4E04,708,823,9016,542,0x023E,197,0,0,0,0x00,0,0
3217,9106,631,80,81,0x50E8,0x51A6,708,930,9018,542,0x023E,197,0,0,0,0x00,0,0
3218,9109,633,80,83,0x50AC,0x5300,708,0,9021,542,0x023E,197,0,0,0,0x00,0,0
3219,9112,633,80,83,0x5070,0x5300,708,0,9024,542,0x023E,197,0,0,0,0x00,0,0
3220,9115,633,80,83,0x5034,0x5300,708,0,9027,542,0x023E,197,0,0,0,0x00,0,0
3221,9117,633,80,83,0x50F8,0x5300,708,0,9029,542,0x023E,197,0,0,0,0x00,0,0
3222,9120,633,80,83,0x50BC,0x5300,708,0,9032,542,0x023E,197,0,0,0,0x00,0,0
3223,9123,633,80,83,0x5080,0x5300,708,0,9035,542,0x023E,197,0,0,0,0x00,0,0
3224,9126,633,80,83,0x5044,0x5300,708,0,9038,542,0x023E,197,0,0,0,0x00,0,0
3225,9129,633,80,83,0x5008,0x5300,708,0,9041,542,0x023E,197,0,0,0,0x00,0,0
3226,9131,633,80,83,0x50CC,0x5300,708,0,9043,542,0x023E,197,0,0,0,0x00,0,0
3227,9134,633,80,83,0x5090,0x5300,708,0,9046,542,0x023E,197,0,0,0,0x00,0,0
3228,9137,633,80,83,0x5054,0x5300,708,0,9049,542,0x023E,197,0,0,0,0x00,0,0
3229,9140,633,80,83,0x5018,0x5300,708,0,9052,542,0x023E,197,0,0,0,0x00,0,0
3230,9142,633,80,83,0x50DC,0x5300,708,0,9054,542,0x023E,197,0,0,0,0x00,0,0
3231,9145,633,80,83,0x50A0,0x5300,708,0,9057,542,0x023E,197,0,0,0,0x00,0,0
3232,9148,633,80,83,0x5064,0x5300,708,0,9060,542,0x023E,197,0,0,0,0x00,0,0
3233,9151,633,80,83,0x5028,0x5300,708,0,9063,542,0x023E,197,0,0,0,0x00,0,0
3234,9153,633,80,83,0x50EC,0x5300,708,0,9065,542,0x023E,197,0,0,0,0x00,0,0
3235,9156,633,80,83,0x50B0,0x5300,708,0,9068,542,0x023E,197,0,0,0,0x00,0,0
3236,9159,633,80,83,0x5074,0x5300,708,-1424,9071,542,0x023E,197,0,0,0,0x00,0,0
3237,9162,627,80,77,0x5038,0x4DDB,708,-1317,9074,542,0x023E,197,0,0,0,0x00,0,0
3238,9164,623,80,73,0x50FC,0x4921,708,-1210,9076,542,0x023E,197,0,0,0,0x00,0,0
3239,9167,618,80,68,0x50C0,0x44D2,708,-1103,9079,542,0x023E,197,0,0,0,0x00,0,0
3240,9170,614,80,64,0x5084,0x40EE,708,-996,9082,542,0x023E,197,0,0,0,0x00,0,0
3241,9173,612,80,64,0x5048,0x4000,708,-889,9085,540,0x023C,58,0,0,0,0x00,0,0
3242,9176,609,80,64,0x500C,0x4000,708,-782,9088,537,0x0239,44,0,0,0,0x00,0,0
3243,9178,606,80,64,0x50D0,0x4000,708,-675,9090,534,0x0236,137,0,0,0,0x00,0,0
3244,9181,604,80,64,0x5094,0x4000,708,-568,9093,532,0x0234,81,0,0,0,0x00,0,0
3245,9184,602,80,64,0x5058,0x4000,708,-461,9096,530,0x0232,132,0,0,0,0x00,0,0
3246,9187,601,80,64,0x501C,0x4000,708,-354,9099,529,0x0231,34,0,0,0,0x00,0,0
3247,9189,600,80,64,0x50E0,0x4000,708,-247,9101,528,0x0230,43,0,0,0,0x00,0,0
3248,9192,599,80,64,0x50A4,0x4000,708,-140,9104,527,0x022F,159,0,0,0,0x00,0,0
3249,9195,599,80,64,0x5068,0x4000,708,-33,9107,527,0x022F,126,0,0,0,0x00,0,0
3250,9198,599,80,64,0x502C,0x404A,708,74,9110,527,0x022F,126,0,0,0,0x00,0,0
3251,9200,599,80,64,0x50F0,0x40FF,708,181,9112,527,0x022F,126,0,0,0,0x00,0,0
3252,9203,601,80,66,0x50B4,0x421F,708,288,9115,527,0x022F,126,0,0,0,0x00,0,0
3253,9206,602,80,67,0x5078,0x43AA,708,395,9118,527,0x022F,126,0,0,0,0x00,0,0
3254,9209,604,80,69,0x503C,0x45A0,708,502,9121,527,0x022F,126,0,0,0,0x00,0,0
3255,9212,607,80,72,0x5000,0x4801,708,609,9124,527,0x022F,126,0,0,0,0x00,0,0
3256,9214,609,80,74,0x50C4,0x4ACD,708,716,9126,527,0x022F,126,0,0,0,0x00,0,0
3257,9217,613,80,78,0x5088,0x4E04,708,823,9129,527,0x022F,126,0,0,0,0x00,0,0
3258,9220,616,80,81,0x504C,0x51A6,708,930,9132,527,0x022F,126,0,0,0,0x00,0,0
3259,9223,620,80,85,0x5010,0x55B3,708,1037,9135,527,0x022F,126,0,0,0,0x00,0,0
3260,9225,625,80,90,0x50D4,0x5A2B,708,1144,9137,527,0x022F,126,0,0,0,0x00,0,0
3261,9228,630,80,95,0x5098,0x5F0E,708,1251,9140,527,0x022F,126,0,0,0,0x00,0,0
3262,9231,633,80,98,0x505C,0x6200,708,0,9143,527,0x022F,126,0,0,0,0x00,0,0
3263,9234,633,80,98,0x5020,0x6200,708,0,9146,527,0x022F,126,0,0,0,0x00,0,0
3264,9236,633,80,98,0x50E4,0x6200,708,0,9148,527,0x022F,126,0,0,0,0x00,0,0
3265,9239,633,80,98,0x50A8,0x6200,708,0,9151,527,0x022F,126,0,0,0,0x00,0,0
3266,9242,633,80,98,0x506C,0x6200,708,0,9154,527,0x022F,126,0,0,0,0x00,0,0
3267,9245,633,80,98,0x5030,0x6200,708,0,9157,527,0x022F,126,0,0,0,0x00,0,0
3268,9247,633,80,98,0x50F4,0x6200,708,0,9159,527,0x022F,126,0,0,0,0x00,0,0
3269,9250,633,80,98,0x50B8,0x6200,708,0,9162,527,0x022F,126,0,0,0,0x00,0,0
3270,9253,633,80,98,0x507C,0x6200,708,0,9165,527,0x022F,126,0,0,0,0x00,0,0
3271,9256,633,80,98,0x5040,0x6200,708,0,9168,527,0x022F,126,0,0,0,0x00,0,0
3272,9259,633,80,98,0x5004,0x6200,708,0,9171,527,0x022F,126,0,0,0,0x00,0,0
3273,9261,633,80,98,0x50C8,0x6200,708,0,9173,527,0x022F,126,0,0,0,0x00,0,0
3274,9264,633,80,98,0x508C,0x6200,708,0,9176,527,0x022F,126,0,0,0,0x00,0,0
3275,9267,633,80,98,0x5050,0x6200,708,0,9179,527,0x022F,126,0,0,0,0x00,0,0
3276,9270,633,80,98,0x5014,0x6200,708,0,9182,527,0x022F,126,0,0,0,0x00,0,0
3277,9272,633,80,98,0x50D8,0x6200,708,0,9184,527,0x022F,126,0,0,0,0x00,0,0
3278,9275,633,80,98,0x509C,0x6200,708,0,9187,527,0x022F,126,0,0,0,0x00,0,0
3279,9278,633,80,98,0x5060,0x6200,708,0,9190,527,0x022F,126,0,0,0,0x00,0,0
3280,9281,633,80,98,0x5024,0x6200,708,-1424,9193,527,0x022F,126,0,0,0,0x00,0,0
3281,9283,627,80,92,0x50E8,0x5CDB,708,-1317,9195,527,0x022F,126,0,0,0,0x00,0,0
3282,9286,623,80,88,0x50AC,0x5821,708,-1210,9198,527,0x022F,126,0,0,0,0x00,0,0
3283,9289,618,80,83,0x5070,0x53D2,708,-1103,9201,527,0x022F,126,0,0,0,0x00,0,0
3284,9292,614,80,79,0x5034,0x4FEE,708,-996,9204,527,0x022F,126,0,0,0,0x00,0,0
3285,9294,611,80,76,0x50F8,0x4C75,708,-889,9206,527,0x022F,126,0,0,0,0x00,0,0
3286,9297,608,80,73,0x50BC,0x4967,708,-782,9209,527,0x022F,126,0,0,0,0x00,0,0
3287,9300,605,80,70,0x5080,0x46C4,708,-675,9212,527,0x022F,126,0,0,0,0x00,0,0
3288,9303,603,80,68,0x5044,0x448C,708,-568,9215,527,0x022F,126,0,0,0,0x00,0,0
3289,9306,601,80,66,0x5008,0x42BF,708,-461,9218,527,0x022F,126,0,0,0,0x00,0,0
3290,9308,600,80,65,0x50CC,0x415D,708,-354,9220,527,0x022F,126,0,0,0,0x00,0,0
3291,9311,599,80,64,0x5090,0x4066,708,-247,9223,527,0x022F,126,0,0,0,0x00,0,0
3292,9314,599,80,64,0x5054,0x4000,708,-140,9226,527,0x022F,88,0,0,0,0x00,0,0
3293,9317,599,80,64,0x5018,0x4000,708,-33,9229,527,0x022F,55,0,0,0,0x00,0,0
3294,9319,599,80,64,0x50DC,0x404A,708,74,9231,527,0x022F,55,0,0,0,0x00,0,0
3295,9322,599,80,64,0x50A0,0x40FF,708,181,9234,527,0x022F,55,0,0,0,0x00,0,0
3296,9325,601,80,66,0x5064,0x421F,708,288,9237,527,0x022F,55,0,0,0,0x00,0,0
3297,9328,602,80,67,0x5028,0x43AA,708,395,9240,527,0x022F,55,0,0,0,0x00,0,0
3298,9330,604,80,69,0x50EC,0x45A0,708,502,9242,527,0x022F,55,0,0,0,0x00,0,0
3299,9333,607,80,72,0x50B0,0x4801,708,609,9245,527,0x022F,55,0,0,0,0x00,0,0
3300,9336,609,80,74,0x5074,0x4ACD,708,716,9248,527,0x022F,55,0,0,0,0x00,0,0
3301,9339,613,80,78,0x5038,0x4E04,708,823,9251,527,0x022F,55,0,0,0,0x00,0,0
3302,9341,616,80,81,0x50FC,0x51A6,708,930,9253,527,0x022F,55,0,0,0,0x00,0,0
3303,9344,617,80,82,0x50C0,0x5200,708,0,9256,527,0x022F,55,0,0,0,0x00,0,0
3304,9347,617,80,82,0x5084,0x5200,708,0,9259,527,0x022F,55,0,0,0,0x00,0,0
3305,9350,617,80,82,0x5048,0x5200,708,0,9262,527,0x022F,55,0,0,0,0x00,0,0
3306,9353,617,80,82,0x500C,0x5200,708,0,9265,527,0x022F,55,0,0,0,0x00,0,0
3307,9355,617,80,82,0x50D0,0x5200,708,0,9267,527,0x022F,55,0,0,0,0x00,0,0
3308,9358,617,80,82,0x5094,0x5200,708,0,9270,527,0x022F,55,0,0,0,0x00,0,0
3309,9361,617,80,82,0x5058,0x5200,708,0,9273,527,0x022F,55,0,0,0,0x00,0,0
3310,9364,617,80,82,0x501C,0x5200,708,0,9276,527,0x022F,55,0,0,0,0x00,0,0
3311,9366,617,80,82,0x50E0,0x5200,708,0,9278,527,0x022F,55,0,0,0,0x00,0,0
3312,9369,617,80,82,0x50A4,0x5200,708,0,9281,527,0x022F,55,0,0,0,0x00,0,0
3313,9372,617,80,82,0x5068,0x5200,708,0,9284,527,0x022F,55,0,0,0,0x00,0,0
3314,9375,617,80,82,0x502C,0x5200,708,0,9287,527,0x022F,55,0,0,0,0x00,0,0
3315,9377,617,80,82,0x50F0,0x5200,708,0,9289,527,0x022F,55,0,0,0,0x00,0,0
3316,9380,617,80,82,0x50B4,0x5200,708,0,9292,527,0x022F,55,0,0,0,0x00,0,0
3317,9383,617,80,82,0x5078,0x5200,708,-1424,9295,527,0x022F,55,0,0,0,0x00,0,0
3318,9386,611,80,76,0x503C,0x4CDB,708,-1317,9298,527,0x022F,55,0,0,0,0x00,0,0
3319,9389,607,80,72,0x5000,0x4821,708,-1210,9301,527,0x022F,55,0,0,0,0x00,0,0
3320,9391,602,80,67,0x50C4,0x43D2,708,-1103,9303,527,0x022F,55,0,0,0,0x00,0,0
3321,9394,599,80,64,0x5088,0x4000,708,-996,9306,527,0x022F,37,0,0,0,0x00,0,0
3322,9397,595,80,64,0x504C,0x4000,708,-889,9309,523,0x022B,172,0,0,0,0x00,0,0
3323,9400,592,80,64,0x5010,0x4000,708,-782,9312,520,0x0228,158,0,0,0,0x00,0,0
3324,9402,589,80,64,0x50D4,0x4000,708,-675,9314,517,0x0225,251,0,0,0,0x00,0,0
3325,9405,587,80,64,0x5098,0x4000,708,-568,9317,515,0x0223,195,0,0,0,0x00,0,0
3326,9408,585,80,64,0x505C,0x4000,708,-461,9320,513,0x0221,246,0,0,0,0x00,0,0
3327,9411,584,80,64,0x5020,0x4000,708,-354,9323,512,0x0220,148,0,0,0,0x00,0,0
3328,9413,583,80,64,0x50E4,0x4000,708,-247,9325,511,0x021F,157,0,0,0,0x00,0,0
3329,9416,583,80,64,0x50A8,0x4000,708,-140,9328,511,0x021F,17,0,0,0,0x00,0,0
3330,9419,582,80,64,0x506C,0x4000,708,-33,9331,510,0x021E,240,0,0,0,0x00,0,0
3331,9422,582,80,64,0x5030,0x404A,708,74,9334,510,0x021E,240,0,0,0,0x00,0,0
3332,9424,582,80,64,0x50F4,0x40FF,708,181,9336,510,0x021E,240,0,0,0,0x00,0,0
3333,9427,584,80,66,0x50B8,0x421F,708,288,9339,510,0x021E,240,0,0,0,0x00,0,0
3334,9430,585,80,67,0x507C,0x43AA,708,395,9342,510,0x021E,240,0,0,0,0x00,0,0
3335,9433,587,80,69,0x5040,0x45A0,708,502,9345,510,0x021E,240,0,0,0,0x00,0,0
3336,9436,590,80,72,0x5004,0x4801,708,609,9348,510,0x021E,240,0,0,0,0x00,0,0
3337,9438,592,80,74,0x50C8,0x4ACD,708,716,9350,510,0x021E,240,0,0,0,0x00,0,0
3338,9441,596,80,78,0x508C,0x4E04,708,823,9353,510,0x021E,240,0,0,0,0x00,0,0
3339,9444,599,80,81,0x5050,0x51A6,708,930,9356,510,0x021E,240,0,0,0,0x00,0,0
3340,9447,603,80,85,0x5014,0x55B3,708,1037,9359,510,0x021E,240,0,0,0,0x00,0,0
3341,9449,608,80,90,0x50D8,0x5A2B,708,1144,9361,510,0x021E,240,0,0,0,0x00,0,0
3342,9452,613,80,95,0x509C,0x5F0E,708,1251,9364,510,0x021E,240,0,0,0,0x00,0,0
3343,9455,618,80,100,0x5060,0x645C,708,1358,9367,510,0x021E,240,0,0,0,0x00,0,0
3344,9458,624,80,106,0x5024,0x6A15,708,1465,9370,510,0x021E,240,0,0,0,0x00,0,0
3345,9460,630,80,112,0x50E8,0x7039,708,1572,9372,510,0x021E,240,0,0,0,0x00,0,0
3346,9463,636,80,118,0x50AC,0x76C8,708,1679,9375,510,0x021E,240,0,0,0,0x00,0,0
3347,9466,643,80,125,0x5070,0x7DC2,708,1786,9378,510,0x021E,240,0,0,0,0x00,0,0
3348,9469,649,80,131,0x5034,0x8300,708,0,9381,510,0x021E,240,0,0,0,0x00,0,0
3349,9471,649,80,131,0x50F8,0x8300,708,0,9383,510,0x021E,240,0,0,0,0x00,0,0
3350,9474,649,80,131,0x50BC,0x8300,708,0,9386,510,0x021E,240,0,0,0,0x00,0,0
3351,9477,649,80,131,0x5080,0x8300,708,0,9389,510,0x021E,240,0,0,0,0x00,0,0
3352,9480,649,80,131,0x5044,0x8300,708,0,9392,510,0x021E,240,0,0,0,0x00,0,0
3353,9483,649,80,131,0x5008,0x8300,708,0,9395,510,0x021E,240,0,0,0,0x00,0,0
3354,9485,649,80,131,0x50CC,0x8300,708,0,9397,510,0x021E,240,0,0,0,0x00,0,0
3355,9488,649,80,131,0x5090,0x8300,708,0,9400,510,0x021E,240,0,0,0,0x00,0,0
3356,9491,649,80,131,0x5054,0x8300,708,0,9403,510,0x021E,240,0,0,0,0x00,0,0
3357,9494,649,80,131,0x5018,0x8300,708,0,9406,510,0x021E,240,0,0,0,0x00,0,0
3358,9496,649,80,131,0x50DC,0x8300,708,0,9408,510,0x021E,240,0,0,0,0x00,0,0
3359,9499,649,80,131,0x50A0,0x8300,708,0,9411,510,0x021E,240,0,0,0,0x00,0,0
3360,9502,649,80,131,0x5064,0x8300,708,0,9414,510,0x021E,240,0,0,0,0x00,0,0
3361,9505,649,80,131,0x5028,0x8300,708,0,9417,510,0x021E,240,0,0,0,0x00,0,0
3362,9507,649,80,131,0x50EC,0x8300,708,0,9419,510,0x021E,240,0,0,0,0x00,0,0
3363,9510,649,80,131,0x50B0,0x8300,708,0,9422,510,0x021E,240,0,0,0,0x00,0,0
3364,9513,649,80,131,0x5074,0x8300,708,0,9425,510,0x021E,240,0,0,0,0x00,0,0
3365,9516,649,80,131,0x5038,0x836B,708,107,9428,510,0x021E,240,0,0,0,0x00,0,0
3366,9518,650,80,132,0x50FC,0x8441,708,214,9430,510,0x021E,240,0,0,0,0x00,0,0
3367,9521,651,80,133,0x50C0,0x8582,708,321,9433,510,0x021E,240,0,0,0,0x00,0,0
3368,9524,653,80,135,0x5084,0x872E,708,428,9436,510,0x021E,240,0,0,0,0x00,0,0
3369,9527,655,80,137,0x5048,0x8945,708,535,9439,510,0x021E,240,0,0,0,0x00,0,0
3370,9530,657,80,139,0x500C,0x8BC7,708,642,9442,510,0x021E,240,0,0,0,0x00,0,0
3371,9532,660,80,142,0x50D0,0x8EB4,708,749,9444,510,0x021E,240,0,0,0,0x00,0,0
3372,9535,664,80,146,0x5094,0x920C,708,856,9447,510,0x021E,240,0,0,0,0x00,0,0
3373,9538,667,80,149,0x5058,0x95CF,708,963,9450,510,0x021E,240,0,0,0,0x00,0,0
3374,9541,671,80,153,0x501C,0x99FD,708,1070,9453,510,0x021E,240,0,0,0,0x00,0,0
3375,9543,676,80,158,0x50E0,0x9E96,708,1177,9455,510,0x021E,240,0,0,0,0x00,0,0
3376,9546,681,80,160,0x50A4,0xA000,708,0,9458,513,0x0221,240,0,0,0,0x00,0,0
3377,9549,681,80,160,0x5068,0xA000,708,0,9461,513,0x0221,240,0,0,0,0x00,0,0
3378,9552,681,80,160,0x502C,0xA000,708,0,9464,513,0x0221,240,0,0,0,0x00,0,0
3379,9554,681,80,160,0x50F0,0xA000,708,0,9466,513,0x0221,240,0,0,0,0x00,0,0
3380,9557,681,80,160,0x50B4,0xA000,708,0,9469,513,0x0221,240,0,0,0,0x00,0,0
3381,9560,681,80,160,0x5078,0xA000,708,0,9472,513,0x0221,240,0,0,0,0x00,0,0
3382,9563,681,80,160,0x503C,0xA000,708,0,9475,513,0x0221,240,0,0,0,0x00,0,0
3383,9566,681,80,160,0x5000,0xA000,708,0,9478,513,0x0221,240,0,0,0,0x00,0,0
3384,9568,681,80,160,0x50C4,0xA000,708,0,9480,513,0x0221,240,0,0,0,0x00,0,0
3385,9571,681,80,160,0x5088,0xA000,708,0,9483,513,0x0221,240,0,0,0,0x00,0,0
3386,9574,681,80,160,0x504C,0xA000,708,0,9486,513,0x0221,240,0,0,0,0x00,0,0
3387,9577,681,80,160,0x5010,0xA000,708,0,9489,513,0x0221,240,0,0,0,0x00,0,0
3388,9579,681,80,160,0x50D4,0xA000,708,0,9491,513,0x0221,240,0,0,0,0x00,0,0
3389,9582,681,80,160,0x5098,0xA000,708,0,9494,513,0x0221,240,0,0,0,0x00,0,0
3390,9585,681,80,160,0x505C,0xA000,708,0,9497,513,0x0221,240,0,0,0,0x00,0,0
3391,9588,681,80,160,0x5020,0xA000,708,-1424,9500,513,0x0221,240,0,0,0,0x00,0,0
3392,9590,675,80,154,0x50E4,0x9ADB,708,-1317,9502,513,0x0221,240,0,0,0,0x00,0,0
3393,9593,671,80,150,0x50A8,0x9621,708,-1210,9505,513,0x0221,240,0,0,0,0x00,0,0
3394,9596,666,80,145,0x506C,0x91D2,708,-1103,9508,513,0x0221,240,0,0,0,0x00,0,0
3395,9599,662,80,141,0x5030,0x8DEE,708,-996,9511,513,0x0221,240,0,0,0,0x00,0,0
3396,9601,659,80,138,0x50F4,0x8A75,708,-889,9513,513,0x0221,240,0,0,0,0x00,0,0
3397,9604,656,80,135,0x50B8,0x8767,708,-782,9516,513,0x0221,240,0,0,0,0x00,0,0
3398,9607,653,80,132,0x507C,0x84C4,708,-675,9519,513,0x0221,240,0,0,0,0x00,0,0
3399,9610,651,80,130,0x5040,0x828C,708,-568,9522,513,0x0221,240,0,0,0,0x00,0,0
3400,9613,649,80,128,0x5004,0x80BF,708,-461,9525,513,0x0221,240,0,0,0,0x00,0,0
3401,9615,648,80,127,0x50C8,0x7F5D,708,-354,9527,513,0x0221,240,0,0,0,0x00,0,0
3402,9618,647,80,126,0x508C,0x7E66,708,-247,9530,513,0x0221,240,0,0,0,0x00,0,0
3403,9621,646,80,125,0x5050,0x7DDA,708,-140,9533,513,0x0221,240,0,0,0,0x00,0,0
3404,9624,646,80,125,0x5014,0x7DB9,708,-33,9536,513,0x0221,240,0,0,0,0x00,0,0
3405,9626,647,80,126,0x50D8,0x7E03,708,74,9538,513,0x0221,240,0,0,0,0x00,0,0
3406,9629,647,80,126,0x509C,0x7EB8,708,181,9541,513,0x0221,240,0,0,0,0x00,0,0
3407,9632,648,80,127,0x5060,0x7FD8,708,288,9544,513,0x0221,240,0,0,0,0x00,0,0
3408,9635,650,80,129,0x5024,0x8163,708,395,9547,513,0x0221,240,0,0,0,0x00,0,0
3409,9637,652,80,131,0x50E8,0x8359,708,502,9549,513,0x0221,240,0,0,0,0x00,0,0
3410,9640,654,80,133,0x50AC,0x85BA,708,609,9552,513,0x0221,240,0,0,0,0x00,0,0
3411,9643,657,80,136,0x5070,0x8886,708,716,9555,513,0x0221,240,0,0,0,0x00,0,0
3412,9646,660,80,139,0x5034,0x8BBD,708,823,9558,513,0x0221,240,0,0,0,0x00,0,0
3413,9648,664,80,143,0x50F8,0x8F5F,708,930,9560,513,0x0221,240,0,0,0,0x00,0,0
3414,9651,668,80,147,0x50BC,0x936C,708,1037,9563,513,0x0221,240,0,0,0,0x00,0,0
3415,9654,672,80,151,0x5080,0x97E4,708,1144,9566,513,0x0221,240,0,0,0,0x00,0,0
3416,9657,677,80,156,0x5044,0x9CC7,708,1251,9569,513,0x0221,240,0,0,0,0x00,0,0
3417,9660,684,80,160,0x5008,0xA000,708,1358,9572,516,0x0224,5,0,0,0,0x00,0,0
3418,9662,689,80,160,0x50CC,0xA000,708,1465,9574,521,0x0229,190,0,0,0,0x00,0,0
3419,9665,695,80,160,0x5090,0xA000,708,1572,9577,527,0x022F,226,0,0,0,0x00,0,0
3420,9668,702,80,160,0x5054,0xA000,708,1679,9580,534,0x0236,113,0,0,0,0x00,0,0
3421,9671,709,80,160,0x5018,0xA000,708,1786,9583,541,0x023D,107,0,0,0,0x00,0,0
3422,9673,716,80,160,0x50DC,0xA000,708,1893,9585,548,0x0244,208,0,0,0,0x00,0,0
3423,9676,723,80,160,0x50A0,0xA000,708,1786,9588,555,0x024B,202,0,0,0,0x00,0,0
3424,9679,731,80,160,0x5064,0xA000,708,1893,9591,563,0x0253,47,0,0,0,0x00,0,0
3425,9682,738,80,160,0x5028,0xA000,708,1786,9594,570,0x025A,41,0,0,0,0x00,0,0
3426,9684,745,80,160,0x50EC,0xA000,708,1893,9596,577,0x0261,142,0,0,0,0x00,0,0
3427,9687,752,80,160,0x50B0,0xA000,708,1786,9599,584,0x0268,136,0,0,0,0x00,0,0
3428,9690,759,80,160,0x5074,0xA000,708,1893,9602,591,0x026F,237,0,0,0,0x00,0,0
3429,9693,766,80,160,0x5038,0xA000,708,1786,9605,598,0x0276,231,0,0,0,0x00,0,0
3430,9695,774,80,160,0x50FC,0xA000,708,1893,9607,606,0x027E,76,0,0,0,0x00,0,0
3431,9698,781,80,160,0x50C0,0xA000,708,1786,9610,613,0x0285,70,0,0,0,0x00,0,0
3432,9701,788,80,160,0x5084,0xA000,708,1893,9613,620,0x028C,171,0,0,0,0x00,0,0
3433,9704,795,80,160,0x5048,0xA000,708,1786,9616,627,0x0293,165,0,0,0,0x00,0,0
3434,9707,803,80,160,0x500C,0xA000,708,1893,9619,635,0x029B,10,0,0,0,0x00,0,0
3435,9709,810,80,160,0x50D0,0xA000,708,1786,9621,642,0x02A2,4,0,0,0,0x00,0,0
3436,9712,817,80,160,0x5094,0xA000,708,1893,9624,649,0x02A9,105,0,0,0,0x00,0,0
3437,9715,824,80,160,0x5058,0xA000,708,1786,9627,656,0x02B0,99,0,0,0,0x00,0,0
3438,9718,831,80,160,0x501C,0xA000,708,1893,9630,663,0x02B7,200,0,0,0,0x00,0,0
3439,9720,838,80,160,0x50E0,0xA000,708,1786,9632,670,0x02BE,194,0,0,0,0x00,0,0
3440,9723,846,80,160,0x50A4,0xA000,708,1893,9635,678,0x02C6,39,0,0,0,0x00,0,0
3441,9726,853,80,160,0x5068,0xA000,708,1786,9638,685,0x02CD,33,0,0,0,0x00,0,0
3442,9729,860,80,160,0x502C,0xA000,708,1893,9641,692,0x02D4,134,0,0,0,0x00,0,0
3443,9731,867,80,160,0x50F0,0xA000,708,1786,9643,699,0x02DB,128,0,0,0,0x00,0,0
3444,9734,874,80,160,0x50B4,0xA000,708,1893,9646,706,0x02E2,229,0,0,0,0x00,0,0
3445,9737,881,80,160,0x5078,0xA000,708,1786,9649,713,0x02E9,223,0,0,0,0x00,0,0
3446,9740,889,80,162,0x503C,0xA244,708,1893,9652,719,0x02EF,0,0,0,0,0x00,0,0
3447,9743,896,80,169,0x5000,0xA93E,708,1786,9655,719,0x02EF,0,0,0,0,0x00,0,0
3448,9745,903,80,176,0x50C4,0xB0A3,708,1893,9657,719,0x02EF,0,0,0,0,0x00,0,0
3449,9748,905,80,178,0x5088,0xB200,708,0,9660,719,0x02EF,0,0,0,0,0x00,0,0
3450,9751,905,80,178,0x504C,0xB200,708,0,9663,719,0x02EF,0,0,0,0,0x00,0,0
3451,9754,905,80,178,0x5010,0xB200,708,0,9666,719,0x02EF,0,0,0,0,0x00,0,0
3452,9756,905,80,178,0x50D4,0xB200,708,0,9668,719,0x02EF,0,0,0,0,0x00,0,0
3453,9759,905,80,178,0x5098,0xB200,708,0,9671,719,0x02EF,0,0,0,0,0x00,0,0
3454,9762,905,80,178,0x505C,0xB200,708,0,9674,719,0x02EF,0,0,0,0,0x00,0,0
3455,9765,905,80,178,0x5020,0xB200,708,0,9677,719,0x02EF,0,0,0,0,0x00,0,0
3456,9767,905,80,178,0x50E4,0xB200,708,0,9679,719,0x02EF,0,0,0,0,0x00,0,0
3457,9770,905,80,178,0x50A8,0xB200,708,0,9682,719,0x02EF,0,0,0,0,0x00,0,0
3458,9773,905,80,178,0x506C,0xB200,708,0,9685,719,0x02EF,0,0,0,0,0x00,0,0
3459,9776,905,80,178,0x5030,0xB200,708,0,9688,719,0x02EF,0,0,0,0,0x00,0,0
3460,9778,905,80,178,0x50F4,0xB200,708,0,9690,719,0x02EF,0,0,0,0,0x00,0,0
3461,9781,905,80,178,0x50B8,0xB200,708,0,9693,719,0x02EF,0,0,0,0,0x00,0,0
3462,9784,905,80,178,0x507C,0xB200,708,-1424,9696,719,0x02EF,0,0,0,0,0x00,0,0
3463,9787,899,80,172,0x5040,0xACDB,708,-1317,9699,719,0x02EF,0,0,0,0,0x00,0,0
3464,9790,895,80,168,0x5004,0xA821,708,-1210,9702,719,0x02EF,0,0,0,0,0x00,0,0
3465,9792,890,80,163,0x50C8,0xA3D2,708,-1103,9704,719,0x02EF,0,0,0,0,0x00,0,0
3466,9795,886,80,159,0x508C,0x9FEE,708,-996,9707,719,0x02EF,0,0,0,0,0x00,0,0
3467,9798,883,80,156,0x5050,0x9C75,708,-889,9710,719,0x02EF,0,0,0,0,0x00,0,0
3468,9801,880,80,153,0x5014,0x9967,708,-782,9713,719,0x02EF,0,0,0,0,0x00,0,0
3469,9803,877,80,150,0x50D8,0x96C4,708,-675,9715,719,0x02EF,0,0,0,0,0x00,0,0
3470,9806,875,80,148,0x509C,0x948C,708,-568,9718,719,0x02EF,0,0,0,0,0x00,0,0
3471,9809,873,80,146,0x5060,0x92BF,708,-461,9721,719,0x02EF,0,0,0,0,0x00,0,0
3472,9812,872,80,145,0x5024,0x915D,708,-354,9724,719,0x02EF,0,0,0,0,0x00,0,0
3473,9814,871,80,144,0x50E8,0x9066,708,-247,9726,719,0x02EF,0,0,0,0,0x00,0,0
3474,9817,870,80,143,0x50AC,0x8FDA,708,-140,9729,719,0x02EF,0,0,0,0,0x00,0,0
3475,9820,870,80,143,0x5070,0x8FB9,708,-33,9732,719,0x02EF,0,0,0,0,0x00,0,0
3476,9823,871,80,144,0x5034,0x9003,708,74,9735,719,0x02EF,0,0,0,0,0x00,0,0
3477,9825,871,80,144,0x50F8,0x90B8,708,181,9737,719,0x02EF,0,0,0,0,0x00,0,0
3478,9828,872,80,145,0x50BC,0x91D8,708,288,9740,719,0x02EF,0,0,0,0,0x00,0,0
3479,9831,874,80,147,0x5080,0x9363,708,395,9743,719,0x02EF,0,0,0,0,0x00,0,0
3480,9834,876,80,149,0x5044,0x9559,708,502,9746,719,0x02EF,0,0,0,0,0x00,0,0
3481,9837,878,80,151,0x5008,0x97BA,708,609,9749,719,0x02EF,0,0,0,0,0x00,0,0
3482,9839,881,80,154,0x50CC,0x9A86,708,716,9751,719,0x02EF,0,0,0,0,0x00,0,0
3483,9842,884,80,157,0x5090,0x9DBD,708,823,9754,719,0x02EF,0,0,0,0,0x00,0,0
3484,9845,888,80,161,0x5054,0xA15F,708,930,9757,719,0x02EF,0,0,0,0,0x00,0,0
3485,9848,892,80,165,0x5018,0xA56C,708,1037,9760,719,0x02EF,0,0,0,0,0x00,0,0
3486,9850,896,80,169,0x50DC,0xA9E4,708,1144,9762,719,0x02EF,0,0,0,0,0x00,0,0
3487,9853,901,80,174,0x50A0,0xAEC7,708,1251,9765,719,0x02EF,0,0,0,0,0x00,0,0
3488,9856,905,80,178,0x5064,0xB200,708,0,9768,719,0x02EF,0,0,0,0,0x00,0,0
3489,9859,905,80,178,0x5028,0xB200,708,0,9771,719,0x02EF,0,0,0,0,0x00,0,0
3490,9861,905,80,178,0x50EC,0xB200,708,0,9773,719,0x02EF,0,0,0,0,0x00,0,0
3491,9864,905,80,178,0x50B0,0xB200,708,0,9776,719,0x02EF,0,0,0,0,0x00,0,0
3492,9867,905,80,178,0x5074,0xB200,708,0,9779,719,0x02EF,0,0,0,0,0x00,0,0
3493,9870,905,80,178,0x5038,0xB200,708,0,9782,719,0x02EF,0,0,0,0,0x00,0,0
3494,9872,905,80,178,0x50FC,0xB200,708,0,9784,719,0x02EF,0,0,0,0,0x00,0,0
3495,9875,905,80,178,0x50C0,0xB200,708,0,9787,719,0x02EF,0,0,0,0,0x00,0,0
3496,9878,905,80,178,0x5084,0xB200,708,0,9790,719,0x02EF,0,0,0,0,0x00,0,0
3497,9881,905,80,178,0x5048,0xB200,708,0,9793,719,0x02EF,0,0,0,0,0x00,0,0
3498,9884,905,80,178,0x500C,0xB200,708,0,9796,719,0x02EF,0,0,0,0,0x00,0,0
3499,9886,905,80,178,0x50D0,0xB200,708,0,9798,719,0x02EF,0,0,0,0,0x00,0,0
3500,9889,905,80,178,0x5094,0xB200,708,0,9801,719,0x02EF,0,0,0,0,0x00,0,0
3501,9892,905,80,178,0x5058,0xB200,708,0,9804,719,0x02EF,0,0,0,0,0x00,0,0
3502,9895,905,80,178,0x501C,0xB200,708,0,9807,719,0x02EF,0,0,0,0,0x00,0,0
3503,9897,905,80,178,0x50E0,0xB200,708,0,9809,719,0x02EF,0,0,0,0,0x00,0,0
3504,9900,905,80,178,0x50A4,0xB200,708,0,9812,719,0x02EF,0,0,0,0,0x00,0,0
3505,9903,905,80,178,0x5068,0xB200,708,0,9815,719,0x02EF,0,0,0,0,0x00,0,0
3506,9906,905,80,178,0x502C,0xB200,708,0,9818,719,0x02EF,0,0,0,0,0x00,0,0
3507,9908,905,80,178,0x50F0,0xB200,708,0,9820,719,0x02EF,0,0,0,0,0x00,0,0
3508,9911,905,80,178,0x50B4,0xB200,708,0,9823,719,0x02EF,0,0,0,0,0x00,0,0
3509,9914,905,80,178,0x5078,0xB200,708,0,9826,719,0x02EF,0,0,0,0,0x00,0,0
3510,9917,905,80,178,0x503C,0xB200,708,0,9829,719,0x02EF,0,0,0,0,0x00,0,0
3511,9920,905,80,178,0x5000,0xB200,708,0,9832,719,0x02EF,0,0,0,0,0x00,0,0
3512,9922,905,80,178,0x50C4,0xB200,708,0,9834,719,0x02EF,0,0,0,0,0x00,0,0
3513,9925,905,80,178,0x5088,0xB200,708,-1424,9837,719,0x02EF,0,0,0,0,0x00,0,0
3514,9928,899,80,172,0x504C,0xACDB,708,-1317,9840,719,0x02EF,0,0,0,0,0x00,0,0
3515,9931,895,80,168,0x5010,0xA821,708,-1210,9843,719,0x02EF,0,0,0,0,0x00,0,0
3516,9933,890,80,163,0x50D4,0xA3D2,708,-1103,9845,719,0x02EF,0,0,0,0,0x00,0,0
3517,9936,886,80,159,0x5098,0x9FEE,708,-996,9848,719,0x02EF,0,0,0,0,0x00,0,0
3518,9939,883,80,156,0x505C,0x9C75,708,-889,9851,719,0x02EF,0,0,0,0,0x00,0,0
3519,9942,880,80,153,0x5020,0x9967,708,-782,9854,719,0x02EF,0,0,0,0,0x00,0,0
3520,9944,877,80,150,0x50E4,0x96C4,708,-675,9856,719,0x02EF,0,0,0,0,0x00,0,0
3521,9947,875,80,148,0x50A8,0x948C,708,-568,9859,719,0x02EF,0,0,0,0,0x00,0,0
3522,9950,873,80,146,0x506C,0x92BF,708,-461,9862,719,0x02EF,0,0,0,0,0x00,0,0
3523,9953,872,80,145,0x5030,0x915D,708,-354,9865,719,0x02EF,0,0,0,0,0x00,0,0
3524,9955,871,80,144,0x50F4,0x9066,708,-247,9867,719,0x02EF,0,0,0,0,0x00,0,0
3525,9958,870,80,143,0x50B8,0x8FDA,708,-140,9870,719,0x02EF,0,0,0,0,0x00,0,0
3526,9961,870,80,143,0x507C,0x8FB9,708,-33,9873,719,0x02EF,0,0,0,0,0x00,0,0
3527,9964,871,80,144,0x5040,0x9003,708,74,9876,719,0x02EF,0,0,0,0,0x00,0,0
3528,9967,871,80,144,0x5004,0x90B8,708,181,9879,719,0x02EF,0,0,0,0,0x00,0,0
3529,9969,872,80,145,0x50C8,0x91D8,708,288,9881,719,0x02EF,0,0,0,0,0x00,0,0
3530,9972,874,80,147,0x508C,0x9363,708,395,9884,719,0x02EF,0,0,0,0,0x00,0,0
3531,9975,876,80,149,0x5050,0x9559,708,502,9887,719,0x02EF,0,0,0,0,0x00,0,0
3532,9978,878,80,151,0x5014,0x97BA,708,609,9890,719,0x02EF,0,0,0,0,0x00,0,0
3533,9980,881,80,154,0x50D8,0x9A86,708,716,9892,719,0x02EF,0,0,0,0,0x00,0,0
3534,9983,884,80,157,0x509C,0x9DBD,708,823,9895,719,0x02EF,0,0,0,0,0x00,0,0
3535,9986,888,80,161,0x5060,0xA15F,708,930,9898,719,0x02EF,0,0,0,0,0x00,0,0
3536,9989,892,80,165,0x5024,0xA56C,708,1037,9901,719,0x02EF,0,0,0,0,0x00,0,0
3537,9991,896,80,169,0x50E8,0xA9E4,708,1144,9903,719,0x02EF,0,0,0,0,0x00,0,0
3538,9994,901,80,174,0x50AC,0xAEC7,708,1251,9906,719,0x02EF,0,0,0,0,0x00,0,0
3539,9997,905,80,178,0x5070,0xB200,708,0,9909,719,0x02EF,0,0,0,0,0x00,0,0
3540,10000,905,80,178,0x5034,0xB200,708,0,9912,719,0x02EF,0,0,0,0,0x00,0,0
3541,10002,905,80,178,0x50F8,0xB200,708,0,9914,719,0x02EF,0,0,0,0,0x00,0,0
3542,10005,905,80,178,0x50BC,0xB200,708,0,9917,719,0x02EF,0,0,0,0,0x00,0,0
3543,10008,905,80,178,0x5080,0xB200,708,0,9920,719,0x02EF,0,0,0,0,0x00,0,0
3544,10011,905,80,178,0x5044,0xB200,708,0,9923,719,0x02EF,0,0,0,0,0x00,0,0
3545,10014,905,80,178,0x5008,0xB200,708,0,9926,719,0x02EF,0,0,0,0,0x00,0,0
3546,10016,905,80,178,0x50CC,0xB200,708,0,9928,719,0x02EF,0,0,0,0,0x00,0,0
3547,10019,905,80,178,0x5090,0xB200,708,0,9931,719,0x02EF,0,0,0,0,0x00,0,0
3548,10022,905,80,178,0x5054,0xB200,708,0,9934,719,0x02EF,0,0,0,0,0x00,0,0
3549,10025,905,80,178,0x5018,0xB200,708,0,9937,719,0x02EF,0,0,0,0,0x00,0,0
3550,10027,905,80,178,0x50DC,0xB200,708,0,9939,719,0x02EF,0,0,0,0,0x00,0,0
3551,10030,905,80,178,0x50A0,0xB200,708,0,9942,719,0x02EF,0,0,0,0,0x00,0,0
3552,10033,905,80,178,0x5064,0xB200,708,0,9945,719,0x02EF,0,0,0,0,0x00,0,0
3553,10036,905,80,178,0x5028,0xB200,708,0,9948,719,0x02EF,0,0,0,0,0x00,0,0
3554,10038,905,80,178,0x50EC,0xB200,708,0,9950,719,0x02EF,0,0,0,0,0x00,0,0
3555,10041,905,80,178,0x50B0,0xB200,708,0,9953,719,0x02EF,0,0,0,0,0x00,0,0
3556,10044,905,80,178,0x5074,0xB200,708,0,9956,719,0x02EF,0,0,0,0,0x00,0,0
3557,10047,905,80,178,0x5038,0xB200,708,0,9959,719,0x02EF,0,0,0,0,0x00,0,0
3558,10049,905,80,178,0x50FC,0xB200,708,0,9961,719,0x02EF,0,0,0,0,0x00,0,0
3559,10052,905,80,178,0x50C0,0xB200,708,-1424,9964,719,0x02EF,0,0,0,0,0x00,0,0
3560,10055,899,80,172,0x5084,0xACDB,708,-1317,9967,719,0x02EF,0,0,0,0,0x00,0,0
3561,10058,895,80,168,0x5048,0xA821,708,-1210,9970,719,0x02EF,0,0,0,0,0x00,0,0
3562,10061,890,80,163,0x500C,0xA3D2,708,-1103,9973,719,0x02EF,0,0,0,0,0x00,0,0
3563,10063,886,80,159,0x50D0,0x9FEE,708,-996,9975,719,0x02EF,0,0,0,0,0x00,0,0
3564,10066,883,80,156,0x5094,0x9C75,708,-889,9978,719,0x02EF,0,0,0,0,0x00,0,0
3565,10069,880,80,153,0x5058,0x9967,708,-782,9981,719,0x02EF,0,0,0,0,0x00,0,0
3566,10072,877,80,150,0x501C,0x96C4,708,-675,9984,719,0x02EF,0,0,0,0,0x00,0,0
3567,10074,875,80,148,0x50E0,0x948C,708,-568,9986,719,0x02EF,0,0,0,0,0x00,0,0
3568,10077,873,80,146,0x50A4,0x92BF,708,-461,9989,719,0x02EF,0,0,0,0,0x00,0,0
3569,10080,872,80,145,0x5068,0x915D,708,-354,9992,719,0x02EF,0,0,0,0,0x00,0,0
3570,10083,871,80,144,0x502C,0x9066,708,-247,9995,719,0x02EF,0,0,0,0,0x00,0,0
3571,10085,870,80,143,0x50F0,0x8FDA,708,-140,9997,719,0x02EF,0,0,0,0,0x00,0,0
3572,10088,870,80,143,0x50B4,0x8FB9,708,-33,10000,719,0x02EF,0,0,0,0,0x00,0,0
3573,10091,871,80,144,0x5078,0x9003,708,74,10003,719,0x02EF,0,0,0,0,0x00,0,0
3574,10094,871,80,144,0x503C,0x90B8,708,181,10006,719,0x02EF,0,0,0,0,0x00,0,0
3575,10097,872,80,145,0x5000,0x91D8,708,288,10009,719,0x02EF,0,0,0,0,0x00,0,0
3576,10099,874,80,147,0x50C4,0x9363,708,395,10011,719,0x02EF,0,0,0,0,0x00,0,0
3577,10102,876,80,149,0x5088,0x9559,708,502,10014,719,0x02EF,0,0,0,0,0x00,0,0
3578,10105,878,80,151,0x504C,0x97BA,708,609,10017,719,0x02EF,0,0,0,0,0x00,0,0
3579,10108,881,80,154,0x5010,0x9A86,708,716,10020,719,0x02EF,0,0,0,0,0x00,0,0
3580,10110,884,80,157,0x50D4,0x9DBD,708,823,10022,719,0x02EF,0,0,0,0,0x00,0,0
3581,10113,888,80,161,0x5098,0xA15F,708,930,10025,719,0x02EF,0,0,0,0,0x00,0,0
3582,10116,892,80,165,0x505C,0xA56C,708,1037,10028,719,0x02EF,0,0,0,0,0x00,0,0
3583,10119,896,80,169,0x5020,0xA9E4,708,1144,10031,719,0x02EF,0,0,0,0,0x00,0,0
3584,10121,901,80,174,0x50E4,0xAEC7,708,1251,10033,719,0x02EF,0,0,0,0,0x00,0,0
3585,10124,905,80,178,0x50A8,0xB200,708,0,10036,719,0x02EF,0,0,0,0,0x00,0,0
3586,10127,905,80,178,0x506C,0xB200,708,0,10039,719,0x02EF,0,0,0,0,0x00,0,0
3587,10130,905,80,178,0x5030,0xB200,708,0,10042,719,0x02EF,0,0,0,0,0x00,0,0
3588,10132,905,80,178,0x50F4,0xB200,708,0,10044,719,0x02EF,0,0,0,0,0x00,0,0
3589,10135,905,80,178,0x50B8,0xB200,708,0,10047,719,0x02EF,0,0,0,0,0x00,0,0
3590,10138,905,80,178,0x507C,0xB200,708,0,10050,719,0x02EF,0,0,0,0,0x00,0,0
3591,10141,905,80,178,0x5040,0xB200,708,0,10053,719,0x02EF,0,0,0,0,0x00,0,0
3592,10144,905,80,178,0x5004,0xB200,708,0,10056,719,0x02EF,0,0,0,0,0x00,0,0
3593,10146,905,80,178,0x50C8,0xB200,708,0,10058,719,0x02EF,0,0,0,0,0x00,0,0
3594,10149,905,80,178,0x508C,0xB200,708,0,10061,719,0x02EF,0,0,0,0,0x00,0,0
3595,10152,905,80,178,0x5050,0xB200,708,0,10064,719,0x02EF,0,0,0,0,0x00,0,0
3596,10155,905,80,178,0x5014,0xB200,708,0,10067,719,0x02EF,0,0,0,0,0x00,0,0
3597,10157,905,80,178,0x50D8,0xB200,708,0,10069,719,0x02EF,0,0,0,0,0x00,0,0
3598,10160,905,80,178,0x509C,0xB200,708,0,10072,719,0x02EF,0,0,0,0,0x00,0,0
3599,10163,905,80,178,0x5060,0xB200,708,0,10075,719,0x02EF,0,0,0,0,0x00,0,0
3600,10166,905,80,178,0x5024,0xB200,708,0,10078,719,0x02EF,0,0,0,0,0x00,0,0
3601,10168,905,80,178,0x50E8,0xB200,708,0,10080,719,0x02EF,0,0,0,0,0x00,0,0
3602,10171,905,80,178,0x50AC,0xB200,708,0,10083,719,0x02EF,0,0,0,0,0x00,0,0
3603,10174,905,80,178,0x5070,0xB200,708,0,10086,719,0x02EF,0,0,0,0,0x00,0,0
3604,10177,905,80,178,0x5034,0xB200,708,0,10089,719,0x02EF,0,0,0,0,0x00,0,0
3605,10179,905,80,178,0x50F8,0xB200,708,0,10091,719,0x02EF,0,0,0,0,0x00,0,0
3606,10182,905,80,178,0x50BC,0xB200,708,-1424,10094,719,0x02EF,0,0,0,0,0x00,0,0
3607,10185,899,80,172,0x5080,0xACDB,708,-1317,10097,719,0x02EF,0,0,0,0,0x00,0,0
3608,10188,895,80,168,0x5044,0xA821,708,-1210,10100,719,0x02EF,0,0,0,0,0x00,0,0
3609,10191,890,80,163,0x5008,0xA3D2,708,-1103,10103,719,0x02EF,0,0,0,0,0x00,0,0
3610,10193,886,80,159,0x50CC,0x9FEE,708,-996,10105,719,0x02EF,0,0,0,0,0x00,0,0
3611,10196,883,80,156,0x5090,0x9C75,708,-889,10108,719,0x02EF,0,0,0,0,0x00,0,0
3612,10199,880,80,153,0x5054,0x9967,708,-782,10111,719,0x02EF,0,0,0,0,0x00,0,0
3613,10202,877,80,150,0x5018,0x96C4,708,-675,10114,719,0x02EF,0,0,0,0,0x00,0,0
3614,10204,875,80,148,0x50DC,0x948C,708,-568,10116,719,0x02EF,0,0,0,0,0x00,0,0
3615,10207,873,80,146,0x50A0,0x92BF,708,-461,10119,719,0x02EF,0,0,0,0,0x00,0,0
3616,10210,872,80,145,0x5064,0x915D,708,-354,10122,719,0x02EF,0,0,0,0,0x00,0,0
3617,10213,871,80,144,0x5028,0x9066,708,-247,10125,719,0x02EF,0,0,0,0,0x00,0,0
3618,10215,870,80,143,0x50EC,0x8FDA,708,-140,10127,719,0x02EF,0,0,0,0,0x00,0,0
3619,10218,870,80,143,0x50B0,0x8FB9,708,-33,10130,719,0x02EF,0,0,0,0,0x00,0,0
3620,10221,871,80,144,0x5074,0x9003,708,74,10133,719,0x02EF,0,0,0,0,0x00,0,0
3621,10224,871,80,144,0x5038,0x90B8,708,181,10136,719,0x02EF,0,0,0,0,0x00,0,0
3622,10226,872,80,145,0x50FC,0x91D8,708,288,10138,719,0x02EF,0,0,0,0,0x00,0,0
3623,10229,874,80,147,0x50C0,0x9363,708,395,10141,719,0x02EF,0,0,0,0,0x00,0,0
3624,10232,876,80,149,0x5084,0x9559,708,502,10144,719,0x02EF,0,0,0,0,0x00,0,0
3625,10235,878,80,151,0x5048,0x97BA,708,609,10147,719,0x02EF,0,0,0,0,0x00,0,0
3626,10238,881,80,154,0x500C,0x9A86,708,716,10150,719,0x02EF,0,0,0,0,0x00,0,0
3627,10240,884,80,157,0x50D0,0x9DBD,708,823,10152,719,0x02EF,0,0,0,0,0x00,0,0
3628,10243,888,80,161,0x5094,0xA15F,708,930,10155,719,0x02EF,0,0,0,0,0x00,0,0
3629,10246,892,80,165,0x5058,0xA56C,708,1037,10158,719,0x02EF,0,0,0,0,0x00,0,0
3630,10249,896,80,169,0x501C,0xA9E4,708,1144,10161,719,0x02EF,0,0,0,0,0x00,0,0
3631,10251,901,80,174,0x50E0,0xAEC7,708,1251,10163,719,0x02EF,0,0,0,0,0x00,0,0
3632,10254,905,80,178,0x50A4,0xB200,708,0,10166,719,0x02EF,0,0,0,0,0x00,0,0
3633,10257,905,80,178,0x5068,0xB200,708,0,10169,719,0x02EF,0,0,0,0,0x00,0,0
3634,10260,905,80,178,0x502C,0xB200,708,0,10172,719,0x02EF,0,0,0,0,0x00,0,0
3635,10262,905,80,178,0x50F0,0xB200,708,0,10174,719,0x02EF,0,0,0,0,0x00,0,0
3636,10265,905,80,178,0x50B4,0xB200,708,0,10177,719,0x02EF,0,0,0,0,0x00,0,0
3637,10268,905,80,178,0x5078,0xB200,708,0,10180,719,0x02EF,0,0,0,0,0x00,0,0
3638,10271,905,80,178,0x503C,0xB200,708,0,10183,719,0x02EF,0,0,0,0,0x00,0,0
3639,10274,905,80,178,0x5000,0xB200,708,0,10186,719,0x02EF,0,0,0,0,0x00,0,0
3640,10276,905,80,178,0x50C4,0xB200,708,0,10188,719,0x02EF,0,0,0,0,0x00,0,0
3641,10279,905,80,178,0x5088,0xB200,708,0,10191,719,0x02EF,0,0,0,0,0x00,0,0
3642,10282,905,80,178,0x504C,0xB200,708,0,10194,719,0x02EF,0,0,0,0,0x00,0,0
3643,10285,905,80,178,0x5010,0xB200,708,0,10197,719,0x02EF,0,0,0,0,0x00,0,0
3644,10287,905,80,178,0x50D4,0xB200,708,0,10199,719,0x02EF,0,0,0,0,0x00,0,0
3645,10290,905,80,178,0x5098,0xB200,708,0,10202,719,0x02EF,0,0,0,0,0x00,0,0
3646,10293,905,80,178,0x505C,0xB200,708,0,10205,719,0x02EF,0,0,0,0,0x00,0,0
3647,10296,905,80,178,0x5020,0xB200,708,0,10208,719,0x02EF,0,0,0,0,0x00,0,0
3648,10298,905,80,178,0x50E4,0xB200,708,0,10210,719,0x02EF,0,0,0,0,0x00,0,0
3649,10301,905,80,178,0x50A8,0xB200,708,0,10213,719,0x02EF,0,0,0,0,0x00,0,0
3650,10304,905,80,178,0x506C,0xB200,708,0,10216,719,0x02EF,0,0,0,0,0x00,0,0
3651,10307,905,80,178,0x5030,0xB200,708,0,10219,719,0x02EF,0,0,0,0,0x00,0,0
3652,10309,905,80,178,0x50F4,0xB200,708,0,10221,719,0x02EF,0,0,0,0,0x00,0,0
3653,10312,905,80,178,0x50B8,0xB200,708,0,10224,719,0x02EF,0,0,0,0,0x00,0,0
3654,10315,905,80,178,0x507C,0xB200,708,0,10227,719,0x02EF,0,0,0,0,0x00,0,0
3655,10318,905,80,178,0x5040,0xB200,708,0,10230,719,0x02EF,0,0,0,0,0x00,0,0
3656,10321,905,80,178,0x5004,0xB200,708,0,10233,719,0x02EF,0,0,0,0,0x00,0,0
3657,10323,905,80,178,0x50C8,0xB200,708,0,10235,719,0x02EF,0,0,0,0,0x00,0,0
3658,10326,905,80,178,0x508C,0xB200,708,-1424,10238,719,0x02EF,0,0,0,0,0x00,0,0
3659,10329,899,80,172,0x5050,0xACDB,708,-1317,10241,719,0x02EF,0,0,0,0,0x00,0,0
3660,10332,895,80,168,0x5014,0xA821,708,-1210,10244,719,0x02EF,0,0,0,0,0x00,0,0
3661,10334,890,80,163,0x50D8,0xA3D2,708,-1103,10246,719,0x02EF,0,0,0,0,0x00,0,0
3662,10337,886,80,159,0x509C,0x9FEE,708,-996,10249,719,0x02EF,0,0,0,0,0x00,0,0
3663,10340,883,80,156,0x5060,0x9C75,708,-889,10252,719,0x02EF,0,0,0,0,0x00,0,0
3664,10343,880,80,153,0x5024,0x9967,708,-782,10255,719,0x02EF,0,0,0,0,0x00,0,0
3665,10345,877,80,150,0x50E8,0x96C4,708,-675,10257,719,0x02EF,0,0,0,0,0x00,0,0
3666,10348,875,80,148,0x50AC,0x948C,708,-568,10260,719,0x02EF,0,0,0,0,0x00,0,0
3667,10351,873,80,146,0x5070,0x92BF,708,-461,10263,719,0x02EF,0,0,0,0,0x00,0,0
3668,10354,872,80,145,0x5034,0x915D,708,-354,10266,719,0x02EF,0,0,0,0,0x00,0,0
3669,10356,871,80,144,0x50F8,0x9066,708,-247,10268,719,0x02EF,0,0,0,0,0x00,0,0
3670,10359,870,80,143,0x50BC,0x8FDA,708,-140,10271,719,0x02EF,0,0,0,0,0x00,0,0
3671,10362,870,80,143,0x5080,0x8FB9,708,-33,10274,719,0x02EF,0,0,0,0,0x00,0,0
3672,10365,871,80,144,0x5044,0x9003,708,74,10277,719,0x02EF,0,0,0,0,0x00,0,0
3673,10368,871,80,144,0x5008,0x90B8,708,181,10280,719,0x02EF,0,0,0,0,0x00,0,0
3674,10370,872,80,145,0x50CC,0x91D8,708,288,10282,719,0x02EF,0,0,0,0,0x00,0,0
3675,10373,874,80,147,0x5090,0x9363,708,395,10285,719,0x02EF,0,0,0,0,0x00,0,0
3676,10376,876,80,149,0x5054,0x9559,708,502,10288,719,0x02EF,0,0,0,0,0x00,0,0
3677,10379,878,80,151,0x5018,0x97BA,708,609,10291,719,0x02EF,0,0,0,0,0x00,0,0
3678,10381,881,80,154,0x50DC,0x9A86,708,716,10293,719,0x02EF,0,0,0,0,0x00,0,0
3679,10384,884,80,157,0x50A0,0x9DBD,708,823,10296,719,0x02EF,0,0,0,0,0x00,0,0
3680,10387,888,80,161,0x5064,0xA15F,708,930,10299,719,0x02EF,0,0,0,0,0x00,0,0
3681,10390,892,80,165,0x5028,0xA56C,708,1037,10302,719,0x02EF,0,0,0,0,0x00,0,0
3682,10392,896,80,169,0x50EC,0xA9E4,708,1144,10304,719,0x02EF,0,0,0,0,0x00,0,0
3683,10395,901,80,174,0x50B0,0xAEC7,708,1251,10307,719,0x02EF,0,0,0,0,0x00,0,0
3684,10398,905,80,178,0x5074,0xB200,708,0,10310,719,0x02EF,0,0,0,0,0x00,0,0
3685,10401,905,80,178,0x5038,0xB200,708,0,10313,719,0x02EF,0,0,0,0,0x00,0,0
3686,10403,905,80,178,0x50FC,0xB200,708,0,10315,719,0x02EF,0,0,0,0,0x00,0,0
3687,10406,905,80,178,0x50C0,0xB200,708,0,10318,719,0x02EF,0,0,0,0,0x00,0,0
3688,10409,905,80,178,0x5084,0xB200,708,0,10321,719,0x02EF,0,0,0,0,0x00,0,0
3689,10412,905,80,178,0x5048,0xB200,708,0,10324,719,0x02EF,0,0,0,0,0x00,0,0
3690,10415,905,80,178,0x500C,0xB200,708,0,10327,719,0x02EF,0,0,0,0,0x00,0,0
3691,10417,905,80,178,0x50D0,0xB200,708,0,10329,719,0x02EF,0,0,0,0,0x00,0,0
3692,10420,905,80,178,0x5094,0xB200,708,0,10332,719,0x02EF,0,0,0,0,0x00,0,0
3693,10423,905,80,178,0x5058,0xB200,708,0,10335,719,0x02EF,0,0,0,0,0x00,0,0
3694,10426,905,80,178,0x501C,0xB200,708,0,10338,719,0x02EF,0,0,0,0,0x00,0,0
3695,10428,905,80,178,0x50E0,0xB200,708,0,10340,719,0x02EF,0,0,0,0,0x00,0,0
3696,10431,905,80,178,0x50A4,0xB200,708,0,10343,719,0x02EF,0,0,0,0,0x00,0,0
3697,10434,905,80,178,0x5068,0xB200,708,0,10346,719,0x02EF,0,0,0,0,0x00,0,0
3698,10437,905,80,178,0x502C,0xB200,708,0,10349,719,0x02EF,0,0,0,0,0x00,0,0
3699,10439,905,80,178,0x50F0,0xB200,708,0,10351,719,0x02EF,0,0,0,0,0x00,0,0
3700,10442,905,80,178,0x50B4,0xB200,708,0,10354,719,0x02EF,0,0,0,0,0x00,0,0
3701,10445,905,80,178,0x5078,0xB200,708,0,10357,719,0x02EF,0,0,0,0,0x00,0,0
3702,10448,905,80,178,0x503C,0xB200,708,0,10360,719,0x02EF,0,0,0,0,0x00,0,0
3703,10451,905,80,178,0x5000,0xB200,708,0,10363,719,0x02EF,0,0,0,0,0x00,0,0
3704,10453,905,80,178,0x50C4,0xB200,708,0,10365,719,0x02EF,0,0,0,0,0x00,0,0
3705,10456,905,80,178,0x5088,0xB200,708,-1424,10368,719,0x02EF,0,0,0,0,0x00,0,0
3706,10459,899,80,172,0x504C,0xACDB,708,-1317,10371,719,0x02EF,0,0,0,0,0x00,0,0
3707,10462,895,80,168,0x5010,0xA821,708,-1210,10374,719,0x02EF,0,0,0,0,0x00,0,0
3708,10464,890,80,163,0x50D4,0xA3D2,708,-1103,10376,719,0x02EF,0,0,0,0,0x00,0,0
3709,10467,886,80,159,0x5098,0x9FEE,708,-996,10379,719,0x02EF,0,0,0,0,0x00,0,0
3710,10470,883,80,156,0x505C,0x9C75,708,-889,10382,719,0x02EF,0,0,0,0,0x00,0,0
3711,10473,880,80,153,0x5020,0x9967,708,-782,10385,719,0x02EF,0,0,0,0,0x00,0,0
3712,10475,877,80,150,0x50E4,0x96C4,708,-675,10387,719,0x02EF,0,0,0,0,0x00,0,0
3713,10478,875,80,148,0x50A8,0x948C,708,-568,10390,719,0x02EF,0,0,0,0,0x00,0,0
3714,10481,873,80,146,0x506C,0x92BF,708,-461,10393,719,0x02EF,0,0,0,0,0x00,0,0
3715,10484,872,80,145,0x5030,0x915D,708,-354,10396,719,0x02EF,0,0,0,0,0x00,0,0
3716,10486,871,80,144,0x50F4,0x9066,708,-247,10398,719,0x02EF,0,0,0,0,0x00,0,0
3717,10489,870,80,143,0x50B8,0x8FDA,708,-140,10401,719,0x02EF,0,0,0,0,0x00,0,0
3718,10492,870,80,143,0x507C,0x8FB9,708,-33,10404,719,0x02EF,0,0,0,0,0x00,0,0
3719,10495,871,80,144,0x5040,0x9003,708,74,10407,719,0x02EF,0,0,0,0,0x00,0,0
3720,10498,871,80,144,0x5004,0x90B8,708,181,10410,719,0x02EF,0,0,0,0,0x00,0,0
3721,10500,872,80,145,0x50C8,0x91D8,708,288,10412,719,0x02EF,0,0,0,0,0x00,0,0
3722,10503,874,80,147,0x508C,0x9363,708,395,10415,719,0x02EF,0,0,0,0,0x00,0,0
3723,10506,876,80,149,0x5050,0x9559,708,502,10418,719,0x02EF,0,0,0,0,0x00,0,0
3724,10509,878,80,151,0x5014,0x97BA,708,609,10421,719,0x02EF,0,0,0,0,0x00,0,0
3725,10511,881,80,154,0x50D8,0x9A86,708,716,10423,719,0x02EF,0,0,0,0,0x00,0,0
3726,10514,884,80,157,0x509C,0x9DBD,708,823,10426,719,0x02EF,0,0,0,0,0x00,0,0
3727,10517,888,80,161,0x5060,0xA15F,708,930,10429,719,0x02EF,0,0,0,0,0x00,0,0
3728,10520,892,80,165,0x5024,0xA56C,708,1037,10432,719,0x02EF,0,0,0,0,0x00,0,0
3729,10522,896,80,169,0x50E8,0xA9E4,708,1144,10434,719,0x02EF,0,0,0,0,0x00,0,0
3730,10525,901,80,174,0x50AC,0xAEC7,708,1251,10437,719,0x02EF,0,0,0,0,0x00,0,0
3731,10528,905,80,178,0x5070,0xB200,708,0,10440,719,0x02EF,0,0,0,0,0x00,0,0
3732,10531,905,80,178,0x5034,0xB200,708,0,10443,719,0x02EF,0,0,0,0,0x00,0,0
3733,10533,905,80,178,0x50F8,0xB200,708,0,10445,719,0x02EF,0,0,0,0,0x00,0,0
3734,10536,905,80,178,0x50BC,0xB200,708,0,10448,719,0x02EF,0,0,0,0,0x00,0,0
3735,10539,905,80,178,0x5080,0xB200,708,0,10451,719,0x02EF,0,0,0,0,0x00,0,0
3736,10542,905,80,178,0x5044,0xB200,708,0,10454,719,0x02EF,0,0,0,0,0x00,0,0
3737,10545,905,80,178,0x5008,0xB200,708,0,10457,719,0x02EF,0,0,0,0,0x00,0,0
3738,10547,905,80,178,0x50CC,0xB200,708,0,10459,719,0x02EF,0,0,0,0,0x00,0,0
3739,10550,905,80,178,0x5090,0xB200,708,0,10462,719,0x02EF,0,0,0,0,0x00,0,0
3740,10553,905,80,178,0x5054,0xB200,708,0,10465,719,0x02EF,0,0,0,0,0x00,0,0
3741,10556,905,80,178,0x5018,0xB200,708,0,10468,719,0x02EF,0,0,0,0,0x00,0,0
3742,10558,905,80,178,0x50DC,0xB200,708,0,10470,719,0x02EF,0,0,0,0,0x00,0,0
3743,10561,905,80,178,0x50A0,0xB200,708,0,10473,719,0x02EF,0,0,0,0,0x00,0,0
3744,10564,905,80,178,0x5064,0xB200,708,0,10476,719,0x02EF,0,0,0,0,0x00,0,0
3745,10567,905,80,178,0x5028,0xB200,708,0,10479,719,0x02EF,0,0,0,0,0x00,0,0
3746,10569,905,80,178,0x50EC,0xB200,708,0,10481,719,0x02EF,0,0,0,0,0x00,0,0
3747,10572,905,80,178,0x50B0,0xB200,708,0,10484,719,0x02EF,0,0,0,0,0x00,0,0
3748,10575,905,80,178,0x5074,0xB200,708,0,10487,719,0x02EF,0,0,0,0,0x00,0,0
3749,10578,905,80,178,0x5038,0xB200,708,0,10490,719,0x02EF,0,0,0,0,0x00,0,0
3750,10580,905,80,178,0x50FC,0xB200,708,0,10492,719,0x02EF,0,0,0,0,0x00,0,0
3751,10583,905,80,178,0x50C0,0xB200,708,-1424,10495,719,0x02EF,0,0,0,0,0x00,0,0
3752,10586,899,80,172,0x5084,0xACDB,708,-1317,10498,719,0x02EF,0,0,0,0,0x00,0,0
3753,10589,895,80,168,0x5048,0xA821,708,-1210,10501,719,0x02EF,0,0,0,0,0x00,0,0
3754,10592,890,80,163,0x500C,0xA3D2,708,-1103,10504,719,0x02EF,0,0,0,0,0x00,0,0
3755,10594,886,80,159,0x50D0,0x9FEE,708,-996,10506,719,0x02EF,0,0,0,0,0x00,0,0
3756,10597,883,80,156,0x5094,0x9C75,708,-889,10509,719,0x02EF,0,0,0,0,0x00,0,0
3757,10600,880,80,153,0x5058,0x9967,708,-782,10512,719,0x02EF,0,0,0,0,0x00,0,0
3758,10603,877,80,150,0x501C,0x96C4,708,-675,10515,719,0x02EF,0,0,0,0,0x00,0,0
3759,10605,875,80,148,0x50E0,0x948C,708,-568,10517,719,0x02EF,0,0,0,0,0x00,0,0
3760,10608,873,80,146,0x50A4,0x92BF,708,-461,10520,719,0x02EF,0,0,0,0,0x00,0,0
3761,10611,872,80,145,0x5068,0x915D,708,-354,10523,719,0x02EF,0,0,0,0,0x00,0,0
3762,10614,871,80,144,0x502C,0x9066,708,-247,10526,719,0x02EF,0,0,0,0,0x00,0,0
3763,10616,870,80,143,0x50F0,0x8FDA,708,-140,10528,719,0x02EF,0,0,0,0,0x00,0,0
3764,10619,870,80,143,0x50B4,0x8FB9,708,-33,10531,719,0x02EF,0,0,0,0,0x00,0,0
3765,10622,871,80,144,0x5078,0x9003,708,74,10534,719,0x02EF,0,0,0,0,0x00,0,0
3766,10625,871,80,144,0x503C,0x90B8,708,181,10537,719,0x02EF,0,0,0,0,0x00,0,0
3767,10628,872,80,145,0x5000,0x91D8,708,288,10540,719,0x02EF,0,0,0,0,0x00,0,0
3768,10630,874,80,147,0x50C4,0x9363,708,395,10542,719,0x02EF,0,0,0,0,0x00,0,0
3769,10633,876,80,149,0x5088,0x9559,708,502,10545,719,0x02EF,0,0,0,0,0x00,0,0
3770,10636,878,80,151,0x504C,0x97BA,708,609,10548,719,0x02EF,0,0,0,0,0x00,0,0
3771,10639,881,80,154,0x5010,0x9A86,708,716,10551,719,0x02EF,0,0,0,0,0x00,0,0
3772,10641,884,80,157,0x50D4,0x9DBD,708,823,10553,719,0x02EF,0,0,0,0,0x00,0,0
3773,10644,888,80,161,0x5098,0xA15F,708,930,10556,719,0x02EF,0,0,0,0,0x00,0,0
3774,10647,892,80,165,0x505C,0xA56C,708,1037,10559,719,0x02EF,0,0,0,0,0x00,0,0
3775,10650,896,80,169,0x5020,0xA9E4,708,1144,10562,719,0x02EF,0,0,0,0,0x00,0,0
3776,10652,901,80,174,0x50E4,0xAEC7,708,1251,10564,719,0x02EF,0,0,0,0,0x00,0,0
3777,10655,905,80,178,0x50A8,0xB200,708,0,10567,719,0x02EF,0,0,0,0,0x00,0,0
3778,10658,905,80,178,0x506C,0xB200,708,0,10570,719,0x02EF,0,0,0,0,0x00,0,0
3779,10661,905,80,178,0x5030,0xB200,708,0,10573,719,0x02EF,0,0,0,0,0x00,0,0
3780,10663,905,80,178,0x50F4,0xB200,708,0,10575,719,0x02EF,0,0,0,0,0x00,0,0
3781,10666,905,80,178,0x50B8,0xB200,708,0,10578,719,0x02EF,0,0,0,0,0x00,0,0
3782,10669,905,80,178,0x507C,0xB200,708,0,10581,719,0x02EF,0,0,0,0,0x00,0,0
3783,10672,905,80,178,0x5040,0xB200,708,0,10584,719,0x02EF,0,0,0,0,0x00,0,0
3784,10675,905,80,178,0x5004,0xB200,708,0,10587,719,0x02EF,0,0,0,0,0x00,0,0
3785,10677,905,80,178,0x50C8,0xB200,708,0,10589,719,0x02EF,0,0,0,0,0x00,0,0
3786,10680,905,80,178,0x508C,0xB200,708,0,10592,719,0x02EF,0,0,0,0,0x00,0,0
3787,10683,905,80,178,0x5050,0xB200,708,0,10595,719,0x02EF,0,0,0,0,0x00,0,0
3788,10686,905,80,178,0x5014,0xB200,708,0,10598,719,0x02EF,0,0,0,0,0x00,0,0
3789,10688,905,80,178,0x50D8,0xB200,708,0,10600,719,0x02EF,0,0,0,0,0x00,0,0
3790,10691,905,80,178,0x509C,0xB200,708,0,10603,719,0x02EF,0,0,0,0,0x00,0,0
3791,10694,905,80,178,0x5060,0xB200,708,0,10606,719,0x02EF,0,0,0,0,0x00,0,0
3792,10697,905,80,178,0x5024,0xB200,708,0,10609,719,0x02EF,0,0,0,0,0x00,0,0
3793,10699,905,80,178,0x50E8,0xB200,708,0,10611,719,0x02EF,0,0,0,0,0x00,0,0
3794,10702,905,80,178,0x50AC,0xB200,708,0,10614,719,0x02EF,0,0,0,0,0x00,0,0
3795,10705,905,80,178,0x5070,0xB200,708,0,10617,719,0x02EF,0,0,0,0,0x00,0,0
3796,10708,905,80,178,0x5034,0xB200,708,0,10620,719,0x02EF,0,0,0,0,0x00,0,0
3797,10710,905,80,178,0x50F8,0xB200,708,0,10622,719,0x02EF,0,0,0,0,0x00,0,0
3798,10713,905,80,178,0x50BC,0xB200,708,-1424,10625,719,0x02EF,0,0,0,0,0x00,0,0
3799,10716,899,80,172,0x5080,0xACDB,708,-1317,10628,719,0x02EF,0,0,0,0,0x00,0,0
3800,10719,895,80,168,0x5044,0xA821,708,-1210,10631,719,0x02EF,0,0,0,0,0x00,0,0
3801,10722,890,80,163,0x5008,0xA3D2,708,-1103,10634,719,0x02EF,0,0,0,0,0x00,0,0
3802,10724,886,80,159,0x50CC,0x9FEE,708,-996,10636,719,0x02EF,0,0,0,0,0x00,0,0
3803,10727,883,80,156,0x5090,0x9C75,708,-889,10639,719,0x02EF,0,0,0,0,0x00,0,0
3804,10730,880,80,153,0x5054,0x9967,708,-782,10642,719,0x02EF,0,0,0,0,0x00,0,0
3805,10733,877,80,150,0x5018,0x96C4,708,-675,10645,719,0x02EF,0,0,0,0,0x00,0,0
3806,10735,875,80,148,0x50DC,0x948C,708,-568,10647,719,0x02EF,0,0,0,0,0x00,0,0
3807,10738,873,80,146,0x50A0,0x92BF,708,-461,10650,719,0x02EF,0,0,0,0,0x00,0,0
3808,10741,872,80,145,0x5064,0x915D,708,-354,10653,719,0x02EF,0,0,0,0,0x00,0,0
3809,10744,871,80,144,0x5028,0x9066,708,-247,10656,719,0x02EF,0,0,0,0,0x00,0,0
3810,10746,870,80,143,0x50EC,0x8FDA,708,-140,10658,719,0x02EF,0,0,0,0,0x00,0,0
3811,10749,870,80,143,0x50B0,0x8FB9,708,-33,10661,719,0x02EF,0,0,0,0,0x00,0,0
3812,10752,871,80,144,0x5074,0x9003,708,74,10664,719,0x02EF,0,0,0,0,0x00,0,0
3813,10755,871,80,144,0x5038,0x90B8,708,181,10667,719,0x02EF,0,0,0,0,0x00,0,0
3814,10757,872,80,145,0x50FC,0x91D8,708,288,10669,719,0x02EF,0,0,0,0,0x00,0,0
3815,10760,874,80,147,0x50C0,0x9363,708,395,10672,719,0x02EF,0,0,0,0,0x00,0,0
3816,10763,876,80,149,0x5084,0x9559,708,502,10675,719,0x02EF,0,0,0,0,0x00,0,0
3817,10766,878,80,151,0x5048,0x97BA,708,609,10678,719,0x02EF,0,0,0,0,0x00,0,0
3818,10769,881,80,154,0x500C,0x9A86,708,716,10681,719,0x02EF,0,0,0,0,0x00,0,0
3819,10771,884,80,157,0x50D0,0x9DBD,708,823,10683,719,0x02EF,0,0,0,0,0x00,0,0
3820,10774,888,80,161,0x5094,0xA15F,708,930,10686,719,0x02EF,0,0,0,0,0x00,0,0
3821,10777,892,80,165,0x5058,0xA56C,708,1037,10689,719,0x02EF,0,0,0,0,0x00,0,0
3822,10780,896,80,169,0x501C,0xA9E4,708,1144,10692,719,0x02EF,0,0,0,0,0x00,0,0
3823,10782,901,80,174,0x50E0,0xAEC7,708,1251,10694,719,0x02EF,0,0,0,0,0x00,0,0
3824,10785,905,80,178,0x50A4,0xB200,708,0,10697,719,0x02EF,0,0,0,0,0x00,0,0
3825,10788,905,80,178,0x5068,0xB200,708,0,10700,719,0x02EF,0,0,0,0,0x00,0,0
3826,10791,905,80,178,0x502C,0xB200,708,0,10703,719,0x02EF,0,0,0,0,0x00,0,0
3827,10793,905,80,178,0x50F0,0xB200,708,0,10705,719,0x02EF,0,0,0,0,0x00,0,0
3828,10796,905,80,178,0x50B4,0xB200,708,0,10708,719,0x02EF,0,0,0,0,0x00,0,0
3829,10799,905,80,178,0x5078,0xB200,708,0,10711,719,0x02EF,0,0,0,0,0x00,0,0
3830,10802,905,80,178,0x503C,0xB200,708,0,10714,719,0x02EF,0,0,0,0,0x00,0,0
3831,10805,905,80,178,0x5000,0xB200,708,0,10717,719,0x02EF,0,0,0,0,0x00,0,0
3832,10807,905,80,178,0x50C4,0xB200,708,0,10719,719,0x02EF,0,0,0,0,0x00,0,0
3833,10810,905,80,178,0x5088,0xB200,708,0,10722,719,0x02EF,0,0,0,0,0x00,0,0
3834,10813,905,80,178,0x504C,0xB200,708,0,10725,719,0x02EF,0,0,0,0,0x00,0,0
3835,10816,905,80,178,0x5010,0xB200,708,0,10728,719,0x02EF,0,0,0,0,0x00,0,0
3836,10818,905,80,178,0x50D4,0xB200,708,0,10730,719,0x02EF,0,0,0,0,0x00,0,0
3837,10821,905,80,178,0x5098,0xB200,708,0,10733,719,0x02EF,0,0,0,0,0x00,0,0
3838,10824,905,80,178,0x505C,0xB200,708,0,10736,719,0x02EF,0,0,0,0,0x00,0,0
3839,10827,905,80,178,0x5020,0xB200,708,0,10739,719,0x02EF,0,0,0,0,0x00,0,0
3840,10829,905,80,178,0x50E4,0xB200,708,0,10741,719,0x02EF,0,0,0,0,0x00,0,0
3841,10832,905,80,178,0x50A8,0xB200,708,0,10744,719,0x02EF,0,0,0,0,0x00,0,0
3842,10835,905,80,178,0x506C,0xB200,708,0,10747,719,0x02EF,0,0,0,0,0x00,0,0
3843,10838,905,80,178,0x5030,0xB200,708,0,10750,719,0x02EF,0,0,0,0,0x00,0,0
3844,10840,905,80,178,0x50F4,0xB200,708,0,10752,719,0x02EF,0,0,0,0,0x00,0,0
3845,10843,905,80,178,0x50B8,0xB200,708,0,10755,719,0x02EF,0,0,0,0,0x00,0,0
3846,10846,905,80,178,0x507C,0xB200,708,0,10758,719,0x02EF,0,0,0,0,0x00,0,0
3847,10849,905,80,178,0x5040,0xB200,708,0,10761,719,0x02EF,0,0,0,0,0x00,0,0
3848,10852,905,80,178,0x5004,0xB200,708,0,10764,719,0x02EF,0,0,0,0,0x00,0,0
3849,10854,905,80,178,0x50C8,0xB200,708,0,10766,719,0x02EF,0,0,0,0,0x00,0,0
3850,10857,905,80,178,0x508C,0xB200,708,0,10769,719,0x02EF,0,0,0,0,0x00,0,0
3851,10860,905,80,178,0x5050,0xB200,708,0,10772,719,0x02EF,0,0,0,0,0x00,0,0
3852,10863,905,80,178,0x5014,0xB200,708,0,10775,719,0x02EF,0,0,0,0,0x00,0,0
3853,10865,905,80,178,0x50D8,0xB200,708,0,10777,719,0x02EF,0,0,0,0,0x00,0,0
3854,10868,905,80,178,0x509C,0xB200,708,0,10780,719,0x02EF,0,0,0,0,0x00,0,0
3855,10871,905,80,178,0x5060,0xB200,708,0,10783,719,0x02EF,0,0,0,0,0x00,0,0
3856,10874,905,80,178,0x5024,0xB200,708,0,10786,719,0x02EF,0,0,0,0,0x00,0,0
3857,10876,905,80,178,0x50E8,0xB200,708,0,10788,719,0x02EF,0,0,0,0,0x00,0,0
3858,10879,905,80,178,0x50AC,0xB200,708,0,10791,719,0x02EF,0,0,0,0,0x00,0,0
3859,10882,905,80,178,0x5070,0xB200,708,0,10794,719,0x02EF,0,0,0,0,0x00,0,0
3860,10885,905,80,178,0x5034,0xB200,708,0,10797,719,0x02EF,0,0,0,0,0x00,0,0
3861,10887,905,80,178,0x50F8,0xB200,708,0,10799,719,0x02EF,0,0,0,0,0x00,0,0
3862,10890,905,80,178,0x50BC,0xB200,708,0,10802,719,0x02EF,0,0,0,0,0x00,0,0
3863,10893,905,80,178,0x5080,0xB200,708,0,10805,719,0x02EF,0,0,0,0,0x00,0,0
3864,10896,905,80,178,0x5044,0xB200,708,0,10808,719,0x02EF,0,0,0,0,0x00,0,0
3865,10899,905,80,178,0x5008,0xB200,708,0,10811,719,0x02EF,0,0,0,0,0x00,0,0
3866,10901,905,80,178,0x50CC,0xB200,708,0,10813,719,0x02EF,0,0,0,0,0x00,0,0
3867,10904,905,80,178,0x5090,0xB200,708,0,10816,719,0x02EF,0,0,0,0,0x00,0,0
3868,10907,905,80,178,0x5054,0xB200,708,0,10819,719,0x02EF,0,0,0,0,0x00,0,0
3869,10910,905,80,178,0x5018,0xB200,708,0,10822,719,0x02EF,0,0,0,0,0x00,0,0
3870,10912,905,80,178,0x50DC,0xB200,708,0,10824,719,0x02EF,0,0,0,0,0x00,0,0
3871,10915,905,80,178,0x50A0,0xB200,708,0,10827,719,0x02EF,0,0,0,0,0x00,0,0
3872,10918,905,80,178,0x5064,0xB200,708,0,10830,719,0x02EF,0,0,0,0,0x00,0,0
3873,10921,905,80,178,0x5028,0xB200,708,0,10833,719,0x02EF,0,0,0,0,0x00,0,0
3874,10923,905,80,178,0x50EC,0xB200,708,0,10835,719,0x02EF,0,0,0,0,0x00,0,0
3875,10926,905,80,178,0x50B0,0xB200,708,0,10838,719,0x02EF,0,0,0,0,0x00,0,0
3876,10929,905,80,178,0x5074,0xB200,708,0,10841,719,0x02EF,0,0,0,0,0x00,0,0
3877,10932,905,80,178,0x5038,0xB200,708,0,10844,719,0x02EF,0,0,0,0,0x00,0,0
3878,10934,905,80,178,0x50FC,0xB200,708,0,10846,719,0x02EF,0,0,0,0,0x00,0,0
3879,10937,905,80,178,0x50C0,0xB200,708,0,10849,719,0x02EF,0,0,0,0,0x00,0,0
3880,10940,905,80,178,0x5084,0xB200,708,0,10852,719,0x02EF,0,0,0,0,0x00,0,0
3881,10943,905,80,178,0x5048,0xB200,708,0,10855,719,0x02EF,0,0,0,0,0x00,0,0
3882,10946,905,80,178,0x500C,0xB200,708,0,10858,719,0x02EF,0,0,0,0,0x00,0,0
3883,10948,905,80,178,0x50D0,0xB200,708,0,10860,719,0x02EF,0,0,0,0,0x00,0,0
3884,10951,905,80,178,0x5094,0xB200,708,0,10863,719,0x02EF,0,0,0,0,0x00,0,0
3885,10954,905,80,178,0x5058,0xB200,708,0,10866,719,0x02EF,0,0,0,0,0x00,0,0
3886,10957,905,80,178,0x501C,0xB200,708,0,10869,719,0x02EF,0,0,0,0,0x00,0,0
3887,10959,905,80,178,0x50E0,0xB200,708,0,10871,719,0x02EF,0,0,0,0,0x00,0,0
3888,10962,905,80,178,0x50A4,0xB200,708,0,10874,719,0x02EF,0,0,0,0,0x00,0,0
3889,10965,905,80,178,0x5068,0xB200,708,0,10877,719,0x02EF,0,0,0,0,0x00,0,0
3890,10968,905,80,178,0x502C,0xB200,708,-1424,10880,719,0x02EF,0,0,0,0,0x00,0,0
3891,10970,899,80,172,0x50F0,0xACDB,708,-1317,10882,719,0x02EF,0,0,0,0,0x00,0,0
3892,10973,895,80,168,0x50B4,0xA821,708,-1210,10885,719,0x02EF,0,0,0,0,0x00,0,0
3893,10976,890,80,163,0x5078,0xA3D2,708,-1103,10888,719,0x02EF,0,0,0,0,0x00,0,0
3894,10979,886,80,159,0x503C,0x9FEE,708,-996,10891,719,0x02EF,0,0,0,0,0x00,0,0
3895,10982,883,80,156,0x5000,0x9C75,708,-889,10894,719,0x02EF,0,0,0,0,0x00,0,0
3896,10984,880,80,153,0x50C4,0x9967,708,-782,10896,719,0x02EF,0,0,0,0,0x00,0,0
3897,10987,877,80,150,0x5088,0x96C4,708,-675,10899,719,0x02EF,0,0,0,0,0x00,0,0
3898,10990,875,80,148,0x504C,0x948C,708,-568,10902,719,0x02EF,0,0,0,0,0x00,0,0
3899,10993,873,80,146,0x5010,0x92BF,708,-461,10905,719,0x02EF,0,0,0,0,0x00,0,0
3900,10995,872,80,145,0x50D4,0x915D,708,-354,10907,719,0x02EF,0,0,0,0,0x00,0,0
3901,10998,871,80,144,0x5098,0x9066,708,-247,10910,719,0x02EF,0,0,0,0,0x00,0,0
3902,11001,870,80,143,0x505C,0x8FDA,708,-140,10913,719,0x02EF,0,0,0,0,0x00,0,0
3903,11004,870,80,143,0x5020,0x8FB9,708,-33,10916,719,0x02EF,0,0,0,0,0x00,0,0
3904,11006,871,80,144,0x50E4,0x9003,708,74,10918,719,0x02EF,0,0,0,0,0x00,0,0
3905,11009,871,80,144,0x50A8,0x90B8,708,181,10921,719,0x02EF,0,0,0,0,0x00,0,0
3906,11012,872,80,145,0x506C,0x91D8,708,288,10924,719,0x02EF,0,0,0,0,0x00,0,0
3907,11015,873,80,146,0x5030,0x9200,708,0,10927,719,0x02EF,0,0,0,0,0x00,0,0
3908,11017,873,80,146,0x50F4,0x9200,708,0,10929,719,0x02EF,0,0,0,0,0x00,0,0
3909,11020,873,80,146,0x50B8,0x9200,708,0,10932,719,0x02EF,0,0,0,0,0x00,0,0
3910,11023,873,80,146,0x507C,0x9200,708,0,10935,719,0x02EF,0,0,0,0,0x00,0,0
3911,11026,873,80,146,0x5040,0x9200,708,0,10938,719,0x02EF,0,0,0,0,0x00,0,0
3912,11029,873,80,146,0x5004,0x9200,708,0,10941,719,0x02EF,0,0,0,0,0x00,0,0
3913,11031,873,80,146,0x50C8,0x9200,708,0,10943,719,0x02EF,0,0,0,0,0x00,0,0
3914,11034,873,80,146,0x508C,0x9200,708,0,10946,719,0x02EF,0,0,0,0,0x00,0,0
3915,11037,873,80,146,0x5050,0x926B,708,107,10949,719,0x02EF,0,0,0,0,0x00,0,0
3916,11040,874,80,147,0x5014,0x9341,708,214,10952,719,0x02EF,0,0,0,0,0x00,0,0
3917,11042,875,80,148,0x50D8,0x9482,708,321,10954,719,0x02EF,0,0,0,0,0x00,0,0
3918,11045,877,80,150,0x509C,0x962E,708,428,10957,719,0x02EF,0,0,0,0,0x00,0,0
3919,11048,879,80,152,0x5060,0x9845,708,535,10960,719,0x02EF,0,0,0,0,0x00,0,0
3920,11051,881,80,154,0x5024,0x9AC7,708,642,10963,719,0x02EF,0,0,0,0,0x00,0,0
3921,11053,884,80,157,0x50E8,0x9DB4,708,749,10965,719,0x02EF,0,0,0,0,0x00,0,0
3922,11056,888,80,161,0x50AC,0xA10C,708,856,10968,719,0x02EF,0,0,0,0,0x00,0,0
3923,11059,889,80,162,0x5070,0xA200,708,0,10971,719,0x02EF,0,0,0,0,0x00,0,0
3924,11062,889,80,162,0x5034,0xA200,708,0,10974,719,0x02EF,0,0,0,0,0x00,0,0
3925,11064,889,80,162,0x50F8,0xA200,708,0,10976,719,0x02EF,0,0,0,0,0x00,0,0
3926,11067,889,80,162,0x50BC,0xA200,708,-1424,10979,719,0x02EF,0,0,0,0,0x00,0,0
3927,11070,883,80,156,0x5080,0x9CDB,708,-1317,10982,719,0x02EF,0,0,0,0,0x00,0,0
3928,11073,879,80,152,0x5044,0x9821,708,-1210,10985,719,0x02EF,0,0,0,0,0x00,0,0
3929,11076,874,80,147,0x5008,0x93D2,708,-1103,10988,719,0x02EF,0,0,0,0,0x00,0,0
3930,11078,870,80,143,0x50CC,0x8FEE,708,-996,10990,719,0x02EF,0,0,0,0,0x00,0,0
3931,11081,867,80,140,0x5090,0x8C75,708,-889,10993,719,0x02EF,0,0,0,0,0x00,0,0
3932,11084,864,80,137,0x5054,0x8967,708,-782,10996,719,0x02EF,0,0,0,0,0x00,0,0
3933,11087,861,80,134,0x5018,0x86C4,708,-675,10999,719,0x02EF,0,0,0,0,0x00,0,0
3934,11089,859,80,132,0x50DC,0x848C,708,-568,11001,719,0x02EF,0,0,0,0,0x00,0,0
3935,11092,857,80,130,0x50A0,0x82BF,708,-461,11004,719,0x02EF,0,0,0,0,0x00,0,0
3936,11095,856,80,129,0x5064,0x815D,708,-354,11007,719,0x02EF,0,0,0,0,0x00,0,0
3937,11098,855,80,128,0x5028,0x8066,708,-247,11010,719,0x02EF,0,0,0,0,0x00,0,0
3938,11100,854,80,127,0x50EC,0x7FDA,708,-140,11012,719,0x02EF,0,0,0,0,0x00,0,0
3939,11103,854,80,127,0x50B0,0x7FB9,708,-33,11015,719,0x02EF,0,0,0,0,0x00,0,0
3940,11106,855,80,128,0x5074,0x8003,708,74,11018,719,0x02EF,0,0,0,0,0x00,0,0
3941,11109,855,80,128,0x5038,0x80B8,708,181,11021,719,0x02EF,0,0,0,0,0x00,0,0
3942,11111,856,80,129,0x50FC,0x81D8,708,288,11023,719,0x02EF,0,0,0,0,0x00,0,0
3943,11114,858,80,131,0x50C0,0x8363,708,395,11026,719,0x02EF,0,0,0,0,0x00,0,0
3944,11117,857,80,130,0x5084,0x8200,708,0,11029,719,0x02EF,0,0,0,0,0x00,0,0
3945,11120,857,80,130,0x5048,0x8200,708,-1424,11032,719,0x02EF,0,0,0,0,0x00,0,0
3946,11123,851,80,124,0x500C,0x7CDB,708,-1317,11035,719,0x02EF,0,0,0,0,0x00,0,0
3947,11125,847,80,120,0x50D0,0x7821,708,-1210,11037,719,0x02EF,0,0,0,0,0x00,0,0
3948,11128,842,80,115,0x5094,0x73D2,708,-1103,11040,719,0x02EF,0,0,0,0,0x00,0,0
3949,11131,838,80,111,0x5058,0x6FEE,708,-996,11043,719,0x02EF,0,0,0,0,0x00,0,0
3950,11134,835,80,108,0x501C,0x6C75,708,-889,11046,719,0x02EF,0,0,0,0,0x00,0,0
3951,11136,832,80,105,0x50E0,0x6967,708,-782,11048,719,0x02EF,0,0,0,0,0x00,0,0
3952,11139,829,80,102,0x50A4,0x66C4,708,-675,11051,719,0x02EF,0,0,0,0,0x00,0,0
3953,11142,827,80,100,0x5068,0x648C,708,-568,11054,719,0x02EF,0,0,0,0,0x00,0,0
3954,11145,825,80,98,0x502C,0x62BF,708,-461,11057,719,0x02EF,0,0,0,0,0x00,0,0
3955,11147,824,80,97,0x50F0,0x615D,708,-354,11059,719,0x02EF,0,0,0,0,0x00,0,0
3956,11150,823,80,96,0x50B4,0x6066,708,-247,11062,719,0x02EF,0,0,0,0,0x00,0,0
3957,11153,822,80,95,0x5078,0x5FDA,708,-140,11065,719,0x02EF,0,0,0,0,0x00,0,0
3958,11156,822,80,95,0x503C,0x5FB9,708,-33,11068,719,0x02EF,0,0,0,0,0x00,0,0
3959,11159,823,80,96,0x5000,0x6003,708,74,11071,719,0x02EF,0,0,0,0,0x00,0,0
3960,11161,823,80,96,0x50C4,0x60B8,708,181,11073,719,0x02EF,0,0,0,0,0x00,0,0
3961,11164,824,80,97,0x5088,0x61D8,708,288,11076,719,0x02EF,0,0,0,0,0x00,0,0
3962,11167,825,80,98,0x504C,0x6200,708,0,11079,719,0x02EF,0,0,0,0,0x00,0,0
3963,11170,825,80,98,0x5010,0x6200,708,0,11082,719,0x02EF,0,0,0,0,0x00,0,0
3964,11172,825,80,98,0x50D4,0x6200,708,-1424,11084,719,0x02EF,0,0,0,0,0x00,0,0
3965,11175,819,80,92,0x5098,0x5CDB,708,-1317,11087,719,0x02EF,0,0,0,0,0x00,0,0
3966,11178,815,80,88,0x505C,0x5821,708,-1210,11090,719,0x02EF,0,0,0,0,0x00,0,0
3967,11181,810,80,83,0x5020,0x53D2,708,-1103,11093,719,0x02EF,0,0,0,0,0x00,0,0
3968,11183,806,80,79,0x50E4,0x4FEE,708,-996,11095,719,0x02EF,0,0,0,0,0x00,0,0
3969,11186,803,80,76,0x50A8,0x4C75,708,-889,11098,719,0x02EF,0,0,0,0,0x00,0,0
3970,11189,800,80,73,0x506C,0x4967,708,-782,11101,719,0x02EF,0,0,0,0,0x00,0,0
3971,11192,797,80,70,0x5030,0x46C4,708,-675,11104,719,0x02EF,0,0,0,0,0x00,0,0
3972,11194,795,80,68,0x50F4,0x448C,708,-568,11106,719,0x02EF,0,0,0,0,0x00,0,0
3973,11197,793,80,66,0x50B8,0x42BF,708,-461,11109,719,0x02EF,0,0,0,0,0x00,0,0
3974,11200,792,80,65,0x507C,0x415D,708,-354,11112,719,0x02EF,0,0,0,0,0x00,0,0
3975,11203,791,80,64,0x5040,0x4066,708,-247,11115,719,0x02EF,0,0,0,0,0x00,0,0
3976,11206,790,80,64,0x5004,0x4000,708,-140,11118,718,0x02EE,218,0,0,0,0x00,0,0
3977,11208,790,80,64,0x50C8,0x4000,708,-33,11120,718,0x02EE,185,0,0,0,0x00,0,0
3978,11211,790,80,64,0x508C,0x404A,708,74,11123,718,0x02EE,185,0,0,0,0x00,0,0
3979,11214,790,80,64,0x5050,0x40FF,708,181,11126,718,0x02EE,185,0,0,0,0x00,0,0
3980,11217,792,80,66,0x5014,0x421F,708,288,11129,718,0x02EE,185,0,0,0,0x00,0,0
3981,11219,793,80,67,0x50D8,0x4300,708,0,11131,718,0x02EE,185,0,0,0,0x00,0,0
3982,11222,793,80,67,0x509C,0x4300,708,0,11134,718,0x02EE,185,0,0,0,0x00,0,0
3983,11225,793,80,67,0x5060,0x4300,708,0,11137,718,0x02EE,185,0,0,0,0x00,0,0
3984,11228,793,80,67,0x5024,0x4300,708,0,11140,718,0x02EE,185,0,0,0,0x00,0,0
3985,11230,793,80,67,0x50E8,0x4300,708,0,11142,718,0x02EE,185,0,0,0,0x00,0,0
3986,11233,793,80,67,0x50AC,0x4300,708,0,11145,718,0x02EE,185,0,0,0,0x00,0,0
3987,11236,793,80,67,0x5070,0x4300,708,0,11148,718,0x02EE,185,0,0,0,0x00,0,0
3988,11239,793,80,67,0x5034,0x4300,708,0,11151,718,0x02EE,185,0,0,0,0x00,0,0
3989,11241,793,80,67,0x50F8,0x4300,708,0,11153,718,0x02EE,185,0,0,0,0x00,0,0
3990,11244,793,80,67,0x50BC,0x436B,708,107,11156,718,0x02EE,185,0,0,0,0x00,0,0
3991,11247,794,80,68,0x5080,0x4441,708,214,11159,718,0x02EE,185,0,0,0,0x00,0,0
3992,11250,795,80,69,0x5044,0x4582,708,321,11162,718,0x02EE,185,0,0,0,0x00,0,0
3993,11253,797,80,71,0x5008,0x472E,708,428,11165,718,0x02EE,185,0,0,0,0x00,0,0
3994,11255,799,80,73,0x50CC,0x4945,708,535,11167,718,0x02EE,185,0,0,0,0x00,0,0
3995,11258,801,80,75,0x5090,0x4BC7,708,642,11170,718,0x02EE,185,0,0,0,0x00,0,0
3996,11261,804,80,78,0x5054,0x4EB4,708,749,11173,718,0x02EE,185,0,0,0,0x00,0,0
3997,11264,808,80,82,0x5018,0x520C,708,856,11176,718,0x02EE,185,0,0,0,0x00,0,0
3998,11266,809,80,83,0x50DC,0x5300,708,0,11178,718,0x02EE,185,0,0,0,0x00,0,0
3999,11269,809,80,83,0x50A0,0x5300,708,0,11181,718,0x02EE,185,0,0,0,0x00,0,0
4000,11272,809,80,83,0x5064,0x5300,708,0,11184,718,0x02EE,185,0,0,0,0x00,0,0
4001,11275,809,80,83,0x5028,0x5300,708,0,11187,718,0x02EE,185,0,0,0,0x00,0,0
4002,11277,809,80,83,0x50EC,0x5300,708,0,11189,718,0x02EE,185,0,0,0,0x00,0,0
4003,11280,809,80,83,0x50B0,0x5300,708,0,11192,718,0x02EE,185,0,0,0,0x00,0,0
4004,11283,809,80,83,0x5074,0x5300,708,0,11195,718,0x02EE,185,0,0,0,0x00,0,0
4005,11286,809,80,83,0x5038,0x5300,708,0,11198,718,0x02EE,185,0,0,0,0x00,0,0
4006,11288,809,80,83,0x50FC,0x5300,708,0,11200,718,0x02EE,185,0,0,0,0x00,0,0
4007,11291,809,80,83,0x50C0,0x5300,708,0,11203,718,0x02EE,185,0,0,0,0x00,0,0
4008,11294,809,80,83,0x5084,0x5300,708,0,11206,718,0x02EE,185,0,0,0,0x00,0,0
4009,11297,809,80,83,0x5048,0x5300,708,0,11209,718,0x02EE,185,0,0,0,0x00,0,0
4010,11300,809,80,83,0x500C,0x5300,708,-1424,11212,718,0x02EE,185,0,0,0,0x00,0,0
4011,11302,803,80,77,0x50D0,0x4DDB,708,-1317,11214,718,0x02EE,185,0,0,0,0x00,0,0
4012,11305,799,80,73,0x5094,0x4921,708,-1210,11217,718,0x02EE,185,0,0,0,0x00,0,0
4013,11308,794,80,68,0x5058,0x44D2,708,-1103,11220,718,0x02EE,185,0,0,0,0x00,0,0
4014,11311,790,80,64,0x501C,0x40EE,708,-996,11223,718,0x02EE,185,0,0,0,0x00,0,0
4015,11313,788,80,64,0x50E0,0x4000,708,-889,11225,716,0x02EC,46,0,0,0,0x00,0,0
4016,11316,785,80,64,0x50A4,0x4000,708,-782,11228,713,0x02E9,32,0,0,0,0x00,0,0
4017,11319,782,80,64,0x5068,0x4000,708,-675,11231,710,0x02E6,125,0,0,0,0x00,0,0
4018,11322,780,80,64,0x502C,0x4000,708,-568,11234,708,0x02E4,69,0,0,0,0x00,0,0
4019,11324,778,80,64,0x50F0,0x4000,708,-461,11236,706,0x02E2,120,0,0,0,0x00,0,0
4020,11327,777,80,64,0x50B4,0x4000,708,-354,11239,705,0x02E1,22,0,0,0,0x00,0,0
4021,11330,776,80,64,0x5078,0x4000,708,-247,11242,704,0x02E0,31,0,0,0,0x00,0,0
4022,11333,775,80,64,0x503C,0x4000,708,-140,11245,703,0x02DF,147,0,0,0,0x00,0,0
4023,11336,775,80,64,0x5000,0x4000,708,-33,11248,703,0x02DF,114,0,0,0,0x00,0,0
4024,11338,775,80,64,0x50C4,0x404A,708,74,11250,703,0x02DF,114,0,0,0,0x00,0,0
4025,11341,775,80,64,0x5088,0x40FF,708,181,11253,703,0x02DF,114,0,0,0,0x00,0,0
4026,11344,777,80,66,0x504C,0x421F,708,288,11256,703,0x02DF,114,0,0,0,0x00,0,0
4027,11347,778,80,67,0x5010,0x43AA,708,395,11259,703,0x02DF,114,0,0,0,0x00,0,0
4028,11349,780,80,69,0x50D4,0x45A0,708,502,11261,703,0x02DF,114,0,0,0,0x00,0,0
4029,11352,783,80,72,0x5098,0x4801,708,609,11264,703,0x02DF,114,0,0,0,0x00,0,0
4030,11355,785,80,74,0x505C,0x4ACD,708,716,11267,703,0x02DF,114,0,0,0,0x00,0,0
4031,11358,789,80,78,0x5020,0x4E04,708,823,11270,703,0x02DF,114,0,0,0,0x00,0,0
4032,11360,792,80,81,0x50E4,0x51A6,708,930,11272,703,0x02DF,114,0,0,0,0x00,0,0
4033,11363,796,80,85,0x50A8,0x55B3,708,1037,11275,703,0x02DF,114,0,0,0,0x00,0,0
4034,11366,801,80,90,0x506C,0x5A2B,708,1144,11278,703,0x02DF,114,0,0,0,0x00,0,0
4035,11369,806,80,95,0x5030,0x5F0E,708,1251,11281,703,0x02DF,114,0,0,0,0x00,0,0
4036,11371,809,80,98,0x50F4,0x6200,708,0,11283,703,0x02DF,114,0,0,0,0x00,0,0
4037,11374,809,80,98,0x50B8,0x6200,708,0,11286,703,0x02DF,114,0,0,0,0x00,0,0
4038,11377,809,80,98,0x507C,0x6200,708,0,11289,703,0x02DF,114,0,0,0,0x00,0,0
4039,11380,809,80,98,0x5040,0x6200,708,0,11292,703,0x02DF,114,0,0,0,0x00,0,0
4040,11383,809,80,98,0x5004,0x6200,708,0,11295,703,0x02DF,114,0,0,0,0x00,0,0
4041,11385,809,80,98,0x50C8,0x6200,708,0,11297,703,0x02DF,114,0,0,0,0x00,0,0
4042,11388,809,80,98,0x508C,0x6200,708,0,11300,703,0x02DF,114,0,0,0,0x00,0,0
4043,11391,809,80,98,0x5050,0x6200,708,0,11303,703,0x02DF,114,0,0,0,0x00,0,0
4044,11394,809,80,98,0x5014,0x6200,708,-1424,11306,703,0x02DF,114,0,0,0,0x00,0,0
4045,11396,803,80,92,0x50D8,0x5CDB,708,-1317,11308,703,0x02DF,114,0,0,0,0x00,0,0
4046,11399,799,80,88,0x509C,0x5821,708,-1210,11311,703,0x02DF,114,0,0,0,0x00,0,0
4047,11402,794,80,83,0x5060,0x53D2,708,-1103,11314,703,0x02DF,114,0,0,0,0x00,0,0
4048,11405,790,80,79,0x5024,0x4FEE,708,-996,11317,703,0x02DF,114,0,0,0,0x00,0,0
4049,11407,787,80,76,0x50E8,0x4C75,708,-889,11319,703,0x02DF,114,0,0,0,0x00,0,0
4050,11410,784,80,73,0x50AC,0x4967,708,-782,11322,703,0x02DF,114,0,0,0,0x00,0,0
4051,11413,781,80,70,0x5070,0x46C4,708,-675,11325,703,0x02DF,114,0,0,0,0x00,0,0
4052,11416,779,80,68,0x5034,0x448C,708,-568,11328,703,0x02DF,114,0,0,0,0x00,0,0
4053,11418,777,80,66,0x50F8,0x42BF,708,-461,11330,703,0x02DF,114,0,0,0,0x00,0,0
4054,11421,776,80,65,0x50BC,0x415D,708,-354,11333,703,0x02DF,114,0,0,0,0x00,0,0
4055,11424,775,80,64,0x5080,0x4066,708,-247,11336,703,0x02DF,114,0,0,0,0x00,0,0
4056,11427,775,80,64,0x5044,0x4000,708,-140,11339,703,0x02DF,76,0,0,0,0x00,0,0
4057,11430,775,80,64,0x5008,0x4000,708,-33,11342,703,0x02DF,43,0,0,0,0x00,0,0
4058,11432,775,80,64,0x50CC,0x404A,708,74,11344,703,0x02DF,43,0,0,0,0x00,0,0
4059,11435,775,80,64,0x5090,0x40FF,708,181,11347,703,0x02DF,43,0,0,0,0x00,0,0
4060,11438,777,80,66,0x5054,0x421F,708,288,11350,703,0x02DF,43,0,0,0,0x00,0,0
4061,11441,778,80,67,0x5018,0x43AA,708,395,11353,703,0x02DF,43,0,0,0,0x00,0,0
4062,11443,780,80,69,0x50DC,0x45A0,708,502,11355,703,0x02DF,43,0,0,0,0x00,0,0
4063,11446,783,80,72,0x50A0,0x4801,708,609,11358,703,0x02DF,43,0,0,0,0x00,0,0
4064,11449,785,80,74,0x5064,0x4ACD,708,716,11361,703,0x02DF,43,0,0,0,0x00,0,0
4065,11452,789,80,78,0x5028,0x4E04,708,823,11364,703,0x02DF,43,0,0,0,0x00,0,0
4066,11454,792,80,81,0x50EC,0x51A6,708,930,11366,703,0x02DF,43,0,0,0,0x00,0,0
4067,11457,796,80,85,0x50B0,0x55B3,708,1037,11369,703,0x02DF,43,0,0,0,0x00,0,0
4068,11460,801,80,90,0x5074,0x5A2B,708,1144,11372,703,0x02DF,43,0,0,0,0x00,0,0
4069,11463,806,80,95,0x5038,0x5F0E,708,1251,11375,703,0x02DF,43,0,0,0,0x00,0,0
4070,11465,811,80,100,0x50FC,0x645C,708,1358,11377,703,0x02DF,43,0,0,0,0x00,0,0
4071,11468,817,80,106,0x50C0,0x6A15,708,1465,11380,703,0x02DF,43,0,0,0,0x00,0,0
4072,11471,823,80,112,0x5084,0x7039,708,1572,11383,703,0x02DF,43,0,0,0,0x00,0,0
4073,11474,825,80,114,0x5048,0x7200,708,0,11386,703,0x02DF,43,0,0,0,0x00,0,0
4074,11477,825,80,114,0x500C,0x7200,708,0,11389,703,0x02DF,43,0,0,0,0x00,0,0
4075,11479,825,80,114,0x50D0,0x7200,708,0,11391,703,0x02DF,43,0,0,0,0x00,0,0
4076,11482,825,80,114,0x5094,0x7200,708,0,11394,703,0x02DF,43,0,0,0,0x00,0,0
4077,11485,825,80,114,0x5058,0x7200,708,0,11397,703,0x02DF,43,0,0,0,0x00,0,0
4078,11488,825,80,114,0x501C,0x7200,708,0,11400,703,0x02DF,43,0,0,0,0x00,0,0
4079,11490,825,80,114,0x50E0,0x7200,708,0,11402,703,0x02DF,43,0,0,0,0x00,0,0
4080,11493,825,80,114,0x50A4,0x7200,708,0,11405,703,0x02DF,43,0,0,0,0x00,0,0
4081,11496,825,80,114,0x5068,0x7200,708,0,11408,703,0x02DF,43,0,0,0,0x00,0,0
4082,11499,825,80,114,0x502C,0x726B,708,107,11411,703,0x02DF,43,0,0,0,0x00,0,0
4083,11501,825,80,114,0x50F0,0x7200,708,0,11413,703,0x02DF,43,0,0,0,0x00,0,0
4084,11504,825,80,114,0x50B4,0x7200,708,0,11416,703,0x02DF,43,0,0,0,0x00,0,0
4085,11507,825,80,114,0x5078,0x7200,708,0,11419,703,0x02DF,43,0,0,0,0x00,0,0
4086,11510,825,80,114,0x503C,0x7200,708,0,11422,703,0x02DF,43,0,0,0,0x00,0,0
4087,11513,825,80,114,0x5000,0x7200,708,0,11425,703,0x02DF,43,0,0,0,0x00,0,0
4088,11515,825,80,114,0x50C4,0x7200,708,0,11427,703,0x02DF,43,0,0,0,0x00,0,0
4089,11518,825,80,114,0x5088,0x7200,708,-1424,11430,703,0x02DF,43,0,0,0,0x00,0,0
4090,11521,819,80,108,0x504C,0x6CDB,708,-1317,11433,703,0x02DF,43,0,0,0,0x00,0,0
4091,11524,815,80,104,0x5010,0x6821,708,-1210,11436,703,0x02DF,43,0,0,0,0x00,0,0
4092,11526,810,80,99,0x50D4,0x63D2,708,-1103,11438,703,0x02DF,43,0,0,0,0x00,0,0
4093,11529,806,80,95,0x5098,0x5FEE,708,-996,11441,703,0x02DF,43,0,0,0,0x00,0,0
4094,11532,803,80,92,0x505C,0x5C75,708,-889,11444,703,0x02DF,43,0,0,0,0x00,0,0
4095,11535,800,80,89,0x5020,0x5967,708,-782,11447,703,0x02DF,43,0,0,0,0x00,0,0
4096,11537,797,80,86,0x50E4,0x56C4,708,-675,11449,703,0x02DF,43,0,0,0,0x00,0,0
4097,11540,795,80,84,0x50A8,0x548C,708,-568,11452,703,0x02DF,43,0,0,0,0x00,0,0
4098,11543,793,80,82,0x506C,0x52BF,708,-461,11455,703,0x02DF,43,0,0,0,0x00,0,0
4099,11546,792,80,81,0x5030,0x515D,708,-354,11458,703,0x02DF,43,0,0,0,0x00,0,0
4100,11548,791,80,80,0x50F4,0x5066,708,-247,11460,703,0x02DF,43,0,0,0,0x00,0,0
4101,11551,790,80,79,0x50B8,0x4FDA,708,-140,11463,703,0x02DF,43,0,0,0,0x00,0,0
4102,11554,790,80,79,0x507C,0x4FB9,708,-33,11466,703,0x02DF,43,0,0,0,0x00,0,0
4103,11557,791,80,80,0x5040,0x5003,708,74,11469,703,0x02DF,43,0,0,0,0x00,0,0
4104,11560,791,80,80,0x5004,0x50B8,708,181,11472,703,0x02DF,43,0,0,0,0x00,0,0
4105,11562,792,80,81,0x50C8,0x51D8,708,288,11474,703,0x02DF,43,0,0,0,0x00,0,0
4106,11565,794,80,83,0x508C,0x5363,708,395,11477,703,0x02DF,43,0,0,0,0x00,0,0
4107,11568,796,80,85,0x5050,0x5559,708,502,11480,703,0x02DF,43,0,0,0,0x00,0,0
4108,11571,798,80,87,0x5014,0x57BA,708,609,11483,703,0x02DF,43,0,0,0,0x00,0,0
4109,11573,801,80,90,0x50D8,0x5A86,708,716,11485,703,0x02DF,43,0,0,0,0x00,0,0
4110,11576,804,80,93,0x509C,0x5DBD,708,823,11488,703,0x02DF,43,0,0,0,0x00,0,0
4111,11579,808,80,97,0x5060,0x615F,708,930,11491,703,0x02DF,43,0,0,0,0x00,0,0
4112,11582,809,80,98,0x5024,0x6200,708,0,11494,703,0x02DF,43,0,0,0,0x00,0,0
4113,11584,809,80,98,0x50E8,0x6200,708,0,11496,703,0x02DF,43,0,0,0,0x00,0,0
4114,11587,809,80,98,0x50AC,0x6200,708,0,11499,703,0x02DF,43,0,0,0,0x00,0,0
4115,11590,809,80,98,0x5070,0x6200,708,0,11502,703,0x02DF,43,0,0,0,0x00,0,0
4116,11593,809,80,98,0x5034,0x6200,708,0,11505,703,0x02DF,43,0,0,0,0x00,0,0
4117,11595,809,80,98,0x50F8,0x6200,708,0,11507,703,0x02DF,43,0,0,0,0x00,0,0
4118,11598,809,80,98,0x50BC,0x6200,708,0,11510,703,0x02DF,43,0,0,0,0x00,0,0
4119,11601,809,80,98,0x5080,0x6200,708,-1424,11513,703,0x02DF,43,0,0,0,0x00,0,0
4120,11604,803,80,92,0x5044,0x5CDB,708,-1317,11516,703,0x02DF,43,0,0,0,0x00,0,0
4121,11607,799,80,88,0x5008,0x5821,708,-1210,11519,703,0x02DF,43,0,0,0,0x00,0,0
4122,11609,794,80,83,0x50CC,0x53D2,708,-1103,11521,703,0x02DF,43,0,0,0,0x00,0,0
4123,11612,790,80,79,0x5090,0x4FEE,708,-996,11524,703,0x02DF,43,0,0,0,0x00,0,0
4124,11615,787,80,76,0x5054,0x4C75,708,-889,11527,703,0x02DF,43,0,0,0,0x00,0,0
4125,11618,784,80,73,0x5018,0x4967,708,-782,11530,703,0x02DF,43,0,0,0,0x00,0,0
4126,11620,781,80,70,0x50DC,0x46C4,708,-675,11532,703,0x02DF,43,0,0,0,0x00,0,0
4127,11623,779,80,68,0x50A0,0x448C,708,-568,11535,703,0x02DF,43,0,0,0,0x00,0,0
4128,11626,777,80,66,0x5064,0x42BF,708,-461,11538,703,0x02DF,43,0,0,0,0x00,0,0
4129,11629,776,80,65,0x5028,0x415D,708,-354,11541,703,0x02DF,43,0,0,0,0x00,0,0
4130,11631,775,80,64,0x50EC,0x4066,708,-247,11543,703,0x02DF,43,0,0,0,0x00,0,0
4131,11634,775,80,64,0x50B0,0x4000,708,-140,11546,703,0x02DF,5,0,0,0,0x00,0,0
4132,11637,774,80,64,0x5074,0x4000,708,-33,11549,702,0x02DE,228,0,0,0,0x00,0,0
4133,11640,774,80,64,0x5038,0x404A,708,74,11552,702,0x02DE,228,0,0,0,0x00,0,0
4134,11642,774,80,64,0x50FC,0x40FF,708,181,11554,702,0x02DE,228,0,0,0,0x00,0,0
4135,11645,776,80,66,0x50C0,0x421F,708,288,11557,702,0x02DE,228,0,0,0,0x00,0,0
4136,11648,777,80,67,0x5084,0x4300,708,0,11560,702,0x02DE,228,0,0,0,0x00,0,0
4137,11651,777,80,67,0x5048,0x4300,708,0,11563,702,0x02DE,228,0,0,0,0x00,0,0
4138,11654,777,80,67,0x500C,0x4300,708,-1424,11566,702,0x02DE,228,0,0,0,0x00,0,0
4139,11656,772,80,64,0x50D0,0x4000,708,-1317,11568,700,0x02DC,191,0,0,0,0x00,0,0
4140,11659,768,80,64,0x5094,0x4000,708,-1210,11571,696,0x02D8,5,0,0,0,0x00,0,0
4141,11662,763,80,64,0x5058,0x4000,708,-1103,11574,691,0x02D3,182,0,0,0,0x00,0,0
4142,11665,759,80,64,0x501C,0x4000,708,-996,11577,687,0x02CF,210,0,0,0,0x00,0,0
4143,11667,756,80,64,0x50E0,0x4000,708,-889,11579,684,0x02CC,89,0,0,0,0x00,0,0
4144,11670,753,80,64,0x50A4,0x4000,708,-782,11582,681,0x02C9,75,0,0,0,0x00,0,0
4145,11673,750,80,64,0x5068,0x4000,708,-675,11585,678,0x02C6,168,0,0,0,0x00,0,0
4146,11676,748,80,64,0x502C,0x4000,708,-568,11588,676,0x02C4,112,0,0,0,0x00,0,0
4147,11678,746,80,64,0x50F0,0x4000,708,-461,11590,674,0x02C2,163,0,0,0,0x00,0,0
4148,11681,745,80,64,0x50B4,0x4000,708,-354,11593,673,0x02C1,65,0,0,0,0x00,0,0
4149,11684,744,80,64,0x5078,0x4000,708,-247,11596,672,0x02C0,74,0,0,0,0x00,0,0
4150,11687,743,80,64,0x503C,0x4000,708,-140,11599,671,0x02BF,190,0,0,0,0x00,0,0
4151,11690,743,80,64,0x5000,0x4000,708,-33,11602,671,0x02BF,157,0,0,0,0x00,0,0
4152,11692,743,80,64,0x50C4,0x404A,708,74,11604,671,0x02BF,157,0,0,0,0x00,0,0
4153,11695,743,80,64,0x5088,0x40FF,708,181,11607,671,0x02BF,157,0,0,0,0x00,0,0
4154,11698,745,80,66,0x504C,0x4200,708,0,11610,671,0x02BF,157,0,0,0,0x00,0,0
4155,11701,745,80,66,0x5010,0x4200,708,0,11613,671,0x02BF,157,0,0,0,0x00,0,0
4156,11703,745,80,66,0x50D4,0x4200,708,0,11615,671,0x02BF,157,0,0,0,0x00,0,0
4157,11706,745,80,66,0x5098,0x4200,708,0,11618,671,0x02BF,157,0,0,0,0x00,0,0
4158,11709,745,80,66,0x505C,0x4200,708,0,11621,671,0x02BF,157,0,0,0,0x00,0,0
4159,11712,745,80,66,0x5020,0x4200,708,0,11624,671,0x02BF,157,0,0,0,0x00,0,0
4160,11714,745,80,66,0x50E4,0x4200,708,0,11626,671,0x02BF,157,0,0,0,0x00,0,0
4161,11717,745,80,66,0x50A8,0x4200,708,0,11629,671,0x02BF,157,0,0,0,0x00,0,0
4162,11720,745,80,66,0x506C,0x4200,708,0,11632,671,0x02BF,157,0,0,0,0x00,0,0
4163,11723,745,80,66,0x5030,0x426B,708,107,11635,671,0x02BF,157,0,0,0,0x00,0,0
4164,11725,746,80,67,0x50F4,0x4341,708,214,11637,671,0x02BF,157,0,0,0,0x00,0,0
4165,11728,747,80,68,0x50B8,0x4482,708,321,11640,671,0x02BF,157,0,0,0,0x00,0,0
4166,11731,749,80,70,0x507C,0x462E,708,428,11643,671,0x02BF,157,0,0,0,0x00,0,0
4167,11734,751,80,72,0x5040,0x4845,708,535,11646,671,0x02BF,157,0,0,0,0x00,0,0
4168,11737,753,80,74,0x5004,0x4AC7,708,642,11649,671,0x02BF,157,0,0,0,0x00,0,0
4169,11739,756,80,77,0x50C8,0x4DB4,708,749,11651,671,0x02BF,157,0,0,0,0x00,0,0
4170,11742,760,80,81,0x508C,0x510C,708,856,11654,671,0x02BF,157,0,0,0,0x00,0,0
4171,11745,763,80,84,0x5050,0x54CF,708,963,11657,671,0x02BF,157,0,0,0,0x00,0,0
4172,11748,767,80,88,0x5014,0x58FD,708,1070,11660,671,0x02BF,157,0,0,0,0x00,0,0
4173,11750,772,80,93,0x50D8,0x5D96,708,1177,11662,671,0x02BF,157,0,0,0,0x00,0,0
4174,11753,777,80,98,0x509C,0x6200,708,0,11665,671,0x02BF,157,0,0,0,0x00,0,0
4175,11756,777,80,98,0x5060,0x6200,708,0,11668,671,0x02BF,157,0,0,0,0x00,0,0
4176,11759,777,80,98,0x5024,0x6200,708,-1424,11671,671,0x02BF,157,0,0,0,0x00,0,0
4177,11761,771,80,92,0x50E8,0x5CDB,708,-1317,11673,671,0x02BF,157,0,0,0,0x00,0,0
4178,11764,767,80,88,0x50AC,0x5821,708,-1210,11676,671,0x02BF,157,0,0,0,0x00,0,0
4179,11767,762,80,83,0x5070,0x53D2,708,-1103,11679,671,0x02BF,157,0,0,0,0x00,0,0
4180,11770,758,80,79,0x5034,0x4FEE,708,-996,11682,671,0x02BF,157,0,0,0,0x00,0,0
4181,11772,755,80,76,0x50F8,0x4C75,708,-889,11684,671,0x02BF,157,0,0,0,0x00,0,0
4182,11775,752,80,73,0x50BC,0x4967,708,-782,11687,671,0x02BF,157,0,0,0,0x00,0,0
4183,11778,749,80,70,0x5080,0x46C4,708,-675,11690,671,0x02BF,157,0,0,0,0x00,0,0
4184,11781,747,80,68,0x5044,0x448C,708,-568,11693,671,0x02BF,157,0,0,0,0x00,0,0
4185,11784,745,80,66,0x5008,0x42BF,708,-461,11696,671,0x02BF,157,0,0,0,0x00,0,0
4186,11786,744,80,65,0x50CC,0x415D,708,-354,11698,671,0x02BF,157,0,0,0,0x00,0,0
4187,11789,743,80,64,0x5090,0x4066,708,-247,11701,671,0x02BF,157,0,0,0,0x00,0,0
4188,11792,743,80,64,0x5054,0x4000,708,-140,11704,671,0x02BF,119,0,0,0,0x00,0,0
4189,11795,743,80,64,0x5018,0x4000,708,-33,11707,671,0x02BF,86,0,0,0,0x00,0,0
4190,11797,743,80,64,0x50DC,0x404A,708,74,11709,671,0x02BF,86,0,0,0,0x00,0,0
4191,11800,743,80,64,0x50A0,0x40FF,708,181,11712,671,0x02BF,86,0,0,0,0x00,0,0
4192,11803,745,80,66,0x5064,0x421F,708,288,11715,671,0x02BF,86,0,0,0,0x00,0,0
4193,11806,745,80,66,0x5028,0x4200,708,0,11718,671,0x02BF,86,0,0,0,0x00,0,0
4194,11808,745,80,66,0x50EC,0x4200,708,0,11720,671,0x02BF,86,0,0,0,0x00,0,0
4195,11811,745,80,66,0x50B0,0x4200,708,0,11723,671,0x02BF,86,0,0,0,0x00,0,0
4196,11814,745,80,66,0x5074,0x4200,708,0,11726,671,0x02BF,86,0,0,0,0x00,0,0
4197,11817,745,80,66,0x5038,0x4200,708,0,11729,671,0x02BF,86,0,0,0,0x00,0,0
4198,11819,745,80,66,0x50FC,0x4200,708,0,11731,671,0x02BF,86,0,0,0,0x00,0,0
4199,11822,745,80,66,0x50C0,0x4200,708,0,11734,671,0x02BF,86,0,0,0,0x00,0,0
4200,11825,745,80,66,0x5084,0x4200,708,0,11737,671,0x02BF,86,0,0,0,0x00,0,0
4201,11828,745,80,66,0x5048,0x4200,708,0,11740,671,0x02BF,86,0,0,0,0x00,0,0
4202,11831,745,80,66,0x500C,0x4200,708,0,11743,671,0x02BF,86,0,0,0,0x00,0,0
4203,11833,745,80,66,0x50D0,0x4200,708,0,11745,671,0x02BF,86,0,0,0,0x00,0,0
4204,11836,745,80,66,0x5094,0x426B,708,107,11748,671,0x02BF,86,0,0,0,0x00,0,0
4205,11839,746,80,67,0x5058,0x4341,708,214,11751,671,0x02BF,86,0,0,0,0x00,0,0
4206,11842,747,80,68,0x501C,0x4482,708,321,11754,671,0x02BF,86,0,0,0,0x00,0,0
4207,11844,749,80,70,0x50E0,0x462E,708,428,11756,671,0x02BF,86,0,0,0,0x00,0,0
4208,11847,751,80,72,0x50A4,0x4845,708,535,11759,671,0x02BF,86,0,0,0,0x00,0,0
4209,11850,753,80,74,0x5068,0x4AC7,708,642,11762,671,0x02BF,86,0,0,0,0x00,0,0
4210,11853,756,80,77,0x502C,0x4DB4,708,749,11765,671,0x02BF,86,0,0,0,0x00,0,0
4211,11855,760,80,81,0x50F0,0x510C,708,856,11767,671,0x02BF,86,0,0,0,0x00,0,0
4212,11858,763,80,84,0x50B4,0x54CF,708,963,11770,671,0x02BF,86,0,0,0,0x00,0,0
4213,11861,767,80,88,0x5078,0x58FD,708,1070,11773,671,0x02BF,86,0,0,0,0x00,0,0
4214,11864,772,80,93,0x503C,0x5D96,708,1177,11776,671,0x02BF,86,0,0,0,0x00,0,0
4215,11867,777,80,98,0x5000,0x629A,708,1284,11779,671,0x02BF,86,0,0,0,0x00,0,0
4216,11869,783,80,104,0x50C4,0x6809,708,1391,11781,671,0x02BF,86,0,0,0,0x00,0,0
4217,11872,788,80,109,0x5088,0x6DE3,708,1498,11784,671,0x02BF,86,0,0,0,0x00,0,0
4218,11875,795,80,116,0x504C,0x7428,708,1605,11787,671,0x02BF,86,0,0,0,0x00,0,0
4219,11878,801,80,122,0x5010,0x7AD8,708,1712,11790,671,0x02BF,86,0,0,0,0x00,0,0
4220,11880,808,80,129,0x50D4,0x81F3,708,1819,11792,671,0x02BF,86,0,0,0,0x00,0,0
4221,11883,815,80,136,0x5098,0x88A3,708,1712,11795,671,0x02BF,86,0,0,0,0x00,0,0
4222,11886,809,80,130,0x505C,0x8200,708,0,11798,671,0x02BF,86,0,0,0,0x00,0,0
4223,11889,809,80,130,0x5020,0x8200,708,-1424,11801,671,0x02BF,86,0,0,0,0x00,0,0
4224,11891,803,80,124,0x50E4,0x7CDB,708,-1317,11803,671,0x02BF,86,0,0,0,0x00,0,0
4225,11894,799,80,120,0x50A8,0x7821,708,-1210,11806,671,0x02BF,86,0,0,0,0x00,0,0
4226,11897,794,80,115,0x506C,0x73D2,708,-1103,11809,671,0x02BF,86,0,0,0,0x00,0,0
4227,11900,790,80,111,0x5030,0x6FEE,708,-996,11812,671,0x02BF,86,0,0,0,0x00,0,0
4228,11902,787,80,108,0x50F4,0x6C75,708,-889,11814,671,0x02BF,86,0,0,0,0x00,0,0
4229,11905,784,80,105,0x50B8,0x6967,708,-782,11817,671,0x02BF,86,0,0,0,0x00,0,0
4230,11908,781,80,102,0x507C,0x66C4,708,-675,11820,671,0x02BF,86,0,0,0,0x00,0,0
4231,11911,779,80,100,0x5040,0x648C,708,-568,11823,671,0x02BF,86,0,0,0,0x00,0,0
4232,11914,777,80,98,0x5004,0x62BF,708,-461,11826,671,0x02BF,86,0,0,0,0x00,0,0
4233,11916,776,80,97,0x50C8,0x615D,708,-354,11828,671,0x02BF,86,0,0,0,0x00,0,0
4234,11919,775,80,96,0x508C,0x6066,708,-247,11831,671,0x02BF,86,0,0,0,0x00,0,0
4235,11922,774,80,95,0x5050,0x5FDA,708,-140,11834,671,0x02BF,86,0,0,0,0x00,0,0
4236,11925,774,80,95,0x5014,0x5FB9,708,-33,11837,671,0x02BF,86,0,0,0,0x00,0,0
4237,11927,775,80,96,0x50D8,0x6003,708,74,11839,671,0x02BF,86,0,0,0,0x00,0,0
4238,11930,775,80,96,0x509C,0x60B8,708,181,11842,671,0x02BF,86,0,0,0,0x00,0,0
4239,11933,776,80,97,0x5060,0x61D8,708,288,11845,671,0x02BF,86,0,0,0,0x00,0,0
4240,11936,778,80,99,0x5024,0x6363,708,395,11848,671,0x02BF,86,0,0,0,0x00,0,0
4241,11938,780,80,101,0x50E8,0x6559,708,502,11850,671,0x02BF,86,0,0,0,0x00,0,0
4242,11941,782,80,103,0x50AC,0x67BA,708,609,11853,671,0x02BF,86,0,0,0,0x00,0,0
4243,11944,785,80,106,0x5070,0x6A86,708,716,11856,671,0x02BF,86,0,0,0,0x00,0,0
4244,11947,788,80,109,0x5034,0x6DBD,708,823,11859,671,0x02BF,86,0,0,0,0x00,0,0
4245,11949,792,80,113,0x50F8,0x715F,708,930,11861,671,0x02BF,86,0,0,0,0x00,0,0
4246,11952,796,80,117,0x50BC,0x756C,708,1037,11864,671,0x02BF,86,0,0,0,0x00,0,0
4247,11955,800,80,121,0x5080,0x79E4,708,1144,11867,671,0x02BF,86,0,0,0,0x00,0,0
4248,11958,805,80,126,0x5044,0x7EC7,708,1251,11870,671,0x02BF,86,0,0,0,0x00,0,0
4249,11961,811,80,132,0x5008,0x8415,708,1358,11873,671,0x02BF,86,0,0,0,0x00,0,0
4250,11963,809,80,130,0x50CC,0x8200,708,0,11875,671,0x02BF,86,0,0,0,0x00,0,0
4251,11966,809,80,130,0x5090,0x8200,708,0,11878,671,0x02BF,86,0,0,0,0x00,0,0
4252,11969,809,80,130,0x5054,0x8200,708,0,11881,671,0x02BF,86,0,0,0,0x00,0,0
4253,11972,809,80,130,0x5018,0x8200,708,0,11884,671,0x02BF,86,0,0,0,0x00,0,0
4254,11974,809,80,130,0x50DC,0x8200,708,0,11886,671,0x02BF,86,0,0,0,0x00,0,0
4255,11977,809,80,130,0x50A0,0x8200,708,0,11889,671,0x02BF,86,0,0,0,0x00,0,0
4256,11980,809,80,130,0x5064,0x8200,708,0,11892,671,0x02BF,86,0,0,0,0x00,0,0
4257,11983,809,80,130,0x5028,0x8200,708,0,11895,671,0x02BF,86,0,0,0,0x00,0,0
4258,11985,809,80,130,0x50EC,0x8200,708,-1424,11897,671,0x02BF,86,0,0,0,0x00,0,0
4259,11988,803,80,124,0x50B0,0x7CDB,708,-1317,11900,671,0x02BF,86,0,0,0,0x00,0,0
4260,11991,799,80,120,0x5074,0x7821,708,-1210,11903,671,0x02BF,86,0,0,0,0x00,0,0
4261,11994,794,80,115,0x5038,0x73D2,708,-1103,11906,671,0x02BF,86,0,0,0,0x00,0,0
4262,11996,790,80,111,0x50FC,0x6FEE,708,-996,11908,671,0x02BF,86,0,0,0,0x00,0,0
4263,11999,787,80,108,0x50C0,0x6C75,708,-889,11911,671,0x02BF,86,0,0,0,0x00,0,0
4264,12002,784,80,105,0x5084,0x6967,708,-782,11914,671,0x02BF,86,0,0,0,0x00,0,0
4265,12005,781,80,102,0x5048,0x66C4,708,-675,11917,671,0x02BF,86,0,0,0,0x00,0,0
4266,12008,779,80,100,0x500C,0x648C,708,-568,11920,671,0x02BF,86,0,0,0,0x00,0,0
4267,12010,777,80,98,0x50D0,0x62BF,708,-461,11922,671,0x02BF,86,0,0,0,0x00,0,0
4268,12013,776,80,97,0x5094,0x615D,708,-354,11925,671,0x02BF,86,0,0,0,0x00,0,0
4269,12016,775,80,96,0x5058,0x6066,708,-247,11928,671,0x02BF,86,0,0,0,0x00,0,0
4270,12019,774,80,95,0x501C,0x5FDA,708,-140,11931,671,0x02BF,86,0,0,0,0x00,0,0
4271,12021,774,80,95,0x50E0,0x5FB9,708,-33,11933,671,0x02BF,86,0,0,0,0x00,0,0
4272,12024,775,80,96,0x50A4,0x6003,708,74,11936,671,0x02BF,86,0,0,0,0x00,0,0
4273,12027,775,80,96,0x5068,0x60B8,708,181,11939,671,0x02BF,86,0,0,0,0x00,0,0
4274,12030,776,80,97,0x502C,0x61D8,708,288,11942,671,0x02BF,86,0,0,0,0x00,0,0
4275,12032,778,80,99,0x50F0,0x6363,708,395,11944,671,0x02BF,86,0,0,0,0x00,0,0
4276,12035,780,80,101,0x50B4,0x6559,708,502,11947,671,0x02BF,86,0,0,0,0x00,0,0
4277,12038,782,80,103,0x5078,0x67BA,708,609,11950,671,0x02BF,86,0,0,0,0x00,0,0
4278,12041,785,80,106,0x503C,0x6A86,708,716,11953,671,0x02BF,86,0,0,0,0x00,0,0
4279,12044,788,80,109,0x5000,0x6DBD,708,823,11956,671,0x02BF,86,0,0,0,0x00,0,0
4280,12046,792,80,113,0x50C4,0x715F,708,930,11958,671,0x02BF,86,0,0,0,0x00,0,0
4281,12049,793,80,114,0x5088,0x7200,708,0,11961,671,0x02BF,86,0,0,0,0x00,0,0
4282,12052,793,80,114,0x504C,0x7200,708,0,11964,671,0x02BF,86,0,0,0,0x00,0,0
4283,12055,793,80,114,0x5010,0x7200,708,0,11967,671,0x02BF,86,0,0,0,0x00,0,0
4284,12057,793,80,114,0x50D4,0x7200,708,0,11969,671,0x02BF,86,0,0,0,0x00,0,0
4285,12060,793,80,114,0x5098,0x7200,708,0,11972,671,0x02BF,86,0,0,0,0x00,0,0
4286,12063,793,80,114,0x505C,0x7200,708,0,11975,671,0x02BF,86,0,0,0,0x00,0,0
4287,12066,793,80,114,0x5020,0x7200,708,-1424,11978,671,0x02BF,86,0,0,0,0x00,0,0
4288,12068,787,80,108,0x50E4,0x6CDB,708,-1317,11980,671,0x02BF,86,0,0,0,0x00,0,0
4289,12071,783,80,104,0x50A8,0x6821,708,-1210,11983,671,0x02BF,86,0,0,0,0x00,0,0
4290,12074,778,80,99,0x506C,0x63D2,708,-1103,11986,671,0x02BF,86,0,0,0,0x00,0,0
4291,12077,774,80,95,0x5030,0x5FEE,708,-996,11989,671,0x02BF,86,0,0,0,0x00,0,0
4292,12079,771,80,92,0x50F4,0x5C75,708,-889,11991,671,0x02BF,86,0,0,0,0x00,0,0
4293,12082,768,80,89,0x50B8,0x5967,708,-782,11994,671,0x02BF,86,0,0,0,0x00,0,0
4294,12085,765,80,86,0x507C,0x56C4,708,-675,11997,671,0x02BF,86,0,0,0,0x00,0,0
4295,12088,763,80,84,0x5040,0x548C,708,-568,12000,671,0x02BF,86,0,0,0,0x00,0,0
4296,12091,761,80,82,0x5004,0x52BF,708,-461,12003,671,0x02BF,86,0,0,0,0x00,0,0
4297,12093,760,80,81,0x50C8,0x515D,708,-354,12005,671,0x02BF,86,0,0,0,0x00,0,0
4298,12096,759,80,80,0x508C,0x5066,708,-247,12008,671,0x02BF,86,0,0,0,0x00,0,0
4299,12099,758,80,79,0x5050,0x4FDA,708,-140,12011,671,0x02BF,86,0,0,0,0x00,0,0
4300,12102,758,80,79,0x5014,0x4FB9,708,-33,12014,671,0x02BF,86,0,0,0,0x00,0,0
4301,12104,759,80,80,0x50D8,0x5003,708,74,12016,671,0x02BF,86,0,0,0,0x00,0,0
4302,12107,759,80,80,0x509C,0x50B8,708,181,12019,671,0x02BF,86,0,0,0,0x00,0,0
4303,12110,760,80,81,0x5060,0x51D8,708,288,12022,671,0x02BF,86,0,0,0,0x00,0,0
4304,12113,762,80,83,0x5024,0x5363,708,395,12025,671,0x02BF,86,0,0,0,0x00,0,0
4305,12115,764,80,85,0x50E8,0x5559,708,502,12027,671,0x02BF,86,0,0,0,0x00,0,0
4306,12118,766,80,87,0x50AC,0x57BA,708,609,12030,671,0x02BF,86,0,0,0,0x00,0,0
4307,12121,769,80,90,0x5070,0x5A86,708,716,12033,671,0x02BF,86,0,0,0,0x00,0,0
4308,12124,772,80,93,0x5034,0x5DBD,708,823,12036,671,0x02BF,86,0,0,0,0x00,0,0
4309,12126,776,80,97,0x50F8,0x615F,708,930,12038,671,0x02BF,86,0,0,0,0x00,0,0
4310,12129,780,80,101,0x50BC,0x656C,708,1037,12041,671,0x02BF,86,0,0,0,0x00,0,0
4311,12132,784,80,105,0x5080,0x69E4,708,1144,12044,671,0x02BF,86,0,0,0,0x00,0,0
4312,12135,789,80,110,0x5044,0x6EC7,708,1251,12047,671,0x02BF,86,0,0,0,0x00,0,0
4313,12138,795,80,116,0x5008,0x7415,708,1358,12050,671,0x02BF,86,0,0,0,0x00,0,0
4314,12140,800,80,121,0x50CC,0x79CE,708,1465,12052,671,0x02BF,86,0,0,0,0x02,0,1
4315,12143,806,80,127,0x5090,0x7FF2,708,1572,12055,671,0x02BF,86,0,0,0,0x02,0,1
4316,12146,809,80,130,0x5054,0x8200,708,-1424,12058,671,0x02BF,86,0,0,0,0x00,0,0
4317,12149,803,80,124,0x5018,0x7CDB,708,-1317,12061,671,0x02BF,86,0,0,0,0x00,0,0
4318,12151,799,80,120,0x50DC,0x7821,708,-1210,12063,671,0x02BF,86,0,0,0,0x00,0,0
4319,12154,794,80,115,0x50A0,0x73D2,708,-1103,12066,671,0x02BF,86,0,0,0,0x00,0,0
4320,12157,790,80,111,0x5064,0x6FEE,708,-996,12069,671,0x02BF,86,0,0,0,0x00,0,0
4321,12160,787,80,108,0x5028,0x6C75,708,-889,12072,671,0x02BF,86,0,0,0,0x00,0,0
4322,12162,784,80,105,0x50EC,0x6967,708,-782,12074,671,0x02BF,86,0,0,0,0x00,0,0
4323,12165,781,80,102,0x50B0,0x66C4,708,-675,12077,671,0x02BF,86,0,0,0,0x00,0,0
4324,12168,779,80,100,0x5074,0x648C,708,-568,12080,671,0x02BF,86,0,0,0,0x00,0,0
4325,12171,777,80,98,0x5038,0x62BF,708,-461,12083,671,0x02BF,86,0,0,0,0x00,0,0
4326,12173,776,80,97,0x50FC,0x615D,708,-354,12085,671,0x02BF,86,0,0,0,0x00,0,0
4327,12176,775,80,96,0x50C0,0x6066,708,-247,12088,671,0x02BF,86,0,0,0,0x00,0,0
4328,12179,774,80,95,0x5084,0x5FDA,708,-140,12091,671,0x02BF,86,0,0,0,0x00,0,0
4329,12182,774,80,95,0x5048,0x5FB9,708,-33,12094,671,0x02BF,86,0,0,0,0x00,0,0
4330,12185,775,80,96,0x500C,0x6003,708,74,12097,671,0x02BF,86,0,0,0,0x00,0,0
4331,12187,775,80,96,0x50D0,0x60B8,708,181,12099,671,0x02BF,86,0,0,0,0x00,0,0
4332,12190,776,80,97,0x5094,0x61D8,708,288,12102,671,0x02BF,86,0,0,0,0x00,0,0
4333,12193,778,80,99,0x5058,0x6363,708,395,12105,671,0x02BF,86,0,0,0,0x00,0,0
4334,12196,780,80,101,0x501C,0x6559,708,502,12108,671,0x02BF,86,0,0,0,0x00,0,0
4335,12198,782,80,103,0x50E0,0x67BA,708,609,12110,671,0x02BF,86,0,0,0,0x00,0,0
4336,12201,785,80,106,0x50A4,0x6A86,708,716,12113,671,0x02BF,86,0,0,0,0x00,0,0
4337,12204,777,80,98,0x5068,0x6200,708,0,12116,671,0x02BF,86,0,0,0,0x00,0,0
4338,12207,777,80,98,0x502C,0x6200,708,0,12119,671,0x02BF,86,0,0,0,0x00,0,0
4339,12209,777,80,98,0x50F0,0x6200,708,0,12121,671,0x02BF,86,0,0,0,0x00,0,0
4340,12212,777,80,98,0x50B4,0x6200,708,0,12124,671,0x02BF,86,0,0,0,0x00,0,0
4341,12215,777,80,98,0x5078,0x6200,708,0,12127,671,0x02BF,86,0,0,0,0x00,0,0
4342,12218,777,80,98,0x503C,0x6200,708,0,12130,671,0x02BF,86,0,0,0,0x00,0,0
4343,12221,777,80,98,0x5000,0x6200,708,0,12133,671,0x02BF,86,0,0,0,0x00,0,0
4344,12223,777,80,98,0x50C4,0x6200,708,0,12135,671,0x02BF,86,0,0,0,0x00,0,0
4345,12226,777,80,98,0x5088,0x6200,708,0,12138,671,0x02BF,86,0,0,0,0x00,0,0
4346,12229,777,80,98,0x504C,0x6200,708,0,12141,671,0x02BF,86,0,0,0,0x00,0,0
4347,12232,777,80,98,0x5010,0x6200,708,-1424,12144,671,0x02BF,86,0,0,0,0x00,0,0
4348,12234,771,80,92,0x50D4,0x5CDB,708,-1317,12146,671,0x02BF,86,0,0,0,0x00,0,0
4349,12237,767,80,88,0x5098,0x5821,708,-1210,12149,671,0x02BF,86,0,0,0,0x00,0,0
4350,12240,762,80,83,0x505C,0x53D2,708,-1103,12152,671,0x02BF,86,0,0,0,0x00,0,0
4351,12243,758,80,79,0x5020,0x4FEE,708,-996,12155,671,0x02BF,86,0,0,0,0x00,0,0
4352,12245,755,80,76,0x50E4,0x4C75,708,-889,12157,671,0x02BF,86,0,0,0,0x00,0,0
4353,12248,752,80,73,0x50A8,0x4967,708,-782,12160,671,0x02BF,86,0,0,0,0x00,0,0
4354,12251,749,80,70,0x506C,0x46C4,708,-675,12163,671,0x02BF,86,0,0,0,0x00,0,0
4355,12254,747,80,68,0x5030,0x448C,708,-568,12166,671,0x02BF,86,0,0,0,0x00,0,0
4356,12256,745,80,66,0x50F4,0x42BF,708,-461,12168,671,0x02BF,86,0,0,0,0x00,0,0
4357,12259,744,80,65,0x50B8,0x415D,708,-354,12171,671,0x02BF,86,0,0,0,0x00,0,0
4358,12262,743,80,64,0x507C,0x4066,708,-247,12174,671,0x02BF,86,0,0,0,0x00,0,0
4359,12265,743,80,64,0x5040,0x4000,708,-140,12177,671,0x02BF,48,0,0,0,0x00,0,0
4360,12268,743,80,64,0x5004,0x4000,708,-33,12180,671,0x02BF,15,0,0,0,0x00,0,0
4361,12270,743,80,64,0x50C8,0x404A,708,74,12182,671,0x02BF,15,0,0,0,0x00,0,0
4362,12273,743,80,64,0x508C,0x40FF,708,181,12185,671,0x02BF,15,0,0,0,0x00,0,0
4363,12276,745,80,66,0x5050,0x421F,708,288,12188,671,0x02BF,15,0,0,0,0x00,0,0
4364,12279,746,80,67,0x5014,0x43AA,708,395,12191,671,0x02BF,15,0,0,0,0x00,0,0
4365,12281,748,80,69,0x50D8,0x45A0,708,502,12193,671,0x02BF,15,0,0,0,0x00,0,0
4366,12284,751,80,72,0x509C,0x4801,708,609,12196,671,0x02BF,15,0,0,0,0x00,0,0
4367,12287,753,80,74,0x5060,0x4ACD,708,716,12199,671,0x02BF,15,0,0,0,0x00,0,0
4368,12290,757,80,78,0x5024,0x4E04,708,823,12202,671,0x02BF,15,0,0,0,0x00,0,0
4369,12292,760,80,81,0x50E8,0x51A6,708,930,12204,671,0x02BF,15,0,0,0,0x00,0,0
4370,12295,764,80,85,0x50AC,0x55B3,708,1037,12207,671,0x02BF,15,0,0,0,0x00,0,0
4371,12298,769,80,90,0x5070,0x5A2B,708,1144,12210,671,0x02BF,15,0,0,0,0x00,0,0
4372,12301,774,80,95,0x5034,0x5F0E,708,1251,12213,671,0x02BF,15,0,0,0,0x00,0,0
4373,12303,779,80,100,0x50F8,0x645C,708,1358,12215,671,0x02BF,15,0,0,0,0x00,0,0
4374,12306,785,80,106,0x50BC,0x6A15,708,1465,12218,671,0x02BF,15,0,0,0,0x00,0,0
4375,12309,791,80,112,0x5080,0x7039,708,1572,12221,671,0x02BF,15,0,0,0,0x00,0,0
4376,12312,797,80,118,0x5044,0x76C8,708,1679,12224,671,0x02BF,15,0,0,0,0x00,0,0
4377,12315,804,80,125,0x5008,0x7DC2,708,1786,12227,671,0x02BF,15,0,0,0,0x00,0,0
4378,12317,812,80,133,0x50CC,0x8527,708,1893,12229,671,0x02BF,15,0,0,0,0x00,0,0
4379,12320,819,80,140,0x5090,0x8C21,708,1786,12232,671,0x02BF,15,0,0,0,0x00,0,0
4380,12323,825,80,146,0x5054,0x9200,708,0,12235,671,0x02BF,15,0,0,0,0x00,0,0
4381,12326,825,80,146,0x5018,0x9200,708,0,12238,671,0x02BF,15,0,0,0,0x00,0,0
4382,12328,825,80,146,0x50DC,0x9200,708,0,12240,671,0x02BF,15,0,0,0,0x00,0,0
4383,12331,825,80,146,0x50A0,0x9200,708,0,12243,671,0x02BF,15,0,0,0,0x00,0,0
4384,12334,825,80,146,0x5064,0x9200,708,0,12246,671,0x02BF,15,0,0,0,0x00,0,0
4385,12337,825,80,146,0x5028,0x9200,708,0,12249,671,0x02BF,15,0,0,0,0x00,0,0
4386,12339,825,80,146,0x50EC,0x9200,708,0,12251,671,0x02BF,15,0,0,0,0x00,0,0
4387,12342,825,80,146,0x50B0,0x9200,708,0,12254,671,0x02BF,15,0,0,0,0x00,0,0
4388,12345,825,80,146,0x5074,0x9200,708,0,12257,671,0x02BF,15,0,0,0,0x00,0,0
4389,12348,825,80,146,0x5038,0x926B,708,107,12260,671,0x02BF,15,0,0,0,0x00,0,0
4390,12350,826,80,147,0x50FC,0x9341,708,214,12262,671,0x02BF,15,0,0,0,0x00,0,0
4391,12353,827,80,148,0x50C0,0x9482,708,321,12265,671,0x02BF,15,0,0,0,0x00,0,0
4392,12356,829,80,150,0x5084,0x962E,708,428,12268,671,0x02BF,15,0,0,0,0x00,0,0
4393,12359,831,80,152,0x5048,0x9845,708,535,12271,671,0x02BF,15,0,0,0,0x00,0,0
4394,12362,833,80,154,0x500C,0x9AC7,708,642,12274,671,0x02BF,15,0,0,0,0x00,0,0
4395,12364,836,80,157,0x50D0,0x9DB4,708,749,12276,671,0x02BF,15,0,0,0,0x00,0,0
4396,12367,840,80,160,0x5094,0xA000,708,856,12279,672,0x02C0,27,0,0,0,0x00,0,0
4397,12370,843,80,160,0x5058,0xA000,708,963,12282,675,0x02C3,222,0,0,0,0x00,0,0
4398,12373,848,80,160,0x501C,0xA000,708,1070,12285,680,0x02C8,12,0,0,0,0x00,0,0
4399,12375,852,80,160,0x50E0,0xA000,708,1177,12287,684,0x02CC,165,0,0,0,0x00,0,0
4400,12378,857,80,160,0x50A4,0xA000,708,1284,12290,689,0x02D1,169,0,0,0,0x00,0,0
4401,12381,857,80,160,0x5068,0xA000,708,0,12293,689,0x02D1,169,0,0,0,0x00,0,0
4402,12384,857,80,160,0x502C,0xA000,708,0,12296,689,0x02D1,169,0,0,0,0x00,0,0
4403,12386,857,80,160,0x50F0,0xA000,708,0,12298,689,0x02D1,169,0,0,0,0x00,0,0
4404,12389,857,80,160,0x50B4,0xA000,708,0,12301,689,0x02D1,169,0,0,0,0x00,0,0
4405,12392,857,80,160,0x5078,0xA000,708,0,12304,689,0x02D1,169,0,0,0,0x00,0,0
4406,12395,857,80,160,0x503C,0xA000,708,0,12307,689,0x02D1,169,0,0,0,0x00,0,0
4407,12398,857,80,160,0x5000,0xA000,708,0,12310,689,0x02D1,169,0,0,0,0x00,0,0
4408,12400,857,80,160,0x50C4,0xA000,708,0,12312,689,0x02D1,169,0,0,0,0x00,0,0
4409,12403,857,80,160,0x5088,0xA000,708,-1424,12315,689,0x02D1,169,0,0,0,0x00,0,0
4410,12406,851,80,154,0x504C,0x9ADB,708,-1317,12318,689,0x02D1,169,0,0,0,0x00,0,0
4411,12409,847,80,150,0x5010,0x9621,708,-1210,12321,689,0x02D1,169,0,0,0,0x00,0,0
4412,12411,842,80,145,0x50D4,0x91D2,708,-1103,12323,689,0x02D1,169,0,0,0,0x00,0,0
4413,12414,838,80,141,0x5098,0x8DEE,708,-996,12326,689,0x02D1,169,0,0,0,0x00,0,0
4414,12417,835,80,138,0x505C,0x8A75,708,-889,12329,689,0x02D1,169,0,0,0,0x00,0,0
4415,12420,832,80,135,0x5020,0x8767,708,-782,12332,689,0x02D1,169,0,0,0,0x00,0,0
4416,12422,829,80,132,0x50E4,0x84C4,708,-675,12334,689,0x02D1,169,0,0,0,0x00,0,0
4417,12425,827,80,130,0x50A8,0x828C,708,-568,12337,689,0x02D1,169,0,0,0,0x00,0,0
4418,12428,825,80,128,0x506C,0x80BF,708,-461,12340,689,0x02D1,169,0,0,0,0x00,0,0
4419,12431,824,80,127,0x5030,0x7F5D,708,-354,12343,689,0x02D1,169,0,0,0,0x00,0,0
4420,12433,823,80,126,0x50F4,0x7E66,708,-247,12345,689,0x02D1,169,0,0,0,0x00,0,0
4421,12436,822,80,125,0x50B8,0x7DDA,708,-140,12348,689,0x02D1,169,0,0,0,0x00,0,0
4422,12439,822,80,125,0x507C,0x7DB9,708,-33,12351,689,0x02D1,169,0,0,0,0x00,0,0
4423,12442,823,80,126,0x5040,0x7E03,708,74,12354,689,0x02D1,169,0,0,0,0x00,0,0
4424,12445,823,80,126,0x5004,0x7EB8,708,181,12357,689,0x02D1,169,0,0,0,0x00,0,0
4425,12447,824,80,127,0x50C8,0x7FD8,708,288,12359,689,0x02D1,169,0,0,0,0x00,0,0
4426,12450,826,80,129,0x508C,0x8163,708,395,12362,689,0x02D1,169,0,0,0,0x00,0,0
4427,12453,825,80,128,0x5050,0x8000,708,-1424,12365,689,0x02D1,169,0,0,0,0x00,0,0
4428,12456,819,80,122,0x5014,0x7ADB,708,-1317,12368,689,0x02D1,169,0,0,0,0x00,0,0
4429,12458,815,80,118,0x50D8,0x7621,708,-1210,12370,689,0x02D1,169,0,0,0,0x00,0,0
4430,12461,810,80,113,0x509C,0x71D2,708,-1103,12373,689,0x02D1,169,0,0,0,0x00,0,0
4431,12464,806,80,109,0x5060,0x6DEE,708,-996,12376,689,0x02D1,169,0,0,0,0x00,0,0
4432,12467,803,80,106,0x5024,0x6A75,708,-889,12379,689,0x02D1,169,0,0,0,0x00,0,0
4433,12469,800,80,103,0x50E8,0x6767,708,-782,12381,689,0x02D1,169,0,0,0,0x00,0,0
4434,12472,797,80,100,0x50AC,0x64C4,708,-675,12384,689,0x02D1,169,0,0,0,0x00,0,0
4435,12475,795,80,98,0x5070,0x628C,708,-568,12387,689,0x02D1,169,0,0,0,0x00,0,0
4436,12478,793,80,96,0x5034,0x60BF,708,-461,12390,689,0x02D1,169,0,0,0,0x00,0,0
4437,12480,792,80,95,0x50F8,0x5F5D,708,-354,12392,689,0x02D1,169,0,0,0,0x00,0,0
4438,12483,791,80,94,0x50BC,0x5E66,708,-247,12395,689,0x02D1,169,0,0,0,0x00,0,0
4439,12486,790,80,93,0x5080,0x5DDA,708,-140,12398,689,0x02D1,169,0,0,0,0x00,0,0
4440,12489,790,80,93,0x5044,0x5DB9,708,-33,12401,689,0x02D1,169,0,0,0,0x00,0,0
4441,12492,791,80,94,0x5008,0x5E03,708,74,12404,689,0x02D1,169,0,0,0,0x00,0,0
4442,12494,791,80,94,0x50CC,0x5EB8,708,181,12406,689,0x02D1,169,0,0,0,0x00,0,0
4443,12497,792,80,95,0x5090,0x5FD8,708,288,12409,689,0x02D1,169,0,0,0,0x00,0,0
4444,12500,794,80,97,0x5054,0x6163,708,395,12412,689,0x02D1,169,0,0,0,0x00,0,0
4445,12503,796,80,99,0x5018,0x6359,708,502,12415,689,0x02D1,169,0,0,0,0x00,0,0
4446,12505,798,80,101,0x50DC,0x65BA,708,609,12417,689,0x02D1,169,0,0,0,0x00,0,0
4447,12508,801,80,104,0x50A0,0x6886,708,716,12420,689,0x02D1,169,0,0,0,0x00,0,0
4448,12511,804,80,107,0x5064,0x6BBD,708,823,12423,689,0x02D1,169,0,0,0,0x00,0,0
4449,12514,808,80,111,0x5028,0x6F5F,708,930,12426,689,0x02D1,169,0,0,0,0x00,0,0
4450,12516,812,80,115,0x50EC,0x736C,708,1037,12428,689,0x02D1,169,0,0,0,0x00,0,0
4451,12519,816,80,119,0x50B0,0x77E4,708,1144,12431,689,0x02D1,169,0,0,0,0x00,0,0
4452,12522,821,80,124,0x5074,0x7CC7,708,1251,12434,689,0x02D1,169,0,0,0,0x00,0,0
4453,12525,827,80,130,0x5038,0x8215,708,1358,12437,689,0x02D1,169,0,0,0,0x00,0,0
4454,12527,832,80,135,0x50FC,0x87CE,708,1465,12439,689,0x02D1,169,0,0,0,0x00,0,0
4455,12530,838,80,141,0x50C0,0x8DF2,708,1572,12442,689,0x02D1,169,0,0,0,0x00,0,0
4456,12533,841,80,144,0x5084,0x9000,708,-1424,12445,689,0x02D1,169,0,0,0,0x00,0,0
4457,12536,835,80,138,0x5048,0x8ADB,708,-1317,12448,689,0x02D1,169,0,0,0,0x00,0,0
4458,12539,831,80,134,0x500C,0x8621,708,-1210,12451,689,0x02D1,169,0,0,0,0x00,0,0
4459,12541,826,80,129,0x50D0,0x81D2,708,-1103,12453,689,0x02D1,169,0,0,0,0x00,0,0
4460,12544,822,80,125,0x5094,0x7DEE,708,-996,12456,689,0x02D1,169,0,0,0,0x00,0,0
4461,12547,819,80,122,0x5058,0x7A75,708,-889,12459,689,0x02D1,169,0,0,0,0x00,0,0
4462,12550,816,80,119,0x501C,0x7767,708,-782,12462,689,0x02D1,169,0,0,0,0x00,0,0
4463,12552,813,80,116,0x50E0,0x74C4,708,-675,12464,689,0x02D1,169,0,0,0,0x00,0,0
4464,12555,811,80,114,0x50A4,0x728C,708,-568,12467,689,0x02D1,169,0,0,0,0x00,0,0
4465,12558,809,80,112,0x5068,0x70BF,708,-461,12470,689,0x02D1,169,0,0,0,0x00,0,0
4466,12561,808,80,111,0x502C,0x6F5D,708,-354,12473,689,0x02D1,169,0,0,0,0x00,0,0
4467,12563,807,80,110,0x50F0,0x6E66,708,-247,12475,689,0x02D1,169,0,0,0,0x00,0,0
4468,12566,806,80,109,0x50B4,0x6DDA,708,-140,12478,689,0x02D1,169,0,0,0,0x00,0,0
4469,12569,806,80,109,0x5078,0x6DB9,708,-33,12481,689,0x02D1,169,0,0,0,0x00,0,0
4470,12572,807,80,110,0x503C,0x6E03,708,74,12484,689,0x02D1,169,0,0,0,0x00,0,0
4471,12575,807,80,110,0x5000,0x6EB8,708,181,12487,689,0x02D1,169,0,0,0,0x00,0,0
4472,12577,808,80,111,0x50C4,0x6FD8,708,288,12489,689,0x02D1,169,0,0,0,0x00,0,0
4473,12580,810,80,113,0x5088,0x7163,708,395,12492,689,0x02D1,169,0,0,0,0x00,0,0
4474,12583,812,80,115,0x504C,0x7359,708,502,12495,689,0x02D1,169,0,0,0,0x00,0,0
4475,12586,814,80,117,0x5010,0x75BA,708,609,12498,689,0x02D1,169,0,0,0,0x00,0,0
4476,12588,809,80,112,0x50D4,0x7000,708,0,12500,689,0x02D1,169,0,0,0,0x00,0,0
4477,12591,809,80,112,0x5098,0x7000,708,0,12503,689,0x02D1,169,0,0,0,0x00,0,0
4478,12594,809,80,112,0x505C,0x7000,708,0,12506,689,0x02D1,169,0,0,0,0x00,0,0
4479,12597,809,80,112,0x5020,0x7000,708,0,12509,689,0x02D1,169,0,0,0,0x00,0,0
4480,12599,809,80,112,0x50E4,0x7000,708,0,12511,689,0x02D1,169,0,0,0,0x00,0,0
4481,12602,809,80,112,0x50A8,0x7000,708,0,12514,689,0x02D1,169,0,0,0,0x00,0,0
4482,12605,809,80,112,0x506C,0x7000,708,0,12517,689,0x02D1,169,0,0,0,0x00,0,0
4483,12608,809,80,112,0x5030,0x7000,708,0,12520,689,0x02D1,169,0,0,0,0x00,0,0
4484,12610,809,80,112,0x50F4,0x7000,708,0,12522,689,0x02D1,169,0,0,0,0x00,0,0
4485,12613,809,80,112,0x50B8,0x7000,708,0,12525,689,0x02D1,169,0,0,0,0x00,0,0
4486,12616,809,80,112,0x507C,0x7000,708,-1424,12528,689,0x02D1,169,0,0,0,0x00,0,0
4487,12619,803,80,106,0x5040,0x6ADB,708,-1317,12531,689,0x02D1,169,0,0,0,0x00,0,0
4488,12622,799,80,102,0x5004,0x6621,708,-1210,12534,689,0x02D1,169,0,0,0,0x00,0,0
4489,12624,794,80,97,0x50C8,0x61D2,708,-1103,12536,689,0x02D1,169,0,0,0,0x00,0,0
4490,12627,790,80,93,0x508C,0x5DEE,708,-996,12539,689,0x02D1,169,0,0,0,0x00,0,0
4491,12630,787,80,90,0x5050,0x5A75,708,-889,12542,689,0x02D1,169,0,0,0,0x00,0,0
4492,12633,784,80,87,0x5014,0x5767,708,-782,12545,689,0x02D1,169,0,0,0,0x00,0,0
4493,12635,781,80,84,0x50D8,0x54C4,708,-675,12547,689,0x02D1,169,0,0,0,0x00,0,0
4494,12638,779,80,82,0x509C,0x528C,708,-568,12550,689,0x02D1,169,0,0,0,0x00,0,0
4495,12641,777,80,80,0x5060,0x50BF,708,-461,12553,689,0x02D1,169,0,0,0,0x00,0,0
4496,12644,776,80,79,0x5024,0x4F5D,708,-354,12556,689,0x02D1,169,0,0,0,0x00,0,0
4497,12646,775,80,78,0x50E8,0x4E66,708,-247,12558,689,0x02D1,169,0,0,0,0x00,0,0
4498,12649,774,80,77,0x50AC,0x4DDA,708,-140,12561,689,0x02D1,169,0,0,0,0x00,0,0
4499,12652,774,80,77,0x5070,0x4DB9,708,-33,12564,689,0x02D1,169,0,0,0,0x00,0,0
4500,12655,775,80,78,0x5034,0x4E03,708,74,12567,689,0x02D1,169,0,0,0,0x00,0,0
4501,12657,775,80,78,0x50F8,0x4EB8,708,181,12569,689,0x02D1,169,0,0,0,0x00,0,0
4502,12660,776,80,79,0x50BC,0x4FD8,708,288,12572,689,0x02D1,169,0,0,0,0x00,0,0
4503,12663,777,80,80,0x5080,0x5000,708,0,12575,689,0x02D1,169,0,0,0,0x00,0,0
4504,12666,777,80,80,0x5044,0x5000,708,-1424,12578,689,0x02D1,169,0,0,0,0x00,0,0
4505,12669,771,80,74,0x5008,0x4ADB,708,-1317,12581,689,0x02D1,169,0,0,0,0x00,0,0
4506,12671,767,80,70,0x50CC,0x4621,708,-1210,12583,689,0x02D1,169,0,0,0,0x00,0,0
4507,12674,762,80,65,0x5090,0x41D2,708,-1103,12586,689,0x02D1,169,0,0,0,0x00,0,0
4508,12677,759,80,64,0x5054,0x4000,708,-996,12589,687,0x02CF,151,0,0,0,0x00,0,0
4509,12680,756,80,64,0x5018,0x4000,708,-889,12592,684,0x02CC,30,0,0,0,0x00,0,0
4510,12682,753,80,64,0x50DC,0x4000,708,-782,12594,681,0x02C9,16,0,0,0,0x00,0,0
4511,12685,750,80,64,0x50A0,0x4000,708,-675,12597,678,0x02C6,109,0,0,0,0x00,0,0
4512,12688,748,80,64,0x5064,0x4000,708,-568,12600,676,0x02C4,53,0,0,0,0x00,0,0
4513,12691,746,80,64,0x5028,0x4000,708,-461,12603,674,0x02C2,104,0,0,0,0x00,0,0
4514,12693,745,80,64,0x50EC,0x4000,708,-354,12605,673,0x02C1,6,0,0,0,0x00,0,0
4515,12696,744,80,64,0x50B0,0x4000,708,-247,12608,672,0x02C0,15,0,0,0,0x00,0,0
4516,12699,743,80,64,0x5074,0x4000,708,-140,12611,671,0x02BF,131,0,0,0,0x00,0,0
4517,12702,743,80,64,0x5038,0x4000,708,-33,12614,671,0x02BF,98,0,0,0,0x00,0,0
4518,12704,743,80,64,0x50FC,0x404A,708,74,12616,671,0x02BF,98,0,0,0,0x00,0,0
4519,12707,743,80,64,0x50C0,0x40FF,708,181,12619,671,0x02BF,98,0,0,0,0x00,0,0
4520,12710,745,80,66,0x5084,0x421F,708,288,12622,671,0x02BF,98,0,0,0,0x00,0,0
4521,12713,746,80,67,0x5048,0x43AA,708,395,12625,671,0x02BF,98,0,0,0,0x00,0,0
4522,12716,748,80,69,0x500C,0x45A0,708,502,12628,671,0x02BF,98,0,0,0,0x00,0,0
4523,12718,751,80,72,0x50D0,0x4801,708,609,12630,671,0x02BF,98,0,0,0,0x00,0,0
4524,12721,753,80,74,0x5094,0x4ACD,708,716,12633,671,0x02BF,98,0,0,0,0x00,0,0
4525,12724,757,80,78,0x5058,0x4E04,708,823,12636,671,0x02BF,98,0,0,0,0x00,0,0
4526,12727,760,80,81,0x501C,0x51A6,708,930,12639,671,0x02BF,98,0,0,0,0x00,0,0
4527,12729,764,80,85,0x50E0,0x55B3,708,1037,12641,671,0x02BF,98,0,0,0,0x00,0,0
4528,12732,769,80,90,0x50A4,0x5A2B,708,1144,12644,671,0x02BF,98,0,0,0,0x00,0,0
4529,12735,774,80,95,0x5068,0x5F0E,708,1251,12647,671,0x02BF,98,0,0,0,0x00,0,0
4530,12738,777,80,98,0x502C,0x6200,708,0,12650,671,0x02BF,98,0,0,0,0x00,0,0
4531,12740,777,80,98,0x50F0,0x6200,708,0,12652,671,0x02BF,98,0,0,0,0x00,0,0
4532,12743,777,80,98,0x50B4,0x6200,708,0,12655,671,0x02BF,98,0,0,0,0x00,0,0
4533,12746,777,80,98,0x5078,0x6200,708,0,12658,671,0x02BF,98,0,0,0,0x00,0,0
4534,12749,777,80,98,0x503C,0x626B,708,107,12661,671,0x02BF,98,0,0,0,0x00,0,0
4535,12752,778,80,99,0x5000,0x6341,708,214,12664,671,0x02BF,98,0,0,0,0x00,0,0
4536,12754,779,80,100,0x50C4,0x6482,708,321,12666,671,0x02BF,98,0,0,0,0x00,0,0
4537,12757,781,80,102,0x5088,0x662E,708,428,12669,671,0x02BF,98,0,0,0,0x00,0,0
4538,12760,783,80,104,0x504C,0x6845,708,535,12672,671,0x02BF,98,0,0,0,0x00,0,0
4539,12763,785,80,106,0x5010,0x6AC7,708,642,12675,671,0x02BF,98,0,0,0,0x00,0,0
4540,12765,788,80,109,0x50D4,0x6DB4,708,749,12677,671,0x02BF,98,0,0,0,0x00,0,0
4541,12768,792,80,113,0x5098,0x710C,708,856,12680,671,0x02BF,98,0,0,0,0x02,0,1
4542,12771,793,80,114,0x505C,0x7200,708,-1424,12683,671,0x02BF,98,0,0,0,0x00,0,0
4543,12774,787,80,108,0x5020,0x6CDB,708,-1317,12686,671,0x02BF,98,0,0,0,0x00,0,0
4544,12776,783,80,104,0x50E4,0x6821,708,-1210,12688,671,0x02BF,98,0,0,0,0x00,0,0
4545,12779,778,80,99,0x50A8,0x63D2,708,-1103,12691,671,0x02BF,98,0,0,0,0x00,0,0
4546,12782,774,80,95,0x506C,0x5FEE,708,-996,12694,671,0x02BF,98,0,0,0,0x00,0,0
4547,12785,771,80,92,0x5030,0x5C75,708,-889,12697,671,0x02BF,98,0,0,0,0x00,0,0
4548,12787,768,80,89,0x50F4,0x5967,708,-782,12699,671,0x02BF,98,0,0,0,0x00,0,0
4549,12790,765,80,86,0x50B8,0x56C4,708,-675,12702,671,0x02BF,98,0,0,0,0x00,0,0
4550,12793,763,80,84,0x507C,0x548C,708,-568,12705,671,0x02BF,98,0,0,0,0x00,0,0
4551,12796,761,80,82,0x5040,0x52BF,708,-461,12708,671,0x02BF,98,0,0,0,0x00,0,0
4552,12799,760,80,81,0x5004,0x515D,708,-354,12711,671,0x02BF,98,0,0,0,0x00,0,0
4553,12801,759,80,80,0x50C8,0x5066,708,-247,12713,671,0x02BF,98,0,0,0,0x00,0,0
4554,12804,758,80,79,0x508C,0x4FDA,708,-140,12716,671,0x02BF,98,0,0,0,0x00,0,0
4555,12807,758,80,79,0x5050,0x4FB9,708,-33,12719,671,0x02BF,98,0,0,0,0x00,0,0
4556,12810,759,80,80,0x5014,0x5003,708,74,12722,671,0x02BF,98,0,0,0,0x00,0,0
4557,12812,759,80,80,0x50D8,0x50B8,708,181,12724,671,0x02BF,98,0,0,0,0x00,0,0
4558,12815,760,80,81,0x509C,0x51D8,708,288,12727,671,0x02BF,98,0,0,0,0x00,0,0
4559,12818,762,80,83,0x5060,0x5363,708,395,12730,671,0x02BF,98,0,0,0,0x00,0,0
4560,12821,764,80,85,0x5024,0x5559,708,502,12733,671,0x02BF,98,0,0,0,0x00,0,0
4561,12823,766,80,87,0x50E8,0x57BA,708,609,12735,671,0x02BF,98,0,0,0,0x00,0,0
4562,12826,769,80,90,0x50AC,0x5A86,708,716,12738,671,0x02BF,98,0,0,0,0x00,0,0
4563,12829,772,80,93,0x5070,0x5DBD,708,823,12741,671,0x02BF,98,0,0,0,0x00,0,0
4564,12832,776,80,97,0x5034,0x615F,708,930,12744,671,0x02BF,98,0,0,0,0x00,0,0
4565,12834,780,80,101,0x50F8,0x656C,708,1037,12746,671,0x02BF,98,0,0,0,0x00,0,0
4566,12837,784,80,105,0x50BC,0x69E4,708,1144,12749,671,0x02BF,98,0,0,0,0x00,0,0
4567,12840,789,80,110,0x5080,0x6EC7,708,1251,12752,671,0x02BF,98,0,0,0,0x00,0,0
4568,12843,793,80,114,0x5044,0x7200,708,0,12755,671,0x02BF,98,0,0,0,0x00,0,0
4569,12846,793,80,114,0x5008,0x7200,708,0,12758,671,0x02BF,98,0,0,0,0x00,0,0
4570,12848,793,80,114,0x50CC,0x7200,708,0,12760,671,0x02BF,98,0,0,0,0x00,0,0
4571,12851,793,80,114,0x5090,0x7200,708,0,12763,671,0x02BF,98,0,0,0,0x00,0,0
4572,12854,793,80,114,0x5054,0x7200,708,0,12766,671,0x02BF,98,0,0,0,0x00,0,0
4573,12857,793,80,114,0x5018,0x7200,708,0,12769,671,0x02BF,98,0,0,0,0x00,0,0
4574,12859,793,80,114,0x50DC,0x7200,708,0,12771,671,0x02BF,98,0,0,0,0x00,0,0
4575,12862,793,80,114,0x50A0,0x7200,708,0,12774,671,0x02BF,98,0,0,0,0x00,0,0
4576,12865,793,80,114,0x5064,0x7200,708,0,12777,671,0x02BF,98,0,0,0,0x00,0,0
4577,12868,793,80,114,0x5028,0x7200,708,0,12780,671,0x02BF,98,0,0,0,0x00,0,0
4578,12870,793,80,114,0x50EC,0x7200,708,0,12782,671,0x02BF,98,0,0,0,0x00,0,0
4579,12873,793,80,114,0x50B0,0x7200,708,0,12785,671,0x02BF,98,0,0,0,0x00,0,0
4580,12876,793,80,114,0x5074,0x7200,708,0,12788,671,0x02BF,98,0,0,0,0x00,0,0
4581,12879,793,80,114,0x5038,0x7200,708,0,12791,671,0x02BF,98,0,0,0,0x00,0,0
4582,12881,793,80,114,0x50FC,0x7200,708,0,12793,671,0x02BF,98,0,0,0,0x00,0,0
4583,12884,793,80,114,0x50C0,0x7200,708,0,12796,671,0x02BF,98,0,0,0,0x00,0,0
4584,12887,793,80,114,0x5084,0x7200,708,0,12799,671,0x02BF,98,0,0,0,0x00,0,0
4585,12890,793,80,114,0x5048,0x7200,708,0,12802,671,0x02BF,98,0,0,0,0x00,0,0
4586,12893,793,80,114,0x500C,0x7200,708,0,12805,671,0x02BF,98,0,0,0,0x00,0,0
4587,12895,793,80,114,0x50D0,0x7200,708,0,12807,671,0x02BF,98,0,0,0,0x00,0,0
4588,12898,793,80,114,0x5094,0x7200,708,0,12810,671,0x02BF,98,0,0,0,0x00,0,0
4589,12901,793,80,114,0x5058,0x7200,708,0,12813,671,0x02BF,98,0,0,0,0x00,0,0
4590,12904,793,80,114,0x501C,0x7200,708,0,12816,671,0x02BF,98,0,0,0,0x00,0,0
4591,12906,793,80,114,0x50E0,0x7200,708,0,12818,671,0x02BF,98,0,0,0,0x00,0,0
4592,12909,793,80,114,0x50A4,0x7200,708,-1424,12821,671,0x02BF,98,0,0,0,0x00,0,0
4593,12912,787,80,108,0x5068,0x6CDB,708,-1317,12824,671,0x02BF,98,0,0,0,0x00,0,0
4594,12915,783,80,104,0x502C,0x6821,708,-1210,12827,671,0x02BF,98,0,0,0,0x00,0,0
4595,12917,778,80,99,0x50F0,0x63D2,708,-1103,12829,671,0x02BF,98,0,0,0,0x00,0,0
4596,12920,774,80,95,0x50B4,0x5FEE,708,-996,12832,671,0x02BF,98,0,0,0,0x00,0,0
4597,12923,771,80,92,0x5078,0x5C75,708,-889,12835,671,0x02BF,98,0,0,0,0x00,0,0
4598,12926,768,80,89,0x503C,0x5967,708,-782,12838,671,0x02BF,98,0,0,0,0x00,0,0
4599,12929,765,80,86,0x5000,0x56C4,708,-675,12841,671,0x02BF,98,0,0,0,0x00,0,0
4600,12931,763,80,84,0x50C4,0x548C,708,-568,12843,671,0x02BF,98,0,0,0,0x00,0,0
4601,12934,761,80,82,0x5088,0x52BF,708,-461,12846,671,0x02BF,98,0,0,0,0x00,0,0
4602,12937,760,80,81,0x504C,0x515D,708,-354,12849,671,0x02BF,98,0,0,0,0x00,0,0
4603,12940,759,80,80,0x5010,0x5066,708,-247,12852,671,0x02BF,98,0,0,0,0x00,0,0
4604,12942,758,80,79,0x50D4,0x4FDA,708,-140,12854,671,0x02BF,98,0,0,0,0x00,0,0
4605,12945,758,80,79,0x5098,0x4FB9,708,-33,12857,671,0x02BF,98,0,0,0,0x00,0,0
4606,12948,759,80,80,0x505C,0x5003,708,74,12860,671,0x02BF,98,0,0,0,0x00,0,0
4607,12951,759,80,80,0x5020,0x50B8,708,181,12863,671,0x02BF,98,0,0,0,0x00,0,0
4608,12953,760,80,81,0x50E4,0x51D8,708,288,12865,671,0x02BF,98,0,0,0,0x00,0,0
4609,12956,761,80,82,0x50A8,0x5200,708,-1424,12868,671,0x02BF,98,0,0,0,0x00,0,0
4610,12959,755,80,76,0x506C,0x4CDB,708,-1317,12871,671,0x02BF,98,0,0,0,0x00,0,0
4611,12962,751,80,72,0x5030,0x4821,708,-1210,12874,671,0x02BF,98,0,0,0,0x00,0,0
4612,12964,746,80,67,0x50F4,0x43D2,708,-1103,12876,671,0x02BF,98,0,0,0,0x00,0,0
4613,12967,743,80,64,0x50B8,0x4000,708,-996,12879,671,0x02BF,80,0,0,0,0x00,0,0
4614,12970,739,80,64,0x507C,0x4000,708,-889,12882,667,0x02BB,215,0,0,0,0x00,0,0
4615,12973,736,80,64,0x5040,0x4000,708,-782,12885,664,0x02B8,201,0,0,0,0x00,0,0
4616,12976,734,80,64,0x5004,0x4000,708,-675,12888,662,0x02B6,38,0,0,0,0x00,0,0
4617,12978,731,80,64,0x50C8,0x4000,708,-568,12890,659,0x02B3,238,0,0,0,0x00,0,0
4618,12981,730,80,64,0x508C,0x4000,708,-461,12893,658,0x02B2,33,0,0,0,0x00,0,0
4619,12984,728,80,64,0x5050,0x4000,708,-354,12896,656,0x02B0,191,0,0,0,0x00,0,0
4620,12987,727,80,64,0x5014,0x4000,708,-247,12899,655,0x02AF,200,0,0,0,0x00,0,0
4621,12989,727,80,64,0x50D8,0x4000,708,-140,12901,655,0x02AF,60,0,0,0,0x00,0,0
4622,12992,727,80,64,0x509C,0x4000,708,-33,12904,655,0x02AF,27,0,0,0,0x00,0,0
4623,12995,727,80,64,0x5060,0x404A,708,74,12907,655,0x02AF,27,0,0,0,0x00,0,0
4624,12998,727,80,64,0x5024,0x40FF,708,181,12910,655,0x02AF,27,0,0,0,0x00,0,0
4625,13000,729,80,66,0x50E8,0x4200,708,-1424,12912,655,0x02AF,27,0,0,0,0x00,0,0
4626,13003,723,80,64,0x50AC,0x4000,708,-1317,12915,651,0x02AB,246,0,0,0,0x00,0,0
4627,13006,719,80,64,0x5070,0x4000,708,-1210,12918,647,0x02A7,60,0,0,0,0x00,0,0
4628,13009,714,80,64,0x5034,0x4000,708,-1103,12921,642,0x02A2,237,0,0,0,0x00,0,0
4629,13011,711,80,64,0x50F8,0x4000,708,-996,12923,639,0x029F,9,0,0,0,0x00,0,0
4630,13014,707,80,64,0x50BC,0x4000,708,-889,12926,635,0x029B,144,0,0,0,0x00,0,0
4631,13017,704,80,64,0x5080,0x4000,708,-782,12929,632,0x0298,130,0,0,0,0x00,0,0
4632,13020,701,80,64,0x5044,0x4000,708,-675,12932,629,0x0295,223,0,0,0,0x00,0,0
4633,13023,699,80,64,0x5008,0x4000,708,-568,12935,627,0x0293,167,0,0,0,0x00,0,0
4634,13025,697,80,64,0x50CC,0x4000,708,-461,12937,625,0x0291,218,0,0,0,0x00,0,0
4635,13028,696,80,64,0x5090,0x4000,708,-354,12940,624,0x0290,120,0,0,0,0x00,0,0
4636,13031,695,80,64,0x5054,0x4000,708,-247,12943,623,0x028F,129,0,0,0,0x00,0,0
4637,13034,694,80,64,0x5018,0x4000,708,-140,12946,622,0x028E,245,0,0,0,0x00,0,0
4638,13036,694,80,64,0x50DC,0x4000,708,-33,12948,622,0x028E,212,0,0,0,0x00,0,0
4639,13039,694,80,64,0x50A0,0x404A,708,74,12951,622,0x028E,212,0,0,0,0x00,0,0
4640,13042,694,80,64,0x5064,0x40FF,708,181,12954,622,0x028E,212,0,0,0,0x00,0,0
4641,13045,696,80,66,0x5028,0x421F,708,288,12957,622,0x028E,212,0,0,0,0x00,0,0
4642,13047,697,80,67,0x50EC,0x4300,708,0,12959,622,0x028E,212,0,0,0,0x00,0,0
4643,13050,697,80,67,0x50B0,0x4300,708,0,12962,622,0x028E,212,0,0,0,0x00,0,0
4644,13053,697,80,67,0x5074,0x4300,708,0,12965,622,0x028E,212,0,0,0,0x00,0,0
4645,13056,697,80,67,0x5038,0x4300,708,0,12968,622,0x028E,212,0,0,0,0x00,0,0
4646,13058,697,80,67,0x50FC,0x4300,708,0,12970,622,0x028E,212,0,0,0,0x00,0,0
4647,13061,697,80,67,0x50C0,0x4300,708,-1424,12973,622,0x028E,212,0,0,0,0x00,0,0
4648,13064,692,80,64,0x5084,0x4000,708,-1317,12976,620,0x028C,175,0,0,0,0x00,0,0
4649,13067,687,80,64,0x5048,0x4000,708,-1210,12979,615,0x0287,245,0,0,0,0x00,0,0
4650,13070,683,80,64,0x500C,0x4000,708,-1103,12982,611,0x0283,166,0,0,0,0x00,0,0
4651,13072,679,80,64,0x50D0,0x4000,708,-996,12984,607,0x027F,194,0,0,0,0x00,0,0
4652,13075,676,80,64,0x5094,0x4000,708,-889,12987,604,0x027C,73,0,0,0,0x00,0,0
4653,13078,673,80,64,0x5058,0x4000,708,-782,12990,601,0x0279,59,0,0,0,0x00,0,0
4654,13081,670,80,64,0x501C,0x4000,708,-675,12993,598,0x0276,152,0,0,0,0x00,0,0
4655,13083,668,80,64,0x50E0,0x4000,708,-568,12995,596,0x0274,96,0,0,0,0x00,0,0
4656,13086,666,80,64,0x50A4,0x4000,708,-461,12998,594,0x0272,147,0,0,0,0x00,0,0
4657,13089,665,80,64,0x5068,0x4000,708,-354,13001,593,0x0271,49,0,0,0,0x00,0,0
4658,13092,664,80,64,0x502C,0x4000,708,-247,13004,592,0x0270,58,0,0,0,0x00,0,0
4659,13094,663,80,64,0x50F0,0x4000,708,-140,13006,591,0x026F,174,0,0,0,0x00,0,0
4660,13097,663,80,64,0x50B4,0x4000,708,-33,13009,591,0x026F,141,0,0,0,0x00,0,0
4661,13100,663,80,64,0x5078,0x404A,708,74,13012,591,0x026F,141,0,0,0,0x00,0,0
4662,13103,663,80,64,0x503C,0x40FF,708,181,13015,591,0x026F,141,0,0,0,0x00,0,0
4663,13106,665,80,66,0x5000,0x421F,708,288,13018,591,0x026F,141,0,0,0,0x00,0,0
4664,13108,666,80,67,0x50C4,0x43AA,708,395,13020,591,0x026F,141,0,0,0,0x00,0,0
4665,13111,668,80,69,0x5088,0x45A0,708,502,13023,591,0x026F,141,0,0,0,0x00,0,0
4666,13114,671,80,72,0x504C,0x4801,708,609,13026,591,0x026F,141,0,0,0,0x00,0,0
4667,13117,673,80,74,0x5010,0x4ACD,708,716,13029,591,0x026F,141,0,0,0,0x00,0,0
4668,13119,677,80,78,0x50D4,0x4E04,708,823,13031,591,0x026F,141,0,0,0,0x00,0,0
4669,13122,680,80,81,0x5098,0x51A6,708,930,13034,591,0x026F,141,0,0,0,0x00,0,0
4670,13125,684,80,85,0x505C,0x55B3,708,1037,13037,591,0x026F,141,0,0,0,0x00,0,0
4671,13128,689,80,90,0x5020,0x5A2B,708,1144,13040,591,0x026F,141,0,0,0,0x00,0,0
4672,13130,694,80,95,0x50E4,0x5F0E,708,1251,13042,591,0x026F,141,0,0,0,0x00,0,0
4673,13133,699,80,100,0x50A8,0x645C,708,1358,13045,591,0x026F,141,0,0,0,0x00,0,0
4674,13136,705,80,106,0x506C,0x6A15,708,1465,13048,591,0x026F,141,0,0,0,0x00,0,0
4675,13139,711,80,112,0x5030,0x7039,708,1572,13051,591,0x026F,141,0,0,0,0x00,0,0
4676,13141,717,80,118,0x50F4,0x76C8,708,1679,13053,591,0x026F,141,0,0,0,0x00,0,0
4677,13144,724,80,125,0x50B8,0x7DC2,708,1786,13056,591,0x026F,141,0,0,0,0x00,0,0
4678,13147,732,80,133,0x507C,0x8527,708,1893,13059,591,0x026F,141,0,0,0,0x00,0,0
4679,13150,739,80,140,0x5040,0x8C21,708,1786,13062,591,0x026F,141,0,0,0,0x00,0,0
4680,13153,746,80,147,0x5004,0x9386,708,1893,13065,591,0x026F,141,0,0,0,0x00,0,0
4681,13155,753,80,154,0x50C8,0x9A80,708,1786,13067,591,0x026F,141,0,0,0,0x00,0,0
4682,13158,761,80,160,0x508C,0xA000,708,1893,13070,593,0x0271,114,0,0,0,0x00,0,0
4683,13161,761,80,160,0x5050,0xA000,708,0,13073,593,0x0271,114,0,0,0,0x00,0,0
4684,13164,761,80,160,0x5014,0xA000,708,0,13076,593,0x0271,114,0,0,0,0x00,0,0
4685,13166,761,80,160,0x50D8,0xA000,708,0,13078,593,0x0271,114,0,0,0,0x00,0,0
4686,13169,761,80,160,0x509C,0xA000,708,0,13081,593,0x0271,114,0,0,0,0x00,0,0
4687,13172,761,80,160,0x5060,0xA000,708,0,13084,593,0x0271,114,0,0,0,0x00,0,0
4688,13175,761,80,160,0x5024,0xA000,708,0,13087,593,0x0271,114,0,0,0,0x00,0,0
4689,13177,761,80,160,0x50E8,0xA000,708,0,13089,593,0x0271,114,0,0,0,0x00,0,0
4690,13180,761,80,160,0x50AC,0xA000,708,0,13092,593,0x0271,114,0,0,0,0x00,0,0
4691,13183,761,80,160,0x5070,0xA000,708,0,13095,593,0x0271,114,0,0,0,0x00,0,0
4692,13186,761,80,160,0x5034,0xA000,708,0,13098,593,0x0271,114,0,0,0,0x00,0,0
4693,13188,761,80,160,0x50F8,0xA000,708,0,13100,593,0x0271,114,0,0,0,0x00,0,0
4694,13191,761,80,160,0x50BC,0xA000,708,0,13103,593,0x0271,114,0,0,0,0x00,0,0
4695,13194,761,80,160,0x5080,0xA000,708,0,13106,593,0x0271,114,0,0,0,0x00,0,0
4696,13197,761,80,160,0x5044,0xA000,708,0,13109,593,0x0271,114,0,0,0,0x00,0,0
4697,13200,761,80,160,0x5008,0xA000,708,0,13112,593,0x0271,114,0,0,0,0x00,0,0
4698,13202,761,80,160,0x50CC,0xA000,708,0,13114,593,0x0271,114,0,0,0,0x00,0,0
4699,13205,761,80,160,0x5090,0xA000,708,0,13117,593,0x0271,114,0,0,0,0x00,0,0
4700,13208,761,80,160,0x5054,0xA000,708,0,13120,593,0x0271,114,0,0,0,0x00,0,0
4701,13211,761,80,160,0x5018,0xA000,708,107,13123,593,0x0271,221,0,0,0,0x00,0,0
4702,13213,762,80,160,0x50DC,0xA000,708,214,13125,594,0x0272,179,0,0,0,0x00,0,0
4703,13216,763,80,160,0x50A0,0xA000,708,321,13128,595,0x0273,244,0,0,0,0x00,0,0
4704,13219,765,80,160,0x5064,0xA000,708,428,13131,597,0x0275,160,0,0,0,0x00,0,0
4705,13222,767,80,160,0x5028,0xA000,708,535,13134,599,0x0277,183,0,0,0,0x00,0,0
4706,13224,770,80,160,0x50EC,0xA000,708,642,13136,602,0x027A,57,0,0,0,0x00,0,0
4707,13227,773,80,160,0x50B0,0xA000,708,749,13139,605,0x027D,38,0,0,0,0x00,0,0
4708,13230,776,80,160,0x5074,0xA000,708,856,13142,608,0x0280,126,0,0,0,0x00,0,0
4709,13233,777,80,160,0x5038,0xA000,708,0,13145,609,0x0281,126,0,0,0,0x00,0,0
4710,13235,777,80,160,0x50FC,0xA000,708,0,13147,609,0x0281,126,0,0,0,0x00,0,0
4711,13238,777,80,160,0x50C0,0xA000,708,0,13150,609,0x0281,126,0,0,0,0x00,0,0
4712,13241,777,80,160,0x5084,0xA000,708,0,13153,609,0x0281,126,0,0,0,0x00,0,0
4713,13244,777,80,160,0x5048,0xA000,708,0,13156,609,0x0281,126,0,0,0,0x00,0,0
4714,13247,777,80,160,0x500C,0xA000,708,0,13159,609,0x0281,126,0,0,0,0x00,0,0
4715,13249,777,80,160,0x50D0,0xA000,708,0,13161,609,0x0281,126,0,0,0,0x00,0,0
4716,13252,777,80,160,0x5094,0xA000,708,0,13164,609,0x0281,126,0,0,0,0x00,0,0
4717,13255,777,80,160,0x5058,0xA000,708,0,13167,609,0x0281,126,0,0,0,0x00,0,0
4718,13258,777,80,160,0x501C,0xA000,708,0,13170,609,0x0281,126,0,0,0,0x00,0,0
4719,13260,777,80,160,0x50E0,0xA000,708,107,13172,609,0x0281,233,0,0,0,0x00,0,0
4720,13263,778,80,160,0x50A4,0xA000,708,214,13175,610,0x0282,191,0,0,0,0x00,0,0
4721,13266,780,80,160,0x5068,0xA000,708,321,13178,612,0x0284,0,0,0,0,0x00,0,0
4722,13269,781,80,160,0x502C,0xA000,708,428,13181,613,0x0285,172,0,0,0,0x00,0,0
4723,13271,783,80,160,0x50F0,0xA000,708,535,13183,615,0x0287,195,0,0,0,0x00,0,0
4724,13274,786,80,160,0x50B4,0xA000,708,642,13186,618,0x028A,69,0,0,0,0x00,0,0
4725,13277,789,80,160,0x5078,0xA000,708,749,13189,621,0x028D,50,0,0,0,0x00,0,0
4726,13280,792,80,160,0x503C,0xA000,708,856,13192,624,0x0290,138,0,0,0,0x00,0,0
4727,13283,793,80,160,0x5000,0xA000,708,0,13195,625,0x0291,138,0,0,0,0x00,0,0
4728,13285,793,80,160,0x50C4,0xA000,708,0,13197,625,0x0291,138,0,0,0,0x00,0,0
4729,13288,793,80,160,0x5088,0xA000,708,0,13200,625,0x0291,138,0,0,0,0x00,0,0
4730,13291,793,80,160,0x504C,0xA000,708,107,13203,625,0x0291,245,0,0,0,0x00,0,0
4731,13294,794,80,160,0x5010,0xA000,708,214,13206,626,0x0292,203,0,0,0,0x00,0,0
4732,13296,796,80,160,0x50D4,0xA000,708,321,13208,628,0x0294,12,0,0,0,0x00,0,0
4733,13299,797,80,160,0x5098,0xA000,708,428,13211,629,0x0295,184,0,0,0,0x00,0,0
4734,13302,799,80,160,0x505C,0xA000,708,535,13214,631,0x0297,207,0,0,0,0x00,0,0
4735,13305,802,80,160,0x5020,0xA000,708,642,13217,634,0x029A,81,0,0,0,0x00,0,0
4736,13307,805,80,160,0x50E4,0xA000,708,749,13219,637,0x029D,62,0,0,0,0x00,0,0
4737,13310,808,80,160,0x50A8,0xA000,708,856,13222,640,0x02A0,150,0,0,0,0x00,0,0
4738,13313,812,80,160,0x506C,0xA000,708,963,13225,644,0x02A4,89,0,0,0,0x00,0,0
4739,13316,816,80,160,0x5030,0xA000,708,1070,13228,648,0x02A8,135,0,0,0,0x00,0,0
4740,13318,821,80,160,0x50F4,0xA000,708,1177,13230,653,0x02AD,32,0,0,0,0x00,0,0
4741,13321,826,80,160,0x50B8,0xA000,708,1284,13233,658,0x02B2,36,0,0,0,0x00,0,0
4742,13324,825,80,159,0x507C,0x9F00,708,0,13236,658,0x02B2,36,0,0,0,0x00,0,0
4743,13327,825,80,159,0x5040,0x9F00,708,0,13239,658,0x02B2,36,0,0,0,0x00,0,0
4744,13330,825,80,159,0x5004,0x9F00,708,0,13242,658,0x02B2,36,0,0,0,0x00,0,0
4745,13332,825,80,159,0x50C8,0x9F00,708,0,13244,658,0x02B2,36,0,0,0,0x00,0,0
4746,13335,825,80,159,0x508C,0x9F00,708,0,13247,658,0x02B2,36,0,0,0,0x00,0,0
4747,13338,825,80,159,0x5050,0x9F00,708,0,13250,658,0x02B2,36,0,0,0,0x00,0,0
4748,13341,825,80,159,0x5014,0x9F00,708,-1424,13253,658,0x02B2,36,0,0,0,0x00,0,0
4749,13343,819,80,153,0x50D8,0x99DB,708,-1317,13255,658,0x02B2,36,0,0,0,0x00,0,0
4750,13346,815,80,149,0x509C,0x9521,708,-1210,13258,658,0x02B2,36,0,0,0,0x00,0,0
4751,13349,810,80,144,0x5060,0x90D2,708,-1103,13261,658,0x02B2,36,0,0,0,0x00,0,0
4752,13352,806,80,140,0x5024,0x8CEE,708,-996,13264,658,0x02B2,36,0,0,0,0x00,0,0
4753,13354,803,80,137,0x50E8,0x8975,708,-889,13266,658,0x02B2,36,0,0,0,0x00,0,0
4754,13357,800,80,134,0x50AC,0x8667,708,-782,13269,658,0x02B2,36,0,0,0,0x00,0,0
4755,13360,797,80,131,0x5070,0x83C4,708,-675,13272,658,0x02B2,36,0,0,0,0x00,0,0
4756,13363,795,80,129,0x5034,0x818C,708,-568,13275,658,0x02B2,36,0,0,0,0x00,0,0
4757,13365,793,80,127,0x50F8,0x7FBF,708,-461,13277,658,0x02B2,36,0,0,0,0x00,0,0
4758,13368,792,80,126,0x50BC,0x7E5D,708,-354,13280,658,0x02B2,36,0,0,0,0x00,0,0
4759,13371,791,80,125,0x5080,0x7D66,708,-247,13283,658,0x02B2,36,0,0,0,0x00,0,0
4760,13374,790,80,124,0x5044,0x7CDA,708,-140,13286,658,0x02B2,36,0,0,0,0x00,0,0
4761,13377,790,80,124,0x5008,0x7CB9,708,-33,13289,658,0x02B2,36,0,0,0,0x00,0,0
4762,13379,791,80,125,0x50CC,0x7D03,708,74,13291,658,0x02B2,36,0,0,0,0x00,0,0
4763,13382,791,80,125,0x5090,0x7DB8,708,181,13294,658,0x02B2,36,0,0,0,0x00,0,0
4764,13385,792,80,126,0x5054,0x7ED8,708,288,13297,658,0x02B2,36,0,0,0,0x00,0,0
4765,13388,794,80,128,0x5018,0x8063,708,395,13300,658,0x02B2,36,0,0,0,0x00,0,0
4766,13390,796,80,130,0x50DC,0x8259,708,502,13302,658,0x02B2,36,0,0,0,0x00,0,0
4767,13393,798,80,132,0x50A0,0x84BA,708,609,13305,658,0x02B2,36,0,0,0,0x00,0,0
4768,13396,801,80,135,0x5064,0x8786,708,716,13308,658,0x02B2,36,0,0,0,0x00,0,0
4769,13399,804,80,138,0x5028,0x8ABD,708,823,13311,658,0x02B2,36,0,0,0,0x00,0,0
4770,13401,808,80,142,0x50EC,0x8E5F,708,930,13313,658,0x02B2,36,0,0,0,0x00,0,0
4771,13404,809,80,143,0x50B0,0x8F00,708,0,13316,658,0x02B2,36,0,0,0,0x00,0,0
4772,13407,809,80,143,0x5074,0x8F00,708,0,13319,658,0x02B2,36,0,0,0,0x00,0,0
4773,13410,809,80,143,0x5038,0x8F00,708,0,13322,658,0x02B2,36,0,0,0,0x00,0,0
4774,13412,809,80,143,0x50FC,0x8F00,708,0,13324,658,0x02B2,36,0,0,0,0x00,0,0
4775,13415,809,80,143,0x50C0,0x8F00,708,0,13327,658,0x02B2,36,0,0,0,0x00,0,0
4776,13418,809,80,143,0x5084,0x8F00,708,0,13330,658,0x02B2,36,0,0,0,0x00,0,0
4777,13421,809,80,143,0x5048,0x8F00,708,0,13333,658,0x02B2,36,0,0,0,0x00,0,0
4778,13424,809,80,143,0x500C,0x8F00,708,0,13336,658,0x02B2,36,0,0,0,0x00,0,0
4779,13426,809,80,143,0x50D0,0x8F00,708,0,13338,658,0x02B2,36,0,0,0,0x00,0,0
4780,13429,809,80,143,0x5094,0x8F00,708,0,13341,658,0x02B2,36,0,0,0,0x00,0,0
4781,13432,809,80,143,0x5058,0x8F00,708,-1424,13344,658,0x02B2,36,0,0,0,0x00,0,0
4782,13435,803,80,137,0x501C,0x89DB,708,-1317,13347,658,0x02B2,36,0,0,0,0x00,0,0
4783,13437,799,80,133,0x50E0,0x8521,708,-1210,13349,658,0x02B2,36,0,0,0,0x00,0,0
4784,13440,794,80,128,0x50A4,0x80D2,708,-1103,13352,658,0x02B2,36,0,0,0,0x00,0,0
4785,13443,790,80,124,0x5068,0x7CEE,708,-996,13355,658,0x02B2,36,0,0,0,0x00,0,0
4786,13446,787,80,121,0x502C,0x7975,708,-889,13358,658,0x02B2,36,0,0,0,0x00,0,0
4787,13448,784,80,118,0x50F0,0x7667,708,-782,13360,658,0x02B2,36,0,0,0,0x00,0,0
4788,13451,781,80,115,0x50B4,0x73C4,708,-675,13363,658,0x02B2,36,0,0,0,0x00,0,0
4789,13454,779,80,113,0x5078,0x718C,708,-568,13366,658,0x02B2,36,0,0,0,0x00,0,0
4790,13457,777,80,111,0x503C,0x6FBF,708,-461,13369,658,0x02B2,36,0,0,0,0x00,0,0
4791,13460,776,80,110,0x5000,0x6E5D,708,-354,13372,658,0x02B2,36,0,0,0,0x00,0,0
4792,13462,775,80,109,0x50C4,0x6D66,708,-247,13374,658,0x02B2,36,0,0,0,0x00,0,0
4793,13465,774,80,108,0x5088,0x6CDA,708,-140,13377,658,0x02B2,36,0,0,0,0x00,0,0
4794,13468,774,80,108,0x504C,0x6CB9,708,-33,13380,658,0x02B2,36,0,0,0,0x00,0,0
4795,13471,775,80,109,0x5010,0x6D03,708,74,13383,658,0x02B2,36,0,0,0,0x00,0,0
4796,13473,775,80,109,0x50D4,0x6DB8,708,181,13385,658,0x02B2,36,0,0,0,0x00,0,0
4797,13476,776,80,110,0x5098,0x6ED8,708,288,13388,658,0x02B2,36,0,0,0,0x00,0,0
4798,13479,778,80,112,0x505C,0x7063,708,395,13391,658,0x02B2,36,0,0,0,0x00,0,0
4799,13482,780,80,114,0x5020,0x7259,708,502,13394,658,0x02B2,36,0,0,0,0x00,0,0
4800,13484,782,80,116,0x50E4,0x74BA,708,609,13396,658,0x02B2,36,0,0,0,0x00,0,0
4801,13487,785,80,119,0x50A8,0x7786,708,716,13399,658,0x02B2,36,0,0,0,0x00,0,0
4802,13490,788,80,122,0x506C,0x7ABD,708,823,13402,658,0x02B2,36,0,0,0,0x00,0,0
4803,13493,792,80,126,0x5030,0x7E5F,708,930,13405,658,0x02B2,36,0,0,0,0x00,0,0
4804,13495,793,80,127,0x50F4,0x7F00,708,0,13407,658,0x02B2,36,0,0,0,0x00,0,0
4805,13498,793,80,127,0x50B8,0x7F00,708,0,13410,658,0x02B2,36,0,0,0,0x00,0,0
4806,13501,793,80,127,0x507C,0x7F00,708,0,13413,658,0x02B2,36,0,0,0,0x00,0,0
4807,13504,793,80,127,0x5040,0x7F00,708,-1424,13416,658,0x02B2,36,0,0,0,0x00,0,0
4808,13507,787,80,121,0x5004,0x79DB,708,-1317,13419,658,0x02B2,36,0,0,0,0x00,0,0
4809,13509,783,80,117,0x50C8,0x7521,708,-1210,13421,658,0x02B2,36,0,0,0,0x00,0,0
4810,13512,778,80,112,0x508C,0x70D2,708,-1103,13424,658,0x02B2,36,0,0,0,0x00,0,0
4811,13515,774,80,108,0x5050,0x6CEE,708,-996,13427,658,0x02B2,36,0,0,0,0x00,0,0
4812,13518,771,80,105,0x5014,0x6975,708,-889,13430,658,0x02B2,36,0,0,0,0x00,0,0
4813,13520,768,80,102,0x50D8,0x6667,708,-782,13432,658,0x02B2,36,0,0,0,0x00,0,0
4814,13523,765,80,99,0x509C,0x63C4,708,-675,13435,658,0x02B2,36,0,0,0,0x00,0,0
4815,13526,763,80,97,0x5060,0x618C,708,-568,13438,658,0x02B2,36,0,0,0,0x00,0,0
4816,13529,761,80,95,0x5024,0x5FBF,708,-461,13441,658,0x02B2,36,0,0,0,0x00,0,0
4817,13531,760,80,94,0x50E8,0x5E5D,708,-354,13443,658,0x02B2,36,0,0,0,0x00,0,0
4818,13534,759,80,93,0x50AC,0x5D66,708,-247,13446,658,0x02B2,36,0,0,0,0x00,0,0
4819,13537,758,80,92,0x5070,0x5CDA,708,-140,13449,658,0x02B2,36,0,0,0,0x00,0,0
4820,13540,758,80,92,0x5034,0x5CB9,708,-33,13452,658,0x02B2,36,0,0,0,0x00,0,0
4821,13542,759,80,93,0x50F8,0x5D03,708,74,13454,658,0x02B2,36,0,0,0,0x00,0,0
4822,13545,759,80,93,0x50BC,0x5DB8,708,181,13457,658,0x02B2,36,0,0,0,0x00,0,0
4823,13548,760,80,94,0x5080,0x5ED8,708,288,13460,658,0x02B2,36,0,0,0,0x00,0,0
4824,13551,762,80,96,0x5044,0x6063,708,395,13463,658,0x02B2,36,0,0,0,0x00,0,0
4825,13554,764,80,98,0x5008,0x6259,708,502,13466,658,0x02B2,36,0,0,0,0x00,0,0
4826,13556,766,80,100,0x50CC,0x64BA,708,609,13468,658,0x02B2,36,0,0,0,0x00,0,0
4827,13559,769,80,103,0x5090,0x6786,708,716,13471,658,0x02B2,36,0,0,0,0x00,0,0
4828,13562,772,80,106,0x5054,0x6ABD,708,823,13474,658,0x02B2,36,0,0,0,0x00,0,0
4829,13565,776,80,110,0x5018,0x6E5F,708,930,13477,658,0x02B2,36,0,0,0,0x00,0,0
4830,13567,777,80,111,0x50DC,0x6F00,708,0,13479,658,0x02B2,36,0,0,0,0x00,0,0
4831,13570,777,80,111,0x50A0,0x6F00,708,0,13482,658,0x02B2,36,0,0,0,0x00,0,0
4832,13573,777,80,111,0x5064,0x6F00,708,0,13485,658,0x02B2,36,0,0,0,0x00,0,0
4833,13576,777,80,111,0x5028,0x6F00,708,0,13488,658,0x02B2,36,0,0,0,0x00,0,0
4834,13578,777,80,111,0x50EC,0x6F00,708,0,13490,658,0x02B2,36,0,0,0,0x00,0,0
4835,13581,777,80,111,0x50B0,0x6F00,708,0,13493,658,0x02B2,36,0,0,0,0x00,0,0
4836,13584,777,80,111,0x5074,0x6F00,708,0,13496,658,0x02B2,36,0,0,0,0x00,0,0
4837,13587,777,80,111,0x5038,0x6F00,708,0,13499,658,0x02B2,36,0,0,0,0x00,0,0
4838,13589,777,80,111,0x50FC,0x6F00,708,0,13501,658,0x02B2,36,0,0,0,0x00,0,0
4839,13592,777,80,111,0x50C0,0x6F00,708,0,13504,658,0x02B2,36,0,0,0,0x00,0,0
4840,13595,777,80,111,0x5084,0x6F6B,708,107,13507,658,0x02B2,36,0,0,0,0x00,0,0
4841,13598,778,80,112,0x5048,0x7041,708,214,13510,658,0x02B2,36,0,0,0,0x00,0,0
4842,13601,779,80,113,0x500C,0x7182,708,321,13513,658,0x02B2,36,0,0,0,0x00,0,0
4843,13603,781,80,115,0x50D0,0x732E,708,428,13515,658,0x02B2,36,0,0,0,0x00,0,0
4844,13606,783,80,117,0x5094,0x7545,708,535,13518,658,0x02B2,36,0,0,0,0x00,0,0
4845,13609,785,80,119,0x5058,0x77C7,708,642,13521,658,0x02B2,36,0,0,0,0x00,0,0
4846,13612,788,80,122,0x501C,0x7AB4,708,749,13524,658,0x02B2,36,0,0,0,0x00,0,0
4847,13614,792,80,126,0x50E0,0x7E0C,708,856,13526,658,0x02B2,36,0,0,0,0x00,0,0
4848,13617,795,80,129,0x50A4,0x81CF,708,963,13529,658,0x02B2,36,0,0,0,0x00,0,0
4849,13620,799,80,133,0x5068,0x85FD,708,1070,13532,658,0x02B2,36,0,0,0,0x00,0,0
4850,13623,804,80,138,0x502C,0x8A96,708,1177,13535,658,0x02B2,36,0,0,0,0x00,0,0
4851,13625,809,80,143,0x50F0,0x8F00,708,0,13537,658,0x02B2,36,0,0,0,0x00,0,0
4852,13628,809,80,143,0x50B4,0x8F00,708,0,13540,658,0x02B2,36,0,0,0,0x00,0,0
4853,13631,809,80,143,0x5078,0x8F00,708,0,13543,658,0x02B2,36,0,0,0,0x00,0,0
4854,13634,809,80,143,0x503C,0x8F00,708,0,13546,658,0x02B2,36,0,0,0,0x00,0,0
4855,13637,809,80,143,0x5000,0x8F00,708,0,13549,658,0x02B2,36,0,0,0,0x00,0,0
4856,13639,809,80,143,0x50C4,0x8F00,708,0,13551,658,0x02B2,36,0,0,0,0x00,0,0
4857,13642,809,80,143,0x5088,0x8F00,708,0,13554,658,0x02B2,36,0,0,0,0x00,0,0
4858,13645,809,80,143,0x504C,0x8F00,708,0,13557,658,0x02B2,36,0,0,0,0x00,0,0
4859,13648,809,80,143,0x5010,0x8F00,708,0,13560,658,0x02B2,36,0,0,0,0x00,0,0
4860,13650,809,80,143,0x50D4,0x8F00,708,0,13562,658,0x02B2,36,0,0,0,0x00,0,0
4861,13653,809,80,143,0x5098,0x8F00,708,0,13565,658,0x02B2,36,0,0,0,0x00,0,0
4862,13656,809,80,143,0x505C,0x8F00,708,0,13568,658,0x02B2,36,0,0,0,0x00,0,0
4863,13659,809,80,143,0x5020,0x8F00,708,0,13571,658,0x02B2,36,0,0,0,0x00,0,0
4864,13661,809,80,143,0x50E4,0x8F00,708,-1424,13573,658,0x02B2,36,0,0,0,0x00,0,0
4865,13664,803,80,137,0x50A8,0x89DB,708,-1317,13576,658,0x02B2,36,0,0,0,0x00,0,0
4866,13667,799,80,133,0x506C,0x8521,708,-1210,13579,658,0x02B2,36,0,0,0,0x00,0,0
4867,13670,794,80,128,0x5030,0x80D2,708,-1103,13582,658,0x02B2,36,0,0,0,0x00,0,0
4868,13672,790,80,124,0x50F4,0x7CEE,708,-996,13584,658,0x02B2,36,0,0,0,0x00,0,0
4869,13675,787,80,121,0x50B8,0x7975,708,-889,13587,658,0x02B2,36,0,0,0,0x00,0,0
4870,13678,784,80,118,0x507C,0x7667,708,-782,13590,658,0x02B2,36,0,0,0,0x00,0,0
4871,13681,781,80,115,0x5040,0x73C4,708,-675,13593,658,0x02B2,36,0,0,0,0x00,0,0
4872,13684,779,80,113,0x5004,0x718C,708,-568,13596,658,0x02B2,36,0,0,0,0x00,0,0
4873,13686,777,80,111,0x50C8,0x6FBF,708,-461,13598,658,0x02B2,36,0,0,0,0x00,0,0
4874,13689,776,80,110,0x508C,0x6E5D,708,-354,13601,658,0x02B2,36,0,0,0,0x00,0,0
4875,13692,775,80,109,0x5050,0x6D66,708,-247,13604,658,0x02B2,36,0,0,0,0x00,0,0
4876,13695,774,80,108,0x5014,0x6CDA,708,-140,13607,658,0x02B2,36,0,0,0,0x00,0,0
4877,13697,774,80,108,0x50D8,0x6CB9,708,-33,13609,658,0x02B2,36,0,0,0,0x00,0,0
4878,13700,775,80,109,0x509C,0x6D03,708,74,13612,658,0x02B2,36,0,0,0,0x00,0,0
4879,13703,775,80,109,0x5060,0x6DB8,708,181,13615,658,0x02B2,36,0,0,0,0x00,0,0
4880,13706,776,80,110,0x5024,0x6ED8,708,288,13618,658,0x02B2,36,0,0,0,0x00,0,0
4881,13708,778,80,112,0x50E8,0x7063,708,395,13620,658,0x02B2,36,0,0,0,0x00,0,0
4882,13711,780,80,114,0x50AC,0x7259,708,502,13623,658,0x02B2,36,0,0,0,0x00,0,0
4883,13714,782,80,116,0x5070,0x74BA,708,609,13626,658,0x02B2,36,0,0,0,0x00,0,0
4884,13717,785,80,119,0x5034,0x7786,708,716,13629,658,0x02B2,36,0,0,0,0x00,0,0
4885,13719,788,80,122,0x50F8,0x7ABD,708,823,13631,658,0x02B2,36,0,0,0,0x00,0,0
4886,13722,792,80,126,0x50BC,0x7E5F,708,930,13634,658,0x02B2,36,0,0,0,0x02,0,1
4887,13725,793,80,127,0x5080,0x7F00,708,-1424,13637,658,0x02B2,36,0,0,0,0x00,0,0
4888,13728,787,80,121,0x5044,0x79DB,708,-1317,13640,658,0x02B2,36,0,0,0,0x00,0,0
4889,13731,783,80,117,0x5008,0x7521,708,-1210,13643,658,0x02B2,36,0,0,0,0x00,0,0
4890,13733,778,80,112,0x50CC,0x70D2,708,-1103,13645,658,0x02B2,36,0,0,0,0x00,0,0
4891,13736,774,80,108,0x5090,0x6CEE,708,-996,13648,658,0x02B2,36,0,0,0,0x00,0,0
4892,13739,771,80,105,0x5054,0x6975,708,-889,13651,658,0x02B2,36,0,0,0,0x00,0,0
4893,13742,768,80,102,0x5018,0x6667,708,-782,13654,658,0x02B2,36,0,0,0,0x00,0,0
4894,13744,765,80,99,0x50DC,0x63C4,708,-675,13656,658,0x02B2,36,0,0,0,0x00,0,0
4895,13747,763,80,97,0x50A0,0x618C,708,-568,13659,658,0x02B2,36,0,0,0,0x00,0,0
4896,13750,761,80,95,0x5064,0x5FBF,708,-461,13662,658,0x02B2,36,0,0,0,0x00,0,0
4897,13753,760,80,94,0x5028,0x5E5D,708,-354,13665,658,0x02B2,36,0,0,0,0x00,0,0
4898,13755,759,80,93,0x50EC,0x5D66,708,-247,13667,658,0x02B2,36,0,0,0,0x00,0,0
4899,13758,758,80,92,0x50B0,0x5CDA,708,-140,13670,658,0x02B2,36,0,0,0,0x00,0,0
4900,13761,758,80,92,0x5074,0x5CB9,708,-33,13673,658,0x02B2,36,0,0,0,0x00,0,0
4901,13764,759,80,93,0x5038,0x5D03,708,74,13676,658,0x02B2,36,0,0,0,0x00,0,0
4902,13766,759,80,93,0x50FC,0x5DB8,708,181,13678,658,0x02B2,36,0,0,0,0x00,0,0
4903,13769,760,80,94,0x50C0,0x5ED8,708,288,13681,658,0x02B2,36,0,0,0,0x00,0,0
4904,13772,762,80,96,0x5084,0x6063,708,395,13684,658,0x02B2,36,0,0,0,0x00,0,0
4905,13775,764,80,98,0x5048,0x6259,708,502,13687,658,0x02B2,36,0,0,0,0x00,0,0
4906,13778,766,80,100,0x500C,0x64BA,708,609,13690,658,0x02B2,36,0,0,0,0x00,0,0
4907,13780,769,80,103,0x50D0,0x6786,708,716,13692,658,0x02B2,36,0,0,0,0x00,0,0
4908,13783,772,80,106,0x5094,0x6ABD,708,823,13695,658,0x02B2,36,0,0,0,0x00,0,0
4909,13786,776,80,110,0x5058,0x6E5F,708,930,13698,658,0x02B2,36,0,0,0,0x00,0,0
4910,13789,777,80,111,0x501C,0x6F00,708,0,13701,658,0x02B2,36,0,0,0,0x00,0,0
4911,13791,777,80,111,0x50E0,0x6F00,708,0,13703,658,0x02B2,36,0,0,0,0x00,0,0
4912,13794,777,80,111,0x50A4,0x6F00,708,0,13706,658,0x02B2,36,0,0,0,0x00,0,0
4913,13797,777,80,111,0x5068,0x6F00,708,0,13709,658,0x02B2,36,0,0,0,0x00,0,0
4914,13800,777,80,111,0x502C,0x6F00,708,0,13712,658,0x02B2,36,0,0,0,0x00,0,0
4915,13802,777,80,111,0x50F0,0x6F6B,708,107,13714,658,0x02B2,36,0,0,0,0x00,0,0
4916,13805,778,80,112,0x50B4,0x7041,708,214,13717,658,0x02B2,36,0,0,0,0x00,0,0
4917,13808,779,80,113,0x5078,0x7182,708,321,13720,658,0x02B2,36,0,0,0,0x00,0,0
4918,13811,781,80,115,0x503C,0x732E,708,428,13723,658,0x02B2,36,0,0,0,0x00,0,0
4919,13814,783,80,117,0x5000,0x7545,708,535,13726,658,0x02B2,36,0,0,0,0x00,0,0
4920,13816,785,80,119,0x50C4,0x77C7,708,642,13728,658,0x02B2,36,0,0,0,0x00,0,0
4921,13819,788,80,122,0x5088,0x7AB4,708,749,13731,658,0x02B2,36,0,0,0,0x00,0,0
4922,13822,792,80,126,0x504C,0x7E0C,708,856,13734,658,0x02B2,36,0,0,0,0x00,0,0
4923,13825,793,80,127,0x5010,0x7F00,708,0,13737,658,0x02B2,36,0,0,0,0x00,0,0
4924,13827,793,80,127,0x50D4,0x7F00,708,0,13739,658,0x02B2,36,0,0,0,0x00,0,0
4925,13830,793,80,127,0x5098,0x7F00,708,0,13742,658,0x02B2,36,0,0,0,0x00,0,0
4926,13833,793,80,127,0x505C,0x7F00,708,0,13745,658,0x02B2,36,0,0,0,0x00,0,0
4927,13836,793,80,127,0x5020,0x7F00,708,0,13748,658,0x02B2,36,0,0,0,0x00,0,0
4928,13838,793,80,127,0x50E4,0x7F00,708,0,13750,658,0x02B2,36,0,0,0,0x00,0,0
4929,13841,793,80,127,0x50A8,0x7F00,708,0,13753,658,0x02B2,36,0,0,0,0x00,0,0
4930,13844,793,80,127,0x506C,0x7F00,708,0,13756,658,0x02B2,36,0,0,0,0x00,0,0
4931,13847,793,80,127,0x5030,0x7F00,708,0,13759,658,0x02B2,36,0,0,0,0x00,0,0
4932,13849,793,80,127,0x50F4,0x7F00,708,0,13761,658,0x02B2,36,0,0,0,0x00,0,0
4933,13852,793,80,127,0x50B8,0x7F00,708,0,13764,658,0x02B2,36,0,0,0,0x00,0,0
4934,13855,793,80,127,0x507C,0x7F00,708,0,13767,658,0x02B2,36,0,0,0,0x00,0,0
4935,13858,793,80,127,0x5040,0x7F00,708,-1424,13770,658,0x02B2,36,0,0,0,0x00,0,0
4936,13861,787,80,121,0x5004,0x79DB,708,-1317,13773,658,0x02B2,36,0,0,0,0x00,0,0
4937,13863,783,80,117,0x50C8,0x7521,708,-1210,13775,658,0x02B2,36,0,0,0,0x00,0,0
4938,13866,778,80,112,0x508C,0x70D2,708,-1103,13778,658,0x02B2,36,0,0,0,0x00,0,0
4939,13869,774,80,108,0x5050,0x6CEE,708,-996,13781,658,0x02B2,36,0,0,0,0x00,0,0
4940,13872,771,80,105,0x5014,0x6975,708,-889,13784,658,0x02B2,36,0,0,0,0x00,0,0
4941,13874,768,80,102,0x50D8,0x6667,708,-782,13786,658,0x02B2,36,0,0,0,0x00,0,0
4942,13877,765,80,99,0x509C,0x63C4,708,-675,13789,658,0x02B2,36,0,0,0,0x00,0,0
4943,13880,763,80,97,0x5060,0x618C,708,-568,13792,658,0x02B2,36,0,0,0,0x00,0,0
4944,13883,761,80,95,0x5024,0x5FBF,708,-461,13795,658,0x02B2,36,0,0,0,0x00,0,0
4945,13885,760,80,94,0x50E8,0x5E5D,708,-354,13797,658,0x02B2,36,0,0,0,0x00,0,0
4946,13888,759,80,93,0x50AC,0x5D66,708,-247,13800,658,0x02B2,36,0,0,0,0x00,0,0
4947,13891,758,80,92,0x5070,0x5CDA,708,-140,13803,658,0x02B2,36,0,0,0,0x00,0,0
4948,13894,758,80,92,0x5034,0x5CB9,708,-33,13806,658,0x02B2,36,0,0,0,0x00,0,0
4949,13896,759,80,93,0x50F8,0x5D03,708,74,13808,658,0x02B2,36,0,0,0,0x00,0,0
4950,13899,759,80,93,0x50BC,0x5DB8,708,181,13811,658,0x02B2,36,0,0,0,0x00,0,0
4951,13902,760,80,94,0x5080,0x5ED8,708,288,13814,658,0x02B2,36,0,0,0,0x00,0,0
4952,13905,762,80,96,0x5044,0x6063,708,395,13817,658,0x02B2,36,0,0,0,0x00,0,0
4953,13908,764,80,98,0x5008,0x6259,708,502,13820,658,0x02B2,36,0,0,0,0x00,0,0
4954,13910,766,80,100,0x50CC,0x64BA,708,609,13822,658,0x02B2,36,0,0,0,0x00,0,0
4955,13913,769,80,103,0x5090,0x6786,708,716,13825,658,0x02B2,36,0,0,0,0x00,0,0
4956,13916,772,80,106,0x5054,0x6ABD,708,823,13828,658,0x02B2,36,0,0,0,0x00,0,0
4957,13919,776,80,110,0x5018,0x6E5F,708,930,13831,658,0x02B2,36,0,0,0,0x00,0,0
4958,13921,780,80,114,0x50DC,0x726C,708,1037,13833,658,0x02B2,36,0,0,0,0x00,0,0
4959,13924,784,80,118,0x50A0,0x76E4,708,1144,13836,658,0x02B2,36,0,0,0,0x00,0,0
4960,13927,789,80,123,0x5064,0x7BC7,708,1251,13839,658,0x02B2,36,0,0,0,0x00,0,0
4961,13930,793,80,127,0x5028,0x7F00,708,0,13842,658,0x02B2,36,0,0,0,0x00,0,0
4962,13932,793,80,127,0x50EC,0x7F00,708,0,13844,658,0x02B2,36,0,0,0,0x00,0,0
4963,13935,793,80,127,0x50B0,0x7F00,708,0,13847,658,0x02B2,36,0,0,0,0x00,0,0
4964,13938,793,80,127,0x5074,0x7F00,708,0,13850,658,0x02B2,36,0,0,0,0x00,0,0
4965,13941,793,80,127,0x5038,0x7F00,708,0,13853,658,0x02B2,36,0,0,0,0x00,0,0
4966,13943,793,80,127,0x50FC,0x7F00,708,0,13855,658,0x02B2,36,0,0,0,0x00,0,0
4967,13946,793,80,127,0x50C0,0x7F00,708,0,13858,658,0x02B2,36,0,0,0,0x00,0,0
4968,13949,793,80,127,0x5084,0x7F00,708,0,13861,658,0x02B2,36,0,0,0,0x00,0,0
4969,13952,793,80,127,0x5048,0x7F00,708,0,13864,658,0x02B2,36,0,0,0,0x00,0,0
4970,13955,793,80,127,0x500C,0x7F00,708,0,13867,658,0x02B2,36,0,0,0,0x00,0,0
4971,13957,793,80,127,0x50D0,0x7F00,708,0,13869,658,0x02B2,36,0,0,0,0x00,0,0
4972,13960,793,80,127,0x5094,0x7F00,708,0,13872,658,0x02B2,36,0,0,0,0x00,0,0
4973,13963,793,80,127,0x5058,0x7F00,708,0,13875,658,0x02B2,36,0,0,0,0x00,0,0
4974,13966,793,80,127,0x501C,0x7F00,708,0,13878,658,0x02B2,36,0,0,0,0x00,0,0
4975,13968,793,80,127,0x50E0,0x7F00,708,0,13880,658,0x02B2,36,0,0,0,0x00,0,0
4976,13971,793,80,127,0x50A4,0x7F00,708,-1424,13883,658,0x02B2,36,0,0,0,0x00,0,0
4977,13974,787,80,121,0x5068,0x79DB,708,-1317,13886,658,0x02B2,36,0,0,0,0x00,0,0
4978,13977,783,80,117,0x502C,0x7521,708,-1210,13889,658,0x02B2,36,0,0,0,0x00,0,0
4979,13979,778,80,112,0x50F0,0x70D2,708,-1103,13891,658,0x02B2,36,0,0,0,0x00,0,0
4980,13982,774,80,108,0x50B4,0x6CEE,708,-996,13894,658,0x02B2,36,0,0,0,0x00,0,0
4981,13985,771,80,105,0x5078,0x6975,708,-889,13897,658,0x02B2,36,0,0,0,0x00,0,0
4982,13988,768,80,102,0x503C,0x6667,708,-782,13900,658,0x02B2,36,0,0,0,0x00,0,0
4983,13991,765,80,99,0x5000,0x63C4,708,-675,13903,658,0x02B2,36,0,0,0,0x00,0,0
4984,13993,763,80,97,0x50C4,0x618C,708,-568,13905,658,0x02B2,36,0,0,0,0x00,0,0
4985,13996,761,80,95,0x5088,0x5FBF,708,-461,13908,658,0x02B2,36,0,0,0,0x00,0,0
4986,13999,760,80,94,0x504C,0x5E5D,708,-354,13911,658,0x02B2,36,0,0,0,0x00,0,0
4987,14002,759,80,93,0x5010,0x5D66,708,-247,13914,658,0x02B2,36,0,0,0,0x00,0,0
4988,14004,758,80,92,0x50D4,0x5CDA,708,-140,13916,658,0x02B2,36,0,0,0,0x00,0,0
4989,14007,758,80,92,0x5098,0x5CB9,708,-33,13919,658,0x02B2,36,0,0,0,0x00,0,0
4990,14010,759,80,93,0x505C,0x5D03,708,74,13922,658,0x02B2,36,0,0,0,0x00,0,0
4991,14013,759,80,93,0x5020,0x5DB8,708,181,13925,658,0x02B2,36,0,0,0,0x00,0,0
4992,14015,760,80,94,0x50E4,0x5ED8,708,288,13927,658,0x02B2,36,0,0,0,0x00,0,0
4993,14018,762,80,96,0x50A8,0x6063,708,395,13930,658,0x02B2,36,0,0,0,0x00,0,0
4994,14021,764,80,98,0x506C,0x6259,708,502,13933,658,0x02B2,36,0,0,0,0x00,0,0
4995,14024,766,80,100,0x5030,0x64BA,708,609,13936,658,0x02B2,36,0,0,0,0x00,0,0
4996,14026,769,80,103,0x50F4,0x6786,708,716,13938,658,0x02B2,36,0,0,0,0x00,0,0
4997,14029,772,80,106,0x50B8,0x6ABD,708,823,13941,658,0x02B2,36,0,0,0,0x00,0,0
4998,14032,776,80,110,0x507C,0x6E5F,708,930,13944,658,0x02B2,36,0,0,0,0x00,0,0
4999,14035,780,80,114,0x5040,0x726C,708,1037,13947,658,0x02B2,36,0,0,0,0x00,0,0
5000,14038,784,80,118,0x5004,0x76E4,708,1144,13950,658,0x02B2,36,0,0,0,0x00,0,0
5001,14040,789,80,123,0x50C8,0x7BC7,708,1251,13952,658,0x02B2,36,0,0,0,0x00,0,0
5002,14043,795,80,129,0x508C,0x8115,708,1358,13955,658,0x02B2,36,0,0,0,0x00,0,0
5003,14046,800,80,134,0x5050,0x86CE,708,1465,13958,658,0x02B2,36,0,0,0,0x00,0,0
5004,14049,806,80,140,0x5014,0x8CF2,708,1572,13961,658,0x02B2,36,0,0,0,0x00,0,0
5005,14051,809,80,143,0x50D8,0x8F00,708,0,13963,658,0x02B2,36,0,0,0,0x00,0,0
5006,14054,809,80,143,0x509C,0x8F00,708,0,13966,658,0x02B2,36,0,0,0,0x00,0,0
5007,14057,809,80,143,0x5060,0x8F00,708,0,13969,658,0x02B2,36,0,0,0,0x00,0,0
5008,14060,809,80,143,0x5024,0x8F00,708,0,13972,658,0x02B2,36,0,0,0,0x01,1,0
5009,14060,809,80,143,0x5024,0x8F00,708,0,13972,658,0x02B2,36,0,0,0,0x01,1,0
5010,14060,809,80,143,0x5024,0x8F00,708,0,13972,658,0x02B2,36,0,0,0,0x01,1,0
5011,14060,809,80,143,0x5024,0x8F00,708,0,13972,658,0x02B2,36,0,0,0,0x01,1,0
5012,14060,809,80,143,0x5024,0x8F00,708,0,13972,658,0x02B2,36,0,0,0,0x01,1,0
5013,14060,809,80,143,0x5024,0x8F00,708,0,13972,658,0x02B2,36,0,0,0,0x01,1,0
5014,14060,809,80,143,0x5024,0x8F00,708,0,13972,658,0x02B2,36,0,0,0,0x01,1,0
5015,14060,809,80,143,0x5024,0x8F00,708,0,13972,658,0x02B2,36,0,0,0,0x01,1,0
5016,14060,809,80,143,0x5024,0x8F00,708,0,13972,658,0x02B2,36,0,0,0,0x01,1,0
5017,14060,809,80,143,0x5024,0x8F00,708,0,13972,658,0x02B2,36,0,0,0,0x01,1,0
5018,14060,809,80,143,0x5024,0x8F00,708,0,13972,658,0x02B2,36,0,0,0,0x01,1,0
5019,14060,809,80,143,0x5024,0x8F00,708,0,13972,658,0x02B2,36,0,0,0,0x01,1,0
5020,14060,809,80,143,0x5024,0x8F00,708,0,13972,658,0x02B2,36,0,0,0,0x01,1,0
5021,14060,809,80,143,0x5024,0x8F00,708,0,13972,658,0x02B2,36,0,0,0,0x01,1,0
5022,14060,809,80,143,0x5024,0x8F00,708,0,13972,658,0x02B2,36,0,0,0,0x01,1,0
5023,14060,809,80,143,0x5024,0x8F00,708,0,13972,658,0x02B2,36,0,0,0,0x01,1,0
5024,14060,809,80,143,0x5024,0x8F00,708,0,13972,658,0x02B2,36,0,0,0,0x01,1,0
5025,14060,809,80,143,0x5024,0x8F00,708,0,13972,658,0x02B2,36,0,0,0,0x01,1,0
5026,14060,809,80,143,0x5024,0x8F00,708,0,13972,658,0x02B2,36,0,0,0,0x01,1,0
5027,14060,809,80,143,0x5024,0x8F00,708,0,13972,658,0x02B2,36,0,0,0,0x01,1,0
5028,14060,809,80,143,0x5024,0x8F00,708,0,13972,658,0x02B2,36,0,0,0,0x01,1,0
5029,14060,809,80,143,0x5024,0x8F00,708,0,13972,658,0x02B2,36,0,0,0,0x01,1,0
5030,14060,809,80,143,0x5024,0x8F00,708,0,13972,658,0x02B2,36,0,0,0,0x01,1,0
5031,14060,809,80,143,0x5024,0x8F00,708,0,13972,658,0x02B2,36,0,0,0,0x01,1,0
5032,14060,809,80,143,0x5024,0x8F00,708,0,13972,658,0x02B2,36,0,0,0,0x01,1,0
5033,14060,809,80,143,0x5024,0x8F00,708,0,13972,658,0x02B2,36,0,0,0,0x01,1,0
5034,14060,809,80,143,0x5024,0x8F00,708,0,13972,658,0x02B2,36,0,0,0,0x01,1,0
5035,14060,809,80,143,0x5024,0x8F00,708,0,13972,658,0x02B2,36,0,0,0,0x01,1,0
5036,14060,809,80,143,0x5024,0x8F00,708,0,13972,658,0x02B2,36,0,0,0,0x01,1,0
5037,14060,809,80,143,0x5024,0x8F00,708,0,13972,658,0x02B2,36,0,0,0,0x01,1,0
5038,14060,809,80,143,0x5024,0x8F00,708,0,13972,658,0x02B2,36,0,0,0,0x01,1,0
5039,14060,809,80,143,0x5024,0x8F00,708,0,13972,658,0x02B2,36,0,0,0,0x01,1,0
5040,14060,809,80,143,0x5024,0x8F00,708,0,13972,658,0x02B2,36,0,0,0,0x01,1,0
5041,14060,809,80,143,0x5024,0x8F00,708,0,13972,658,0x02B2,36,0,0,0,0x01,1,0
5042,14060,809,80,143,0x5024,0x8F00,708,0,13972,658,0x02B2,36,0,0,0,0x01,1,0
5043,14060,809,80,143,0x5024,0x8F00,708,0,13972,658,0x02B2,36,0,0,0,0x01,1,0
5044,14060,809,80,143,0x5024,0x8F00,708,0,13972,658,0x02B2,36,0,0,0,0x01,1,0
5045,14060,809,80,143,0x5024,0x8F00,708,0,13972,658,0x02B2,36,0,0,0,0x01,1,0
5046,14060,809,80,143,0x5024,0x8F00,708,0,13972,658,0x02B2,36,0,0,0,0x01,1,0
5047,14060,809,80,143,0x5024,0x8F00,708,0,13972,658,0x02B2,36,0,0,0,0x01,1,0
5048,8,903,0,176,0x0000,0xB000,0,0,0,719,0x02EF,0,0,0,0,0x00,0,0
5049,8,903,0,176,0x0000,0xB000,0,0,0,719,0x02EF,0,0,0,0,0x00,0,0
5050,8,903,0,176,0x0000,0xB000,0,0,0,719,0x02EF,0,0,0,0,0x00,0,0
5051,8,903,0,176,0x0000,0xB000,0,0,0,719,0x02EF,0,0,0,0,0x00,0,0
5052,8,903,0,176,0x0000,0xB000,0,0,0,719,0x02EF,0,0,0,0,0x00,0,0
5053,8,903,0,176,0x0000,0xB000,0,0,0,719,0x02EF,0,0,0,0,0x00,0,0
5054,8,903,0,176,0x0000,0xB000,0,0,0,719,0x02EF,0,0,0,0,0x00,0,0
5055,8,903,0,176,0x0000,0xB000,0,0,0,719,0x02EF,0,0,0,0,0x00,0,0
5056,8,903,0,176,0x0000,0xB000,0,0,0,719,0x02EF,0,0,0,0,0x00,0,0
5057,8,903,0,176,0x0000,0xB000,0,0,0,719,0x02EF,0,0,0,0,0x00,0,0
5058,8,903,0,176,0x0000,0xB000,0,0,0,719,0x02EF,0,0,0,0,0x00,0,0
5059,10,903,2,176,0x02C4,0xB06B,708,107,0,719,0x02EF,0,0,0,0,0x00,0,0
5060,13,904,5,177,0x0588,0xB141,708,214,0,719,0x02EF,0,0,0,0,0x00,0,0
5061,16,905,8,178,0x084C,0xB200,708,0,0,719,0x02EF,0,0,0,0,0x00,0,0
5062,19,905,11,178,0x0B10,0xB200,708,0,0,719,0x02EF,0,0,0,0,0x00,0,0
5063,21,905,13,178,0x0DD4,0xB200,708,0,0,719,0x02EF,0,0,0,0,0x00,0,0
5064,24,905,16,178,0x1098,0xB200,708,0,0,719,0x02EF,0,0,0,0,0x00,0,0
5065,27,905,19,178,0x135C,0xB200,708,0,0,719,0x02EF,0,0,0,0,0x00,0,0
5066,30,905,22,178,0x1620,0xB200,708,0,0,719,0x02EF,0,0,0,0,0x00,0,0
5067,32,905,24,178,0x18E4,0xB200,708,0,0,719,0x02EF,0,0,0,0,0x00,0,0
5068,35,905,27,178,0x1BA8,0xB200,708,0,0,719,0x02EF,0,0,0,0,0x00,0,0
5069,38,905,30,178,0x1E6C,0xB200,708,0,0,719,0x02EF,0,0,0,0,0x00,0,0
5070,41,905,33,178,0x2130,0xB200,708,0,0,719,0x02EF,0,0,0,0,0x00,0,0
5071,43,905,35,178,0x23F4,0xB200,708,0,0,719,0x02EF,0,0,0,0,0x00,0,0
5072,46,905,38,178,0x26B8,0xB200,708,0,0,719,0x02EF,0,0,0,0,0x00,0,0
5073,49,905,41,178,0x297C,0xB200,708,0,0,719,0x02EF,0,0,0,0,0x00,0,0
5074,52,905,44,178,0x2C40,0xB200,708,0,0,719,0x02EF,0,0,0,0,0x00,0,0
5075,55,905,47,178,0x2F04,0xB200,708,0,0,719,0x02EF,0,0,0,0,0x00,0,0
5076,57,905,49,178,0x31C8,0xB200,708,0,0,719,0x02EF,0,0,0,0,0x00,0,0
5077,60,905,52,178,0x348C,0xB200,708,0,0,719,0x02EF,0,0,0,0,0x00,0,0
5078,63,905,55,178,0x3750,0xB200,708,0,0,719,0x02EF,0,0,0,0,0x00,0,0
5079,66,905,58,178,0x3A14,0xB200,708,0,0,719,0x02EF,0,0,0,0,0x00,0,0
5080,68,905,60,178,0x3CD8,0xB200,708,0,0,719,0x02EF,0,0,0,0,0x00,0,0
5081,71,905,63,178,0x3F9C,0xB200,708,0,0,719,0x02EF,0,0,0,0,0x00,0,0
5082,74,905,66,178,0x4260,0xB200,708,0,0,719,0x02EF,0,0,0,0,0x00,0,0
5083,77,905,69,178,0x4524,0xB200,708,0,0,719,0x02EF,0,0,0,0,0x00,0,0
5084,79,905,71,178,0x47E8,0xB200,708,0,0,719,0x02EF,0,0,0,0,0x00,0,0
5085,82,905,74,178,0x4AAC,0xB200,708,0,0,719,0x02EF,0,0,0,0,0x00,0,0
5086,85,905,77,178,0x4D70,0xB200,708,0,0,719,0x02EF,0,0,0,0,0x00,0,0
5087,88,905,80,178,0x5034,0xB200,708,0,0,719,0x02EF,0,0,0,0,0x00,0,0
5088,90,905,80,178,0x50F8,0xB200,708,0,2,719,0x02EF,0,0,0,0,0x00,0,0
5089,93,905,80,178,0x50BC,0xB200,708,0,5,719,0x02EF,0,0,0,0,0x00,0,0
5090,96,905,80,178,0x5080,0xB200,708,0,8,719,0x02EF,0,0,0,0,0x00,0,0
5091,99,905,80,178,0x5044,0xB200,708,0,11,719,0x02EF,0,0,0,0,0x00,0,0
5092,102,905,80,178,0x5008,0xB200,708,0,14,719,0x02EF,0,0,0,0,0x00,0,0
5093,104,905,80,178,0x50CC,0xB200,708,0,16,719,0x02EF,0,0,0,0,0x00,0,0
5094,107,905,80,178,0x5090,0xB200,708,0,19,719,0x02EF,0,0,0,0,0x00,0,0
5095,110,905,80,178,0x5054,0xB200,708,0,22,719,0x02EF,0,0,0,0,0x00,0,0
