=== Pathfinder vs Mesen trace comparison ===
sim rows:   4954
rom rows:   2846  (last rom_frame=2845, sim_cursor=4954)
attempts:   3 parsed; using attempt #1 (max sim_cursor=4954, valid rows=2846)
compared:   2846
nes_y_off:  528
A phase:    same=2677/2846 (94.1%), next=2837/2846 (99.7%)

FIRST DIVERGE: rom_frame=0, sim_frame=0, dx=-2, dy=-2
MAX |dx|=13937 at rom_frame=2837
MAX |dy|=99 at rom_frame=2797
MAX-DY collision samples at rom_frame=2797:
  ROM: p=(7715,232) tile=(482,14) arrayY=17 tid=0x17 mapped=0x17 col=COL_DEATH_TOP local=(3,8) kills=False
  SIM: p=(7715,331) tile=(482,20) arrayY=23 tid=0xFFFFFFFF mapped=0x00 col=COL_NONE local=(3,11) kills=False


First rows of per-frame comparison (rom_f,sim_f,rom_xy,sim_xy,dx,dy,a_next,sim_a):
rom_f, sim_f, rom_xy, sim_xy, dx, dy, a_next, sim_a
0,0,(8,375),(10,377),-2,-2,0,0
1,0,(8,375),(10,377),-2,-2,0,0
2,0,(8,375),(10,377),-2,-2,0,0
3,0,(8,375),(10,377),-2,-2,0,0
4,0,(8,375),(10,377),-2,-2,0,0
5,0,(8,375),(10,377),-2,-2,0,0
6,0,(8,375),(10,377),-2,-2,0,0
7,0,(8,375),(10,377),-2,-2,0,0
8,0,(8,375),(10,377),-2,-2,0,0
9,0,(8,375),(10,377),-2,-2,0,0
10,0,(8,375),(10,377),-2,-2,0,0
11,0,(10,375),(10,377),0,-2,0,0
12,1,(13,376),(13,377),0,-1,0,0
13,2,(16,377),(16,377),0,0,0,0
14,3,(19,377),(19,377),0,0,0,0
15,4,(21,377),(21,377),0,0,0,0
16,5,(24,377),(24,377),0,0,0,0
17,6,(27,377),(27,377),0,0,0,0
18,7,(30,377),(30,377),0,0,0,0
19,8,(32,377),(32,377),0,0,0,0
20,9,(35,377),(35,377),0,0,0,0
21,10,(38,377),(38,377),0,0,0,0
22,11,(41,377),(41,377),0,0,0,0
23,12,(43,377),(43,377),0,0,0,0
24,13,(46,377),(46,377),0,0,0,0
25,14,(49,377),(49,377),0,0,0,0
26,15,(52,377),(52,377),0,0,0,0
27,16,(55,377),(55,377),0,0,0,0
28,17,(57,377),(57,377),0,0,0,0
29,18,(60,377),(60,377),0,0,0,0
30,19,(63,377),(63,377),0,0,0,0
31,20,(66,377),(66,377),0,0,0,0
32,21,(68,377),(68,377),0,0,0,0
33,22,(71,377),(71,377),0,0,0,0
34,23,(74,377),(74,377),0,0,0,0
35,24,(77,377),(77,377),0,0,0,0
36,25,(79,377),(79,377),0,0,0,0
37,26,(82,377),(82,377),0,0,0,0
38,27,(85,377),(85,377),0,0,0,0
39,28,(88,377),(88,377),0,0,0,0
40,29,(90,377),(90,377),0,0,0,0
41,30,(93,377),(93,377),0,0,0,0
42,31,(96,377),(96,377),0,0,0,0
43,32,(99,377),(99,377),0,0,0,0
44,33,(102,377),(102,377),0,0,0,0
45,34,(104,377),(104,377),0,0,0,0
46,35,(107,377),(107,377),0,0,0,0
47,36,(110,377),(110,377),0,0,0,0
48,37,(113,377),(113,377),0,0,0,0
49,38,(115,377),(115,377),0,0,0,0
50,39,(118,377),(118,377),0,0,0,0
51,40,(121,377),(121,377),0,0,0,0
52,41,(124,377),(124,377),0,0,0,0
53,42,(126,377),(126,377),0,0,0,0
54,43,(129,377),(129,377),0,0,0,0
55,44,(132,377),(132,377),0,0,0,0
56,45,(135,377),(135,377),0,0,0,0
57,46,(137,377),(137,377),0,0,0,0
58,47,(140,377),(140,377),0,0,0,0
59,48,(143,377),(143,377),0,0,0,0
60,49,(146,377),(146,377),0,0,0,0
61,50,(149,377),(149,377),0,0,0,0
62,51,(151,377),(151,377),0,0,0,0
63,52,(154,377),(154,377),0,0,0,0
64,53,(157,377),(157,377),0,0,0,0
65,54,(160,377),(160,377),0,0,0,0
66,55,(162,377),(162,377),0,0,0,0
67,56,(165,377),(165,377),0,0,0,0
68,57,(168,377),(168,377),0,0,0,0
69,58,(171,377),(171,377),0,0,0,0
70,59,(173,377),(173,377),0,0,0,0
71,60,(176,377),(176,377),0,0,0,0
72,61,(179,377),(179,377),0,0,0,0
73,62,(182,377),(182,377),0,0,0,0
74,63,(185,377),(185,377),0,0,0,0
75,64,(187,377),(187,377),0,0,0,0
76,65,(190,377),(190,377),0,0,0,0
77,66,(193,377),(193,377),0,0,0,0
78,67,(196,377),(196,377),0,0,0,0
79,68,(198,377),(198,377),0,0,0,0
80,69,(201,377),(201,377),0,0,0,0
81,70,(204,377),(204,377),0,0,0,0
82,71,(207,377),(207,377),0,0,0,0
83,72,(209,377),(209,377),0,0,0,0
84,73,(212,377),(212,377),0,0,0,0
85,74,(215,377),(215,377),0,0,0,0
86,75,(218,377),(218,377),0,0,0,0
87,76,(220,377),(220,377),0,0,0,0
88,77,(223,377),(223,377),0,0,0,0
89,78,(226,377),(226,377),0,0,0,0
90,79,(229,377),(229,377),0,0,0,0
91,80,(232,377),(232,377),0,0,0,0
92,81,(234,377),(234,377),0,0,0,0
93,82,(237,377),(237,377),0,0,0,0
94,83,(240,377),(240,377),0,0,0,0
95,84,(243,377),(243,377),0,0,0,0
96,85,(245,377),(245,377),0,0,0,0
97,86,(248,377),(248,377),0,0,0,0
98,87,(251,377),(251,377),0,0,0,0
99,88,(254,377),(254,377),0,0,0,0
100,89,(256,377),(256,377),0,0,0,0
101,90,(259,377),(259,377),0,0,0,0
102,91,(262,377),(262,377),0,0,0,0
103,92,(265,377),(265,377),0,0,0,0
104,93,(267,377),(267,377),0,0,0,0
105,94,(270,377),(270,377),0,0,0,0
106,95,(273,377),(273,377),0,0,0,0
107,96,(276,377),(276,377),0,0,0,0
108,97,(279,377),(279,377),0,0,0,0
109,98,(281,377),(281,377),0,0,0,0
110,99,(284,377),(284,377),0,0,0,0
111,100,(287,377),(287,377),0,0,0,0
112,101,(290,377),(290,377),0,0,1,0
113,102,(292,377),(292,377),0,0,0,1
114,103,(295,371),(295,371),0,0,0,0
115,104,(298,367),(298,367),0,0,0,0
116,105,(301,362),(301,362),0,0,0,0
117,106,(303,358),(303,358),0,0,0,0
118,107,(306,355),(306,355),0,0,0,0
119,108,(309,352),(309,352),0,0,0,0
120,109,(312,349),(312,349),0,0,0,0
121,110,(314,347),(314,347),0,0,0,0
122,111,(317,345),(317,345),0,0,0,0
123,112,(320,344),(320,344),0,0,0,0
124,113,(323,343),(323,343),0,0,0,0
125,114,(326,342),(326,342),0,0,0,0
126,115,(328,342),(328,342),0,0,0,0
127,116,(331,343),(331,343),0,0,0,0
128,117,(334,343),(334,343),0,0,0,0
129,118,(337,344),(337,344),0,0,0,0
130,119,(339,346),(339,346),0,0,0,0
131,120,(342,348),(342,348),0,0,0,0
132,121,(345,350),(345,350),0,0,0,0
133,122,(348,353),(348,353),0,0,0,0
134,123,(350,356),(350,356),0,0,0,0
135,124,(353,360),(353,360),0,0,0,0
136,125,(356,364),(356,364),0,0,0,0
137,126,(359,368),(359,368),0,0,0,0
138,127,(362,373),(362,373),0,0,0,0
139,128,(364,377),(364,377),0,0,0,0
140,129,(367,377),(367,377),0,0,0,0
141,130,(370,377),(370,377),0,0,0,0
142,131,(373,377),(373,377),0,0,0,0
143,132,(375,377),(375,377),0,0,0,0
144,133,(378,377),(378,377),0,0,0,0
145,134,(381,377),(381,377),0,0,0,0
146,135,(384,377),(384,377),0,0,0,0
147,136,(386,377),(386,377),0,0,0,0
148,137,(389,377),(389,377),0,0,0,0
149,138,(392,377),(392,377),0,0,0,0
150,139,(395,377),(395,377),0,0,0,0
151,140,(397,377),(397,377),0,0,0,0
152,141,(400,377),(400,377),0,0,0,0
153,142,(403,377),(403,377),0,0,0,0
154,143,(406,377),(406,377),0,0,0,0
155,144,(409,377),(409,377),0,0,0,0
156,145,(411,377),(411,377),0,0,0,0
157,146,(414,377),(414,377),0,0,0,0
158,147,(417,377),(417,377),0,0,0,0
159,148,(420,377),(420,377),0,0,0,0
160,149,(422,377),(422,377),0,0,0,0
161,150,(425,377),(425,377),0,0,1,0
162,151,(428,377),(428,377),0,0,0,1
163,152,(431,371),(431,371),0,0,0,0
164,153,(433,367),(433,367),0,0,0,0
165,154,(436,362),(436,362),0,0,0,0
166,155,(439,358),(439,358),0,0,0,0
167,156,(442,355),(442,355),0,0,0,0
168,157,(444,352),(444,352),0,0,0,0
169,158,(447,349),(447,349),0,0,0,0
170,159,(450,347),(450,347),0,0,0,0
171,160,(453,345),(453,345),0,0,0,0
172,161,(456,344),(456,344),0,0,0,0
173,162,(458,343),(458,343),0,0,0,0
174,163,(461,342),(461,342),0,0,0,0
175,164,(464,342),(464,342),0,0,0,0
176,165,(467,343),(467,343),0,0,0,0
177,166,(469,343),(469,343),0,0,0,0
178,167,(472,344),(472,344),0,0,0,0
179,168,(475,346),(475,346),0,0,0,0
180,169,(478,348),(478,348),0,0,0,0
181,170,(480,350),(480,350),0,0,0,0
182,171,(483,353),(483,353),0,0,0,0
183,172,(486,356),(486,356),0,0,0,0
184,173,(489,360),(489,360),0,0,0,0
185,174,(491,364),(491,364),0,0,0,0
186,175,(494,368),(494,368),0,0,0,0
187,176,(497,373),(497,373),0,0,1,0
188,177,(500,377),(500,377),0,0,0,1
189,178,(503,371),(503,371),0,0,0,0
190,179,(505,367),(505,367),0,0,0,0
191,180,(508,362),(508,362),0,0,0,0
192,181,(511,358),(511,358),0,0,0,0
193,182,(514,355),(514,355),0,0,0,0
194,183,(516,352),(516,352),0,0,0,0
195,184,(519,349),(519,349),0,0,0,0
196,185,(522,347),(522,347),0,0,0,0
197,186,(525,345),(525,345),0,0,0,0
198,187,(527,344),(527,344),0,0,0,0
199,188,(530,343),(530,343),0,0,0,0
200,189,(533,342),(533,342),0,0,0,0
201,190,(536,342),(536,342),0,0,0,0
202,191,(539,343),(539,343),0,0,0,0
203,192,(541,343),(541,343),0,0,0,0
204,193,(544,344),(544,344),0,0,0,0
205,194,(547,346),(547,346),0,0,0,0
206,195,(550,348),(550,348),0,0,0,0
207,196,(552,350),(552,350),0,0,0,0
208,197,(555,353),(555,353),0,0,0,0
209,198,(558,356),(558,356),0,0,0,0
210,199,(561,360),(561,360),0,0,0,0
211,200,(563,364),(563,364),0,0,0,0
212,201,(566,368),(566,368),0,0,0,0
213,202,(569,373),(569,373),0,0,1,0
214,203,(572,377),(572,377),0,0,0,1
215,204,(574,371),(574,371),0,0,0,0
216,205,(577,367),(577,367),0,0,0,0
217,206,(580,362),(580,362),0,0,0,0
218,207,(583,358),(583,358),0,0,0,0
219,208,(586,355),(586,355),0,0,0,0
220,209,(588,352),(588,352),0,0,0,0
221,210,(591,349),(591,349),0,0,0,0
222,211,(594,347),(594,347),0,0,0,0
223,212,(597,345),(597,345),0,0,0,0

Full per-frame comparison (rom_f,sim_f,rom_xy,sim_xy,dx,dy,a_next,sim_a):
rom_f, sim_f, rom_xy, sim_xy, dx, dy, a_next, sim_a
0,0,(8,375),(10,377),-2,-2,0,0
1,0,(8,375),(10,377),-2,-2,0,0
2,0,(8,375),(10,377),-2,-2,0,0
3,0,(8,375),(10,377),-2,-2,0,0
4,0,(8,375),(10,377),-2,-2,0,0
5,0,(8,375),(10,377),-2,-2,0,0
6,0,(8,375),(10,377),-2,-2,0,0
7,0,(8,375),(10,377),-2,-2,0,0
8,0,(8,375),(10,377),-2,-2,0,0
9,0,(8,375),(10,377),-2,-2,0,0
10,0,(8,375),(10,377),-2,-2,0,0
11,0,(10,375),(10,377),0,-2,0,0
12,1,(13,376),(13,377),0,-1,0,0
13,2,(16,377),(16,377),0,0,0,0
14,3,(19,377),(19,377),0,0,0,0
15,4,(21,377),(21,377),0,0,0,0
16,5,(24,377),(24,377),0,0,0,0
17,6,(27,377),(27,377),0,0,0,0
18,7,(30,377),(30,377),0,0,0,0
19,8,(32,377),(32,377),0,0,0,0
20,9,(35,377),(35,377),0,0,0,0
21,10,(38,377),(38,377),0,0,0,0
22,11,(41,377),(41,377),0,0,0,0
23,12,(43,377),(43,377),0,0,0,0
24,13,(46,377),(46,377),0,0,0,0
25,14,(49,377),(49,377),0,0,0,0
26,15,(52,377),(52,377),0,0,0,0
27,16,(55,377),(55,377),0,0,0,0
28,17,(57,377),(57,377),0,0,0,0
29,18,(60,377),(60,377),0,0,0,0
30,19,(63,377),(63,377),0,0,0,0
31,20,(66,377),(66,377),0,0,0,0
32,21,(68,377),(68,377),0,0,0,0
33,22,(71,377),(71,377),0,0,0,0
34,23,(74,377),(74,377),0,0,0,0
35,24,(77,377),(77,377),0,0,0,0
36,25,(79,377),(79,377),0,0,0,0
37,26,(82,377),(82,377),0,0,0,0
38,27,(85,377),(85,377),0,0,0,0
39,28,(88,377),(88,377),0,0,0,0
40,29,(90,377),(90,377),0,0,0,0
41,30,(93,377),(93,377),0,0,0,0
42,31,(96,377),(96,377),0,0,0,0
43,32,(99,377),(99,377),0,0,0,0
44,33,(102,377),(102,377),0,0,0,0
45,34,(104,377),(104,377),0,0,0,0
46,35,(107,377),(107,377),0,0,0,0
47,36,(110,377),(110,377),0,0,0,0
48,37,(113,377),(113,377),0,0,0,0
49,38,(115,377),(115,377),0,0,0,0
50,39,(118,377),(118,377),0,0,0,0
51,40,(121,377),(121,377),0,0,0,0
52,41,(124,377),(124,377),0,0,0,0
53,42,(126,377),(126,377),0,0,0,0
54,43,(129,377),(129,377),0,0,0,0
55,44,(132,377),(132,377),0,0,0,0
56,45,(135,377),(135,377),0,0,0,0
57,46,(137,377),(137,377),0,0,0,0
58,47,(140,377),(140,377),0,0,0,0
59,48,(143,377),(143,377),0,0,0,0
60,49,(146,377),(146,377),0,0,0,0
61,50,(149,377),(149,377),0,0,0,0
62,51,(151,377),(151,377),0,0,0,0
63,52,(154,377),(154,377),0,0,0,0
64,53,(157,377),(157,377),0,0,0,0
65,54,(160,377),(160,377),0,0,0,0
66,55,(162,377),(162,377),0,0,0,0
67,56,(165,377),(165,377),0,0,0,0
68,57,(168,377),(168,377),0,0,0,0
69,58,(171,377),(171,377),0,0,0,0
70,59,(173,377),(173,377),0,0,0,0
71,60,(176,377),(176,377),0,0,0,0
72,61,(179,377),(179,377),0,0,0,0
73,62,(182,377),(182,377),0,0,0,0
74,63,(185,377),(185,377),0,0,0,0
75,64,(187,377),(187,377),0,0,0,0
76,65,(190,377),(190,377),0,0,0,0
77,66,(193,377),(193,377),0,0,0,0
78,67,(196,377),(196,377),0,0,0,0
79,68,(198,377),(198,377),0,0,0,0
80,69,(201,377),(201,377),0,0,0,0
81,70,(204,377),(204,377),0,0,0,0
82,71,(207,377),(207,377),0,0,0,0
83,72,(209,377),(209,377),0,0,0,0
84,73,(212,377),(212,377),0,0,0,0
85,74,(215,377),(215,377),0,0,0,0
86,75,(218,377),(218,377),0,0,0,0
87,76,(220,377),(220,377),0,0,0,0
88,77,(223,377),(223,377),0,0,0,0
89,78,(226,377),(226,377),0,0,0,0
90,79,(229,377),(229,377),0,0,0,0
91,80,(232,377),(232,377),0,0,0,0
92,81,(234,377),(234,377),0,0,0,0
93,82,(237,377),(237,377),0,0,0,0
94,83,(240,377),(240,377),0,0,0,0
95,84,(243,377),(243,377),0,0,0,0
96,85,(245,377),(245,377),0,0,0,0
97,86,(248,377),(248,377),0,0,0,0
98,87,(251,377),(251,377),0,0,0,0
99,88,(254,377),(254,377),0,0,0,0
100,89,(256,377),(256,377),0,0,0,0
101,90,(259,377),(259,377),0,0,0,0
102,91,(262,377),(262,377),0,0,0,0
103,92,(265,377),(265,377),0,0,0,0
104,93,(267,377),(267,377),0,0,0,0
105,94,(270,377),(270,377),0,0,0,0
106,95,(273,377),(273,377),0,0,0,0
107,96,(276,377),(276,377),0,0,0,0
108,97,(279,377),(279,377),0,0,0,0
109,98,(281,377),(281,377),0,0,0,0
110,99,(284,377),(284,377),0,0,0,0
111,100,(287,377),(287,377),0,0,0,0
112,101,(290,377),(290,377),0,0,1,0
113,102,(292,377),(292,377),0,0,0,1
114,103,(295,371),(295,371),0,0,0,0
115,104,(298,367),(298,367),0,0,0,0
116,105,(301,362),(301,362),0,0,0,0
117,106,(303,358),(303,358),0,0,0,0
118,107,(306,355),(306,355),0,0,0,0
119,108,(309,352),(309,352),0,0,0,0
120,109,(312,349),(312,349),0,0,0,0
121,110,(314,347),(314,347),0,0,0,0
122,111,(317,345),(317,345),0,0,0,0
123,112,(320,344),(320,344),0,0,0,0
124,113,(323,343),(323,343),0,0,0,0
125,114,(326,342),(326,342),0,0,0,0
126,115,(328,342),(328,342),0,0,0,0
127,116,(331,343),(331,343),0,0,0,0
128,117,(334,343),(334,343),0,0,0,0
129,118,(337,344),(337,344),0,0,0,0
130,119,(339,346),(339,346),0,0,0,0
131,120,(342,348),(342,348),0,0,0,0
132,121,(345,350),(345,350),0,0,0,0
133,122,(348,353),(348,353),0,0,0,0
134,123,(350,356),(350,356),0,0,0,0
135,124,(353,360),(353,360),0,0,0,0
136,125,(356,364),(356,364),0,0,0,0
137,126,(359,368),(359,368),0,0,0,0
138,127,(362,373),(362,373),0,0,0,0
139,128,(364,377),(364,377),0,0,0,0
140,129,(367,377),(367,377),0,0,0,0
141,130,(370,377),(370,377),0,0,0,0
142,131,(373,377),(373,377),0,0,0,0
143,132,(375,377),(375,377),0,0,0,0
144,133,(378,377),(378,377),0,0,0,0
145,134,(381,377),(381,377),0,0,0,0
146,135,(384,377),(384,377),0,0,0,0
147,136,(386,377),(386,377),0,0,0,0
148,137,(389,377),(389,377),0,0,0,0
149,138,(392,377),(392,377),0,0,0,0
150,139,(395,377),(395,377),0,0,0,0
151,140,(397,377),(397,377),0,0,0,0
152,141,(400,377),(400,377),0,0,0,0
153,142,(403,377),(403,377),0,0,0,0
154,143,(406,377),(406,377),0,0,0,0
155,144,(409,377),(409,377),0,0,0,0
156,145,(411,377),(411,377),0,0,0,0
157,146,(414,377),(414,377),0,0,0,0
158,147,(417,377),(417,377),0,0,0,0
159,148,(420,377),(420,377),0,0,0,0
160,149,(422,377),(422,377),0,0,0,0
161,150,(425,377),(425,377),0,0,1,0
162,151,(428,377),(428,377),0,0,0,1
163,152,(431,371),(431,371),0,0,0,0
164,153,(433,367),(433,367),0,0,0,0
165,154,(436,362),(436,362),0,0,0,0
166,155,(439,358),(439,358),0,0,0,0
167,156,(442,355),(442,355),0,0,0,0
168,157,(444,352),(444,352),0,0,0,0
169,158,(447,349),(447,349),0,0,0,0
170,159,(450,347),(450,347),0,0,0,0
171,160,(453,345),(453,345),0,0,0,0
172,161,(456,344),(456,344),0,0,0,0
173,162,(458,343),(458,343),0,0,0,0
174,163,(461,342),(461,342),0,0,0,0
175,164,(464,342),(464,342),0,0,0,0
176,165,(467,343),(467,343),0,0,0,0
177,166,(469,343),(469,343),0,0,0,0
178,167,(472,344),(472,344),0,0,0,0
179,168,(475,346),(475,346),0,0,0,0
180,169,(478,348),(478,348),0,0,0,0
181,170,(480,350),(480,350),0,0,0,0
182,171,(483,353),(483,353),0,0,0,0
183,172,(486,356),(486,356),0,0,0,0
184,173,(489,360),(489,360),0,0,0,0
185,174,(491,364),(491,364),0,0,0,0
186,175,(494,368),(494,368),0,0,0,0
187,176,(497,373),(497,373),0,0,1,0
188,177,(500,377),(500,377),0,0,0,1
189,178,(503,371),(503,371),0,0,0,0
190,179,(505,367),(505,367),0,0,0,0
191,180,(508,362),(508,362),0,0,0,0
192,181,(511,358),(511,358),0,0,0,0
193,182,(514,355),(514,355),0,0,0,0
194,183,(516,352),(516,352),0,0,0,0
195,184,(519,349),(519,349),0,0,0,0
196,185,(522,347),(522,347),0,0,0,0
197,186,(525,345),(525,345),0,0,0,0
198,187,(527,344),(527,344),0,0,0,0
199,188,(530,343),(530,343),0,0,0,0
200,189,(533,342),(533,342),0,0,0,0
201,190,(536,342),(536,342),0,0,0,0
202,191,(539,343),(539,343),0,0,0,0
203,192,(541,343),(541,343),0,0,0,0
204,193,(544,344),(544,344),0,0,0,0
205,194,(547,346),(547,346),0,0,0,0
206,195,(550,348),(550,348),0,0,0,0
207,196,(552,350),(552,350),0,0,0,0
208,197,(555,353),(555,353),0,0,0,0
209,198,(558,356),(558,356),0,0,0,0
210,199,(561,360),(561,360),0,0,0,0
211,200,(563,364),(563,364),0,0,0,0
212,201,(566,368),(566,368),0,0,0,0
213,202,(569,373),(569,373),0,0,1,0
214,203,(572,377),(572,377),0,0,0,1
215,204,(574,371),(574,371),0,0,0,0
216,205,(577,367),(577,367),0,0,0,0
217,206,(580,362),(580,362),0,0,0,0
218,207,(583,358),(583,358),0,0,0,0
219,208,(586,355),(586,355),0,0,0,0
220,209,(588,352),(588,352),0,0,0,0
221,210,(591,349),(591,349),0,0,0,0
222,211,(594,347),(594,347),0,0,0,0
223,212,(597,345),(597,345),0,0,0,0
224,213,(599,344),(599,344),0,0,0,0
225,214,(602,343),(602,343),0,0,0,0
226,215,(605,342),(605,342),0,0,0,0
227,216,(608,342),(608,342),0,0,0,0
228,217,(610,343),(610,343),0,0,0,0
229,218,(613,343),(613,343),0,0,0,0
230,219,(616,344),(616,344),0,0,0,0
231,220,(619,346),(619,346),0,0,0,0
232,221,(621,348),(621,348),0,0,0,0
233,222,(624,350),(624,350),0,0,0,0
234,223,(627,353),(627,353),0,0,0,0
235,224,(630,356),(630,356),0,0,0,0
236,225,(633,360),(633,360),0,0,0,0
237,226,(635,361),(635,361),0,0,0,0
238,227,(638,361),(638,361),0,0,0,0
239,228,(641,361),(641,361),0,0,0,0
240,229,(644,361),(644,361),0,0,0,0
241,230,(646,361),(646,361),0,0,0,0
242,231,(649,361),(649,361),0,0,0,0
243,232,(652,361),(652,361),0,0,0,0
244,233,(655,362),(655,362),0,0,0,0
245,234,(657,363),(657,363),0,0,0,0
246,235,(660,365),(660,365),0,0,0,0
247,236,(663,367),(663,367),0,0,0,0
248,237,(666,369),(666,369),0,0,0,0
249,238,(668,372),(668,372),0,0,0,0
250,239,(671,376),(671,376),0,0,0,0
251,240,(674,377),(674,377),0,0,0,0
252,241,(677,377),(677,377),0,0,0,0
253,242,(680,377),(680,377),0,0,0,0
254,243,(682,377),(682,377),0,0,0,0
255,244,(685,377),(685,377),0,0,0,0
256,245,(688,377),(688,377),0,0,0,0
257,246,(691,377),(691,377),0,0,0,0
258,247,(693,377),(693,377),0,0,0,0
259,248,(696,377),(696,377),0,0,0,0
260,249,(699,377),(699,377),0,0,0,0
261,250,(702,377),(702,377),0,0,0,0
262,251,(704,377),(704,377),0,0,0,0
263,252,(707,377),(707,377),0,0,0,0
264,253,(710,377),(710,377),0,0,0,0
265,254,(713,377),(713,377),0,0,0,0
266,255,(716,377),(716,377),0,0,0,0
267,256,(718,377),(718,377),0,0,0,0
268,257,(721,377),(721,377),0,0,0,0
269,258,(724,377),(724,377),0,0,0,0
270,259,(727,377),(727,377),0,0,0,0
271,260,(729,377),(729,377),0,0,1,0
272,261,(732,377),(732,377),0,0,0,1
273,262,(735,371),(735,371),0,0,0,0
274,263,(738,367),(738,367),0,0,0,0
275,264,(740,362),(740,362),0,0,0,0
276,265,(743,358),(743,358),0,0,0,0
277,266,(746,355),(746,355),0,0,0,0
278,267,(749,352),(749,352),0,0,0,0
279,268,(751,349),(751,349),0,0,0,0
280,269,(754,347),(754,347),0,0,0,0
281,270,(757,345),(757,345),0,0,0,0
282,271,(760,344),(760,344),0,0,0,0
283,272,(763,343),(763,343),0,0,0,0
284,273,(765,342),(765,342),0,0,0,0
285,274,(768,342),(768,342),0,0,0,0
286,275,(771,343),(771,343),0,0,0,0
287,276,(774,343),(774,343),0,0,0,0
288,277,(776,344),(776,344),0,0,0,0
289,278,(779,345),(779,345),0,0,0,0
290,279,(782,345),(782,345),0,0,0,0
291,280,(785,345),(785,345),0,0,0,0
292,281,(787,345),(787,345),0,0,0,0
293,282,(790,345),(790,345),0,0,0,0
294,283,(793,345),(793,345),0,0,0,0
295,284,(796,345),(796,345),0,0,0,0
296,285,(798,345),(798,345),0,0,0,0
297,286,(801,345),(801,345),0,0,0,0
298,287,(804,345),(804,345),0,0,0,0
299,288,(807,345),(807,345),0,0,0,0
300,289,(810,345),(810,345),0,0,0,0
301,290,(812,345),(812,345),0,0,0,0
302,291,(815,345),(815,345),0,0,0,0
303,292,(818,345),(818,345),0,0,0,0
304,293,(821,345),(821,345),0,0,0,0
305,294,(823,345),(823,345),0,0,0,0
306,295,(826,345),(826,345),0,0,0,0
307,296,(829,345),(829,345),0,0,0,0
308,297,(832,345),(832,345),0,0,0,0
309,298,(834,345),(834,345),0,0,0,0
310,299,(837,345),(837,345),0,0,0,0
311,300,(840,345),(840,345),0,0,0,0
312,301,(843,345),(843,345),0,0,0,0
313,302,(845,345),(845,345),0,0,0,0
314,303,(848,345),(848,345),0,0,0,0
315,304,(851,345),(851,345),0,0,0,0
316,305,(854,345),(854,345),0,0,0,0
317,306,(857,345),(857,345),0,0,0,0
318,307,(859,345),(859,345),0,0,0,0
319,308,(862,345),(862,345),0,0,0,0
320,309,(865,345),(865,345),0,0,0,0
321,310,(868,345),(868,345),0,0,0,0
322,311,(870,345),(870,345),0,0,0,0
323,312,(873,345),(873,345),0,0,0,0
324,313,(876,345),(876,345),0,0,0,0
325,314,(879,345),(879,345),0,0,0,0
326,315,(881,345),(881,345),0,0,0,0
327,316,(884,345),(884,345),0,0,0,0
328,317,(887,345),(887,345),0,0,0,0
329,318,(890,345),(890,345),0,0,0,0
330,319,(893,345),(893,345),0,0,0,0
331,320,(895,346),(895,346),0,0,0,0
332,321,(898,347),(898,347),0,0,0,0
333,322,(901,349),(901,349),0,0,0,0
334,323,(904,351),(904,351),0,0,0,0
335,324,(906,353),(906,353),0,0,0,0
336,325,(909,356),(909,356),0,0,0,0
337,326,(912,360),(912,360),0,0,0,0
338,327,(915,361),(915,361),0,0,0,0
339,328,(917,361),(917,361),0,0,0,0
340,329,(920,361),(920,361),0,0,1,0
341,330,(923,361),(923,361),0,0,0,1
342,331,(926,355),(926,355),0,0,0,0
343,332,(928,351),(928,351),0,0,0,0
344,333,(931,346),(931,346),0,0,0,0
345,334,(934,342),(934,342),0,0,0,0
346,335,(937,339),(937,339),0,0,0,0
347,336,(940,336),(940,336),0,0,0,0
348,337,(942,333),(942,333),0,0,0,0
349,338,(945,331),(945,331),0,0,0,0
350,339,(948,329),(948,329),0,0,0,0
351,340,(951,328),(951,328),0,0,0,0
352,341,(953,327),(953,327),0,0,0,0
353,342,(956,326),(956,326),0,0,0,0
354,343,(959,326),(959,326),0,0,0,0
355,344,(962,327),(962,327),0,0,0,0
356,345,(964,327),(964,327),0,0,0,0
357,346,(967,328),(967,328),0,0,0,0
358,347,(970,330),(970,330),0,0,0,0
359,348,(973,332),(973,332),0,0,0,0
360,349,(975,334),(975,334),0,0,0,0
361,350,(978,337),(978,337),0,0,0,0
362,351,(981,340),(981,340),0,0,0,0
363,352,(984,344),(984,344),0,0,1,0
364,353,(987,345),(987,345),0,0,0,1
365,354,(989,339),(989,339),0,0,0,0
366,355,(992,335),(992,335),0,0,0,0
367,356,(995,330),(995,330),0,0,0,0
368,357,(998,326),(998,326),0,0,0,0
369,358,(1000,323),(1000,323),0,0,0,0
370,359,(1003,320),(1003,320),0,0,0,0
371,360,(1006,317),(1006,317),0,0,0,0
372,361,(1009,315),(1009,315),0,0,0,0
373,362,(1011,313),(1011,313),0,0,0,0
374,363,(1014,312),(1014,312),0,0,0,0
375,364,(1017,311),(1017,311),0,0,0,0
376,365,(1020,310),(1020,310),0,0,0,0
377,366,(1022,310),(1022,310),0,0,0,0
378,367,(1025,311),(1025,311),0,0,0,0
379,368,(1028,311),(1028,311),0,0,0,0
380,369,(1031,312),(1031,312),0,0,0,0
381,370,(1034,314),(1034,314),0,0,0,0
382,371,(1036,316),(1036,316),0,0,0,0
383,372,(1039,318),(1039,318),0,0,0,0
384,373,(1042,321),(1042,321),0,0,0,0
385,374,(1045,324),(1045,324),0,0,0,0
386,375,(1047,328),(1047,328),0,0,0,0
387,376,(1050,332),(1050,332),0,0,0,0
388,377,(1053,336),(1053,336),0,0,0,0
389,378,(1056,341),(1056,341),0,0,0,0
390,379,(1058,345),(1058,345),0,0,0,0
391,380,(1061,345),(1061,345),0,0,0,0
392,381,(1064,345),(1064,345),0,0,0,0
393,382,(1067,345),(1067,345),0,0,0,0
394,383,(1070,345),(1070,345),0,0,0,0
395,384,(1072,345),(1072,345),0,0,0,0
396,385,(1075,345),(1075,345),0,0,0,0
397,386,(1078,345),(1078,345),0,0,0,0
398,387,(1081,345),(1081,345),0,0,0,0
399,388,(1083,345),(1083,345),0,0,0,0
400,389,(1086,345),(1086,345),0,0,0,0
401,390,(1089,345),(1089,345),0,0,0,0
402,391,(1092,345),(1092,345),0,0,0,0
403,392,(1094,345),(1094,345),0,0,0,0
404,393,(1097,345),(1097,345),0,0,0,0
405,394,(1100,345),(1100,345),0,0,0,0
406,395,(1103,345),(1103,345),0,0,0,0
407,396,(1105,345),(1105,345),0,0,0,0
408,397,(1108,345),(1108,345),0,0,0,0
409,398,(1111,345),(1111,345),0,0,0,0
410,399,(1114,345),(1114,345),0,0,0,0
411,400,(1117,345),(1117,345),0,0,0,0
412,401,(1119,345),(1119,345),0,0,0,0
413,402,(1122,345),(1122,345),0,0,0,0
414,403,(1125,345),(1125,345),0,0,0,0
415,404,(1128,345),(1128,345),0,0,0,0
416,405,(1130,345),(1130,345),0,0,0,0
417,406,(1133,345),(1133,345),0,0,1,0
418,407,(1136,345),(1136,345),0,0,0,1
419,408,(1139,339),(1139,339),0,0,0,0
420,409,(1141,335),(1141,335),0,0,0,0
421,410,(1144,330),(1144,330),0,0,0,0
422,411,(1147,326),(1147,326),0,0,0,0
423,412,(1150,323),(1150,323),0,0,0,0
424,413,(1152,320),(1152,320),0,0,0,0
425,414,(1155,317),(1155,317),0,0,0,0
426,415,(1158,315),(1158,315),0,0,0,0
427,416,(1161,313),(1161,313),0,0,0,0
428,417,(1164,312),(1164,312),0,0,0,0
429,418,(1166,311),(1166,311),0,0,0,0
430,419,(1169,310),(1169,310),0,0,0,0
431,420,(1172,310),(1172,310),0,0,0,0
432,421,(1175,311),(1175,311),0,0,0,0
433,422,(1177,311),(1177,311),0,0,0,0
434,423,(1180,312),(1180,312),0,0,0,0
435,424,(1183,314),(1183,314),0,0,0,0
436,425,(1186,316),(1186,316),0,0,0,0
437,426,(1188,318),(1188,318),0,0,0,0
438,427,(1191,321),(1191,321),0,0,0,0
439,428,(1194,324),(1194,324),0,0,0,0
440,429,(1197,328),(1197,328),0,0,0,0
441,430,(1199,329),(1199,329),0,0,0,0
442,431,(1202,329),(1202,329),0,0,0,0
443,432,(1205,329),(1205,329),0,0,0,0
444,433,(1208,329),(1208,329),0,0,0,0
445,434,(1211,329),(1211,329),0,0,0,0
446,435,(1213,330),(1213,330),0,0,0,0
447,436,(1216,331),(1216,331),0,0,0,0
448,437,(1219,333),(1219,333),0,0,0,0
449,438,(1222,335),(1222,335),0,0,0,0
450,439,(1224,337),(1224,337),0,0,0,0
451,440,(1227,340),(1227,340),0,0,0,0
452,441,(1230,344),(1230,344),0,0,0,0
453,442,(1233,345),(1233,345),0,0,0,0
454,443,(1235,345),(1235,345),0,0,0,0
455,444,(1238,345),(1238,345),0,0,0,0
456,445,(1241,345),(1241,345),0,0,0,0
457,446,(1244,345),(1244,345),0,0,0,0
458,447,(1247,345),(1247,345),0,0,0,0
459,448,(1249,345),(1249,345),0,0,0,0
460,449,(1252,345),(1252,345),0,0,1,0
461,450,(1255,345),(1255,345),0,0,0,1
462,451,(1258,339),(1258,339),0,0,0,0
463,452,(1260,335),(1260,335),0,0,0,0
464,453,(1263,330),(1263,330),0,0,0,0
465,454,(1266,326),(1266,326),0,0,0,0
466,455,(1269,323),(1269,323),0,0,0,0
467,456,(1271,320),(1271,320),0,0,0,0
468,457,(1274,317),(1274,317),0,0,0,0
469,458,(1277,315),(1277,315),0,0,0,0
470,459,(1280,313),(1280,313),0,0,0,0
471,460,(1282,312),(1282,312),0,0,0,0
472,461,(1285,311),(1285,311),0,0,0,0
473,462,(1288,310),(1288,310),0,0,0,0
474,463,(1291,310),(1291,310),0,0,0,0
475,464,(1294,311),(1294,311),0,0,0,0
476,465,(1296,311),(1296,311),0,0,0,0
477,466,(1299,312),(1299,312),0,0,0,0
478,467,(1302,313),(1302,313),0,0,0,0
479,468,(1305,313),(1305,313),0,0,0,0
480,469,(1307,313),(1307,313),0,0,0,0
481,470,(1310,314),(1310,314),0,0,0,0
482,471,(1313,315),(1313,315),0,0,0,0
483,472,(1316,317),(1316,317),0,0,0,0
484,473,(1318,319),(1318,319),0,0,0,0
485,474,(1321,321),(1321,321),0,0,0,0
486,475,(1324,324),(1324,324),0,0,0,0
487,476,(1327,328),(1327,328),0,0,0,0
488,477,(1329,329),(1329,329),0,0,0,0
489,478,(1332,329),(1332,329),0,0,0,0
490,479,(1335,329),(1335,329),0,0,0,0
491,480,(1338,329),(1338,329),0,0,0,0
492,481,(1341,329),(1341,329),0,0,0,0
493,482,(1343,329),(1343,329),0,0,0,0
494,483,(1346,329),(1346,329),0,0,0,0
495,484,(1349,329),(1349,329),0,0,1,0
496,485,(1352,329),(1352,329),0,0,0,1
497,486,(1354,323),(1354,323),0,0,0,0
498,487,(1357,319),(1357,319),0,0,0,0
499,488,(1360,314),(1360,314),0,0,0,0
500,489,(1363,310),(1363,310),0,0,0,0
501,490,(1365,307),(1365,307),0,0,0,0
502,491,(1368,304),(1368,304),0,0,0,0
503,492,(1371,301),(1371,301),0,0,0,0
504,493,(1374,299),(1374,299),0,0,0,0
505,494,(1376,297),(1376,297),0,0,0,0
506,495,(1379,296),(1379,296),0,0,0,0
507,496,(1382,295),(1382,295),0,0,0,0
508,497,(1385,294),(1385,294),0,0,0,0
509,498,(1388,294),(1388,294),0,0,0,0
510,499,(1390,295),(1390,295),0,0,0,0
511,500,(1393,295),(1393,295),0,0,0,0
512,501,(1396,296),(1396,296),0,0,0,0
513,502,(1399,298),(1399,298),0,0,0,0
514,503,(1401,300),(1401,300),0,0,0,0
515,504,(1404,302),(1404,302),0,0,0,0
516,505,(1407,305),(1407,305),0,0,0,0
517,506,(1410,308),(1410,308),0,0,0,0
518,507,(1412,312),(1412,312),0,0,0,0
519,508,(1415,313),(1415,313),0,0,1,0
520,509,(1418,313),(1418,313),0,0,0,1
521,510,(1421,307),(1421,307),0,0,0,0
522,511,(1424,303),(1424,303),0,0,0,0
523,512,(1426,298),(1426,298),0,0,0,0
524,513,(1429,294),(1429,294),0,0,0,0
525,514,(1432,291),(1432,291),0,0,0,0
526,515,(1435,288),(1435,288),0,0,0,0
527,516,(1437,285),(1437,285),0,0,0,0
528,517,(1440,283),(1440,283),0,0,0,0
529,518,(1443,281),(1443,281),0,0,0,0
530,519,(1446,280),(1446,280),0,0,0,0
531,520,(1448,279),(1448,279),0,0,0,0
532,521,(1451,278),(1451,278),0,0,0,0
533,522,(1454,278),(1454,278),0,0,0,0
534,523,(1457,279),(1457,279),0,0,0,0
535,524,(1459,279),(1459,279),0,0,0,0
536,525,(1462,280),(1462,280),0,0,0,0
537,526,(1465,282),(1465,282),0,0,0,0
538,527,(1468,284),(1468,284),0,0,0,0
539,528,(1471,286),(1471,286),0,0,0,0
540,529,(1473,289),(1473,289),0,0,0,0
541,530,(1476,292),(1476,292),0,0,0,0
542,531,(1479,296),(1479,296),0,0,0,0
543,532,(1482,300),(1482,300),0,0,0,0
544,533,(1484,304),(1484,304),0,0,0,0
545,534,(1487,309),(1487,309),0,0,0,0
546,535,(1490,315),(1490,315),0,0,0,0
547,536,(1493,320),(1493,320),0,0,0,0
548,537,(1495,326),(1495,326),0,0,0,0
549,538,(1498,329),(1498,329),0,0,0,0
550,539,(1501,329),(1501,329),0,0,0,0
551,540,(1504,329),(1504,329),0,0,0,0
552,541,(1506,329),(1506,329),0,0,0,0
553,542,(1509,329),(1509,329),0,0,0,0
554,543,(1512,329),(1512,329),0,0,0,0
555,544,(1515,329),(1515,329),0,0,0,0
556,545,(1518,329),(1518,329),0,0,0,0
557,546,(1520,329),(1520,329),0,0,1,0
558,547,(1523,329),(1523,329),0,0,0,1
559,548,(1526,323),(1526,323),0,0,0,0
560,549,(1529,319),(1529,319),0,0,0,0
561,550,(1531,314),(1531,314),0,0,0,0
562,551,(1534,310),(1534,310),0,0,0,0
563,552,(1537,307),(1537,307),0,0,0,0
564,553,(1540,304),(1540,304),0,0,0,0
565,554,(1542,301),(1542,301),0,0,0,0
566,555,(1545,299),(1545,299),0,0,0,0
567,556,(1548,297),(1548,297),0,0,0,0
568,557,(1551,296),(1551,296),0,0,0,0
569,558,(1553,295),(1553,295),0,0,0,0
570,559,(1556,294),(1556,294),0,0,0,0
571,560,(1559,294),(1559,294),0,0,0,0
572,561,(1562,295),(1562,295),0,0,0,0
573,562,(1565,295),(1565,295),0,0,0,0
574,563,(1567,296),(1567,296),0,0,0,0
575,564,(1570,298),(1570,298),0,0,0,0
576,565,(1573,300),(1573,300),0,0,0,0
577,566,(1576,302),(1576,302),0,0,0,0
578,567,(1578,305),(1578,305),0,0,0,0
579,568,(1581,308),(1581,308),0,0,0,0
580,569,(1584,312),(1584,312),0,0,0,0
581,570,(1587,316),(1587,316),0,0,0,0
582,571,(1589,320),(1589,320),0,0,1,0
583,572,(1592,315),(1592,315),0,0,0,1
584,573,(1595,311),(1595,311),0,0,0,0
585,574,(1598,306),(1598,306),0,0,0,0
586,575,(1601,302),(1601,302),0,0,0,0
587,576,(1603,299),(1603,299),0,0,0,0
588,577,(1606,296),(1606,296),0,0,0,0
589,578,(1609,293),(1609,293),0,0,0,0
590,579,(1612,291),(1612,291),0,0,0,0
591,580,(1614,289),(1614,289),0,0,0,0
592,581,(1617,288),(1617,288),0,0,0,0
593,582,(1620,287),(1620,287),0,0,0,0
594,583,(1623,286),(1623,286),0,0,0,0
595,584,(1625,286),(1625,286),0,0,0,0
596,585,(1628,286),(1628,286),0,0,0,0
597,586,(1631,287),(1631,287),0,0,0,0
598,587,(1634,288),(1634,288),0,0,0,0
599,588,(1636,290),(1636,290),0,0,0,0
600,589,(1639,292),(1639,292),0,0,0,0
601,590,(1642,294),(1642,294),0,0,0,0
602,591,(1645,287),(1645,287),0,0,0,0
603,592,(1648,280),(1648,280),0,0,0,0
604,593,(1650,273),(1650,273),0,0,0,0
605,594,(1653,267),(1653,267),0,0,0,0
606,595,(1656,262),(1656,262),0,0,0,0
607,596,(1659,256),(1659,256),0,0,0,0
608,597,(1661,252),(1661,252),0,0,0,0
609,598,(1664,247),(1664,247),0,0,0,0
610,599,(1667,243),(1667,243),0,0,0,0
611,600,(1670,240),(1670,240),0,0,0,0
612,601,(1672,236),(1672,236),0,0,0,0
613,602,(1675,234),(1675,234),0,0,0,0
614,603,(1678,231),(1678,231),0,0,0,0
615,604,(1681,230),(1681,230),0,0,0,0
616,605,(1683,228),(1683,228),0,0,0,0
617,606,(1686,227),(1686,227),0,0,0,0
618,607,(1689,226),(1689,226),0,0,0,0
619,608,(1692,226),(1692,226),0,0,0,0
620,609,(1695,226),(1695,226),0,0,0,0
621,610,(1697,226),(1697,226),0,0,0,0
622,611,(1700,227),(1700,227),0,0,0,0
623,612,(1703,229),(1703,229),0,0,0,0
624,613,(1706,231),(1706,231),0,0,0,0
625,614,(1708,233),(1708,233),0,0,0,0
626,615,(1711,236),(1711,236),0,0,0,0
627,616,(1714,239),(1714,239),0,0,0,0
628,617,(1717,242),(1717,242),0,0,0,0
629,618,(1719,246),(1719,246),0,0,0,0
630,619,(1722,251),(1722,251),0,0,0,0
631,620,(1725,255),(1725,255),0,0,0,0
632,621,(1728,261),(1728,261),0,0,0,0
633,622,(1730,266),(1730,266),0,0,0,0
634,623,(1733,272),(1733,272),0,0,0,0
635,624,(1736,279),(1736,279),0,0,0,0
636,625,(1739,286),(1739,286),0,0,0,0
637,626,(1742,293),(1742,293),0,0,0,0
638,627,(1744,297),(1744,297),0,0,0,0
639,628,(1747,297),(1747,297),0,0,0,0
640,629,(1750,297),(1750,297),0,0,0,0
641,630,(1753,297),(1753,297),0,0,0,0
642,631,(1755,297),(1755,297),0,0,0,0
643,632,(1758,297),(1758,297),0,0,0,0
644,633,(1761,297),(1761,297),0,0,0,0
645,634,(1764,297),(1764,297),0,0,0,0
646,635,(1766,297),(1766,297),0,0,0,0
647,636,(1769,297),(1769,297),0,0,1,0
648,637,(1772,297),(1772,297),0,0,0,1
649,638,(1775,291),(1775,291),0,0,0,0
650,639,(1778,287),(1778,287),0,0,0,0
651,640,(1780,282),(1780,282),0,0,0,0
652,641,(1783,278),(1783,278),0,0,0,0
653,642,(1786,275),(1786,275),0,0,0,0
654,643,(1789,272),(1789,272),0,0,0,0
655,644,(1791,269),(1791,269),0,0,0,0
656,645,(1794,267),(1794,267),0,0,0,0
657,646,(1797,265),(1797,265),0,0,0,0
658,647,(1800,264),(1800,264),0,0,0,0
659,648,(1802,263),(1802,263),0,0,0,0
660,649,(1805,262),(1805,262),0,0,0,0
661,650,(1808,262),(1808,262),0,0,0,0
662,651,(1811,263),(1811,263),0,0,0,0
663,652,(1813,263),(1813,263),0,0,0,0
664,653,(1816,264),(1816,264),0,0,0,0
665,654,(1819,266),(1819,266),0,0,0,0
666,655,(1822,268),(1822,268),0,0,0,0
667,656,(1825,270),(1825,270),0,0,0,0
668,657,(1827,273),(1827,273),0,0,0,0
669,658,(1830,276),(1830,276),0,0,0,0
670,659,(1833,280),(1833,280),0,0,0,0
671,660,(1836,284),(1836,284),0,0,0,0
672,661,(1838,288),(1838,288),0,0,0,0
673,662,(1841,293),(1841,293),0,0,0,0
674,663,(1844,297),(1844,297),0,0,0,0
675,664,(1847,297),(1847,297),0,0,0,0
676,665,(1849,297),(1849,297),0,0,0,0
677,666,(1852,297),(1852,297),0,0,0,0
678,667,(1855,297),(1855,297),0,0,0,0
679,668,(1858,297),(1858,297),0,0,1,0
680,669,(1860,297),(1860,297),0,0,0,1
681,670,(1863,291),(1863,291),0,0,0,0
682,671,(1866,287),(1866,287),0,0,0,0
683,672,(1869,282),(1869,282),0,0,0,0
684,673,(1872,278),(1872,278),0,0,0,0
685,674,(1874,275),(1874,275),0,0,0,0
686,675,(1877,272),(1877,272),0,0,0,0
687,676,(1880,269),(1880,269),0,0,0,0
688,677,(1883,267),(1883,267),0,0,0,0
689,678,(1885,265),(1885,265),0,0,0,0
690,679,(1888,264),(1888,264),0,0,0,0
691,680,(1891,263),(1891,263),0,0,0,0
692,681,(1894,262),(1894,262),0,0,0,0
693,682,(1896,262),(1896,262),0,0,0,0
694,683,(1899,263),(1899,263),0,0,0,0
695,684,(1902,263),(1902,263),0,0,0,0
696,685,(1905,264),(1905,264),0,0,0,0
697,686,(1907,266),(1907,266),0,0,0,0
698,687,(1910,268),(1910,268),0,0,0,0
699,688,(1913,270),(1913,270),0,0,0,0
700,689,(1916,273),(1916,273),0,0,0,0
701,690,(1919,276),(1919,276),0,0,0,0
702,691,(1921,280),(1921,280),0,0,0,0
703,692,(1924,284),(1924,284),0,0,0,0
704,693,(1927,288),(1927,288),0,0,0,0
705,694,(1930,293),(1930,293),0,0,0,0
706,695,(1932,299),(1932,299),0,0,0,0
707,696,(1935,304),(1935,304),0,0,0,0
708,697,(1938,310),(1938,310),0,0,0,0
709,698,(1941,317),(1941,317),0,0,0,0
710,699,(1943,325),(1943,325),0,0,0,0
711,700,(1946,329),(1946,329),0,0,0,0
712,701,(1949,329),(1949,329),0,0,0,0
713,702,(1952,330),(1952,330),0,0,0,0
714,703,(1955,331),(1955,331),0,0,0,0
715,704,(1957,333),(1957,333),0,0,0,0
716,705,(1960,335),(1960,335),0,0,0,0
717,706,(1963,337),(1963,337),0,0,0,0
718,707,(1966,340),(1966,340),0,0,0,0
719,708,(1968,344),(1968,344),0,0,0,0
720,709,(1971,345),(1971,345),0,0,0,0
721,710,(1974,345),(1974,345),0,0,0,0
722,711,(1977,345),(1977,345),0,0,0,0
723,712,(1979,345),(1979,345),0,0,0,0
724,713,(1982,345),(1982,345),0,0,0,0
725,714,(1985,345),(1985,345),0,0,0,0
726,715,(1988,345),(1988,345),0,0,0,0
727,716,(1990,345),(1990,345),0,0,0,0
728,717,(1993,345),(1993,345),0,0,0,0
729,718,(1996,345),(1996,345),0,0,0,0
730,719,(1999,345),(1999,345),0,0,0,0
731,720,(2002,345),(2002,345),0,0,0,0
732,721,(2004,345),(2004,345),0,0,0,0
733,722,(2007,345),(2007,345),0,0,0,0
734,723,(2010,345),(2010,345),0,0,0,0
735,724,(2013,345),(2013,345),0,0,0,0
736,725,(2015,345),(2015,345),0,0,0,0
737,726,(2018,345),(2018,345),0,0,0,0
738,727,(2021,345),(2021,345),0,0,1,0
739,728,(2024,345),(2024,345),0,0,0,1
740,729,(2026,339),(2026,339),0,0,0,0
741,730,(2029,335),(2029,335),0,0,0,0
742,731,(2032,330),(2032,330),0,0,0,0
743,732,(2035,326),(2035,326),0,0,0,0
744,733,(2037,323),(2037,323),0,0,0,0
745,734,(2040,320),(2040,320),0,0,0,0
746,735,(2043,317),(2043,317),0,0,0,0
747,736,(2046,315),(2046,315),0,0,0,0
748,737,(2049,313),(2049,313),0,0,0,0
749,738,(2051,312),(2051,312),0,0,0,0
750,739,(2054,311),(2054,311),0,0,0,0
751,740,(2057,310),(2057,310),0,0,0,0
752,741,(2060,310),(2060,310),0,0,0,0
753,742,(2062,311),(2062,311),0,0,0,0
754,743,(2065,311),(2065,311),0,0,0,0
755,744,(2068,312),(2068,312),0,0,0,0
756,745,(2071,314),(2071,314),0,0,0,0
757,746,(2073,316),(2073,316),0,0,0,0
758,747,(2076,318),(2076,318),0,0,0,0
759,748,(2079,321),(2079,321),0,0,0,0
760,749,(2082,324),(2082,324),0,0,0,0
761,750,(2084,328),(2084,328),0,0,0,0
762,751,(2087,329),(2087,329),0,0,0,0
763,752,(2090,329),(2090,329),0,0,0,0
764,753,(2093,329),(2093,329),0,0,0,0
765,754,(2096,329),(2096,329),0,0,0,0
766,755,(2098,329),(2098,329),0,0,0,0
767,756,(2101,329),(2101,329),0,0,0,0
768,757,(2104,329),(2104,329),0,0,1,0
769,758,(2107,329),(2107,329),0,0,0,1
770,759,(2109,323),(2109,323),0,0,0,0
771,760,(2112,319),(2112,319),0,0,0,0
772,761,(2115,314),(2115,314),0,0,0,0
773,762,(2118,310),(2118,310),0,0,0,0
774,763,(2120,307),(2120,307),0,0,0,0
775,764,(2123,304),(2123,304),0,0,0,0
776,765,(2126,301),(2126,301),0,0,0,0
777,766,(2129,299),(2129,299),0,0,0,0
778,767,(2132,297),(2132,297),0,0,0,0
779,768,(2134,296),(2134,296),0,0,0,0
780,769,(2137,295),(2137,295),0,0,0,0
781,770,(2140,294),(2140,294),0,0,0,0
782,771,(2143,294),(2143,294),0,0,0,0
783,772,(2145,295),(2145,295),0,0,0,0
784,773,(2148,295),(2148,295),0,0,0,0
785,774,(2151,296),(2151,296),0,0,0,0
786,775,(2154,298),(2154,298),0,0,0,0
787,776,(2156,300),(2156,300),0,0,0,0
788,777,(2159,302),(2159,302),0,0,0,0
789,778,(2162,305),(2162,305),0,0,0,0
790,779,(2165,308),(2165,308),0,0,0,0
791,780,(2167,312),(2167,312),0,0,0,0
792,781,(2170,316),(2170,316),0,0,0,0
793,782,(2173,320),(2173,320),0,0,0,0
794,783,(2176,325),(2176,325),0,0,0,0
795,784,(2179,329),(2179,329),0,0,0,0
796,785,(2181,329),(2181,329),0,0,1,0
797,786,(2184,329),(2184,329),0,0,0,1
798,787,(2187,323),(2187,323),0,0,0,0
799,788,(2190,319),(2190,319),0,0,0,0
800,789,(2192,314),(2192,314),0,0,0,0
801,790,(2195,310),(2195,310),0,0,0,0
802,791,(2198,307),(2198,307),0,0,0,0
803,792,(2201,304),(2201,304),0,0,0,0
804,793,(2203,301),(2203,301),0,0,0,0
805,794,(2206,299),(2206,299),0,0,0,0
806,795,(2209,297),(2209,297),0,0,0,0
807,796,(2212,296),(2212,296),0,0,0,0
808,797,(2214,295),(2214,295),0,0,0,0
809,798,(2217,294),(2217,294),0,0,0,0
810,799,(2220,294),(2220,294),0,0,0,0
811,800,(2223,295),(2223,295),0,0,0,0
812,801,(2226,295),(2226,295),0,0,0,0
813,802,(2228,296),(2228,296),0,0,0,0
814,803,(2231,298),(2231,298),0,0,0,0
815,804,(2234,300),(2234,300),0,0,0,0
816,805,(2237,302),(2237,302),0,0,0,0
817,806,(2239,305),(2239,305),0,0,0,0
818,807,(2242,308),(2242,308),0,0,0,0
819,808,(2245,312),(2245,312),0,0,0,0
820,809,(2248,316),(2248,316),0,0,0,0
821,810,(2250,320),(2250,320),0,0,0,0
822,811,(2253,325),(2253,325),0,0,0,0
823,812,(2256,329),(2256,329),0,0,0,0
824,813,(2259,329),(2259,329),0,0,0,0
825,814,(2261,329),(2261,329),0,0,0,0
826,815,(2264,329),(2264,329),0,0,0,0
827,816,(2267,329),(2267,329),0,0,0,0
828,817,(2270,329),(2270,329),0,0,1,0
829,818,(2273,329),(2273,329),0,0,0,1
830,819,(2275,323),(2275,323),0,0,0,0
831,820,(2278,319),(2278,319),0,0,0,0
832,821,(2281,314),(2281,314),0,0,0,0
833,822,(2284,310),(2284,310),0,0,0,0
834,823,(2286,307),(2286,307),0,0,0,0
835,824,(2289,304),(2289,304),0,0,0,0
836,825,(2292,301),(2292,301),0,0,0,0
837,826,(2295,299),(2295,299),0,0,0,0
838,827,(2297,297),(2297,297),0,0,0,0
839,828,(2300,296),(2300,296),0,0,0,0
840,829,(2303,295),(2303,295),0,0,0,0
841,830,(2306,294),(2306,294),0,0,0,0
842,831,(2309,294),(2309,294),0,0,0,0
843,832,(2311,295),(2311,295),0,0,0,0
844,833,(2314,295),(2314,295),0,0,0,0
845,834,(2317,296),(2317,296),0,0,0,0
846,835,(2320,298),(2320,298),0,0,0,0
847,836,(2322,300),(2322,300),0,0,0,0
848,837,(2325,302),(2325,302),0,0,0,0
849,838,(2328,305),(2328,305),0,0,0,0
850,839,(2331,308),(2331,308),0,0,0,0
851,840,(2333,312),(2333,312),0,0,0,0
852,841,(2336,316),(2336,316),0,0,0,0
853,842,(2339,320),(2339,320),0,0,0,0
854,843,(2342,325),(2342,325),0,0,0,0
855,844,(2344,329),(2344,329),0,0,0,0
856,845,(2347,329),(2347,329),0,0,0,0
857,846,(2350,329),(2350,329),0,0,0,0
858,847,(2353,329),(2353,329),0,0,0,0
859,848,(2356,329),(2356,329),0,0,0,0
860,849,(2358,329),(2358,329),0,0,0,0
861,850,(2361,329),(2361,329),0,0,0,0
862,851,(2364,329),(2364,329),0,0,0,0
863,852,(2367,329),(2367,329),0,0,0,0
864,853,(2369,329),(2369,329),0,0,0,0
865,854,(2372,329),(2372,329),0,0,0,0
866,855,(2375,329),(2375,329),0,0,0,0
867,856,(2378,329),(2378,329),0,0,0,0
868,857,(2380,329),(2380,329),0,0,0,0
869,858,(2383,330),(2383,330),0,0,0,0
870,859,(2386,331),(2386,331),0,0,0,0
871,860,(2389,333),(2389,333),0,0,0,0
872,861,(2391,335),(2391,335),0,0,0,0
873,862,(2394,337),(2394,337),0,0,0,0
874,863,(2397,340),(2397,340),0,0,0,0
875,864,(2400,344),(2400,344),0,0,0,0
876,865,(2403,345),(2403,345),0,0,1,0
877,866,(2405,345),(2405,345),0,0,0,1
878,867,(2408,339),(2408,339),0,0,0,0
879,868,(2411,335),(2411,335),0,0,0,0
880,869,(2414,330),(2414,330),0,0,0,0
881,870,(2416,326),(2416,326),0,0,0,0
882,871,(2419,323),(2419,323),0,0,0,0
883,872,(2422,320),(2422,320),0,0,0,0
884,873,(2425,317),(2425,317),0,0,0,0
885,874,(2427,315),(2427,315),0,0,0,0
886,875,(2430,313),(2430,313),0,0,0,0
887,876,(2433,312),(2433,312),0,0,0,0
888,877,(2436,311),(2436,311),0,0,0,0
889,878,(2438,310),(2438,310),0,0,0,0
890,879,(2441,310),(2441,310),0,0,0,0
891,880,(2444,311),(2444,311),0,0,0,0
892,881,(2447,311),(2447,311),0,0,0,0
893,882,(2450,312),(2450,312),0,0,0,0
894,883,(2452,314),(2452,314),0,0,0,0
895,884,(2455,316),(2455,316),0,0,0,0
896,885,(2458,318),(2458,318),0,0,0,0
897,886,(2461,321),(2461,321),0,0,0,0
898,887,(2463,324),(2463,324),0,0,0,0
899,888,(2466,328),(2466,328),0,0,0,0
900,889,(2469,329),(2469,329),0,0,0,0
901,890,(2472,329),(2472,329),0,0,1,0
902,891,(2474,329),(2474,329),0,0,0,1
903,892,(2477,323),(2477,323),0,0,0,0
904,893,(2480,319),(2480,319),0,0,0,0
905,894,(2483,314),(2483,314),0,0,0,0
906,895,(2486,310),(2486,310),0,0,0,0
907,896,(2488,307),(2488,307),0,0,0,0
908,897,(2491,304),(2491,304),0,0,0,0
909,898,(2494,301),(2494,301),0,0,0,0
910,899,(2497,299),(2497,299),0,0,0,0
911,900,(2499,297),(2499,297),0,0,0,0
912,901,(2502,296),(2502,296),0,0,0,0
913,902,(2505,295),(2505,295),0,0,0,0
914,903,(2508,294),(2508,294),0,0,0,0
915,904,(2510,294),(2510,294),0,0,0,0
916,905,(2513,295),(2513,295),0,0,0,0
917,906,(2516,295),(2516,295),0,0,0,0
918,907,(2519,296),(2519,296),0,0,0,0
919,908,(2521,298),(2521,298),0,0,0,0
920,909,(2524,300),(2524,300),0,0,0,0
921,910,(2527,302),(2527,302),0,0,0,0
922,911,(2530,305),(2530,305),0,0,0,0
923,912,(2533,308),(2533,308),0,0,0,0
924,913,(2535,312),(2535,312),0,0,0,0
925,914,(2538,313),(2538,313),0,0,0,0
926,915,(2541,313),(2541,313),0,0,0,0
927,916,(2544,313),(2544,313),0,0,0,0
928,917,(2546,313),(2546,313),0,0,1,0
929,918,(2549,313),(2549,313),0,0,0,1
930,919,(2552,307),(2552,307),0,0,0,0
931,920,(2555,303),(2555,303),0,0,0,0
932,921,(2557,298),(2557,298),0,0,0,0
933,922,(2560,294),(2560,294),0,0,0,0
934,923,(2563,291),(2563,291),0,0,0,0
935,924,(2566,288),(2566,288),0,0,0,0
936,925,(2568,285),(2568,285),0,0,0,0
937,926,(2571,283),(2571,283),0,0,0,0
938,927,(2574,281),(2574,281),0,0,0,0
939,928,(2577,280),(2577,280),0,0,0,0
940,929,(2580,279),(2580,279),0,0,0,0
941,930,(2582,278),(2582,278),0,0,0,0
942,931,(2585,278),(2585,278),0,0,0,0
943,932,(2588,279),(2588,279),0,0,0,0
944,933,(2591,279),(2591,279),0,0,0,0
945,934,(2593,280),(2593,280),0,0,0,0
946,935,(2596,282),(2596,282),0,0,0,0
947,936,(2599,284),(2599,284),0,0,0,0
948,937,(2602,286),(2602,286),0,0,0,0
949,938,(2604,289),(2604,289),0,0,0,0
950,939,(2607,292),(2607,292),0,0,0,0
951,940,(2610,296),(2610,296),0,0,0,0
952,941,(2613,300),(2613,300),0,0,0,0
953,942,(2615,304),(2615,304),0,0,0,0
954,943,(2618,309),(2618,309),0,0,0,0
955,944,(2621,315),(2621,315),0,0,0,0
956,945,(2624,320),(2624,320),0,0,0,0
957,946,(2627,326),(2627,326),0,0,0,0
958,947,(2629,329),(2629,329),0,0,0,0
959,948,(2632,329),(2632,329),0,0,0,0
960,949,(2635,329),(2635,329),0,0,0,0
961,950,(2638,329),(2638,329),0,0,0,0
962,951,(2640,329),(2640,329),0,0,0,0
963,952,(2643,329),(2643,329),0,0,0,0
964,953,(2646,329),(2646,329),0,0,0,0
965,954,(2649,329),(2649,329),0,0,0,0
966,955,(2651,329),(2651,329),0,0,0,0
967,956,(2654,329),(2654,329),0,0,0,0
968,957,(2657,329),(2657,329),0,0,1,0
969,958,(2660,329),(2660,329),0,0,0,1
970,959,(2663,323),(2663,323),0,0,0,0
971,960,(2665,319),(2665,319),0,0,0,0
972,961,(2668,314),(2668,314),0,0,0,0
973,962,(2671,310),(2671,310),0,0,0,0
974,963,(2674,307),(2674,307),0,0,0,0
975,964,(2676,304),(2676,304),0,0,0,0
976,965,(2679,301),(2679,301),0,0,0,0
977,966,(2682,299),(2682,299),0,0,0,0
978,967,(2685,297),(2685,297),0,0,0,0
979,968,(2687,296),(2687,296),0,0,0,0
980,969,(2690,295),(2690,295),0,0,0,0
981,970,(2693,294),(2693,294),0,0,0,0
982,971,(2696,294),(2696,294),0,0,0,0
983,972,(2698,295),(2698,295),0,0,0,0
984,973,(2701,295),(2701,295),0,0,0,0
985,974,(2704,296),(2704,296),0,0,0,0
986,975,(2707,297),(2707,297),0,0,0,0
987,976,(2710,297),(2710,297),0,0,0,0
988,977,(2712,297),(2712,297),0,0,0,0
989,978,(2715,297),(2715,297),0,0,0,0
990,979,(2718,297),(2718,297),0,0,0,0
991,980,(2721,297),(2721,297),0,0,0,0
992,981,(2723,297),(2723,297),0,0,0,0
993,982,(2726,297),(2726,297),0,0,0,0
994,983,(2729,297),(2729,297),0,0,0,0
995,984,(2732,297),(2732,297),0,0,0,0
996,985,(2734,297),(2734,297),0,0,0,0
997,986,(2737,297),(2737,297),0,0,0,0
998,987,(2740,297),(2740,297),0,0,0,0
999,988,(2743,297),(2743,297),0,0,1,0
1000,989,(2745,297),(2745,297),0,0,0,1
1001,990,(2748,291),(2748,291),0,0,0,0
1002,991,(2751,287),(2751,287),0,0,0,0
1003,992,(2754,282),(2754,282),0,0,0,0
1004,993,(2757,278),(2757,278),0,0,0,0
1005,994,(2759,275),(2759,275),0,0,0,0
1006,995,(2762,272),(2762,272),0,0,0,0
1007,996,(2765,269),(2765,269),0,0,0,0
1008,997,(2768,267),(2768,267),0,0,0,0
1009,998,(2770,265),(2770,265),0,0,0,0
1010,999,(2773,264),(2773,264),0,0,0,0
1011,1000,(2776,263),(2776,263),0,0,0,0
1012,1001,(2779,262),(2779,262),0,0,0,0
1013,1002,(2781,262),(2781,262),0,0,0,0
1014,1003,(2784,263),(2784,263),0,0,0,0
1015,1004,(2787,263),(2787,263),0,0,0,0
1016,1005,(2790,264),(2790,264),0,0,0,0
1017,1006,(2792,266),(2792,266),0,0,0,0
1018,1007,(2795,268),(2795,268),0,0,0,0
1019,1008,(2798,270),(2798,270),0,0,0,0
1020,1009,(2801,273),(2801,273),0,0,0,0
1021,1010,(2804,276),(2804,276),0,0,0,0
1022,1011,(2806,280),(2806,280),0,0,0,0
1023,1012,(2809,284),(2809,284),0,0,0,0
1024,1013,(2812,288),(2812,288),0,0,0,0
1025,1014,(2815,293),(2815,293),0,0,0,0
1026,1015,(2817,299),(2817,299),0,0,0,0
1027,1016,(2820,304),(2820,304),0,0,0,0
1028,1017,(2823,310),(2823,310),0,0,1,0
1029,1018,(2826,313),(2826,313),0,0,0,1
1030,1019,(2828,307),(2828,307),0,0,0,0
1031,1020,(2831,303),(2831,303),0,0,0,0
1032,1021,(2834,298),(2834,298),0,0,0,0
1033,1022,(2837,294),(2837,294),0,0,0,0
1034,1023,(2840,291),(2840,291),0,0,0,0
1035,1024,(2842,288),(2842,288),0,0,0,0
1036,1025,(2845,285),(2845,285),0,0,0,0
1037,1026,(2848,283),(2848,283),0,0,0,0
1038,1027,(2851,281),(2851,281),0,0,0,0
1039,1028,(2853,280),(2853,280),0,0,0,0
1040,1029,(2856,279),(2856,279),0,0,0,0
1041,1030,(2859,278),(2859,278),0,0,0,0
1042,1031,(2862,278),(2862,278),0,0,0,0
1043,1032,(2864,279),(2864,279),0,0,0,0
1044,1033,(2867,279),(2867,279),0,0,0,0
1045,1034,(2870,280),(2870,280),0,0,0,0
1046,1035,(2873,282),(2873,282),0,0,0,0
1047,1036,(2875,284),(2875,284),0,0,0,0
1048,1037,(2878,286),(2878,286),0,0,0,0
1049,1038,(2881,289),(2881,289),0,0,0,0
1050,1039,(2884,292),(2884,292),0,0,0,0
1051,1040,(2887,296),(2887,296),0,0,0,0
1052,1041,(2889,297),(2889,297),0,0,0,0
1053,1042,(2892,297),(2892,297),0,0,0,0
1054,1043,(2895,297),(2895,297),0,0,0,0
1055,1044,(2898,297),(2898,297),0,0,0,0
1056,1045,(2900,297),(2900,297),0,0,0,0
1057,1046,(2903,297),(2903,297),0,0,0,0
1058,1047,(2906,297),(2906,297),0,0,0,0
1059,1048,(2909,297),(2909,297),0,0,0,0
1060,1049,(2911,298),(2911,298),0,0,0,0
1061,1050,(2914,299),(2914,299),0,0,0,0
1062,1051,(2917,301),(2917,301),0,0,0,0
1063,1052,(2920,303),(2920,303),0,0,0,0
1064,1053,(2922,305),(2922,305),0,0,0,0
1065,1054,(2925,308),(2925,308),0,0,0,0
1066,1055,(2928,312),(2928,312),0,0,0,0
1067,1056,(2931,315),(2931,315),0,0,0,0
1068,1057,(2934,319),(2934,319),0,0,0,0
1069,1058,(2936,324),(2936,324),0,0,0,0
1070,1059,(2939,329),(2939,329),0,0,0,0
1071,1060,(2942,329),(2942,329),0,0,0,0
1072,1061,(2945,329),(2945,329),0,0,0,0
1073,1062,(2947,329),(2947,329),0,0,0,0
1074,1063,(2950,329),(2950,329),0,0,0,0
1075,1064,(2953,329),(2953,329),0,0,0,0
1076,1065,(2956,329),(2956,329),0,0,0,0
1077,1066,(2958,329),(2958,329),0,0,0,0
1078,1067,(2961,329),(2961,329),0,0,0,0
1079,1068,(2964,329),(2964,329),0,0,0,0
1080,1069,(2967,329),(2967,329),0,0,0,0
1081,1070,(2969,329),(2969,329),0,0,0,0
1082,1071,(2972,329),(2972,329),0,0,0,0
1083,1072,(2975,329),(2975,329),0,0,0,0
1084,1073,(2978,329),(2978,329),0,0,0,0
1085,1074,(2981,329),(2981,329),0,0,0,0
1086,1075,(2983,329),(2983,329),0,0,0,0
1087,1076,(2986,329),(2986,329),0,0,0,0
1088,1077,(2989,329),(2989,329),0,0,0,0
1089,1078,(2992,330),(2992,330),0,0,0,0
1090,1079,(2994,331),(2994,331),0,0,0,0
1091,1080,(2997,333),(2997,333),0,0,0,0
1092,1081,(3000,335),(3000,335),0,0,0,0
1093,1082,(3003,337),(3003,337),0,0,0,0
1094,1083,(3005,340),(3005,340),0,0,0,0
1095,1084,(3008,344),(3008,344),0,0,0,0
1096,1085,(3011,345),(3011,345),0,0,0,0
1097,1086,(3014,345),(3014,345),0,0,0,0
1098,1087,(3017,345),(3017,345),0,0,0,0
1099,1088,(3019,345),(3019,345),0,0,0,0
1100,1089,(3022,345),(3022,345),0,0,0,0
1101,1090,(3025,345),(3025,345),0,0,0,0
1102,1091,(3028,345),(3028,345),0,0,0,0
1103,1092,(3030,345),(3030,345),0,0,0,0
1104,1093,(3033,345),(3033,345),0,0,0,0
1105,1094,(3036,345),(3036,345),0,0,0,0
1106,1095,(3039,346),(3039,346),0,0,0,0
1107,1096,(3041,347),(3041,347),0,0,0,0
1108,1097,(3044,349),(3044,349),0,0,0,0
1109,1098,(3047,351),(3047,351),0,0,0,0
1110,1099,(3050,353),(3050,353),0,0,0,0
1111,1100,(3052,356),(3052,356),0,0,0,0
1112,1101,(3055,360),(3055,360),0,0,0,0
1113,1102,(3058,361),(3058,361),0,0,0,0
1114,1103,(3061,361),(3061,361),0,0,0,0
1115,1104,(3064,361),(3064,361),0,0,0,0
1116,1105,(3066,361),(3066,361),0,0,0,0
1117,1106,(3069,361),(3069,361),0,0,0,0
1118,1107,(3072,361),(3072,361),0,0,0,0
1119,1108,(3075,361),(3075,361),0,0,0,0
1120,1109,(3077,361),(3077,361),0,0,0,0
1121,1110,(3080,361),(3080,361),0,0,0,0
1122,1111,(3083,361),(3083,361),0,0,0,0
1123,1112,(3086,361),(3086,361),0,0,0,0
1124,1113,(3088,361),(3088,361),0,0,0,0
1125,1114,(3091,361),(3091,361),0,0,0,0
1126,1115,(3094,361),(3094,361),0,0,0,0
1127,1116,(3097,361),(3097,361),0,0,0,0
1128,1117,(3099,361),(3099,361),0,0,0,0
1129,1118,(3102,361),(3102,361),0,0,0,0
1130,1119,(3105,361),(3105,361),0,0,0,0
1131,1120,(3108,361),(3108,361),0,0,0,0
1132,1121,(3111,361),(3111,361),0,0,0,0
1133,1122,(3113,361),(3113,361),0,0,0,0
1134,1123,(3116,361),(3116,361),0,0,0,0
1135,1124,(3119,362),(3119,362),0,0,0,0
1136,1125,(3122,363),(3122,363),0,0,0,0
1137,1126,(3124,365),(3124,365),0,0,0,0
1138,1127,(3127,367),(3127,367),0,0,0,0
1139,1128,(3130,369),(3130,369),0,0,0,0
1140,1129,(3133,372),(3133,372),0,0,0,0
1141,1130,(3135,376),(3135,376),0,0,0,0
1142,1131,(3138,368),(3138,368),0,0,0,0
1143,1132,(3141,361),(3141,361),0,0,0,0
1144,1133,(3144,355),(3144,355),0,0,0,0
1145,1134,(3146,349),(3146,349),0,0,0,0
1146,1135,(3149,343),(3149,343),0,0,0,0
1147,1136,(3152,338),(3152,338),0,0,0,0
1148,1137,(3155,333),(3155,333),0,0,0,0
1149,1138,(3158,329),(3158,329),0,0,0,0
1150,1139,(3160,325),(3160,325),0,0,0,0
1151,1140,(3163,321),(3163,321),0,0,0,0
1152,1141,(3166,318),(3166,318),0,0,0,0
1153,1142,(3169,315),(3169,315),0,0,0,0
1154,1143,(3171,313),(3171,313),0,0,0,0
1155,1144,(3174,311),(3174,311),0,0,0,0
1156,1145,(3177,309),(3177,309),0,0,0,0
1157,1146,(3180,308),(3180,308),0,0,0,0
1158,1147,(3182,308),(3182,308),0,0,0,0
1159,1148,(3185,308),(3185,308),0,0,0,0
1160,1149,(3188,308),(3188,308),0,0,0,0
1161,1150,(3191,308),(3191,308),0,0,0,0
1162,1151,(3194,309),(3194,309),0,0,0,0
1163,1152,(3196,311),(3196,311),0,0,0,0
1164,1153,(3199,313),(3199,313),0,0,0,0
1165,1154,(3202,315),(3202,315),0,0,0,0
1166,1155,(3205,318),(3205,318),0,0,0,0
1167,1156,(3207,321),(3207,321),0,0,0,0
1168,1157,(3210,324),(3210,324),0,0,0,0
1169,1158,(3213,328),(3213,328),0,0,0,0
1170,1159,(3216,333),(3216,333),0,0,0,0
1171,1160,(3218,337),(3218,337),0,0,0,0
1172,1161,(3221,343),(3221,343),0,0,0,0
1173,1162,(3224,348),(3224,348),0,0,0,0
1174,1163,(3227,354),(3227,354),0,0,0,0
1175,1164,(3229,361),(3229,361),0,0,0,0
1176,1165,(3232,361),(3232,361),0,0,0,0
1177,1166,(3235,361),(3235,361),0,0,0,0
1178,1167,(3238,361),(3238,361),0,0,0,0
1179,1168,(3241,361),(3241,361),0,0,0,0
1180,1169,(3243,361),(3243,361),0,0,1,0
1181,1170,(3246,361),(3246,361),0,0,0,1
1182,1171,(3249,355),(3249,355),0,0,0,0
1183,1172,(3252,351),(3252,351),0,0,0,0
1184,1173,(3254,346),(3254,346),0,0,0,0
1185,1174,(3257,342),(3257,342),0,0,0,0
1186,1175,(3260,339),(3260,339),0,0,0,0
1187,1176,(3263,336),(3263,336),0,0,0,0
1188,1177,(3265,333),(3265,333),0,0,0,0
1189,1178,(3268,331),(3268,331),0,0,0,0
1190,1179,(3271,329),(3271,329),0,0,0,0
1191,1180,(3274,328),(3274,328),0,0,0,0
1192,1181,(3276,327),(3276,327),0,0,0,0
1193,1182,(3279,326),(3279,326),0,0,0,0
1194,1183,(3282,326),(3282,326),0,0,0,0
1195,1184,(3285,327),(3285,327),0,0,0,0
1196,1185,(3288,327),(3288,327),0,0,0,0
1197,1186,(3290,328),(3290,328),0,0,0,0
1198,1187,(3293,330),(3293,330),0,0,0,0
1199,1188,(3296,332),(3296,332),0,0,0,0
1200,1189,(3299,334),(3299,334),0,0,0,0
1201,1190,(3301,337),(3301,337),0,0,0,0
1202,1191,(3304,340),(3304,340),0,0,0,0
1203,1192,(3307,344),(3307,344),0,0,0,0
1204,1193,(3310,345),(3310,345),0,0,1,0
1205,1194,(3312,345),(3312,345),0,0,0,1
1206,1195,(3315,339),(3315,339),0,0,0,0
1207,1196,(3318,335),(3318,335),0,0,0,0
1208,1197,(3321,330),(3321,330),0,0,0,0
1209,1198,(3323,326),(3323,326),0,0,0,0
1210,1199,(3326,323),(3326,323),0,0,0,0
1211,1200,(3329,320),(3329,320),0,0,0,0
1212,1201,(3332,317),(3332,317),0,0,0,0
1213,1202,(3335,315),(3335,315),0,0,0,0
1214,1203,(3337,313),(3337,313),0,0,0,0
1215,1204,(3340,312),(3340,312),0,0,0,0
1216,1205,(3343,311),(3343,311),0,0,0,0
1217,1206,(3346,310),(3346,310),0,0,0,0
1218,1207,(3348,310),(3348,310),0,0,0,0
1219,1208,(3351,311),(3351,311),0,0,0,0
1220,1209,(3354,311),(3354,311),0,0,0,0
1221,1210,(3357,312),(3357,312),0,0,0,0
1222,1211,(3359,313),(3359,313),0,0,0,0
1223,1212,(3362,313),(3362,313),0,0,0,0
1224,1213,(3365,313),(3365,313),0,0,0,0
1225,1214,(3368,313),(3368,313),0,0,0,0
1226,1215,(3371,313),(3371,313),0,0,0,0
1227,1216,(3373,313),(3373,313),0,0,0,0
1228,1217,(3376,313),(3376,313),0,0,0,0
1229,1218,(3379,313),(3379,313),0,0,0,0
1230,1219,(3382,313),(3382,313),0,0,0,0
1231,1220,(3384,313),(3384,313),0,0,0,0
1232,1221,(3387,313),(3387,313),0,0,0,0
1233,1222,(3390,314),(3390,314),0,0,0,0
1234,1223,(3393,315),(3393,315),0,0,0,0
1235,1224,(3395,317),(3395,317),0,0,0,0
1236,1225,(3398,319),(3398,319),0,0,0,0
1237,1226,(3401,321),(3401,321),0,0,0,0
1238,1227,(3404,324),(3404,324),0,0,0,0
1239,1228,(3406,328),(3406,328),0,0,0,0
1240,1229,(3409,329),(3409,329),0,0,0,0
1241,1230,(3412,329),(3412,329),0,0,1,0
1242,1231,(3415,329),(3415,329),0,0,0,1
1243,1232,(3418,323),(3418,323),0,0,0,0
1244,1233,(3420,319),(3420,319),0,0,0,0
1245,1234,(3423,314),(3423,314),0,0,0,0
1246,1235,(3426,310),(3426,310),0,0,0,0
1247,1236,(3429,307),(3429,307),0,0,0,0
1248,1237,(3431,304),(3431,304),0,0,0,0
1249,1238,(3434,301),(3434,301),0,0,0,0
1250,1239,(3437,299),(3437,299),0,0,0,0
1251,1240,(3440,297),(3440,297),0,0,0,0
1252,1241,(3442,296),(3442,296),0,0,0,0
1253,1242,(3445,295),(3445,295),0,0,0,0
1254,1243,(3448,294),(3448,294),0,0,0,0
1255,1244,(3451,294),(3451,294),0,0,0,0
1256,1245,(3453,281),(3453,281),0,0,0,0
1257,1246,(3456,281),(3456,281),0,0,0,0
1258,1247,(3459,281),(3459,281),0,0,0,0
1259,1248,(3462,281),(3462,281),0,0,0,0
1260,1249,(3465,281),(3465,281),0,0,0,0
1261,1250,(3467,281),(3467,281),0,0,0,0
1262,1251,(3470,281),(3470,281),0,0,0,0
1263,1252,(3473,281),(3473,281),0,0,0,0
1264,1253,(3476,281),(3476,281),0,0,0,0
1265,1254,(3478,281),(3478,281),0,0,0,0
1266,1255,(3481,281),(3481,281),0,0,0,0
1267,1256,(3484,281),(3484,281),0,0,1,0
1268,1257,(3487,281),(3487,281),0,0,0,1
1269,1258,(3489,275),(3489,275),0,0,0,0
1270,1259,(3492,271),(3492,271),0,0,0,0
1271,1260,(3495,266),(3495,266),0,0,0,0
1272,1261,(3498,262),(3498,262),0,0,0,0
1273,1262,(3500,259),(3500,259),0,0,0,0
1274,1263,(3503,256),(3503,256),0,0,0,0
1275,1264,(3506,253),(3506,253),0,0,0,0
1276,1265,(3509,251),(3509,251),0,0,0,0
1277,1266,(3512,249),(3512,249),0,0,0,0
1278,1267,(3514,248),(3514,248),0,0,0,0
1279,1268,(3517,247),(3517,247),0,0,0,0
1280,1269,(3520,246),(3520,246),0,0,0,0
1281,1270,(3523,246),(3523,246),0,0,0,0
1282,1271,(3525,246),(3525,246),0,0,0,0
1283,1272,(3528,246),(3528,246),0,0,0,0
1284,1273,(3531,248),(3531,248),0,0,0,0
1285,1274,(3534,249),(3534,249),0,0,0,0
1286,1275,(3536,251),(3536,251),0,0,0,0
1287,1276,(3539,254),(3539,254),0,0,0,0
1288,1277,(3542,256),(3542,256),0,0,0,0
1289,1278,(3545,260),(3545,260),0,0,0,0
1290,1279,(3548,263),(3548,263),0,0,1,0
1291,1280,(3550,265),(3550,265),0,0,0,1
1292,1281,(3553,259),(3553,259),0,0,0,0
1293,1282,(3556,255),(3556,255),0,0,0,0
1294,1283,(3559,250),(3559,250),0,0,0,0
1295,1284,(3561,246),(3561,246),0,0,0,0
1296,1285,(3564,244),(3564,244),0,0,0,0
1297,1286,(3567,241),(3567,241),0,0,0,0
1298,1287,(3570,238),(3570,238),0,0,0,0
1299,1288,(3572,236),(3572,236),0,0,0,0
1300,1289,(3575,234),(3575,234),0,0,0,0
1301,1290,(3578,233),(3578,233),0,0,0,0
1302,1291,(3581,232),(3581,232),0,0,0,0
1303,1292,(3583,231),(3583,231),0,0,0,0
1304,1293,(3586,231),(3586,231),0,0,0,0
1305,1294,(3589,231),(3589,231),0,0,0,0
1306,1295,(3592,231),(3592,231),0,0,0,0
1307,1296,(3595,233),(3595,233),0,0,0,0
1308,1297,(3597,234),(3597,234),0,0,0,0
1309,1298,(3600,236),(3600,236),0,0,0,0
1310,1299,(3603,239),(3603,239),0,0,0,0
1311,1300,(3606,241),(3606,241),0,0,0,0
1312,1301,(3608,245),(3608,245),0,0,0,0
1313,1302,(3611,248),(3611,248),0,0,0,0
1314,1303,(3614,252),(3614,252),0,0,0,0
1315,1304,(3617,257),(3617,257),0,0,0,0
1316,1305,(3619,262),(3619,262),0,0,0,0
1317,1306,(3622,267),(3622,267),0,0,0,0
1318,1307,(3625,273),(3625,273),0,0,0,0
1319,1308,(3628,279),(3628,279),0,0,0,0
1320,1309,(3630,285),(3630,285),0,0,0,0
1321,1310,(3633,292),(3633,292),0,0,0,0
1322,1311,(3636,300),(3636,300),0,0,0,0
1323,1312,(3639,307),(3639,307),0,0,0,0
1324,1313,(3642,314),(3642,314),0,0,0,0
1325,1314,(3644,321),(3644,321),0,0,0,0
1326,1315,(3647,329),(3647,329),0,0,0,0
1327,1316,(3650,336),(3650,336),0,0,0,0
1328,1317,(3653,343),(3653,343),0,0,0,0
1329,1318,(3655,350),(3655,350),0,0,0,0
1330,1319,(3658,358),(3658,358),0,0,0,0
1331,1320,(3661,361),(3661,361),0,0,1,0
1332,1321,(3664,361),(3664,361),0,0,0,1
1333,1322,(3666,355),(3666,355),0,0,0,0
1334,1323,(3669,351),(3669,351),0,0,0,0
1335,1324,(3672,346),(3672,346),0,0,0,0
1336,1325,(3675,342),(3675,342),0,0,0,0
1337,1326,(3677,339),(3677,339),0,0,0,0
1338,1327,(3680,336),(3680,336),0,0,0,0
1339,1328,(3683,333),(3683,333),0,0,0,0
1340,1329,(3686,331),(3686,331),0,0,0,0
1341,1330,(3689,329),(3689,329),0,0,0,0
1342,1331,(3691,328),(3691,328),0,0,0,0
1343,1332,(3694,327),(3694,327),0,0,0,0
1344,1333,(3697,326),(3697,326),0,0,0,0
1345,1334,(3700,326),(3700,326),0,0,0,0
1346,1335,(3702,327),(3702,327),0,0,0,0
1347,1336,(3705,327),(3705,327),0,0,0,0
1348,1337,(3708,328),(3708,328),0,0,0,0
1349,1338,(3711,330),(3711,330),0,0,0,0
1350,1339,(3713,332),(3713,332),0,0,0,0
1351,1340,(3716,334),(3716,334),0,0,0,0
1352,1341,(3719,337),(3719,337),0,0,0,0
1353,1342,(3722,340),(3722,340),0,0,0,0
1354,1343,(3725,344),(3725,344),0,0,1,0
1355,1344,(3727,345),(3727,345),0,0,0,1
1356,1345,(3730,339),(3730,339),0,0,0,0
1357,1346,(3733,335),(3733,335),0,0,0,0
1358,1347,(3736,330),(3736,330),0,0,0,0
1359,1348,(3738,326),(3738,326),0,0,0,0
1360,1349,(3741,323),(3741,323),0,0,0,0
1361,1350,(3744,320),(3744,320),0,0,0,0
1362,1351,(3747,317),(3747,317),0,0,0,0
1363,1352,(3749,315),(3749,315),0,0,0,0
1364,1353,(3752,313),(3752,313),0,0,0,0
1365,1354,(3755,312),(3755,312),0,0,0,0
1366,1355,(3758,311),(3758,311),0,0,0,0
1367,1356,(3760,310),(3760,310),0,0,0,0
1368,1357,(3763,310),(3763,310),0,0,0,0
1369,1358,(3766,311),(3766,311),0,0,0,0
1370,1359,(3769,311),(3769,311),0,0,0,0
1371,1360,(3772,312),(3772,312),0,0,0,0
1372,1361,(3774,314),(3774,314),0,0,0,0
1373,1362,(3777,316),(3777,316),0,0,0,0
1374,1363,(3780,318),(3780,318),0,0,0,0
1375,1364,(3783,321),(3783,321),0,0,0,0
1376,1365,(3785,324),(3785,324),0,0,0,0
1377,1366,(3788,328),(3788,328),0,0,1,0
1378,1367,(3791,329),(3791,329),0,0,0,1
1379,1368,(3794,323),(3794,323),0,0,0,0
1380,1369,(3796,319),(3796,319),0,0,0,0
1381,1370,(3799,314),(3799,314),0,0,0,0
1382,1371,(3802,310),(3802,310),0,0,0,0
1383,1372,(3805,307),(3805,307),0,0,0,0
1384,1373,(3807,304),(3807,304),0,0,0,0
1385,1374,(3810,301),(3810,301),0,0,0,0
1386,1375,(3813,299),(3813,299),0,0,0,0
1387,1376,(3816,297),(3816,297),0,0,0,0
1388,1377,(3819,296),(3819,296),0,0,0,0
1389,1378,(3821,295),(3821,295),0,0,0,0
1390,1379,(3824,294),(3824,294),0,0,0,0
1391,1380,(3827,294),(3827,294),0,0,0,0
1392,1381,(3830,295),(3830,295),0,0,0,0
1393,1382,(3832,295),(3832,295),0,0,0,0
1394,1383,(3835,296),(3835,296),0,0,0,0
1395,1384,(3838,298),(3838,298),0,0,0,0
1396,1385,(3841,300),(3841,300),0,0,0,0
1397,1386,(3843,302),(3843,302),0,0,0,0
1398,1387,(3846,305),(3846,305),0,0,0,0
1399,1388,(3849,308),(3849,308),0,0,0,0
1400,1389,(3852,312),(3852,312),0,0,0,0
1401,1390,(3854,316),(3854,316),0,0,0,0
1402,1391,(3857,320),(3857,320),0,0,0,0
1403,1392,(3860,325),(3860,325),0,0,1,0
1404,1393,(3863,329),(3863,329),0,0,0,1
1405,1394,(3866,323),(3866,323),0,0,0,0
1406,1395,(3868,319),(3868,319),0,0,0,0
1407,1396,(3871,314),(3871,314),0,0,0,0
1408,1397,(3874,310),(3874,310),0,0,0,0
1409,1398,(3877,307),(3877,307),0,0,0,0
1410,1399,(3879,304),(3879,304),0,0,0,0
1411,1400,(3882,301),(3882,301),0,0,0,0
1412,1401,(3885,299),(3885,299),0,0,0,0
1413,1402,(3888,297),(3888,297),0,0,0,0
1414,1403,(3890,296),(3890,296),0,0,0,0
1415,1404,(3893,295),(3893,295),0,0,0,0
1416,1405,(3896,294),(3896,294),0,0,0,0
1417,1406,(3899,294),(3899,294),0,0,0,0
1418,1407,(3902,295),(3902,295),0,0,0,0
1419,1408,(3904,295),(3904,295),0,0,0,0
1420,1409,(3907,296),(3907,296),0,0,0,0
1421,1410,(3910,298),(3910,298),0,0,0,0
1422,1411,(3913,300),(3913,300),0,0,0,0
1423,1412,(3915,302),(3915,302),0,0,0,0
1424,1413,(3918,305),(3918,305),0,0,0,0
1425,1414,(3921,308),(3921,308),0,0,0,0
1426,1415,(3924,312),(3924,312),0,0,0,0
1427,1416,(3926,313),(3926,313),0,0,1,0
1428,1417,(3929,313),(3929,313),0,0,0,1
1429,1418,(3932,307),(3932,307),0,0,0,0
1430,1419,(3935,303),(3935,303),0,0,0,0
1431,1420,(3937,298),(3937,298),0,0,0,0
1432,1421,(3940,294),(3940,294),0,0,0,0
1433,1422,(3943,291),(3943,291),0,0,0,0
1434,1423,(3946,288),(3946,288),0,0,0,0
1435,1424,(3949,285),(3949,285),0,0,0,0
1436,1425,(3951,283),(3951,283),0,0,0,0
1437,1426,(3954,281),(3954,281),0,0,0,0
1438,1427,(3957,280),(3957,280),0,0,0,0
1439,1428,(3960,279),(3960,279),0,0,0,0
1440,1429,(3962,278),(3962,278),0,0,0,0
1441,1430,(3965,278),(3965,278),0,0,0,0
1442,1431,(3968,279),(3968,279),0,0,0,0
1443,1432,(3971,279),(3971,279),0,0,0,0
1444,1433,(3973,280),(3973,280),0,0,0,0
1445,1434,(3976,282),(3976,282),0,0,0,0
1446,1435,(3979,284),(3979,284),0,0,0,0
1447,1436,(3982,286),(3982,286),0,0,0,0
1448,1437,(3984,289),(3984,289),0,0,0,0
1449,1438,(3987,292),(3987,292),0,0,0,0
1450,1439,(3990,296),(3990,296),0,0,0,0
1451,1440,(3993,300),(3993,300),0,0,0,0
1452,1441,(3996,297),(3996,297),0,0,0,0
1453,1442,(3998,297),(3998,297),0,0,0,0
1454,1443,(4001,297),(4001,297),0,0,0,0
1455,1444,(4004,297),(4004,297),0,0,0,0
1456,1445,(4007,297),(4007,297),0,0,0,0
1457,1446,(4009,297),(4009,297),0,0,0,0
1458,1447,(4012,297),(4012,297),0,0,0,0
1459,1448,(4015,297),(4015,297),0,0,0,0
1460,1449,(4018,297),(4018,297),0,0,0,0
1461,1450,(4020,297),(4020,297),0,0,0,0
1462,1451,(4023,297),(4023,297),0,0,0,0
1463,1452,(4026,297),(4026,297),0,0,0,0
1464,1453,(4029,297),(4029,297),0,0,0,0
1465,1454,(4031,298),(4031,298),0,0,0,0
1466,1455,(4034,299),(4034,299),0,0,0,0
1467,1456,(4037,301),(4037,301),0,0,0,0
1468,1457,(4040,303),(4040,303),0,0,0,0
1469,1458,(4043,305),(4043,305),0,0,0,0
1470,1459,(4045,308),(4045,308),0,0,0,0
1471,1460,(4048,312),(4048,312),0,0,0,0
1472,1461,(4051,313),(4051,313),0,0,0,0
1473,1462,(4054,313),(4054,313),0,0,0,0
1474,1463,(4056,313),(4056,313),0,0,0,0
1475,1464,(4059,313),(4059,313),0,0,0,0
1476,1465,(4062,313),(4062,313),0,0,0,0
1477,1466,(4065,313),(4065,313),0,0,0,0
1478,1467,(4067,313),(4067,313),0,0,0,0
1479,1468,(4070,313),(4070,313),0,0,0,0
1480,1469,(4073,313),(4073,313),0,0,1,0
1481,1470,(4076,313),(4076,313),0,0,0,1
1482,1471,(4079,307),(4079,307),0,0,0,0
1483,1472,(4081,303),(4081,303),0,0,0,0
1484,1473,(4084,298),(4084,298),0,0,0,0
1485,1474,(4087,294),(4087,294),0,0,0,0
1486,1475,(4090,291),(4090,291),0,0,0,0
1487,1476,(4092,288),(4092,288),0,0,0,0
1488,1477,(4095,285),(4095,285),0,0,0,0
1489,1478,(4098,283),(4098,283),0,0,0,0
1490,1479,(4101,281),(4101,281),0,0,0,0
1491,1480,(4103,280),(4103,280),0,0,0,0
1492,1481,(4106,279),(4106,279),0,0,0,0
1493,1482,(4109,278),(4109,278),0,0,0,0
1494,1483,(4112,278),(4112,278),0,0,0,0
1495,1484,(4114,279),(4114,279),0,0,0,0
1496,1485,(4117,279),(4117,279),0,0,0,0
1497,1486,(4120,280),(4120,280),0,0,0,0
1498,1487,(4123,282),(4123,282),0,0,0,0
1499,1488,(4126,284),(4126,284),0,0,0,0
1500,1489,(4128,286),(4128,286),0,0,0,0
1501,1490,(4131,289),(4131,289),0,0,0,0
1502,1491,(4134,292),(4134,292),0,0,0,0
1503,1492,(4137,296),(4137,296),0,0,1,0
1504,1493,(4139,291),(4139,291),0,0,0,1
1505,1494,(4142,286),(4142,286),0,0,0,0
1506,1495,(4145,282),(4145,282),0,0,0,0
1507,1496,(4148,278),(4148,278),0,0,0,0
1508,1497,(4150,274),(4150,274),0,0,0,0
1509,1498,(4153,271),(4153,271),0,0,0,0
1510,1499,(4156,269),(4156,269),0,0,0,0
1511,1500,(4159,266),(4159,266),0,0,0,0
1512,1501,(4161,265),(4161,265),0,0,0,0
1513,1502,(4164,263),(4164,263),0,0,0,0
1514,1503,(4167,262),(4167,262),0,0,0,0
1515,1504,(4170,262),(4170,262),0,0,0,0
1516,1505,(4173,262),(4173,262),0,0,0,0
1517,1506,(4175,262),(4175,262),0,0,0,0
1518,1507,(4178,262),(4178,262),0,0,0,0
1519,1508,(4181,264),(4181,264),0,0,0,0
1520,1509,(4184,265),(4184,265),0,0,0,0
1521,1510,(4186,267),(4186,267),0,0,0,0
1522,1511,(4189,270),(4189,270),0,0,0,0
1523,1512,(4192,272),(4192,272),0,0,0,0
1524,1513,(4195,276),(4195,276),0,0,0,0
1525,1514,(4197,279),(4197,279),0,0,0,0
1526,1515,(4200,283),(4200,283),0,0,0,0
1527,1516,(4203,288),(4203,288),0,0,0,0
1528,1517,(4206,293),(4206,293),0,0,0,0
1529,1518,(4208,297),(4208,297),0,0,0,0
1530,1519,(4211,297),(4211,297),0,0,0,0
1531,1520,(4214,297),(4214,297),0,0,0,0
1532,1521,(4217,297),(4217,297),0,0,0,0
1533,1522,(4220,297),(4220,297),0,0,0,0
1534,1523,(4222,298),(4222,298),0,0,0,0
1535,1524,(4225,299),(4225,299),0,0,0,0
1536,1525,(4228,301),(4228,301),0,0,0,0
1537,1526,(4231,303),(4231,303),0,0,0,0
1538,1527,(4233,305),(4233,305),0,0,0,0
1539,1528,(4236,308),(4236,308),0,0,0,0
1540,1529,(4239,312),(4239,312),0,0,0,0
1541,1530,(4242,313),(4242,313),0,0,0,0
1542,1531,(4244,313),(4244,313),0,0,0,0
1543,1532,(4247,313),(4247,313),0,0,0,0
1544,1533,(4250,313),(4250,313),0,0,0,0
1545,1534,(4253,313),(4253,313),0,0,0,0
1546,1535,(4256,313),(4256,313),0,0,0,0
1547,1536,(4258,313),(4258,313),0,0,0,0
1548,1537,(4261,313),(4261,313),0,0,1,0
1549,1538,(4264,313),(4264,313),0,0,0,1
1550,1539,(4267,307),(4267,307),0,0,0,0
1551,1540,(4269,303),(4269,303),0,0,0,0
1552,1541,(4272,298),(4272,298),0,0,0,0
1553,1542,(4275,294),(4275,294),0,0,0,0
1554,1543,(4278,291),(4278,291),0,0,0,0
1555,1544,(4280,288),(4280,288),0,0,0,0
1556,1545,(4283,285),(4283,285),0,0,0,0
1557,1546,(4286,283),(4286,283),0,0,0,0
1558,1547,(4289,281),(4289,281),0,0,0,0
1559,1548,(4291,280),(4291,280),0,0,0,0
1560,1549,(4294,279),(4294,279),0,0,0,0
1561,1550,(4297,278),(4297,278),0,0,0,0
1562,1551,(4300,278),(4300,278),0,0,0,0
1563,1552,(4303,279),(4303,279),0,0,0,0
1564,1553,(4305,279),(4305,279),0,0,0,0
1565,1554,(4308,280),(4308,280),0,0,0,0
1566,1555,(4311,282),(4311,282),0,0,0,0
1567,1556,(4314,284),(4314,284),0,0,0,0
1568,1557,(4316,286),(4316,286),0,0,0,0
1569,1558,(4319,289),(4319,289),0,0,0,0
1570,1559,(4322,292),(4322,292),0,0,0,0
1571,1560,(4325,296),(4325,296),0,0,0,0
1572,1561,(4327,297),(4327,297),0,0,1,0
1573,1562,(4330,297),(4330,297),0,0,0,1
1574,1563,(4333,291),(4333,291),0,0,0,0
1575,1564,(4336,287),(4336,287),0,0,0,0
1576,1565,(4338,282),(4338,282),0,0,0,0
1577,1566,(4341,278),(4341,278),0,0,0,0
1578,1567,(4344,275),(4344,275),0,0,0,0
1579,1568,(4347,272),(4347,272),0,0,0,0
1580,1569,(4350,269),(4350,269),0,0,0,0
1581,1570,(4352,267),(4352,267),0,0,0,0
1582,1571,(4355,265),(4355,265),0,0,0,0
1583,1572,(4358,264),(4358,264),0,0,0,0
1584,1573,(4361,263),(4361,263),0,0,0,0
1585,1574,(4363,262),(4363,262),0,0,0,0
1586,1575,(4366,262),(4366,262),0,0,0,0
1587,1576,(4369,263),(4369,263),0,0,0,0
1588,1577,(4372,263),(4372,263),0,0,0,0
1589,1578,(4374,264),(4374,264),0,0,0,0
1590,1579,(4377,266),(4377,266),0,0,0,0
1591,1580,(4380,268),(4380,268),0,0,0,0
1592,1581,(4383,270),(4383,270),0,0,0,0
1593,1582,(4385,273),(4385,273),0,0,0,0
1594,1583,(4388,276),(4388,276),0,0,0,0
1595,1584,(4391,280),(4391,280),0,0,0,0
1596,1585,(4394,281),(4394,281),0,0,0,0
1597,1586,(4397,281),(4397,281),0,0,0,0
1598,1587,(4399,282),(4399,282),0,0,0,0
1599,1588,(4402,283),(4402,283),0,0,0,0
1600,1589,(4405,285),(4405,285),0,0,0,0
1601,1590,(4408,287),(4408,287),0,0,0,0
1602,1591,(4410,289),(4410,289),0,0,0,0
1603,1592,(4413,292),(4413,292),0,0,0,0
1604,1593,(4416,296),(4416,296),0,0,0,0
1605,1594,(4419,297),(4419,297),0,0,0,0
1606,1595,(4421,297),(4421,297),0,0,1,0
1607,1596,(4424,297),(4424,297),0,0,0,1
1608,1597,(4427,291),(4427,291),0,0,0,0
1609,1598,(4430,287),(4430,287),0,0,0,0
1610,1599,(4433,282),(4433,282),0,0,0,0
1611,1600,(4435,278),(4435,278),0,0,0,0
1612,1601,(4438,275),(4438,275),0,0,0,0
1613,1602,(4441,272),(4441,272),0,0,0,0
1614,1603,(4444,269),(4444,269),0,0,0,0
1615,1604,(4446,267),(4446,267),0,0,0,0
1616,1605,(4449,265),(4449,265),0,0,0,0
1617,1606,(4452,264),(4452,264),0,0,0,0
1618,1607,(4455,263),(4455,263),0,0,0,0
1619,1608,(4457,262),(4457,262),0,0,0,0
1620,1609,(4460,262),(4460,262),0,0,0,0
1621,1610,(4463,263),(4463,263),0,0,0,0
1622,1611,(4466,263),(4466,263),0,0,0,0
1623,1612,(4468,264),(4468,264),0,0,0,0
1624,1613,(4471,266),(4471,266),0,0,0,0
1625,1614,(4474,268),(4474,268),0,0,0,0
1626,1615,(4477,270),(4477,270),0,0,0,0
1627,1616,(4480,273),(4480,273),0,0,0,0
1628,1617,(4482,276),(4482,276),0,0,0,0
1629,1618,(4485,280),(4485,280),0,0,0,0
1630,1619,(4488,284),(4488,284),0,0,0,0
1631,1620,(4491,288),(4491,288),0,0,0,0
1632,1621,(4493,293),(4493,293),0,0,0,0
1633,1622,(4496,299),(4496,299),0,0,0,0
1634,1623,(4499,304),(4499,304),0,0,0,0
1635,1624,(4502,310),(4502,310),0,0,0,0
1636,1625,(4504,317),(4504,317),0,0,0,0
1637,1626,(4507,324),(4507,324),0,0,1,0
1638,1627,(4510,329),(4510,329),0,0,0,1
1639,1628,(4513,323),(4513,323),0,0,0,0
1640,1629,(4515,319),(4515,319),0,0,0,0
1641,1630,(4518,314),(4518,314),0,0,0,0
1642,1631,(4521,310),(4521,310),0,0,0,0
1643,1632,(4524,307),(4524,307),0,0,0,0
1644,1633,(4527,304),(4527,304),0,0,0,0
1645,1634,(4529,301),(4529,301),0,0,0,0
1646,1635,(4532,299),(4532,299),0,0,0,0
1647,1636,(4535,297),(4535,297),0,0,0,0
1648,1637,(4538,296),(4538,296),0,0,0,0
1649,1638,(4540,295),(4540,295),0,0,0,0
1650,1639,(4543,294),(4543,294),0,0,0,0
1651,1640,(4546,294),(4546,294),0,0,0,0
1652,1641,(4549,295),(4549,295),0,0,0,0
1653,1642,(4551,295),(4551,295),0,0,0,0
1654,1643,(4554,296),(4554,296),0,0,0,0
1655,1644,(4557,298),(4557,298),0,0,0,0
1656,1645,(4560,300),(4560,300),0,0,0,0
1657,1646,(4562,302),(4562,302),0,0,0,0
1658,1647,(4565,305),(4565,305),0,0,0,0
1659,1648,(4568,308),(4568,308),0,0,0,0
1660,1649,(4571,312),(4571,312),0,0,0,0
1661,1650,(4574,316),(4574,316),0,0,0,0
1662,1651,(4576,320),(4576,320),0,0,0,0
1663,1652,(4579,325),(4579,325),0,0,0,0
1664,1653,(4582,331),(4582,331),0,0,0,0
1665,1654,(4585,336),(4585,336),0,0,0,0
1666,1655,(4587,342),(4587,342),0,0,0,0
1667,1656,(4590,349),(4590,349),0,0,0,0
1668,1657,(4593,356),(4593,356),0,0,0,0
1669,1658,(4596,363),(4596,363),0,0,0,0
1670,1659,(4598,370),(4598,370),0,0,1,0
1671,1660,(4601,377),(4601,377),0,0,0,1
1672,1661,(4604,371),(4604,371),0,0,0,0
1673,1662,(4607,367),(4607,367),0,0,0,0
1674,1663,(4610,362),(4610,362),0,0,0,0
1675,1664,(4612,358),(4612,358),0,0,0,0
1676,1665,(4615,355),(4615,355),0,0,0,0
1677,1666,(4618,352),(4618,352),0,0,0,0
1678,1667,(4621,349),(4621,349),0,0,0,0
1679,1668,(4623,347),(4623,347),0,0,0,0
1680,1669,(4626,345),(4626,345),0,0,0,0
1681,1670,(4629,344),(4629,344),0,0,0,0
1682,1671,(4632,343),(4632,343),0,0,0,0
1683,1672,(4634,342),(4634,342),0,0,0,0
1684,1673,(4637,342),(4637,342),0,0,0,0
1685,1674,(4640,343),(4640,343),0,0,0,0
1686,1675,(4643,343),(4643,343),0,0,1,0
1687,1676,(4645,338),(4645,338),0,0,0,1
1688,1677,(4648,333),(4648,333),0,0,0,0
1689,1678,(4651,329),(4651,329),0,0,0,0
1690,1679,(4654,325),(4654,325),0,0,0,0
1691,1680,(4657,322),(4657,322),0,0,0,0
1692,1681,(4659,319),(4659,319),0,0,0,0
1693,1682,(4662,316),(4662,316),0,0,0,0
1694,1683,(4665,314),(4665,314),0,0,0,0
1695,1684,(4668,312),(4668,312),0,0,0,0
1696,1685,(4670,311),(4670,311),0,0,0,0
1697,1686,(4673,310),(4673,310),0,0,0,0
1698,1687,(4676,309),(4676,309),0,0,0,0
1699,1688,(4679,309),(4679,309),0,0,0,0
1700,1689,(4681,309),(4681,309),0,0,0,0
1701,1690,(4684,310),(4684,310),0,0,0,0
1702,1691,(4687,311),(4687,311),0,0,0,0
1703,1692,(4690,313),(4690,313),0,0,0,0
1704,1693,(4692,315),(4692,315),0,0,0,0
1705,1694,(4695,317),(4695,317),0,0,0,0
1706,1695,(4698,320),(4698,320),0,0,0,0
1707,1696,(4701,323),(4701,323),0,0,0,0
1708,1697,(4704,327),(4704,327),0,0,0,0
1709,1698,(4706,331),(4706,331),0,0,0,0
1710,1699,(4709,335),(4709,335),0,0,0,0
1711,1700,(4712,340),(4712,340),0,0,0,0
1712,1701,(4715,345),(4715,345),0,0,0,0
1713,1702,(4717,345),(4717,345),0,0,1,0
1714,1703,(4720,345),(4720,345),0,0,0,1
1715,1704,(4723,339),(4723,339),0,0,0,0
1716,1705,(4726,335),(4726,335),0,0,0,0
1717,1706,(4728,330),(4728,330),0,0,0,0
1718,1707,(4731,326),(4731,326),0,0,0,0
1719,1708,(4734,323),(4734,323),0,0,0,0
1720,1709,(4737,320),(4737,320),0,0,0,0
1721,1710,(4739,317),(4739,317),0,0,0,0
1722,1711,(4742,315),(4742,315),0,0,0,0
1723,1712,(4745,313),(4745,313),0,0,0,0
1724,1713,(4748,312),(4748,312),0,0,0,0
1725,1714,(4751,311),(4751,311),0,0,0,0
1726,1715,(4753,310),(4753,310),0,0,0,0
1727,1716,(4756,310),(4756,310),0,0,0,0
1728,1717,(4759,311),(4759,311),0,0,0,0
1729,1718,(4762,311),(4762,311),0,0,0,0
1730,1719,(4764,312),(4764,312),0,0,0,0
1731,1720,(4767,314),(4767,314),0,0,0,0
1732,1721,(4770,316),(4770,316),0,0,0,0
1733,1722,(4773,318),(4773,318),0,0,0,0
1734,1723,(4775,321),(4775,321),0,0,0,0
1735,1724,(4778,324),(4778,324),0,0,0,0
1736,1725,(4781,328),(4781,328),0,0,0,0
1737,1726,(4784,332),(4784,332),0,0,0,0
1738,1727,(4787,336),(4787,336),0,0,0,0
1739,1728,(4789,341),(4789,341),0,0,0,0
1740,1729,(4792,347),(4792,347),0,0,0,0
1741,1730,(4795,352),(4795,352),0,0,1,0
1742,1731,(4798,347),(4798,347),0,0,0,1
1743,1732,(4800,342),(4800,342),0,0,0,0
1744,1733,(4803,338),(4803,338),0,0,0,0
1745,1734,(4806,334),(4806,334),0,0,0,0
1746,1735,(4809,331),(4809,331),0,0,0,0
1747,1736,(4811,328),(4811,328),0,0,0,0
1748,1737,(4814,325),(4814,325),0,0,0,0
1749,1738,(4817,323),(4817,323),0,0,0,0
1750,1739,(4820,321),(4820,321),0,0,0,0
1751,1740,(4822,320),(4822,320),0,0,0,0
1752,1741,(4825,319),(4825,319),0,0,0,0
1753,1742,(4828,318),(4828,318),0,0,0,0
1754,1743,(4831,318),(4831,318),0,0,0,0
1755,1744,(4834,318),(4834,318),0,0,0,0
1756,1745,(4836,319),(4836,319),0,0,0,0
1757,1746,(4839,320),(4839,320),0,0,0,0
1758,1747,(4842,322),(4842,322),0,0,0,0
1759,1748,(4845,324),(4845,324),0,0,0,0
1760,1749,(4847,326),(4847,326),0,0,0,0
1761,1750,(4850,329),(4850,329),0,0,0,0
1762,1751,(4853,332),(4853,332),0,0,0,0
1763,1752,(4856,336),(4856,336),0,0,0,0
1764,1753,(4858,340),(4858,340),0,0,0,0
1765,1754,(4861,344),(4861,344),0,0,0,0
1766,1755,(4864,349),(4864,349),0,0,0,0
1767,1756,(4867,354),(4867,354),0,0,0,0
1768,1757,(4869,360),(4869,360),0,0,0,0
1769,1758,(4872,366),(4872,366),0,0,0,0
1770,1759,(4875,373),(4875,373),0,0,0,0
1771,1760,(4878,377),(4878,377),0,0,1,0
1772,1761,(4881,377),(4881,377),0,0,0,1
1773,1762,(4883,371),(4883,371),0,0,0,0
1774,1763,(4886,367),(4886,367),0,0,0,0
1775,1764,(4889,362),(4889,362),0,0,0,0
1776,1765,(4892,358),(4892,358),0,0,0,0
1777,1766,(4894,355),(4894,355),0,0,0,0
1778,1767,(4897,352),(4897,352),0,0,0,0
1779,1768,(4900,349),(4900,349),0,0,0,0
1780,1769,(4903,347),(4903,347),0,0,0,0
1781,1770,(4905,345),(4905,345),0,0,0,0
1782,1771,(4908,344),(4908,344),0,0,0,0
1783,1772,(4911,343),(4911,343),0,0,0,0
1784,1773,(4914,342),(4914,342),0,0,0,0
1785,1774,(4916,342),(4916,342),0,0,0,0
1786,1775,(4919,343),(4919,343),0,0,0,0
1787,1776,(4922,343),(4922,343),0,0,0,0
1788,1777,(4925,344),(4925,344),0,0,0,0
1789,1778,(4928,346),(4928,346),0,0,0,0
1790,1779,(4930,348),(4930,348),0,0,0,0
1791,1780,(4933,350),(4933,350),0,0,0,0
1792,1781,(4936,353),(4936,353),0,0,0,0
1793,1782,(4939,356),(4939,356),0,0,0,0
1794,1783,(4941,360),(4941,360),0,0,0,0
1795,1784,(4944,364),(4944,364),0,0,0,0
1796,1785,(4947,368),(4947,368),0,0,0,0
1797,1786,(4950,373),(4950,373),0,0,1,0
1798,1787,(4952,377),(4952,377),0,0,0,1
1799,1788,(4955,371),(4955,371),0,0,0,0
1800,1789,(4958,367),(4958,367),0,0,0,0
1801,1790,(4961,362),(4961,362),0,0,0,0
1802,1791,(4964,358),(4964,358),0,0,0,0
1803,1792,(4966,355),(4966,355),0,0,0,0
1804,1793,(4969,352),(4969,352),0,0,0,0
1805,1794,(4972,349),(4972,349),0,0,0,0
1806,1795,(4975,347),(4975,347),0,0,0,0
1807,1796,(4977,345),(4977,345),0,0,0,0
1808,1797,(4980,344),(4980,344),0,0,0,0
1809,1798,(4983,343),(4983,343),0,0,0,0
1810,1799,(4986,342),(4986,342),0,0,0,0
1811,1800,(4988,342),(4988,342),0,0,0,0
1812,1801,(4991,343),(4991,343),0,0,0,0
1813,1802,(4994,343),(4994,343),0,0,0,0
1814,1803,(4997,344),(4997,344),0,0,0,0
1815,1804,(4999,346),(4999,346),0,0,0,0
1816,1805,(5002,348),(5002,348),0,0,0,0
1817,1806,(5005,350),(5005,350),0,0,0,0
1818,1807,(5008,353),(5008,353),0,0,0,0
1819,1808,(5011,356),(5011,356),0,0,0,0
1820,1809,(5013,360),(5013,360),0,0,0,0
1821,1810,(5016,364),(5016,364),0,0,0,0
1822,1811,(5019,368),(5019,368),0,0,0,0
1823,1812,(5022,373),(5022,373),0,0,1,0
1824,1813,(5024,377),(5024,377),0,0,0,1
1825,1814,(5027,371),(5027,371),0,0,0,0
1826,1815,(5030,367),(5030,367),0,0,0,0
1827,1816,(5033,362),(5033,362),0,0,0,0
1828,1817,(5035,358),(5035,358),0,0,0,0
1829,1818,(5038,355),(5038,355),0,0,0,0
1830,1819,(5041,352),(5041,352),0,0,0,0
1831,1820,(5044,349),(5044,349),0,0,0,0
1832,1821,(5046,347),(5046,347),0,0,0,0
1833,1822,(5049,345),(5049,345),0,0,0,0
1834,1823,(5052,344),(5052,344),0,0,0,0
1835,1824,(5055,343),(5055,343),0,0,0,0
1836,1825,(5058,342),(5058,342),0,0,0,0
1837,1826,(5060,342),(5060,342),0,0,0,0
1838,1827,(5063,343),(5063,343),0,0,0,0
1839,1828,(5066,343),(5066,343),0,0,0,0
1840,1829,(5069,344),(5069,344),0,0,0,0
1841,1830,(5071,346),(5071,346),0,0,0,0
1842,1831,(5074,348),(5074,348),0,0,0,0
1843,1832,(5077,350),(5077,350),0,0,0,0
1844,1833,(5080,353),(5080,353),0,0,0,0
1845,1834,(5082,356),(5082,356),0,0,0,0
1846,1835,(5085,360),(5085,360),0,0,0,0
1847,1836,(5088,364),(5088,364),0,0,0,0
1848,1837,(5091,368),(5091,368),0,0,0,0
1849,1838,(5093,373),(5093,373),0,0,1,0
1850,1839,(5096,377),(5096,377),0,0,0,1
1851,1840,(5099,371),(5099,371),0,0,0,0
1852,1841,(5102,367),(5102,367),0,0,0,0
1853,1842,(5105,362),(5105,362),0,0,0,0
1854,1843,(5107,358),(5107,358),0,0,0,0
1855,1844,(5110,355),(5110,355),0,0,0,0
1856,1845,(5113,352),(5113,352),0,0,0,0
1857,1846,(5116,349),(5116,349),0,0,0,0
1858,1847,(5118,347),(5118,347),0,0,0,0
1859,1848,(5121,345),(5121,345),0,0,0,0
1860,1849,(5124,344),(5124,344),0,0,0,0
1861,1850,(5127,343),(5127,343),0,0,0,0
1862,1851,(5129,342),(5129,342),0,0,0,0
1863,1852,(5132,342),(5132,342),0,0,0,0
1864,1853,(5135,343),(5135,343),0,0,0,0
1865,1854,(5138,343),(5138,343),0,0,0,0
1866,1855,(5141,344),(5141,344),0,0,0,0
1867,1856,(5143,346),(5143,346),0,0,0,0
1868,1857,(5146,348),(5146,348),0,0,0,0
1869,1858,(5149,350),(5149,350),0,0,0,0
1870,1859,(5152,353),(5152,353),0,0,0,0
1871,1860,(5154,356),(5154,356),0,0,0,0
1872,1861,(5157,360),(5157,360),0,0,0,0
1873,1862,(5160,361),(5160,361),0,0,0,0
1874,1863,(5163,361),(5163,361),0,0,1,0
1875,1864,(5165,361),(5165,361),0,0,0,1
1876,1865,(5168,355),(5168,355),0,0,0,0
1877,1866,(5171,351),(5171,351),0,0,0,0
1878,1867,(5174,346),(5174,346),0,0,0,0
1879,1868,(5176,342),(5176,342),0,0,0,0
1880,1869,(5179,339),(5179,339),0,0,0,0
1881,1870,(5182,336),(5182,336),0,0,0,0
1882,1871,(5185,333),(5185,333),0,0,0,0
1883,1872,(5188,331),(5188,331),0,0,0,0
1884,1873,(5190,329),(5190,329),0,0,0,0
1885,1874,(5193,328),(5193,328),0,0,0,0
1886,1875,(5196,327),(5196,327),0,0,0,0
1887,1876,(5199,326),(5199,326),0,0,0,0
1888,1877,(5201,326),(5201,326),0,0,0,0
1889,1878,(5204,327),(5204,327),0,0,0,0
1890,1879,(5207,327),(5207,327),0,0,0,0
1891,1880,(5210,328),(5210,328),0,0,0,0
1892,1881,(5212,329),(5212,329),0,0,1,0
1893,1882,(5215,329),(5215,329),0,0,0,1
1894,1883,(5218,323),(5218,323),0,0,0,0
1895,1884,(5221,319),(5221,319),0,0,0,0
1896,1885,(5223,314),(5223,314),0,0,0,0
1897,1886,(5226,310),(5226,310),0,0,0,0
1898,1887,(5229,307),(5229,307),0,0,0,0
1899,1888,(5232,304),(5232,304),0,0,0,0
1900,1889,(5235,301),(5235,301),0,0,0,0
1901,1890,(5237,299),(5237,299),0,0,0,0
1902,1891,(5240,297),(5240,297),0,0,0,0
1903,1892,(5243,296),(5243,296),0,0,0,0
1904,1893,(5246,295),(5246,295),0,0,0,0
1905,1894,(5248,294),(5248,294),0,0,0,0
1906,1895,(5251,294),(5251,294),0,0,0,0
1907,1896,(5254,295),(5254,295),0,0,0,0
1908,1897,(5257,295),(5257,295),0,0,0,0
1909,1898,(5259,296),(5259,296),0,0,1,0
1910,1899,(5262,297),(5262,297),0,0,0,1
1911,1900,(5265,291),(5265,291),0,0,0,0
1912,1901,(5268,287),(5268,287),0,0,0,0
1913,1902,(5270,282),(5270,282),0,0,0,0
1914,1903,(5273,278),(5273,278),0,0,0,0
1915,1904,(5276,275),(5276,275),0,0,0,0
1916,1905,(5279,272),(5279,272),0,0,0,0
1917,1906,(5282,269),(5282,269),0,0,0,0
1918,1907,(5284,267),(5284,267),0,0,0,0
1919,1908,(5287,265),(5287,265),0,0,0,0
1920,1909,(5290,264),(5290,264),0,0,0,0
1921,1910,(5293,263),(5293,263),0,0,0,0
1922,1911,(5295,262),(5295,262),0,0,0,0
1923,1912,(5298,262),(5298,262),0,0,0,0
1924,1913,(5301,262),(5301,262),0,0,0,0
1925,1914,(5304,262),(5304,262),0,0,0,0
1926,1915,(5306,264),(5306,264),0,0,0,0
1927,1916,(5309,265),(5309,265),0,0,1,0
1928,1917,(5312,265),(5312,265),0,0,0,1
1929,1918,(5315,260),(5315,260),0,0,0,0
1930,1919,(5318,255),(5318,255),0,0,0,0
1931,1920,(5320,251),(5320,251),0,0,0,0
1932,1921,(5323,247),(5323,247),0,0,0,0
1933,1922,(5326,244),(5326,244),0,0,0,0
1934,1923,(5329,241),(5329,241),0,0,0,0
1935,1924,(5331,238),(5331,238),0,0,0,0
1936,1925,(5334,236),(5334,236),0,0,0,0
1937,1926,(5337,234),(5337,234),0,0,0,0
1938,1927,(5340,233),(5340,233),0,0,0,0
1939,1928,(5342,232),(5342,232),0,0,0,0
1940,1929,(5345,231),(5345,231),0,0,0,0
1941,1930,(5348,231),(5348,231),0,0,0,0
1942,1931,(5351,231),(5351,231),0,0,0,0
1943,1932,(5353,231),(5353,231),0,0,0,0
1944,1933,(5356,233),(5356,233),0,0,0,0
1945,1934,(5359,234),(5359,234),0,0,0,0
1946,1935,(5362,236),(5362,236),0,0,0,0
1947,1936,(5365,239),(5365,239),0,0,0,0
1948,1937,(5367,241),(5367,241),0,0,0,0
1949,1938,(5370,245),(5370,245),0,0,0,0
1950,1939,(5373,248),(5373,248),0,0,0,0
1951,1940,(5376,252),(5376,252),0,0,0,0
1952,1941,(5378,257),(5378,257),0,0,0,0
1953,1942,(5381,262),(5381,262),0,0,0,0
1954,1943,(5384,265),(5384,265),0,0,0,0
1955,1944,(5387,265),(5387,265),0,0,0,0
1956,1945,(5389,266),(5389,266),0,0,0,0
1957,1946,(5392,267),(5392,267),0,0,0,0
1958,1947,(5395,269),(5395,269),0,0,0,0
1959,1948,(5398,271),(5398,271),0,0,0,0
1960,1949,(5400,273),(5400,273),0,0,0,0
1961,1950,(5403,276),(5403,276),0,0,0,0
1962,1951,(5406,280),(5406,280),0,0,0,0
1963,1952,(5409,281),(5409,281),0,0,0,0
1964,1953,(5412,281),(5412,281),0,0,0,0
1965,1954,(5414,281),(5414,281),0,0,0,0
1966,1955,(5417,281),(5417,281),0,0,1,0
1967,1956,(5420,281),(5420,281),0,0,0,1
1968,1957,(5423,275),(5423,275),0,0,0,0
1969,1958,(5425,271),(5425,271),0,0,0,0
1970,1959,(5428,266),(5428,266),0,0,0,0
1971,1960,(5431,262),(5431,262),0,0,0,0
1972,1961,(5434,259),(5434,259),0,0,0,0
1973,1962,(5436,256),(5436,256),0,0,0,0
1974,1963,(5439,253),(5439,253),0,0,0,0
1975,1964,(5442,251),(5442,251),0,0,0,0
1976,1965,(5445,249),(5445,249),0,0,0,0
1977,1966,(5447,248),(5447,248),0,0,0,0
1978,1967,(5450,247),(5450,247),0,0,0,0
1979,1968,(5453,246),(5453,246),0,0,0,0
1980,1969,(5456,246),(5456,246),0,0,0,0
1981,1970,(5459,247),(5459,247),0,0,0,0
1982,1971,(5461,247),(5461,247),0,0,0,0
1983,1972,(5464,248),(5464,248),0,0,0,0
1984,1973,(5467,250),(5467,250),0,0,0,0
1985,1974,(5470,252),(5470,252),0,0,0,0
1986,1975,(5472,254),(5472,254),0,0,0,0
1987,1976,(5475,257),(5475,257),0,0,0,0
1988,1977,(5478,260),(5478,260),0,0,0,0
1989,1978,(5481,264),(5481,264),0,0,1,0
1990,1979,(5483,265),(5483,265),0,0,0,1
1991,1980,(5486,259),(5486,259),0,0,0,0
1992,1981,(5489,255),(5489,255),0,0,0,0
1993,1982,(5492,250),(5492,250),0,0,0,0
1994,1983,(5495,246),(5495,246),0,0,0,0
1995,1984,(5497,243),(5497,243),0,0,0,0
1996,1985,(5500,240),(5500,240),0,0,0,0
1997,1986,(5503,237),(5503,237),0,0,0,0
1998,1987,(5506,235),(5506,235),0,0,0,0
1999,1988,(5508,233),(5508,233),0,0,0,0
2000,1989,(5511,232),(5511,232),0,0,0,0
2001,1990,(5514,231),(5514,231),0,0,0,0
2002,1991,(5517,231),(5517,231),0,0,0,0
2003,1992,(5519,231),(5519,231),0,0,0,0
2004,1993,(5522,231),(5522,231),0,0,0,0
2005,1994,(5525,231),(5525,231),0,0,0,0
2006,1995,(5528,233),(5528,233),0,0,0,0
2007,1996,(5530,234),(5530,234),0,0,0,0
2008,1997,(5533,236),(5533,236),0,0,0,0
2009,1998,(5536,239),(5536,239),0,0,0,0
2010,1999,(5539,241),(5539,241),0,0,0,0
2011,2000,(5542,245),(5542,245),0,0,0,0
2012,2001,(5544,248),(5544,248),0,0,0,0
2013,2002,(5547,252),(5547,252),0,0,0,0
2014,2003,(5550,257),(5550,257),0,0,0,0
2015,2004,(5553,262),(5553,262),0,0,0,0
2016,2005,(5555,267),(5555,267),0,0,0,0
2017,2006,(5558,273),(5558,273),0,0,0,0
2018,2007,(5561,279),(5561,279),0,0,0,0
2019,2008,(5564,281),(5564,281),0,0,0,0
2020,2009,(5566,281),(5566,281),0,0,1,0
2021,2010,(5569,281),(5569,281),0,0,0,1
2022,2011,(5572,275),(5572,275),0,0,0,0
2023,2012,(5575,271),(5575,271),0,0,0,0
2024,2013,(5577,266),(5577,266),0,0,0,0
2025,2014,(5580,262),(5580,262),0,0,0,0
2026,2015,(5583,259),(5583,259),0,0,0,0
2027,2016,(5586,256),(5586,256),0,0,0,0
2028,2017,(5589,253),(5589,253),0,0,0,0
2029,2018,(5591,251),(5591,251),0,0,0,0
2030,2019,(5594,249),(5594,249),0,0,0,0
2031,2020,(5597,248),(5597,248),0,0,0,0
2032,2021,(5600,247),(5600,247),0,0,0,0
2033,2022,(5602,246),(5602,246),0,0,0,0
2034,2023,(5605,246),(5605,246),0,0,0,0
2035,2024,(5608,247),(5608,247),0,0,0,0
2036,2025,(5611,247),(5611,247),0,0,0,0
2037,2026,(5613,248),(5613,248),0,0,1,0
2038,2027,(5616,249),(5616,249),0,0,0,1
2039,2028,(5619,243),(5619,243),0,0,0,0
2040,2029,(5622,239),(5622,239),0,0,0,0
2041,2030,(5624,234),(5624,234),0,0,0,0
2042,2031,(5627,231),(5627,231),0,0,0,0
2043,2032,(5630,227),(5630,227),0,0,0,0
2044,2033,(5633,224),(5633,224),0,0,0,0
2045,2034,(5636,221),(5636,221),0,0,0,0
2046,2035,(5638,219),(5638,219),0,0,0,0
2047,2036,(5641,217),(5641,217),0,0,0,0
2048,2037,(5644,216),(5644,216),0,0,0,0
2049,2038,(5647,215),(5647,215),0,0,0,0
2050,2039,(5649,215),(5649,215),0,0,0,0
2051,2040,(5652,214),(5652,214),0,0,0,0
2052,2041,(5655,214),(5655,214),0,0,0,0
2053,2042,(5658,214),(5658,214),0,0,0,0
2054,2043,(5660,216),(5660,216),0,0,0,0
2055,2044,(5663,217),(5663,217),0,0,0,0
2056,2045,(5666,219),(5666,219),0,0,0,0
2057,2046,(5669,222),(5669,222),0,0,0,0
2058,2047,(5672,224),(5672,224),0,0,0,0
2059,2048,(5674,228),(5674,228),0,0,0,0
2060,2049,(5677,231),(5677,231),0,0,0,0
2061,2050,(5680,235),(5680,235),0,0,0,0
2062,2051,(5683,240),(5683,240),0,0,0,0
2063,2052,(5685,245),(5685,245),0,0,0,0
2064,2053,(5688,250),(5688,250),0,0,0,0
2065,2054,(5691,256),(5691,256),0,0,0,0
2066,2055,(5694,249),(5694,249),0,0,0,0
2067,2056,(5696,249),(5696,249),0,0,0,0
2068,2057,(5699,249),(5699,249),0,0,0,0
2069,2058,(5702,249),(5702,249),0,0,0,0
2070,2059,(5705,249),(5705,249),0,0,0,0
2071,2060,(5707,249),(5707,249),0,0,0,0
2072,2061,(5710,249),(5710,249),0,0,0,0
2073,2062,(5713,249),(5713,249),0,0,0,0
2074,2063,(5716,249),(5716,249),0,0,0,0
2075,2064,(5719,249),(5719,249),0,0,0,0
2076,2065,(5721,249),(5721,249),0,0,0,0
2077,2066,(5724,249),(5724,249),0,0,0,0
2078,2067,(5727,250),(5727,250),0,0,0,0
2079,2068,(5730,251),(5730,251),0,0,0,0
2080,2069,(5732,253),(5732,253),0,0,0,0
2081,2070,(5735,255),(5735,255),0,0,0,0
2082,2071,(5738,257),(5738,257),0,0,0,0
2083,2072,(5741,260),(5741,260),0,0,0,0
2084,2073,(5743,264),(5743,264),0,0,0,0
2085,2074,(5746,267),(5746,267),0,0,0,0
2086,2075,(5749,271),(5749,271),0,0,0,0
2087,2076,(5752,276),(5752,276),0,0,0,0
2088,2077,(5754,281),(5754,281),0,0,0,0
2089,2078,(5757,281),(5757,281),0,0,0,0
2090,2079,(5760,281),(5760,281),0,0,0,0
2091,2080,(5763,281),(5763,281),0,0,0,0
2092,2081,(5766,281),(5766,281),0,0,0,0
2093,2082,(5768,281),(5768,281),0,0,0,0
2094,2083,(5771,281),(5771,281),0,0,0,0
2095,2084,(5774,282),(5774,282),0,0,0,0
2096,2085,(5777,283),(5777,283),0,0,0,0
2097,2086,(5779,285),(5779,285),0,0,0,0
2098,2087,(5782,287),(5782,287),0,0,0,0
2099,2088,(5785,289),(5785,289),0,0,0,0
2100,2089,(5788,292),(5788,292),0,0,0,0
2101,2090,(5790,296),(5790,296),0,0,0,0
2102,2091,(5793,297),(5793,297),0,0,0,0
2103,2092,(5796,297),(5796,297),0,0,0,0
2104,2093,(5799,297),(5799,297),0,0,0,0
2105,2094,(5801,297),(5801,297),0,0,0,0
2106,2095,(5804,297),(5804,297),0,0,0,0
2107,2096,(5807,297),(5807,297),0,0,0,0
2108,2097,(5810,297),(5810,297),0,0,0,0
2109,2098,(5813,297),(5813,297),0,0,1,0
2110,2099,(5815,297),(5815,297),0,0,0,1
2111,2100,(5818,291),(5818,291),0,0,0,0
2112,2101,(5821,287),(5821,287),0,0,0,0
2113,2102,(5824,282),(5824,282),0,0,0,0
2114,2103,(5826,278),(5826,278),0,0,0,0
2115,2104,(5829,275),(5829,275),0,0,0,0
2116,2105,(5832,272),(5832,272),0,0,0,0
2117,2106,(5835,269),(5835,269),0,0,0,0
2118,2107,(5837,267),(5837,267),0,0,0,0
2119,2108,(5840,265),(5840,265),0,0,0,0
2120,2109,(5843,264),(5843,264),0,0,0,0
2121,2110,(5846,263),(5846,263),0,0,0,0
2122,2111,(5849,262),(5849,262),0,0,0,0
2123,2112,(5851,262),(5851,262),0,0,0,0
2124,2113,(5854,263),(5854,263),0,0,0,0
2125,2114,(5857,263),(5857,263),0,0,0,0
2126,2115,(5860,264),(5860,264),0,0,0,0
2127,2116,(5862,266),(5862,266),0,0,0,0
2128,2117,(5865,268),(5865,268),0,0,0,0
2129,2118,(5868,270),(5868,270),0,0,0,0
2130,2119,(5871,273),(5871,273),0,0,0,0
2131,2120,(5873,276),(5873,276),0,0,0,0
2132,2121,(5876,280),(5876,280),0,0,0,0
2133,2122,(5879,281),(5879,281),0,0,0,0
2134,2123,(5882,281),(5882,281),0,0,0,0
2135,2124,(5884,281),(5884,281),0,0,0,0
2136,2125,(5887,282),(5887,282),0,0,0,0
2137,2126,(5890,283),(5890,283),0,0,0,0
2138,2127,(5893,285),(5893,285),0,0,0,0
2139,2128,(5896,287),(5896,287),0,0,0,0
2140,2129,(5898,289),(5898,289),0,0,0,0
2141,2130,(5901,292),(5901,292),0,0,0,0
2142,2131,(5904,296),(5904,296),0,0,0,0
2143,2132,(5907,297),(5907,297),0,0,0,0
2144,2133,(5909,297),(5909,297),0,0,0,0
2145,2134,(5912,297),(5912,297),0,0,0,0
2146,2135,(5915,297),(5915,297),0,0,1,0
2147,2136,(5918,297),(5918,297),0,0,0,1
2148,2137,(5920,291),(5920,291),0,0,0,0
2149,2138,(5923,287),(5923,287),0,0,0,0
2150,2139,(5926,282),(5926,282),0,0,0,0
2151,2140,(5929,278),(5929,278),0,0,0,0
2152,2141,(5931,275),(5931,275),0,0,0,0
2153,2142,(5934,272),(5934,272),0,0,0,0
2154,2143,(5937,269),(5937,269),0,0,0,0
2155,2144,(5940,267),(5940,267),0,0,0,0
2156,2145,(5943,265),(5943,265),0,0,0,0
2157,2146,(5945,264),(5945,264),0,0,0,0
2158,2147,(5948,263),(5948,263),0,0,0,0
2159,2148,(5951,262),(5951,262),0,0,0,0
2160,2149,(5954,262),(5954,262),0,0,0,0
2161,2150,(5956,263),(5956,263),0,0,0,0
2162,2151,(5959,263),(5959,263),0,0,0,0
2163,2152,(5962,264),(5962,264),0,0,0,0
2164,2153,(5965,266),(5965,266),0,0,0,0
2165,2154,(5967,268),(5967,268),0,0,0,0
2166,2155,(5970,270),(5970,270),0,0,0,0
2167,2156,(5973,273),(5973,273),0,0,0,0
2168,2157,(5976,276),(5976,276),0,0,0,0
2169,2158,(5978,280),(5978,280),0,0,0,0
2170,2159,(5981,281),(5981,281),0,0,0,0
2171,2160,(5984,281),(5984,281),0,0,0,0
2172,2161,(5987,281),(5987,281),0,0,1,0
2173,2162,(5990,281),(5990,281),0,0,0,1
2174,2163,(5992,275),(5992,275),0,0,0,0
2175,2164,(5995,271),(5995,271),0,0,0,0
2176,2165,(5998,266),(5998,266),0,0,0,0
2177,2166,(6001,262),(6001,262),0,0,0,0
2178,2167,(6003,259),(6003,259),0,0,0,0
2179,2168,(6006,256),(6006,256),0,0,0,0
2180,2169,(6009,253),(6009,253),0,0,0,0
2181,2170,(6012,251),(6012,251),0,0,0,0
2182,2171,(6014,249),(6014,249),0,0,0,0
2183,2172,(6017,248),(6017,248),0,0,0,0
2184,2173,(6020,247),(6020,247),0,0,0,0
2185,2174,(6023,246),(6023,246),0,0,0,0
2186,2175,(6026,246),(6026,246),0,0,0,0
2187,2176,(6028,247),(6028,247),0,0,0,0
2188,2177,(6031,247),(6031,247),0,0,0,0
2189,2178,(6034,248),(6034,248),0,0,0,0
2190,2179,(6037,250),(6037,250),0,0,0,0
2191,2180,(6039,252),(6039,252),0,0,0,0
2192,2181,(6042,254),(6042,254),0,0,0,0
2193,2182,(6045,257),(6045,257),0,0,0,0
2194,2183,(6048,260),(6048,260),0,0,0,0
2195,2184,(6050,264),(6050,264),0,0,0,0
2196,2185,(6053,265),(6053,265),0,0,1,0
2197,2186,(6056,265),(6056,265),0,0,0,1
2198,2187,(6059,259),(6059,259),0,0,0,0
2199,2188,(6061,255),(6061,255),0,0,0,0
2200,2189,(6064,250),(6064,250),0,0,0,0
2201,2190,(6067,246),(6067,246),0,0,0,0
2202,2191,(6070,243),(6070,243),0,0,0,0
2203,2192,(6073,240),(6073,240),0,0,0,0
2204,2193,(6075,237),(6075,237),0,0,0,0
2205,2194,(6078,235),(6078,235),0,0,0,0
2206,2195,(6081,233),(6081,233),0,0,0,0
2207,2196,(6084,232),(6084,232),0,0,0,0
2208,2197,(6086,231),(6086,231),0,0,0,0
2209,2198,(6089,230),(6089,230),0,0,0,0
2210,2199,(6092,230),(6092,230),0,0,0,0
2211,2200,(6095,231),(6095,231),0,0,0,0
2212,2201,(6097,231),(6097,231),0,0,0,0
2213,2202,(6100,232),(6100,232),0,0,1,0
2214,2203,(6103,233),(6103,233),0,0,0,1
2215,2204,(6106,227),(6106,227),0,0,0,0
2216,2205,(6108,223),(6108,223),0,0,0,0
2217,2206,(6111,218),(6111,218),0,0,0,0
2218,2207,(6114,214),(6114,214),0,0,0,0
2219,2208,(6117,212),(6117,212),0,0,0,0
2220,2209,(6120,209),(6120,209),0,0,0,0
2221,2210,(6122,206),(6122,206),0,0,0,0
2222,2211,(6125,204),(6125,204),0,0,0,0
2223,2212,(6128,202),(6128,202),0,0,0,0
2224,2213,(6131,201),(6131,201),0,0,0,0
2225,2214,(6133,200),(6133,200),0,0,0,0
2226,2215,(6136,199),(6136,199),0,0,0,0
2227,2216,(6139,199),(6139,199),0,0,0,0
2228,2217,(6142,199),(6142,199),0,0,0,0
2229,2218,(6144,199),(6144,199),0,0,0,0
2230,2219,(6147,201),(6147,201),0,0,0,0
2231,2220,(6150,201),(6150,201),0,0,0,0
2232,2221,(6153,201),(6153,201),0,0,0,0
2233,2222,(6155,201),(6155,201),0,0,0,0
2234,2223,(6158,202),(6158,202),0,0,0,0
2235,2224,(6161,203),(6161,203),0,0,0,0
2236,2225,(6164,205),(6164,205),0,0,0,0
2237,2226,(6167,207),(6167,207),0,0,0,0
2238,2227,(6169,209),(6169,209),0,0,0,0
2239,2228,(6172,212),(6172,212),0,0,0,0
2240,2229,(6175,216),(6175,216),0,0,0,0
2241,2230,(6178,217),(6178,217),0,0,0,0
2242,2231,(6180,217),(6180,217),0,0,0,0
2243,2232,(6183,217),(6183,217),0,0,0,0
2244,2233,(6186,217),(6186,217),0,0,0,0
2245,2234,(6189,217),(6189,217),0,0,0,0
2246,2235,(6191,217),(6191,217),0,0,0,0
2247,2236,(6194,217),(6194,217),0,0,0,0
2248,2237,(6197,217),(6197,217),0,0,1,0
2249,2238,(6200,217),(6200,217),0,0,0,1
2250,2239,(6203,211),(6203,211),0,0,0,0
2251,2240,(6205,207),(6205,207),0,0,0,0
2252,2241,(6208,202),(6208,202),0,0,0,0
2253,2242,(6211,199),(6211,199),0,0,0,0
2254,2243,(6214,196),(6214,196),0,0,0,0
2255,2244,(6216,193),(6216,193),0,0,0,0
2256,2245,(6219,190),(6219,190),0,0,0,0
2257,2246,(6222,188),(6222,188),0,0,0,0
2258,2247,(6225,186),(6225,186),0,0,0,0
2259,2248,(6227,184),(6227,184),0,0,0,0
2260,2249,(6230,184),(6230,184),0,0,0,0
2261,2250,(6233,183),(6233,183),0,0,0,0
2262,2251,(6236,183),(6236,183),0,0,0,0
2263,2252,(6238,183),(6238,183),0,0,0,0
2264,2253,(6241,183),(6241,183),0,0,1,0
2265,2254,(6244,185),(6244,185),0,0,0,1
2266,2255,(6247,180),(6247,180),0,0,0,0
2267,2256,(6250,175),(6250,175),0,0,0,0
2268,2257,(6252,171),(6252,171),0,0,0,0
2269,2258,(6255,167),(6255,167),0,0,0,0
2270,2259,(6258,163),(6258,163),0,0,0,0
2271,2260,(6261,160),(6261,160),0,0,0,0
2272,2261,(6263,158),(6263,158),0,0,0,0
2273,2262,(6266,155),(6266,155),0,0,0,0
2274,2263,(6269,154),(6269,154),0,0,0,0
2275,2264,(6272,152),(6272,152),0,0,0,0
2276,2265,(6274,151),(6274,151),0,0,0,0
2277,2266,(6277,151),(6277,151),0,0,0,0
2278,2267,(6280,151),(6280,151),0,0,0,0
2279,2268,(6283,151),(6283,151),0,0,0,0
2280,2269,(6285,151),(6285,151),0,0,0,0
2281,2270,(6288,153),(6288,153),0,0,0,0
2282,2271,(6291,154),(6291,154),0,0,0,0
2283,2272,(6294,156),(6294,156),0,0,0,0
2284,2273,(6297,159),(6297,159),0,0,0,0
2285,2274,(6299,161),(6299,161),0,0,0,0
2286,2275,(6302,165),(6302,165),0,0,0,0
2287,2276,(6305,168),(6305,168),0,0,0,0
2288,2277,(6308,172),(6308,172),0,0,0,0
2289,2278,(6310,177),(6310,177),0,0,0,0
2290,2279,(6313,182),(6313,182),0,0,0,0
2291,2280,(6316,185),(6316,185),0,0,0,0
2292,2281,(6319,185),(6319,185),0,0,0,0
2293,2282,(6321,185),(6321,185),0,0,0,0
2294,2283,(6324,185),(6324,185),0,0,1,0
2295,2284,(6327,185),(6327,185),0,0,0,1
2296,2285,(6330,179),(6330,179),0,0,0,0
2297,2286,(6332,175),(6332,175),0,0,0,0
2298,2287,(6335,170),(6335,170),0,0,0,0
2299,2288,(6338,166),(6338,166),0,0,0,0
2300,2289,(6341,163),(6341,163),0,0,0,0
2301,2290,(6344,160),(6344,160),0,0,0,0
2302,2291,(6346,157),(6346,157),0,0,0,0
2303,2292,(6349,155),(6349,155),0,0,0,0
2304,2293,(6352,153),(6352,153),0,0,0,0
2305,2294,(6355,152),(6355,152),0,0,0,0
2306,2295,(6357,151),(6357,151),0,0,0,0
2307,2296,(6360,150),(6360,150),0,0,0,0
2308,2297,(6363,150),(6363,150),0,0,0,0
2309,2298,(6366,150),(6366,150),0,0,0,0
2310,2299,(6368,150),(6368,150),0,0,0,0
2311,2300,(6371,152),(6371,152),0,0,0,0
2312,2301,(6374,153),(6374,153),0,0,0,0
2313,2302,(6377,155),(6377,155),0,0,0,0
2314,2303,(6380,158),(6380,158),0,0,0,0
2315,2304,(6382,160),(6382,160),0,0,0,0
2316,2305,(6385,164),(6385,164),0,0,0,0
2317,2306,(6388,167),(6388,167),0,0,0,0
2318,2307,(6391,171),(6391,171),0,0,0,0
2319,2308,(6393,176),(6393,176),0,0,0,0
2320,2309,(6396,181),(6396,181),0,0,0,0
2321,2310,(6399,186),(6399,186),0,0,0,0
2322,2311,(6402,192),(6402,192),0,0,0,0
2323,2312,(6404,198),(6404,198),0,0,0,0
2324,2313,(6407,204),(6407,204),0,0,0,0
2325,2314,(6410,211),(6410,211),0,0,0,0
2326,2315,(6413,219),(6413,219),0,0,0,0
2327,2316,(6415,226),(6415,226),0,0,1,0
2328,2317,(6418,233),(6418,233),0,0,0,1
2329,2318,(6421,227),(6421,227),0,0,0,0
2330,2319,(6424,223),(6424,223),0,0,0,0
2331,2320,(6427,218),(6427,218),0,0,0,0
2332,2321,(6429,214),(6429,214),0,0,0,0
2333,2322,(6432,211),(6432,211),0,0,0,0
2334,2323,(6435,208),(6435,208),0,0,0,0
2335,2324,(6438,205),(6438,205),0,0,0,0
2336,2325,(6440,203),(6440,203),0,0,0,0
2337,2326,(6443,201),(6443,201),0,0,0,0
2338,2327,(6446,200),(6446,200),0,0,0,0
2339,2328,(6449,199),(6449,199),0,0,0,0
2340,2329,(6451,198),(6451,198),0,0,0,0
2341,2330,(6454,198),(6454,198),0,0,0,0
2342,2331,(6457,199),(6457,199),0,0,0,0
2343,2332,(6460,199),(6460,199),0,0,0,0
2344,2333,(6462,200),(6462,200),0,0,0,0
2345,2334,(6465,202),(6465,202),0,0,0,0
2346,2335,(6468,204),(6468,204),0,0,0,0
2347,2336,(6471,206),(6471,206),0,0,0,0
2348,2337,(6474,209),(6474,209),0,0,0,0
2349,2338,(6476,212),(6476,212),0,0,0,0
2350,2339,(6479,216),(6479,216),0,0,0,0
2351,2340,(6482,220),(6482,220),0,0,0,0
2352,2341,(6485,224),(6485,224),0,0,0,0
2353,2342,(6487,229),(6487,229),0,0,0,0
2354,2343,(6490,233),(6490,233),0,0,0,0
2355,2344,(6493,233),(6493,233),0,0,0,0
2356,2345,(6496,234),(6496,234),0,0,0,0
2357,2346,(6498,235),(6498,235),0,0,0,0
2358,2347,(6501,237),(6501,237),0,0,0,0
2359,2348,(6504,239),(6504,239),0,0,0,0
2360,2349,(6507,241),(6507,241),0,0,0,0
2361,2350,(6509,244),(6509,244),0,0,0,0
2362,2351,(6512,248),(6512,248),0,0,0,0
2363,2352,(6515,252),(6515,252),0,0,0,0
2364,2353,(6518,256),(6518,256),0,0,0,0
2365,2354,(6521,261),(6521,261),0,0,0,0
2366,2355,(6523,266),(6523,266),0,0,0,0
2367,2356,(6526,271),(6526,271),0,0,0,0
2368,2357,(6529,277),(6529,277),0,0,0,0
2369,2358,(6532,283),(6532,283),0,0,0,0
2370,2359,(6534,290),(6534,290),0,0,0,0
2371,2360,(6537,297),(6537,297),0,0,0,0
2372,2361,(6540,304),(6540,304),0,0,0,0
2373,2362,(6543,311),(6543,311),0,0,0,0
2374,2363,(6545,318),(6545,318),0,0,0,0
2375,2364,(6548,325),(6548,325),0,0,0,0
2376,2365,(6551,332),(6551,332),0,0,0,0
2377,2366,(6554,339),(6554,339),0,0,0,0
2378,2367,(6557,345),(6557,345),0,0,0,0
2379,2368,(6559,348),(6559,348),0,0,0,0
2380,2369,(6562,351),(6562,351),0,0,0,0
2381,2370,(6565,353),(6565,353),0,0,0,0
2382,2371,(6568,354),(6568,354),0,0,0,0
2383,2372,(6570,356),(6570,356),0,0,0,0
2384,2373,(6573,357),(6573,357),0,0,0,0
2385,2374,(6576,357),(6576,357),0,0,0,0
2386,2375,(6579,357),(6579,357),0,0,0,0
2387,2376,(6581,356),(6581,356),0,0,0,0
2388,2377,(6584,355),(6584,355),0,0,0,0
2389,2378,(6587,354),(6587,354),0,0,0,0
2390,2379,(6590,352),(6590,352),0,0,0,0
2391,2380,(6592,350),(6592,350),0,0,0,0
2392,2381,(6595,348),(6595,348),0,0,0,0
2393,2382,(6598,345),(6598,345),0,0,0,0
2394,2383,(6601,341),(6601,341),0,0,0,0
2395,2384,(6604,338),(6604,338),0,0,0,0
2396,2385,(6606,334),(6606,334),0,0,0,0
2397,2386,(6609,329),(6609,329),0,0,0,0
2398,2387,(6612,324),(6612,324),0,0,0,0
2399,2388,(6615,318),(6615,318),0,0,0,0
2400,2389,(6617,313),(6617,313),0,0,0,0
2401,2390,(6620,306),(6620,306),0,0,0,0
2402,2391,(6623,300),(6623,300),0,0,0,0
2403,2392,(6626,293),(6626,293),0,0,0,0
2404,2393,(6628,286),(6628,286),0,0,0,0
2405,2394,(6631,279),(6631,279),0,0,0,0
2406,2395,(6634,272),(6634,272),0,0,0,0
2407,2396,(6637,265),(6637,265),0,0,0,0
2408,2397,(6639,259),(6639,259),0,0,0,0
2409,2398,(6642,255),(6642,255),0,0,0,0
2410,2399,(6645,255),(6645,255),0,0,0,0
2411,2400,(6648,255),(6648,255),0,0,0,0
2412,2401,(6651,255),(6651,255),0,0,0,0
2413,2402,(6653,255),(6653,255),0,0,0,0
2414,2403,(6656,255),(6656,255),0,0,0,0
2415,2404,(6659,255),(6659,255),0,0,0,0
2416,2405,(6662,255),(6662,255),0,0,0,0
2417,2406,(6664,255),(6664,255),0,0,0,0
2418,2407,(6667,254),(6667,254),0,0,0,0
2419,2408,(6670,254),(6670,254),0,0,0,0
2420,2409,(6673,252),(6673,252),0,0,0,0
2421,2410,(6675,251),(6675,251),0,0,0,0
2422,2411,(6678,249),(6678,249),0,0,0,0
2423,2412,(6681,246),(6681,246),0,0,0,0
2424,2413,(6684,243),(6684,243),0,0,0,0
2425,2414,(6686,240),(6686,240),0,0,0,0
2426,2415,(6689,236),(6689,236),0,0,0,0
2427,2416,(6692,232),(6692,232),0,0,0,0
2428,2417,(6695,227),(6695,227),0,0,0,0
2429,2418,(6698,222),(6698,222),0,0,0,0
2430,2419,(6700,217),(6700,217),0,0,0,0
2431,2420,(6703,211),(6703,211),0,0,0,0
2432,2421,(6706,205),(6706,205),0,0,0,0
2433,2422,(6709,198),(6709,198),0,0,0,0
2434,2423,(6711,191),(6711,191),0,0,0,0
2435,2424,(6714,184),(6714,184),0,0,0,0
2436,2425,(6717,177),(6717,177),0,0,0,0
2437,2426,(6720,170),(6720,170),0,0,0,0
2438,2427,(6722,163),(6722,163),0,0,0,0
2439,2428,(6725,157),(6725,157),0,0,0,0
2440,2429,(6728,149),(6728,149),0,0,0,0
2441,2430,(6731,143),(6731,143),0,0,0,0
2442,2431,(6734,136),(6734,136),0,0,0,0
2443,2432,(6736,129),(6736,129),0,0,0,0
2444,2433,(6739,126),(6739,126),0,0,0,0
2445,2434,(6742,124),(6742,124),0,0,0,0
2446,2435,(6745,121),(6745,121),0,0,0,0
2447,2436,(6747,120),(6747,120),0,0,0,0
2448,2437,(6750,119),(6750,119),0,0,0,0
2449,2438,(6753,118),(6753,118),0,0,0,0
2450,2439,(6756,117),(6756,117),0,0,1,0
2451,2440,(6758,117),(6758,117),0,0,0,1
2452,2441,(6761,112),(6761,112),0,0,0,0
2453,2442,(6764,107),(6764,107),0,0,0,0
2454,2443,(6767,103),(6767,103),0,0,0,0
2455,2444,(6769,99),(6769,99),0,0,0,0
2456,2445,(6772,96),(6772,96),0,0,0,0
2457,2446,(6775,93),(6775,93),0,0,0,0
2458,2447,(6778,90),(6778,90),0,0,0,0
2459,2448,(6781,88),(6781,88),0,0,0,0
2460,2449,(6783,86),(6783,86),0,0,0,0
2461,2450,(6786,85),(6786,85),0,0,0,0
2462,2451,(6789,84),(6789,84),0,0,0,0
2463,2452,(6792,83),(6792,83),0,0,0,0
2464,2453,(6794,83),(6794,83),0,0,0,0
2465,2454,(6797,83),(6797,83),0,0,0,0
2466,2455,(6800,83),(6800,83),0,0,0,0
2467,2456,(6803,85),(6803,85),0,0,0,0
2468,2457,(6805,86),(6805,86),0,0,0,0
2469,2458,(6808,88),(6808,88),0,0,0,0
2470,2459,(6811,91),(6811,91),0,0,0,0
2471,2460,(6814,93),(6814,93),0,0,0,0
2472,2461,(6816,97),(6816,97),0,0,0,0
2473,2462,(6819,100),(6819,100),0,0,0,0
2474,2463,(6822,104),(6822,104),0,0,0,0
2475,2464,(6825,109),(6825,109),0,0,0,0
2476,2465,(6828,114),(6828,114),0,0,0,0
2477,2466,(6830,119),(6830,119),0,0,0,0
2478,2467,(6833,125),(6833,125),0,0,0,0
2479,2468,(6836,131),(6836,131),0,0,0,0
2480,2469,(6839,137),(6839,137),0,0,0,0
2481,2470,(6841,144),(6841,144),0,0,0,0
2482,2471,(6844,152),(6844,152),0,0,0,0
2483,2472,(6847,159),(6847,159),0,0,0,0
2484,2473,(6850,166),(6850,166),0,0,0,0
2485,2474,(6852,169),(6852,169),0,0,0,0
2486,2475,(6855,169),(6855,169),0,0,0,0
2487,2476,(6858,169),(6858,169),0,0,1,0
2488,2477,(6861,169),(6861,169),0,0,0,1
2489,2478,(6863,163),(6863,163),0,0,0,0
2490,2479,(6866,159),(6866,159),0,0,0,0
2491,2480,(6869,154),(6869,154),0,0,0,0
2492,2481,(6872,150),(6872,150),0,0,0,0
2493,2482,(6875,147),(6875,147),0,0,0,0
2494,2483,(6877,144),(6877,144),0,0,0,0
2495,2484,(6880,141),(6880,141),0,0,0,0
2496,2485,(6883,139),(6883,139),0,0,0,0
2497,2486,(6886,137),(6886,137),0,0,0,0
2498,2487,(6888,136),(6888,136),0,0,0,0
2499,2488,(6891,135),(6891,135),0,0,0,0
2500,2489,(6894,134),(6894,134),0,0,0,0
2501,2490,(6897,134),(6897,134),0,0,0,0
2502,2491,(6899,135),(6899,135),0,0,0,0
2503,2492,(6902,135),(6902,135),0,0,0,0
2504,2493,(6905,136),(6905,136),0,0,0,0
2505,2494,(6908,138),(6908,138),0,0,0,0
2506,2495,(6911,140),(6911,140),0,0,0,0
2507,2496,(6913,142),(6913,142),0,0,0,0
2508,2497,(6916,145),(6916,145),0,0,0,0
2509,2498,(6919,148),(6919,148),0,0,0,0
2510,2499,(6922,152),(6922,152),0,0,0,0
2511,2500,(6924,156),(6924,156),0,0,0,0
2512,2501,(6927,160),(6927,160),0,0,0,0
2513,2502,(6930,165),(6930,165),0,0,0,0
2514,2503,(6933,171),(6933,171),0,0,0,0
2515,2504,(6935,176),(6935,176),0,0,0,0
2516,2505,(6938,183),(6938,183),0,0,0,0
2517,2506,(6941,189),(6941,189),0,0,0,0
2518,2507,(6944,196),(6944,196),0,0,1,0
2519,2508,(6946,201),(6946,201),0,0,0,1
2520,2509,(6949,195),(6949,195),0,0,0,0
2521,2510,(6952,191),(6952,191),0,0,0,0
2522,2511,(6955,186),(6955,186),0,0,0,0
2523,2512,(6958,182),(6958,182),0,0,0,0
2524,2513,(6960,179),(6960,179),0,0,0,0
2525,2514,(6963,176),(6963,176),0,0,0,0
2526,2515,(6966,173),(6966,173),0,0,0,0
2527,2516,(6969,171),(6969,171),0,0,0,0
2528,2517,(6971,169),(6971,169),0,0,0,0
2529,2518,(6974,168),(6974,168),0,0,0,0
2530,2519,(6977,167),(6977,167),0,0,0,0
2531,2520,(6980,166),(6980,166),0,0,0,0
2532,2521,(6982,166),(6982,166),0,0,0,0
2533,2522,(6985,167),(6985,167),0,0,0,0
2534,2523,(6988,167),(6988,167),0,0,0,0
2535,2524,(6991,168),(6991,168),0,0,0,0
2536,2525,(6993,170),(6993,170),0,0,0,0
2537,2526,(6996,172),(6996,172),0,0,0,0
2538,2527,(6999,174),(6999,174),0,0,0,0
2539,2528,(7002,177),(7002,177),0,0,0,0
2540,2529,(7005,180),(7005,180),0,0,0,0
2541,2530,(7007,184),(7007,184),0,0,0,0
2542,2531,(7010,188),(7010,188),0,0,0,0
2543,2532,(7013,192),(7013,192),0,0,0,0
2544,2533,(7016,197),(7016,197),0,0,0,0
2545,2534,(7018,204),(7018,204),0,0,0,0
2546,2535,(7021,209),(7021,209),0,0,0,0
2547,2536,(7024,215),(7024,215),0,0,0,0
2548,2537,(7027,222),(7027,222),0,0,0,0
2549,2538,(7029,229),(7029,229),0,0,0,0
2550,2539,(7032,236),(7032,236),0,0,0,0
2551,2540,(7035,243),(7035,243),0,0,0,0
2552,2541,(7038,251),(7038,251),0,0,0,0
2553,2542,(7040,258),(7040,258),0,0,0,0
2554,2543,(7043,265),(7043,265),0,0,0,0
2555,2544,(7046,272),(7046,272),0,0,0,0
2556,2545,(7049,279),(7049,279),0,0,1,0
2557,2546,(7052,281),(7052,281),0,0,0,1
2558,2547,(7054,275),(7054,275),0,0,0,0
2559,2548,(7057,271),(7057,271),0,0,0,0
2560,2549,(7060,266),(7060,266),0,0,0,0
2561,2550,(7063,262),(7063,262),0,0,0,0
2562,2551,(7065,259),(7065,259),0,0,0,0
2563,2552,(7068,256),(7068,256),0,0,0,0
2564,2553,(7071,253),(7071,253),0,0,0,0
2565,2554,(7074,251),(7074,251),0,0,0,0
2566,2555,(7076,249),(7076,249),0,0,0,0
2567,2556,(7079,248),(7079,248),0,0,0,0
2568,2557,(7082,247),(7082,247),0,0,0,0
2569,2558,(7085,246),(7085,246),0,0,0,0
2570,2559,(7088,246),(7088,246),0,0,0,0
2571,2560,(7090,247),(7090,247),0,0,0,0
2572,2561,(7093,247),(7093,247),0,0,0,0
2573,2562,(7096,248),(7096,248),0,0,0,0
2574,2563,(7099,250),(7099,250),0,0,0,0
2575,2564,(7101,252),(7101,252),0,0,0,0
2576,2565,(7104,254),(7104,254),0,0,0,0
2577,2566,(7107,257),(7107,257),0,0,0,0
2578,2567,(7110,260),(7110,260),0,0,0,0
2579,2568,(7112,264),(7112,264),0,0,0,0
2580,2569,(7115,268),(7115,268),0,0,0,0
2581,2570,(7118,272),(7118,272),0,0,0,0
2582,2571,(7121,277),(7121,277),0,0,1,0
2583,2572,(7123,281),(7123,281),0,0,0,1
2584,2573,(7126,275),(7126,275),0,0,0,0
2585,2574,(7129,271),(7129,271),0,0,0,0
2586,2575,(7132,266),(7132,266),0,0,0,0
2587,2576,(7135,262),(7135,262),0,0,0,0
2588,2577,(7137,259),(7137,259),0,0,0,0
2589,2578,(7140,256),(7140,256),0,0,0,0
2590,2579,(7143,253),(7143,253),0,0,0,0
2591,2580,(7146,251),(7146,251),0,0,0,0
2592,2581,(7148,249),(7148,249),0,0,0,0
2593,2582,(7151,248),(7151,248),0,0,0,0
2594,2583,(7154,247),(7154,247),0,0,0,0
2595,2584,(7157,246),(7157,246),0,0,0,0
2596,2585,(7159,246),(7159,246),0,0,0,0
2597,2586,(7162,247),(7162,247),0,0,0,0
2598,2587,(7165,247),(7165,247),0,0,0,0
2599,2588,(7168,248),(7168,248),0,0,0,0
2600,2589,(7170,250),(7170,250),0,0,0,0
2601,2590,(7173,252),(7173,252),0,0,0,0
2602,2591,(7176,254),(7176,254),0,0,0,0
2603,2592,(7179,257),(7179,257),0,0,0,0
2604,2593,(7182,260),(7182,260),0,0,0,0
2605,2594,(7184,264),(7184,264),0,0,0,0
2606,2595,(7187,268),(7187,268),0,0,0,0
2607,2596,(7190,272),(7190,272),0,0,0,0
2608,2597,(7193,277),(7193,277),0,0,1,0
2609,2598,(7195,281),(7195,281),0,0,0,1
2610,2599,(7198,275),(7198,275),0,0,0,0
2611,2600,(7201,271),(7201,271),0,0,0,0
2612,2601,(7204,266),(7204,266),0,0,0,0
2613,2602,(7206,262),(7206,262),0,0,0,0
2614,2603,(7209,259),(7209,259),0,0,0,0
2615,2604,(7212,256),(7212,256),0,0,0,0
2616,2605,(7215,253),(7215,253),0,0,0,0
2617,2606,(7217,251),(7217,251),0,0,0,0
2618,2607,(7220,249),(7220,249),0,0,0,0
2619,2608,(7223,248),(7223,248),0,0,0,0
2620,2609,(7226,247),(7226,247),0,0,0,0
2621,2610,(7229,246),(7229,246),0,0,0,0
2622,2611,(7231,246),(7231,246),0,0,0,0
2623,2612,(7234,247),(7234,247),0,0,0,0
2624,2613,(7237,247),(7237,247),0,0,0,0
2625,2614,(7240,248),(7240,248),0,0,0,0
2626,2615,(7242,250),(7242,250),0,0,0,0
2627,2616,(7245,252),(7245,252),0,0,0,0
2628,2617,(7248,254),(7248,254),0,0,0,0
2629,2618,(7251,257),(7251,257),0,0,0,0
2630,2619,(7253,260),(7253,260),0,0,0,0
2631,2620,(7256,264),(7256,264),0,0,0,0
2632,2621,(7259,268),(7259,268),0,0,0,0
2633,2622,(7262,272),(7262,272),0,0,0,0
2634,2623,(7265,277),(7265,277),0,0,0,0
2635,2624,(7267,284),(7267,284),0,0,0,0
2636,2625,(7270,289),(7270,289),0,0,0,0
2637,2626,(7273,295),(7273,295),0,0,0,0
2638,2627,(7276,302),(7276,302),0,0,0,0
2639,2628,(7278,309),(7278,309),0,0,0,0
2640,2629,(7281,313),(7281,313),0,0,1,0
2641,2630,(7284,313),(7284,313),0,0,0,1
2642,2631,(7287,307),(7287,307),0,0,0,0
2643,2632,(7289,303),(7289,303),0,0,0,0
2644,2633,(7292,298),(7292,298),0,0,0,0
2645,2634,(7295,294),(7295,294),0,0,0,0
2646,2635,(7298,291),(7298,291),0,0,0,0
2647,2636,(7300,288),(7300,288),0,0,0,0
2648,2637,(7303,285),(7303,285),0,0,0,0
2649,2638,(7306,283),(7306,283),0,0,0,0
2650,2639,(7309,281),(7309,281),0,0,0,0
2651,2640,(7312,280),(7312,280),0,0,0,0
2652,2641,(7314,279),(7314,279),0,0,0,0
2653,2642,(7317,278),(7317,278),0,0,0,0
2654,2643,(7320,278),(7320,278),0,0,0,0
2655,2644,(7323,279),(7323,279),0,0,0,0
2656,2645,(7325,279),(7325,279),0,0,0,0
2657,2646,(7328,280),(7328,280),0,0,0,0
2658,2647,(7331,282),(7331,282),0,0,0,0
2659,2648,(7334,284),(7334,284),0,0,0,0
2660,2649,(7336,286),(7336,286),0,0,0,0
2661,2650,(7339,288),(7339,288),0,0,0,0
2662,2651,(7342,289),(7342,289),0,0,0,0
2663,2652,(7345,291),(7345,291),0,0,0,0
2664,2653,(7347,292),(7347,292),0,0,0,0
2665,2654,(7350,294),(7350,294),0,0,0,0
2666,2655,(7353,296),(7353,296),0,0,1,0
2667,2656,(7356,298),(7356,298),0,0,1,1
2668,2657,(7359,300),(7359,300),0,0,1,1
2669,2658,(7361,301),(7361,301),0,0,1,1
2670,2659,(7364,302),(7364,302),0,0,1,1
2671,2660,(7367,303),(7367,303),0,0,1,1
2672,2661,(7370,304),(7370,304),0,0,1,1
2673,2662,(7372,304),(7372,304),0,0,1,1
2674,2663,(7375,305),(7375,305),0,0,1,1
2675,2664,(7378,305),(7378,305),0,0,1,1
2676,2665,(7381,305),(7381,305),0,0,1,1
2677,2666,(7383,305),(7383,305),0,0,1,1
2678,2667,(7386,304),(7386,304),0,0,1,1
2679,2668,(7389,303),(7389,304),0,-1,1,1
2680,2669,(7392,302),(7392,302),0,0,1,1
2681,2670,(7394,301),(7394,301),0,0,1,1
2682,2671,(7397,300),(7397,300),0,0,1,1
2683,2672,(7400,299),(7400,299),0,0,1,1
2684,2673,(7403,298),(7403,298),0,0,1,1
2685,2674,(7406,296),(7406,296),0,0,1,1
2686,2675,(7408,294),(7408,294),0,0,1,1
2687,2676,(7411,292),(7411,292),0,0,1,1
2688,2677,(7414,290),(7414,290),0,0,1,1
2689,2678,(7417,288),(7417,288),0,0,1,1
2690,2679,(7419,286),(7419,286),0,0,1,1
2691,2680,(7422,283),(7422,283),0,0,1,1
2692,2681,(7425,281),(7425,281),0,0,1,1
2693,2682,(7428,278),(7428,278),0,0,1,1
2694,2683,(7430,275),(7430,275),0,0,1,1
2695,2684,(7433,272),(7433,272),0,0,1,1
2696,2685,(7436,268),(7436,268),0,0,1,1
2697,2686,(7439,265),(7439,265),0,0,0,1
2698,2687,(7442,262),(7442,262),0,0,1,0
2699,2688,(7444,258),(7444,258),0,0,1,1
2700,2689,(7447,255),(7447,255),0,0,0,1
2701,2690,(7450,251),(7450,251),0,0,0,0
2702,2691,(7453,248),(7453,248),0,0,0,0
2703,2692,(7455,245),(7455,245),0,0,1,0
2704,2693,(7458,242),(7458,242),0,0,1,1
2705,2694,(7461,238),(7461,238),0,0,0,1
2706,2695,(7464,235),(7464,235),0,0,0,0
2707,2696,(7466,232),(7466,232),0,0,0,0
2708,2697,(7469,230),(7469,230),0,0,0,0
2709,2698,(7472,231),(7472,230),0,1,0,0
2710,2699,(7475,231),(7475,230),0,1,0,0
2711,2700,(7477,231),(7477,231),0,0,0,0
2712,2701,(7480,232),(7480,231),0,1,0,0
2713,2702,(7483,233),(7483,232),0,1,0,0
2714,2703,(7486,234),(7486,233),0,1,0,0
2715,2704,(7489,235),(7489,234),0,1,0,0
2716,2705,(7491,236),(7491,235),0,1,0,0
2717,2706,(7494,237),(7494,236),0,1,0,0
2718,2707,(7497,238),(7497,238),0,0,0,0
2719,2708,(7500,240),(7500,239),0,1,0,0
2720,2709,(7502,241),(7502,241),0,0,0,0
2721,2710,(7505,243),(7505,243),0,0,1,0
2722,2711,(7508,245),(7508,244),0,1,1,1
2723,2712,(7511,246),(7511,246),0,0,0,1
2724,2713,(7513,248),(7513,247),0,1,0,0
2725,2714,(7516,249),(7516,249),0,0,0,0
2726,2715,(7519,251),(7519,251),0,0,0,0
2727,2716,(7522,253),(7522,253),0,0,0,0
2728,2717,(7524,255),(7524,255),0,0,0,0
2729,2718,(7527,257),(7527,257),0,0,0,0
2730,2719,(7530,260),(7530,259),0,1,0,0
2731,2720,(7533,262),(7533,262),0,0,1,0
2732,2721,(7536,264),(7536,264),0,0,0,1
2733,2722,(7538,267),(7538,266),0,1,0,0
2734,2723,(7541,269),(7541,269),0,0,0,0
2735,2724,(7544,272),(7544,271),0,1,0,0
2736,2725,(7547,275),(7547,274),0,1,0,0
2737,2726,(7549,278),(7549,277),0,1,0,0
2738,2727,(7552,281),(7552,280),0,1,0,0
2739,2728,(7555,284),(7555,283),0,1,0,0
2740,2729,(7558,287),(7558,287),0,0,0,0
2741,2730,(7560,290),(7560,290),0,0,0,0
2742,2731,(7563,294),(7563,294),0,0,1,0
2743,2732,(7566,297),(7566,297),0,0,1,1
2744,2733,(7569,300),(7569,300),0,0,0,1
2745,2734,(7571,303),(7571,303),0,0,0,0
2746,2735,(7574,307),(7574,306),0,1,0,0
2747,2736,(7577,310),(7577,310),0,0,1,0
2748,2737,(7580,313),(7580,313),0,0,0,1
2749,2738,(7583,317),(7583,316),0,1,1,0
2750,2739,(7585,320),(7585,319),0,1,0,1
2751,2740,(7588,323),(7588,323),0,0,1,0
2752,2741,(7591,326),(7591,326),0,0,1,1
2753,2742,(7594,329),(7594,328),0,1,1,1
2754,2743,(7596,329),(7596,331),0,-2,1,1
2755,2744,(7599,328),(7599,334),0,-6,0,1
2756,2745,(7602,328),(7602,336),0,-8,0,0
2757,2746,(7605,328),(7605,339),0,-11,0,0
2758,2747,(7607,328),(7607,342),0,-14,0,0
2759,2748,(7610,329),(7610,345),0,-16,1,0
2760,2749,(7613,329),(7613,347),0,-18,1,1
2761,2750,(7616,329),(7616,350),0,-21,1,1
2762,2751,(7619,329),(7619,352),0,-23,1,1
2763,2752,(7621,328),(7621,355),0,-27,1,1
2764,2753,(7624,328),(7624,356),0,-28,1,1
2765,2754,(7627,327),(7627,358),0,-31,1,1
2766,2755,(7630,326),(7630,360),0,-34,1,1
2767,2756,(7632,325),(7632,361),0,-36,1,1
2768,2757,(7635,324),(7635,362),0,-38,1,1
2769,2758,(7638,322),(7638,363),0,-41,1,1
2770,2759,(7641,321),(7641,364),0,-43,1,1
2771,2760,(7643,319),(7643,365),0,-46,1,1
2772,2761,(7646,317),(7646,365),0,-48,1,1
2773,2762,(7649,315),(7649,365),0,-50,1,1
2774,2763,(7652,313),(7652,365),0,-52,1,1
2775,2764,(7654,311),(7654,365),0,-54,1,1
2776,2765,(7657,308),(7657,364),0,-56,1,1
2777,2766,(7660,305),(7660,364),0,-59,1,1
2778,2767,(7663,302),(7663,363),0,-61,0,1
2779,2768,(7666,300),(7666,363),0,-63,1,0
2780,2769,(7668,297),(7668,362),0,-65,0,1
2781,2770,(7671,294),(7671,361),0,-67,1,0
2782,2771,(7674,291),(7674,361),0,-70,1,1
2783,2772,(7677,289),(7677,360),0,-71,1,1
2784,2773,(7679,285),(7679,359),0,-74,1,1
2785,2774,(7682,282),(7682,358),0,-76,1,1
2786,2775,(7685,279),(7685,356),0,-77,1,1
2787,2776,(7688,275),(7688,355),0,-80,1,1
2788,2777,(7690,271),(7690,353),0,-82,1,1
2789,2778,(7693,267),(7693,351),0,-84,1,1
2790,2779,(7696,263),(7696,350),0,-87,1,1
2791,2780,(7699,259),(7699,347),0,-88,1,1
2792,2781,(7701,254),(7701,345),0,-91,1,1
2793,2782,(7704,250),(7704,343),0,-93,1,1
2794,2783,(7707,246),(7707,340),0,-94,1,1
2795,2784,(7710,241),(7710,337),0,-96,1,1
2796,2785,(7713,237),(7713,334),0,-97,1,1
2797,2786,(7715,232),(7715,331),0,-99,1,1
2798,2786,(7715,232),(7715,331),0,-99,1,1
2799,2786,(7715,232),(7715,331),0,-99,1,1
2800,2786,(7715,232),(7715,331),0,-99,1,1
2801,2786,(7715,232),(7715,331),0,-99,1,1
2802,2786,(7715,232),(7715,331),0,-99,1,1
2803,2786,(7715,232),(7715,331),0,-99,1,1
2804,2786,(7715,232),(7715,331),0,-99,1,1
2805,2786,(7715,232),(7715,331),0,-99,1,1
2806,2786,(7715,232),(7715,331),0,-99,1,1
2807,2786,(7715,232),(7715,331),0,-99,1,1
2808,2786,(7715,232),(7715,331),0,-99,1,1
2809,2786,(7715,232),(7715,331),0,-99,1,1
2810,2786,(7715,232),(7715,331),0,-99,1,1
2811,2786,(7715,232),(7715,331),0,-99,1,1
2812,2786,(7715,232),(7715,331),0,-99,1,1
2813,2786,(7715,232),(7715,331),0,-99,1,1
2814,2786,(7715,232),(7715,331),0,-99,1,1
2815,2786,(7715,232),(7715,331),0,-99,1,1
2816,2786,(7715,232),(7715,331),0,-99,1,1
2817,2786,(7715,232),(7715,331),0,-99,1,1
2818,2786,(7715,232),(7715,331),0,-99,1,1
2819,2786,(7715,232),(7715,331),0,-99,1,1
2820,2786,(7715,232),(7715,331),0,-99,1,1
2821,2786,(7715,232),(7715,331),0,-99,1,1
2822,2786,(7715,232),(7715,331),0,-99,1,1
2823,2786,(7715,232),(7715,331),0,-99,1,1
2824,2786,(7715,232),(7715,331),0,-99,1,1
2825,2786,(7715,232),(7715,331),0,-99,1,1
2826,2786,(7715,232),(7715,331),0,-99,1,1
2827,2786,(7715,232),(7715,331),0,-99,1,1
2828,2786,(7715,232),(7715,331),0,-99,1,1
2829,2786,(7715,232),(7715,331),0,-99,1,1
2830,2786,(7715,232),(7715,331),0,-99,1,1
2831,2786,(7715,232),(7715,331),0,-99,1,1
2832,2786,(7715,232),(7715,331),0,-99,1,1
2833,2786,(7715,232),(7715,331),0,-99,1,1
2834,2786,(7715,232),(7715,331),0,-99,1,1
2835,2786,(7715,232),(7715,331),0,-99,1,1
2836,2786,(7715,232),(7715,331),0,-99,1,1
2837,4953,(-231,375),(13706,344),-13937,31,0,0
2838,4953,(-200,375),(13706,344),-13906,31,0,0
2839,4953,(-168,375),(13706,344),-13874,31,0,0
2840,4953,(-150,375),(13706,344),-13856,31,0,0
2841,4953,(-119,375),(13706,344),-13825,31,0,0
2842,4953,(-88,375),(13706,344),-13794,31,0,0
2843,4953,(-56,375),(13706,344),-13762,31,0,0
2844,4953,(-34,375),(13706,344),-13740,31,0,0
2845,4953,(-7,375),(13706,344),-13713,31,0,0
